Num_Acc,id_vehicule,num_veh,senc,catv,obs,obsm,choc,manv,motor,occutc
2.023E+11,155 678 699,A01,2,14,0,2,2,1,1,
2.023E+11,155 678 694,A01,1,7,0,0,9,14,1,
2.023E+11,155 678 701,A01,3,7,12,0,0,1,0,
2.023E+11,155 678 693,B01,2,80,0,2,1,1,3,
2.023E+11,155 678 695,A01,1,10,0,2,3,15,1,
2.023E+11,155 678 689,A01,1,7,2,2,2,13,1,
2.023E+11,155 678 691,B01,2,7,0,2,6,0,1,
2.023E+11,155 678 688,A01,2,7,8,0,2,2,1,
2.023E+11,155 678 687,A01,3,10,0,2,8,26,1,
2.023E+11,155 678 692,B01,3,7,0,2,1,0,1,
2.023E+11,155 678 686,B01,0,10,1,2,3,9,1,
2.023E+11,155 678 690,A01,0,7,1,2,1,9,1,
2.023E+11,155 678 683,A01,0,7,0,1,1,1,1,
2.023E+11,155 678 682,A01,3,7,0,2,2,16,1,
2.023E+11,155 678 684,B01,3,7,0,2,8,1,1,
2.023E+11,155 678 680,A01,1,7,0,2,1,2,1,
2.023E+11,155 678 685,B01,1,33,0,2,9,1,1,
2.023E+11,155 678 679,A01,2,7,1,0,1,1,3,
2.023E+11,155 678 681,B01,3,30,0,2,8,24,1,
2.023E+11,155 678 675,A01,3,50,0,0,0,1,3,
2.023E+11,155 678 676,A01,2,50,0,2,1,1,3,
2.023E+11,155 678 678,B01,0,7,0,2,3,1,1,
2.023E+11,155 678 672,A01,3,2,0,0,0,1,1,
2.023E+11,155 678 674,B01,1,43,0,2,8,1,1,
2.023E+11,155 678 677,A01,1,7,0,2,2,15,1,
2.023E+11,155 678 671,A01,1,33,0,2,1,2,1,
2.023E+11,155 678 673,B01,1,7,0,2,5,1,1,
2.023E+11,155 678 670,A01,0,7,0,1,1,1,1,
2.023E+11,155 678 665,B01,3,1,0,2,2,1,5,
2.023E+11,155 678 669,A01,0,10,0,2,8,0,1,
2.023E+11,155 678 666,A01,1,34,0,1,1,1,1,
2.023E+11,155 678 664,B01,1,7,0,0,5,2,1,
2.023E+11,155 678 668,A01,1,2,0,2,0,0,1,
2.023E+11,155 678 663,A01,0,7,0,2,2,1,1,
2.023E+11,155 678 667,B01,0,10,0,2,3,1,1,
2.023E+11,155 678 659,A01,3,7,0,2,3,1,2,
2.023E+11,155 678 661,B01,3,7,0,2,3,1,1,
2.023E+11,155 678 657,A01,3,7,0,2,2,19,1,
2.023E+11,155 678 662,B01,3,30,0,2,8,1,1,
2.023E+11,155 678 656,A01,0,7,0,2,1,1,1,
2.023E+11,155 678 660,B01,0,33,0,2,8,15,1,
2.023E+11,155 678 655,B01,2,1,0,2,8,1,5,
2.023E+11,155 678 658,A01,2,1,0,2,7,14,5,
2.023E+11,155 678 651,A01,0,7,0,1,3,1,1,
2.023E+11,155 678 652,A01,1,7,0,2,1,9,1,
2.023E+11,155 678 654,B01,1,33,0,2,7,1,1,
2.023E+11,155 678 646,B01,2,33,4,2,1,1,1,
2.023E+11,155 678 648,A01,2,7,0,2,3,11,1,
2.023E+11,155 678 647,A01,2,7,0,1,3,1,1,
2.023E+11,155 678 644,A01,0,7,0,1,3,26,1,
2.023E+11,155 678 645,A01,3,10,0,1,2,1,1,
2.023E+11,155 678 643,A01,3,50,0,1,1,1,3,
2.023E+11,155 678 642,A01,3,7,0,1,1,16,1,
2.023E+11,155 678 640,A01,1,32,0,1,1,1,0,
2.023E+11,155 678 638,A01,3,31,0,0,7,26,1,
2.023E+11,155 678 637,B01,1,1,0,2,7,1,5,
2.023E+11,155 678 641,A01,2,10,0,2,7,9,3,
2.023E+11,155 678 634,A01,2,7,0,2,1,0,1,
2.023E+11,155 678 636,B01,2,7,0,2,5,0,1,
2.023E+11,155 678 639,C01,2,7,0,2,4,0,1,
2.023E+11,155 678 633,B01,1,50,0,2,4,2,3,
2.023E+11,155 678 635,A01,1,7,0,2,2,2,0,
2.023E+11,155 678 627,A01,1,7,9,2,1,17,1,
2.023E+11,155 678 630,B01,2,7,0,2,1,1,1,
2.023E+11,155 678 624,A01,2,7,0,2,2,21,1,
2.023E+11,155 678 628,B01,2,33,0,2,6,23,1,
2.023E+11,155 678 623,A01,1,7,0,2,1,1,1,
2.023E+11,155 678 625,B01,2,7,0,2,4,2,1,
2.023E+11,155 678 626,B01,3,7,0,2,5,23,2,
2.023E+11,155 678 629,A01,3,10,0,2,3,1,1,
2.023E+11,155 678 621,A01,2,2,0,2,4,1,1,
2.023E+11,155 678 622,Z01,2,7,0,2,1,10,3,
2.023E+11,155 678 618,B01,1,33,0,2,1,2,1,
2.023E+11,155 678 620,A01,2,14,0,2,6,4,1,
2.023E+11,155 678 617,A01,2,31,0,1,1,1,1,
2.023E+11,155 678 614,B01,2,1,0,2,3,1,5,
2.023E+11,155 678 619,A01,2,10,0,2,1,10,3,
2.023E+11,155 678 615,A01,2,2,0,2,1,1,1,
2.023E+11,155 678 616,B01,1,7,0,2,6,9,1,
2.023E+11,155 678 613,A01,1,7,1,0,2,1,1,
2.023E+11,155 678 611,B01,1,7,0,2,3,15,3,
2.023E+11,155 678 612,A01,1,33,0,2,1,17,1,
2.023E+11,155 678 607,A01,2,7,0,2,2,1,1,
2.023E+11,155 678 610,B01,2,7,0,2,6,1,1,
2.023E+11,155 678 608,A01,1,1,0,1,1,1,5,
2.023E+11,155 678 605,A01,1,7,0,1,0,1,1,
2.023E+11,155 678 604,A01,3,10,0,1,1,2,1,
2.023E+11,155 678 603,A01,1,7,14,0,1,1,1,
2.023E+11,155 678 601,A01,1,10,0,2,1,15,1,
2.023E+11,155 678 602,B01,1,10,0,2,1,1,1,
2.023E+11,155 678 597,Z01,2,10,0,2,4,4,3,
2.023E+11,155 678 600,A01,2,80,0,2,1,23,3,
2.023E+11,155 678 596,A01,1,50,0,2,1,2,3,
2.023E+11,155 678 599,B01,1,7,0,2,5,2,1,
2.023E+11,155 678 595,A01,1,7,0,2,1,1,1,
2.023E+11,155 678 598,B01,1,7,0,2,4,23,1,
2.023E+11,155 678 592,A01,1,33,0,2,1,1,1,
2.023E+11,155 678 594,B01,2,7,0,2,7,15,1,
2.023E+11,155 678 591,A01,3,7,0,1,1,0,1,
2.023E+11,155 678 590,A01,1,10,0,1,3,1,1,
2.023E+11,155 678 589,A01,2,7,0,2,3,1,1,
2.023E+11,155 678 593,B01,3,7,0,2,1,9,1,
2.023E+11,155 678 587,A01,2,7,0,0,2,1,1,
2.023E+11,155 678 583,A01,2,7,0,2,5,23,1,
2.023E+11,155 678 586,B01,2,1,14,0,1,26,5,
2.023E+11,155 678 582,B01,2,7,0,2,2,9,1,
2.023E+11,155 678 585,A01,1,43,0,2,1,16,1,
2.023E+11,155 678 584,A01,1,30,0,2,1,1,1,
2.023E+11,155 678 588,B01,1,7,0,2,4,1,1,
2.023E+11,155 678 578,B01,3,3,0,0,1,5,1,
2.023E+11,155 678 581,A01,3,37,0,0,1,23,1,4
2.023E+11,155 678 575,A01,1,7,0,2,1,16,1,
2.023E+11,155 678 580,B01,1,50,0,2,0,0,3,
2.023E+11,155 678 576,B01,1,2,0,2,1,16,1,
2.023E+11,155 678 579,A01,2,7,0,2,2,15,1,
2.023E+11,155 678 573,B01,2,50,0,2,7,1,3,
2.023E+11,155 678 577,A01,2,7,0,2,1,9,1,
2.023E+11,155 678 572,B01,1,10,0,0,2,1,1,
2.023E+11,155 678 574,A01,1,37,0,0,3,1,1,2
2.023E+11,155 678 571,A01,1,14,0,1,1,9,1,
2.023E+11,155 678 570,A01,3,7,0,1,3,17,1,
2.023E+11,155 678 566,A01,2,1,0,1,1,1,5,
2.023E+11,155 678 565,A01,2,7,0,2,3,16,1,
2.023E+11,155 678 569,B01,2,1,0,2,1,1,5,
2.023E+11,155 678 563,A01,3,34,0,2,1,1,6,
2.023E+11,155 678 567,B01,3,7,0,2,1,9,1,
2.023E+11,155 678 564,A01,3,10,0,2,1,1,1,
2.023E+11,155 678 568,B01,3,7,0,2,4,1,1,
2.023E+11,155 678 562,A01,1,7,0,1,3,16,1,
2.023E+11,155 678 559,A01,2,7,0,2,1,1,1,
2.023E+11,155 678 561,B01,2,10,0,2,5,20,-1,
2.023E+11,155 678 557,A01,2,7,0,2,2,15,1,
2.023E+11,155 678 560,B01,1,33,0,2,1,1,1,
2.023E+11,155 678 556,B01,0,7,0,2,4,2,1,
2.023E+11,155 678 558,A01,0,7,0,2,1,2,1,
2.023E+11,155 678 551,A01,0,7,0,2,1,0,0,
2.023E+11,155 678 554,B01,0,10,0,2,5,20,3,
2.023E+11,155 678 553,B01,3,10,0,0,3,1,0,
2.023E+11,155 678 555,A01,0,30,0,0,0,0,0,
2.023E+11,155 678 550,A01,3,10,0,2,3,0,1,
2.023E+11,155 678 552,B01,3,10,0,2,1,5,1,
2.023E+11,155 678 548,A01,0,7,0,1,1,1,1,
2.023E+11,155 678 545,B01,3,7,0,2,1,2,1,
2.023E+11,155 678 549,A01,3,7,0,2,1,13,1,
2.023E+11,155 678 541,B01,1,31,0,2,4,2,1,
2.023E+11,155 678 544,C01,2,7,0,2,1,0,1,
2.023E+11,155 678 547,A01,1,7,0,0,1,2,1,
2.023E+11,155 678 542,A01,2,10,0,2,2,16,1,
2.023E+11,155 678 546,B01,2,1,0,2,8,1,5,
2.023E+11,155 678 540,B01,1,7,0,2,4,1,1,
2.023E+11,155 678 543,A01,1,13,0,2,4,1,1,
2.023E+11,155 678 536,A01,2,7,0,1,1,0,1,
2.023E+11,155 678 535,A01,1,33,0,1,1,18,1,
2.023E+11,155 678 533,A01,3,7,0,2,3,1,1,
2.023E+11,155 678 538,B01,1,33,0,2,4,15,1,
2.023E+11,155 678 528,A01,1,7,8,2,1,9,2,
2.023E+11,155 678 532,B01,1,15,0,2,5,1,1,
2.023E+11,155 678 530,A01,1,7,0,0,4,23,1,
2.023E+11,155 678 534,B01,1,7,0,2,4,23,1,
2.023E+11,155 678 537,C01,1,13,0,2,1,21,1,
2.023E+11,155 678 527,A01,3,7,0,2,7,12,1,
2.023E+11,155 678 531,B01,3,30,0,2,8,1,1,
2.023E+11,155 678 525,B01,3,7,4,2,8,9,1,
2.023E+11,155 678 526,A01,3,7,0,2,1,1,1,
2.023E+11,155 678 523,A01,3,30,14,0,1,1,1,
2.023E+11,155 678 522,A01,1,7,8,0,1,26,1,
2.023E+11,155 678 520,A01,1,32,0,2,8,3,1,
2.023E+11,155 678 524,B01,1,10,0,2,2,12,1,
2.023E+11,155 678 519,A01,2,33,0,2,1,1,1,
2.023E+11,155 678 521,B01,1,32,0,2,1,13,1,
2.023E+11,155 678 517,B01,1,50,0,2,1,1,3,
2.023E+11,155 678 518,A01,2,10,0,2,1,13,1,
2.023E+11,155 678 515,A01,1,32,0,0,7,21,1,
2.023E+11,155 678 516,A01,1,43,8,0,3,17,1,
2.023E+11,155 678 514,A01,1,60,0,1,1,1,5,
2.023E+11,155 678 513,A01,3,7,0,1,2,14,1,
2.023E+11,155 678 506,A01,3,60,0,2,2,19,5,
2.023E+11,155 678 511,B01,2,33,0,2,1,1,1,
2.023E+11,155 678 508,B01,2,7,0,2,3,1,1,
2.023E+11,155 678 512,A01,1,1,0,2,7,15,5,
2.023E+11,155 678 507,Z01,3,7,0,2,0,1,0,
2.023E+11,155 678 510,A01,3,30,0,2,0,1,1,
2.023E+11,155 678 505,A01,2,99,0,1,5,26,1,
2.023E+11,155 678 504,B01,1,7,0,0,3,1,1,
2.023E+11,155 678 509,A01,2,7,0,2,2,15,1,
2.023E+11,155 678 501,A01,1,7,0,1,2,1,1,
2.023E+11,155 678 500,A01,1,2,0,2,1,2,1,
2.023E+11,155 678 503,B01,1,7,0,2,4,23,1,
2.023E+11,155 678 498,A01,1,7,14,1,3,11,1,
2.023E+11,155 678 499,A01,1,1,1,2,1,2,5,
2.023E+11,155 678 502,B01,1,10,0,0,8,22,1,
2.023E+11,155 678 496,A01,1,10,0,1,3,2,1,
2.023E+11,155 678 494,A01,3,37,0,2,2,21,1,1
2.023E+11,155 678 497,B01,3,1,0,2,7,9,5,
2.023E+11,155 678 493,A01,2,37,0,0,3,0,1,1
2.023E+11,155 678 491,A01,1,7,0,2,5,13,1,
2.023E+11,155 678 495,B01,1,33,0,2,1,3,1,
2.023E+11,155 678 490,A01,1,1,1,0,6,1,5,
2.023E+11,155 678 492,B01,1,13,0,2,6,24,1,
2.023E+11,155 678 489,A01,2,7,2,0,0,3,0,
2.023E+11,155 678 487,A01,3,10,13,0,3,1,1,
2.023E+11,155 678 485,B01,2,7,0,2,4,16,1,
2.023E+11,155 678 488,A01,2,7,0,2,1,2,1,
2.023E+11,155 678 482,A01,1,7,2,0,1,0,1,
2.023E+11,155 678 480,B01,1,32,0,2,2,17,1,
2.023E+11,155 678 483,A01,1,7,0,2,3,10,2,
2.023E+11,155 678 477,A01,1,7,0,2,3,15,1,
2.023E+11,155 678 478,B01,2,7,0,2,1,1,1,
2.023E+11,155 678 475,B01,0,7,13,2,3,1,1,
2.023E+11,155 678 476,A01,0,7,0,2,3,13,1,
2.023E+11,155 678 479,A01,3,7,0,2,1,2,1,
2.023E+11,155 678 481,B01,3,7,0,2,4,2,1,
2.023E+11,155 678 484,C01,3,7,0,2,4,2,1,
2.023E+11,155 678 486,D01,3,7,0,2,4,2,1,
2.023E+11,155 678 472,A01,1,1,0,1,1,1,5,
2.023E+11,155 678 471,A01,1,7,0,1,0,0,0,
2.023E+11,155 678 466,B01,1,7,0,2,4,23,2,
2.023E+11,155 678 468,A01,1,80,0,2,1,1,3,
2.023E+11,155 678 465,Z01,3,10,15,1,4,20,1,
2.023E+11,155 678 463,B01,3,7,0,2,3,1,1,
2.023E+11,155 678 469,A01,3,32,0,2,1,1,1,
2.023E+11,155 678 462,A01,1,32,0,2,1,2,1,
2.023E+11,155 678 464,B01,1,7,0,2,4,23,0,
2.023E+11,155 678 458,B01,1,31,0,2,7,17,0,
2.023E+11,155 678 460,A01,1,7,0,2,8,13,0,
2.023E+11,155 678 455,B01,2,1,0,2,8,1,5,
2.023E+11,155 678 459,A01,2,7,0,2,3,9,0,
2.023E+11,155 678 454,A01,1,7,0,1,3,1,1,
2.023E+11,155 678 457,A01,1,7,0,2,1,1,1,
2.023E+11,155 678 461,B01,1,32,0,2,4,23,3,
2.023E+11,155 678 453,A01,3,7,0,2,5,12,1,
2.023E+11,155 678 456,B01,3,32,0,2,8,1,1,
2.023E+11,155 678 452,A01,1,7,2,0,1,1,1,
2.023E+11,155 678 451,A01,2,7,4,0,3,1,1,
2.023E+11,155 678 448,A01,1,10,0,2,2,16,1,
2.023E+11,155 678 450,B01,2,33,0,2,1,7,1,
2.023E+11,155 678 447,B01,1,1,0,2,1,1,5,
2.023E+11,155 678 449,A01,1,10,0,2,8,22,1,
2.023E+11,155 678 445,A01,1,10,0,1,5,1,1,
2.023E+11,155 678 444,A01,1,7,6,2,1,26,1,
2.023E+11,155 678 446,B01,2,7,0,2,1,1,1,
2.023E+11,155 678 441,B01,2,2,0,2,2,1,1,
2.023E+11,155 678 443,A01,2,7,0,2,3,11,1,
2.023E+11,155 678 442,A01,1,7,0,1,1,1,1,
2.023E+11,155 678 438,A01,2,7,0,2,3,1,1,
2.023E+11,155 678 440,B01,1,7,0,2,8,1,1,
2.023E+11,155 678 437,A01,1,1,0,2,1,1,5,
2.023E+11,155 678 439,B01,1,7,0,0,4,1,1,
2.023E+11,155 678 435,A01,1,7,0,1,1,1,1,
2.023E+11,155 678 434,B01,1,32,0,2,1,17,1,
2.023E+11,155 678 436,A01,1,7,0,2,2,15,2,
2.023E+11,155 678 433,A01,1,7,6,0,2,1,1,
2.023E+11,155 678 432,A01,1,30,0,1,0,0,-1,
2.023E+11,155 678 430,A01,2,1,0,2,2,1,5,
2.023E+11,155 678 431,Z01,2,7,0,2,2,17,0,
2.023E+11,155 678 429,A01,3,7,0,1,4,4,1,
2.023E+11,155 678 428,A01,0,7,0,1,3,1,1,
2.023E+11,155 678 425,Z01,1,7,0,2,1,2,0,
2.023E+11,155 678 427,A01,1,33,0,2,6,1,1,
2.023E+11,155 678 424,A01,2,30,0,2,1,1,3,
2.023E+11,155 678 426,B01,2,10,0,2,2,1,1,
2.023E+11,155 678 422,A01,1,36,13,0,3,1,1,
2.023E+11,155 678 421,A01,1,7,0,0,1,1,1,
2.023E+11,155 678 423,B01,2,7,0,0,1,1,1,
2.023E+11,155 678 419,B01,2,1,0,2,8,19,5,
2.023E+11,155 678 420,A01,2,10,0,2,2,16,1,
2.023E+11,155 678 416,A01,1,7,0,2,1,16,1,
2.023E+11,155 678 418,B01,1,50,0,2,8,1,3,
2.023E+11,155 678 413,B01,3,21,0,2,3,15,1,
2.023E+11,155 678 417,A01,2,2,0,2,1,1,0,
2.023E+11,155 678 414,A01,1,7,0,2,1,16,1,
2.023E+11,155 678 415,B01,2,7,0,2,1,2,1,
2.023E+11,155 678 412,A01,1,7,0,1,1,1,1,
2.023E+11,155 678 408,A01,1,32,0,2,2,1,1,
2.023E+11,155 678 411,B01,1,1,0,0,4,15,5,
2.023E+11,155 678 407,B01,2,7,4,2,1,1,1,
2.023E+11,155 678 410,A01,2,32,4,2,4,12,1,
2.023E+11,155 678 406,A01,2,33,0,2,1,26,1,
2.023E+11,155 678 409,B01,1,14,0,2,7,19,1,
2.023E+11,155 678 405,A01,2,7,0,1,1,26,1,
2.023E+11,155 678 399,A01,1,10,0,2,2,16,1,
2.023E+11,155 678 403,B01,1,1,0,2,2,1,5,
2.023E+11,155 678 400,B01,1,7,0,0,0,0,0,
2.023E+11,155 678 404,A01,1,7,0,0,0,0,0,
2.023E+11,155 678 398,A01,0,33,0,2,3,1,1,
2.023E+11,155 678 402,B01,0,7,0,2,1,15,1,
2.023E+11,155 678 401,A01,1,7,0,1,1,15,1,
2.023E+11,155 678 394,Z01,1,13,0,2,7,1,0,
2.023E+11,155 678 397,B01,2,1,0,2,8,1,5,
2.023E+11,155 678 391,A01,2,7,0,2,2,15,3,
2.023E+11,155 678 395,B01,1,33,0,2,1,17,1,
2.023E+11,155 678 390,C01,1,7,0,0,0,0,0,
2.023E+11,155 678 392,A01,1,7,0,2,1,26,1,
2.023E+11,155 678 396,B01,1,7,0,2,4,0,1,
2.023E+11,155 678 389,A01,1,7,0,2,2,15,1,
2.023E+11,155 678 393,B01,3,31,0,2,1,1,1,
2.023E+11,155 678 386,A01,1,7,0,1,3,17,0,
2.023E+11,155 678 387,B01,1,7,0,2,3,15,1,
2.023E+11,155 678 388,A01,1,34,0,2,3,17,1,
2.023E+11,155 678 383,B01,2,1,0,2,1,1,5,
2.023E+11,155 678 384,A01,1,7,0,2,3,15,1,
2.023E+11,155 678 382,A01,2,7,0,2,1,21,1,
2.023E+11,155 678 385,B01,1,7,0,2,1,1,1,
2.023E+11,155 678 381,A01,1,43,0,0,1,13,0,
2.023E+11,155 678 379,A01,1,7,0,2,2,12,1,
2.023E+11,155 678 380,B01,1,33,0,2,3,1,1,
2.023E+11,155 678 376,A01,1,7,4,0,8,13,1,
2.023E+11,155 678 375,A01,3,34,0,2,1,5,1,
2.023E+11,155 678 377,B01,0,7,0,2,1,1,1,
2.023E+11,155 678 373,A01,3,7,0,1,3,1,0,
2.023E+11,155 678 372,A01,1,33,0,2,1,1,1,
2.023E+11,155 678 374,B01,2,7,0,2,6,16,1,
2.023E+11,155 678 370,A01,2,2,3,0,7,1,1,
2.023E+11,155 678 371,A01,1,7,15,0,1,15,1,
2.023E+11,155 678 365,A01,1,30,0,2,2,1,1,
2.023E+11,155 678 368,B01,1,7,0,2,8,20,1,
2.023E+11,155 678 367,A01,1,10,1,2,1,6,1,
2.023E+11,155 678 369,B01,1,7,0,2,0,23,1,
2.023E+11,155 678 363,B01,1,7,0,2,1,1,1,
2.023E+11,155 678 366,A01,2,7,0,2,1,13,1,
2.023E+11,155 678 362,A01,1,7,0,2,1,26,1,
2.023E+11,155 678 364,B01,1,7,0,0,4,26,1,
2.023E+11,155 678 360,A01,2,32,11,0,1,1,1,
2.023E+11,155 678 359,A01,2,33,0,2,1,2,1,
2.023E+11,155 678 361,Z01,2,7,0,2,4,2,0,
2.023E+11,155 678 357,A01,1,10,0,0,2,19,1,
2.023E+11,155 678 358,B01,1,2,0,0,1,1,1,
2.023E+11,155 678 354,B01,1,33,0,2,1,2,1,
2.023E+11,155 678 356,A01,1,7,0,2,4,2,1,
2.023E+11,155 678 353,A01,3,32,8,0,8,15,1,
2.023E+11,155 678 352,A01,2,32,0,2,7,19,0,
2.023E+11,155 678 355,B01,0,7,0,2,1,1,0,
2.023E+11,155 678 350,A01,1,37,0,0,0,1,0,7
2.023E+11,155 678 348,A01,1,7,0,0,4,2,1,
2.023E+11,155 678 351,B01,1,33,0,0,4,15,1,
2.023E+11,155 678 347,A01,1,7,0,1,2,1,1,
2.023E+11,155 678 343,A01,2,30,0,1,1,1,1,
2.023E+11,155 678 342,D01,1,10,0,2,1,2,1,
2.023E+11,155 678 345,A01,1,7,0,2,6,15,1,
2.023E+11,155 678 346,C01,1,7,0,2,4,23,1,
2.023E+11,155 678 349,B01,1,7,0,2,4,23,1,
2.023E+11,155 678 340,A01,2,7,0,2,3,1,0,
2.023E+11,155 678 344,B01,1,33,0,2,1,13,0,
2.023E+11,155 678 336,A01,1,7,0,2,1,2,1,
2.023E+11,155 678 339,B01,1,37,0,2,6,24,2,1
2.023E+11,155 678 341,C01,3,50,0,2,8,19,3,
2.023E+11,155 678 334,A01,1,7,0,2,1,16,0,
2.023E+11,155 678 337,B01,2,7,0,2,3,15,1,
2.023E+11,155 678 333,A01,2,7,0,2,1,14,1,
2.023E+11,155 678 338,B01,2,17,0,2,4,1,1,
2.023E+11,155 678 332,A01,3,7,0,2,4,4,1,
2.023E+11,155 678 335,B01,3,37,0,2,3,1,1,1
2.023E+11,155 678 328,A01,3,7,0,2,1,20,1,
2.023E+11,155 678 331,B01,3,7,0,2,7,1,1,
2.023E+11,155 678 327,B01,1,7,0,2,8,1,1,
2.023E+11,155 678 330,A01,1,15,0,2,7,12,1,
2.023E+11,155 678 326,A01,1,7,0,2,4,2,1,
2.023E+11,155 678 329,B01,1,7,0,2,4,2,1,
2.023E+11,155 678 324,A01,2,7,4,0,0,1,1,
2.023E+11,155 678 323,A01,3,7,0,1,2,11,2,
2.023E+11,155 678 322,A01,2,7,0,2,3,9,1,
2.023E+11,155 678 325,B01,1,2,0,2,1,1,1,
2.023E+11,155 678 320,A01,1,7,13,0,3,21,1,
2.023E+11,155 678 321,B01,1,7,0,0,0,17,1,
2.023E+11,155 678 318,A01,1,33,0,2,1,2,1,
2.023E+11,155 678 319,B01,1,7,0,2,6,2,1,
2.023E+11,155 678 317,A01,3,30,8,0,1,1,1,
2.023E+11,155 678 316,A01,1,7,1,0,3,13,0,
2.023E+11,155 678 315,A01,3,7,8,0,1,14,1,
2.023E+11,155 678 313,A01,2,7,0,5,1,1,1,
2.023E+11,155 678 311,A01,2,33,0,2,1,3,1,
2.023E+11,155 678 314,B01,2,7,0,2,2,1,1,
2.023E+11,155 678 310,A01,1,7,7,0,1,1,1,
2.023E+11,155 678 309,A01,2,99,0,2,1,1,0,
2.023E+11,155 678 312,B01,2,33,5,0,7,0,1,
2.023E+11,155 678 307,A01,2,31,0,0,8,3,3,
2.023E+11,155 678 306,A01,3,7,13,0,2,2,1,
2.023E+11,155 678 303,A01,1,7,4,2,1,2,0,
2.023E+11,155 678 305,B01,1,10,4,2,4,2,1,
2.023E+11,155 678 308,C01,1,7,4,2,4,2,3,
2.023E+11,155 678 302,A01,3,50,0,2,1,21,3,
2.023E+11,155 678 304,B01,0,50,0,2,1,21,3,
2.023E+11,155 678 301,A01,0,7,0,0,0,0,-1,
2.023E+11,155 678 298,B01,1,7,0,2,4,2,1,
2.023E+11,155 678 300,A01,1,7,0,2,1,2,1,
2.023E+11,155 678 299,A01,1,7,0,1,1,1,1,
2.023E+11,155 678 296,A01,1,7,0,2,8,11,1,
2.023E+11,155 678 297,B01,1,36,0,2,7,2,1,
2.023E+11,155 678 293,A01,2,7,0,2,1,15,1,
2.023E+11,155 678 295,B01,1,2,0,2,1,1,1,
2.023E+11,155 678 292,Z01,1,7,0,1,1,1,1,
2.023E+11,155 678 291,A01,3,7,0,1,0,0,3,
2.023E+11,155 678 288,B01,2,7,0,2,4,1,1,
2.023E+11,155 678 290,A01,2,7,0,2,2,12,1,
2.023E+11,155 678 294,C01,2,7,0,2,4,1,1,
2.023E+11,155 678 287,A01,3,7,0,0,3,1,2,
2.023E+11,155 678 289,B01,3,7,0,2,1,5,1,
2.023E+11,155 678 285,A01,1,3,0,1,1,2,0,
2.023E+11,155 678 281,B01,1,7,0,2,4,1,1,
2.023E+11,155 678 283,A01,1,7,0,2,1,1,1,
2.023E+11,155 678 282,A01,1,7,0,2,3,11,1,
2.023E+11,155 678 284,B01,2,32,0,2,8,1,1,
2.023E+11,155 678 286,C01,1,7,0,2,3,24,3,
2.023E+11,155 678 277,B01,2,7,0,2,1,1,1,
2.023E+11,155 678 280,A01,1,32,0,2,1,1,1,
2.023E+11,155 678 276,A01,2,7,3,0,1,1,1,
2.023E+11,155 678 274,A01,1,7,0,2,1,2,2,
2.023E+11,155 678 278,B01,1,7,0,2,9,2,1,
2.023E+11,155 678 279,C01,1,7,0,0,4,2,1,
2.023E+11,155 678 273,A01,3,32,0,2,3,18,1,
2.023E+11,155 678 275,B01,3,7,0,2,2,16,1,
2.023E+11,155 678 270,B01,0,7,0,0,4,24,0,
2.023E+11,155 678 272,A01,0,7,1,0,1,2,1,
2.023E+11,155 678 268,A01,-1,10,0,1,4,4,1,
2.023E+11,155 678 263,D01,2,10,0,2,1,2,1,
2.023E+11,155 678 266,C01,2,7,0,2,1,2,1,
2.023E+11,155 678 269,B01,2,7,0,2,4,2,0,
2.023E+11,155 678 271,A01,2,7,0,2,4,2,1,
2.023E+11,155 678 265,A01,2,10,0,2,8,15,1,
2.023E+11,155 678 267,B01,2,34,0,2,1,17,1,
2.023E+11,155 678 262,A01,1,7,0,2,3,15,0,
2.023E+11,155 678 264,B01,2,31,0,2,1,17,0,
2.023E+11,155 678 261,A01,2,7,0,1,2,1,1,
2.023E+11,155 678 260,A01,2,7,0,1,1,1,1,
2.023E+11,155 678 259,A01,1,50,0,1,1,25,3,
2.023E+11,155 678 257,A01,1,33,0,1,7,25,0,
2.023E+11,155 678 258,A01,2,7,13,0,1,1,1,
2.023E+11,155 678 256,A01,1,7,4,0,2,1,1,
2.023E+11,155 678 253,A01,2,7,0,0,1,19,1,
2.023E+11,155 678 255,B01,1,7,0,2,8,1,1,
2.023E+11,155 678 252,A01,1,1,0,2,5,14,5,
2.023E+11,155 678 254,B01,1,1,0,2,6,1,5,
2.023E+11,155 678 249,A01,1,7,0,2,1,1,1,
2.023E+11,155 678 251,B01,1,7,0,2,4,23,1,
2.023E+11,155 678 248,A01,2,7,0,2,1,13,1,
2.023E+11,155 678 250,B01,1,7,0,2,1,1,1,
2.023E+11,155 678 247,A01,1,43,2,0,1,1,1,
2.023E+11,155 678 241,A01,3,1,0,2,1,13,5,
2.023E+11,155 678 242,B01,3,1,0,2,1,16,5,
2.023E+11,155 678 244,A01,1,7,0,2,7,22,1,
2.023E+11,155 678 246,B01,1,1,0,2,1,1,5,
2.023E+11,155 678 239,A01,2,7,0,2,1,1,1,
2.023E+11,155 678 243,B01,3,80,0,2,8,9,3,
2.023E+11,155 678 238,A01,1,7,0,2,1,1,1,
2.023E+11,155 678 240,B01,1,7,0,2,4,1,1,
2.023E+11,155 678 245,C01,1,7,0,2,4,23,2,
2.023E+11,155 678 237,A01,1,10,9,0,2,0,1,
2.023E+11,155 678 236,A01,2,50,0,1,8,1,3,