Num_Acc,id_vehicule,num_veh,senc,catv,obs,obsm,choc,manv,motor,occutc
2.023E+11,155 678 233,A01,2,7,0,2,6,1,1,
2.023E+11,155 678 235,B01,2,7,0,2,2,13,1,
2.023E+11,155 678 232,A01,1,7,0,2,1,1,1,
2.023E+11,155 678 231,B01,2,7,15,0,1,0,1,
2.023E+11,155 678 234,A01,2,3,16,0,5,1,0,
2.023E+11,155 678 230,A01,1,30,0,1,1,17,1,
2.023E+11,155 678 229,A01,1,7,0,0,8,13,1,
2.023E+11,155 678 228,A01,3,37,0,1,1,1,1,1
2.023E+11,155 678 226,B01,1,2,0,2,1,1,1,
2.023E+11,155 678 227,A01,1,7,0,2,1,1,1,
2.023E+11,155 678 225,Z01,3,32,0,1,1,1,0,
2.023E+11,155 678 224,A01,1,7,2,0,3,1,1,
2.023E+11,155 678 222,B01,1,2,1,0,0,0,0,
2.023E+11,155 678 221,B01,2,7,0,2,1,1,1,
2.023E+11,155 678 223,A01,1,7,0,2,1,13,1,
2.023E+11,155 678 219,Z01,2,7,0,2,1,1,0,
2.023E+11,155 678 220,B01,2,41,0,2,4,1,1,
2.023E+11,155 678 217,B01,2,2,0,2,8,1,1,
2.023E+11,155 678 218,A01,1,14,0,2,1,15,1,
2.023E+11,155 678 215,A01,1,7,4,0,3,13,1,
2.023E+11,155 678 213,A01,1,7,0,2,3,13,1,
2.023E+11,155 678 216,B01,2,2,0,2,1,1,1,
2.023E+11,155 678 212,A01,1,7,0,2,2,2,1,
2.023E+11,155 678 214,B01,1,80,0,2,4,2,3,
2.023E+11,155 678 210,A01,1,33,0,0,7,0,1,
2.023E+11,155 678 209,A01,1,30,0,2,1,5,0,
2.023E+11,155 678 211,B01,2,7,0,2,3,0,0,
2.023E+11,155 678 207,Z01,1,1,0,1,1,1,5,
2.023E+11,155 678 208,A01,1,7,0,1,2,1,1,
2.023E+11,155 678 202,A01,1,32,0,2,1,1,0,
2.023E+11,155 678 205,B01,2,30,0,2,5,6,0,
2.023E+11,155 678 201,A01,3,34,0,0,0,26,1,
2.023E+11,155 678 204,B01,3,1,0,2,1,2,5,
2.023E+11,155 678 206,A01,3,7,0,9,7,15,1,
2.023E+11,155 678 200,A01,3,7,0,2,2,17,1,
2.023E+11,155 678 203,B01,3,50,0,2,3,15,3,
2.023E+11,155 678 196,A01,1,1,0,2,1,1,5,
2.023E+11,155 678 199,B01,1,7,0,9,4,1,1,
2.023E+11,155 678 195,B01,0,7,0,0,0,0,1,
2.023E+11,155 678 198,A01,2,7,0,0,4,1,2,
2.023E+11,155 678 194,B01,2,7,0,2,4,2,1,
2.023E+11,155 678 197,A01,2,7,0,2,1,2,1,
2.023E+11,155 678 193,A01,3,43,0,1,7,1,1,
2.023E+11,155 678 188,A01,2,7,0,1,1,9,0,
2.023E+11,155 678 189,A01,0,7,0,2,3,1,1,
2.023E+11,155 678 191,B01,0,1,0,2,1,14,5,
2.023E+11,155 678 187,A01,2,1,1,0,1,1,5,
2.023E+11,155 678 182,A01,1,7,0,2,7,16,1,
2.023E+11,155 678 186,B01,1,1,0,2,8,2,5,
2.023E+11,155 678 181,B01,2,7,0,2,4,1,1,
2.023E+11,155 678 185,A01,2,7,0,2,1,1,1,
2.023E+11,155 678 179,A01,3,32,0,2,1,9,1,
2.023E+11,155 678 184,B01,0,31,0,0,0,0,1,
2.023E+11,155 678 177,A01,1,7,15,0,3,13,1,
2.023E+11,155 678 176,A01,1,7,0,2,1,2,1,
2.023E+11,155 678 178,B01,1,7,0,2,4,2,1,
2.023E+11,155 678 180,C01,1,10,0,2,4,2,1,
2.023E+11,155 678 183,D01,1,7,0,2,4,2,1,
2.023E+11,155 678 172,B01,2,7,0,2,4,23,1,
2.023E+11,155 678 175,A01,2,7,0,2,1,2,1,
2.023E+11,155 678 169,A01,2,7,0,2,4,2,1,
2.023E+11,155 678 174,B01,2,1,0,2,4,1,5,
2.023E+11,155 678 170,A01,3,1,0,2,3,1,5,
2.023E+11,155 678 171,B01,3,43,0,2,2,15,1,
2.023E+11,155 678 167,A01,2,33,0,0,0,1,1,
2.023E+11,155 678 166,B01,1,7,0,2,3,1,1,
2.023E+11,155 678 168,A01,2,7,0,2,8,0,1,
2.023E+11,155 678 164,A01,2,7,0,2,1,2,0,
2.023E+11,155 678 165,B01,2,32,0,2,4,1,1,
2.023E+11,155 678 163,A01,1,50,0,1,1,25,3,
2.023E+11,155 678 160,A01,0,7,0,2,1,0,1,
2.023E+11,155 678 162,B01,0,1,0,2,8,9,5,
2.023E+11,155 678 159,A01,3,7,0,2,1,19,1,
2.023E+11,155 678 161,B01,2,32,0,2,8,1,1,
2.023E+11,155 678 158,A01,1,7,0,1,2,16,1,
2.023E+11,155 678 156,A01,1,33,5,0,3,13,1,
2.023E+11,155 678 155,A01,2,7,13,0,1,1,1,
2.023E+11,155 678 154,A01,1,7,0,2,6,12,1,
2.023E+11,155 678 157,B01,1,31,0,2,1,12,1,
2.023E+11,155 678 149,A01,0,7,0,2,1,26,0,
2.023E+11,155 678 153,B01,3,50,0,2,1,0,3,
2.023E+11,155 678 150,A01,3,7,0,2,1,16,0,
2.023E+11,155 678 152,B01,3,43,0,2,7,1,1,
2.023E+11,155 678 148,A01,1,32,0,0,7,17,1,
2.023E+11,155 678 147,B01,2,7,0,2,8,21,1,
2.023E+11,155 678 151,A01,2,7,14,2,1,6,1,
2.023E+11,155 678 145,B01,1,2,0,2,2,2,1,
2.023E+11,155 678 146,A01,1,7,0,2,3,15,1,
2.023E+11,155 678 142,A01,3,7,6,0,1,13,1,
2.023E+11,155 678 141,A01,1,7,0,1,8,20,0,
2.023E+11,155 678 144,B01,1,7,1,0,8,24,0,
2.023E+11,155 678 140,A01,1,33,0,2,1,21,1,
2.023E+11,155 678 143,B01,1,7,0,2,3,15,1,
2.023E+11,155 678 139,A01,2,7,8,0,8,1,1,
2.023E+11,155 678 138,A01,2,7,0,1,2,16,1,
2.023E+11,155 678 136,A01,1,1,0,0,-1,1,5,
2.023E+11,155 678 135,B01,1,7,0,2,4,1,1,
2.023E+11,155 678 137,A01,1,33,0,2,1,1,1,
2.023E+11,155 678 133,A01,2,33,0,2,1,17,1,
2.023E+11,155 678 134,B01,2,7,0,2,8,15,1,
2.023E+11,155 678 130,A01,1,33,4,0,7,1,1,
2.023E+11,155 678 128,B01,2,7,0,2,4,1,1,
2.023E+11,155 678 132,A01,2,7,0,2,1,1,1,
2.023E+11,155 678 127,B01,0,7,0,2,3,15,1,
2.023E+11,155 678 129,C01,3,7,0,2,8,1,1,
2.023E+11,155 678 131,A01,3,34,0,2,3,1,1,
2.023E+11,155 678 124,B01,1,1,0,2,8,1,5,
2.023E+11,155 678 126,A01,3,7,0,2,1,19,1,
2.023E+11,155 678 122,A01,3,31,0,2,3,17,1,
2.023E+11,155 678 125,B01,3,7,1,2,3,15,1,
2.023E+11,155 678 121,A01,1,33,0,0,0,1,1,
2.023E+11,155 678 120,A01,0,32,0,2,1,15,0,
2.023E+11,155 678 123,B01,0,14,0,2,3,1,0,
2.023E+11,155 678 117,A01,2,2,0,2,2,2,1,
2.023E+11,155 678 119,B01,2,7,0,2,3,15,1,
2.023E+11,155 678 116,A01,1,1,0,0,-1,1,5,
2.023E+11,155 678 115,B01,3,1,0,2,1,26,5,
2.023E+11,155 678 118,A01,1,7,0,2,3,9,1,
2.023E+11,155 678 112,A01,3,10,8,0,3,13,1,
2.023E+11,155 678 110,B01,1,7,0,2,6,16,1,
2.023E+11,155 678 114,A01,1,7,0,2,6,21,1,
2.023E+11,155 678 111,A01,3,2,0,2,1,15,1,
2.023E+11,155 678 113,B01,3,7,0,2,8,1,1,
2.023E+11,155 678 108,A01,1,10,0,0,0,0,0,
2.023E+11,155 678 109,B01,1,33,0,2,0,0,0,
2.023E+11,155 678 105,B01,2,10,0,2,1,1,1,
2.023E+11,155 678 107,A01,1,32,0,2,1,5,1,
2.023E+11,155 678 104,A01,3,7,6,1,1,25,1,
2.023E+11,155 678 103,B01,3,7,0,0,1,1,1,
2.023E+11,155 678 106,A01,1,31,0,0,8,1,1,
2.023E+11,155 678 102,A01,2,7,0,1,1,1,1,
2.023E+11,155 678 100,A01,2,10,0,2,7,12,1,
2.023E+11,155 678 101,B01,2,33,0,2,3,2,1,
2.023E+11,155 678 097,A01,1,7,0,0,1,1,1,
2.023E+11,155 678 096,A01,2,7,0,0,3,9,1,
2.023E+11,155 678 098,B01,2,1,0,0,7,1,5,
2.023E+11,155 678 099,A01,1,7,0,1,3,15,0,
2.023E+11,155 678 094,A01,2,31,0,2,6,12,1,
2.023E+11,155 678 095,B01,2,15,0,2,2,2,1,
2.023E+11,155 678 093,A01,0,10,6,0,1,14,1,
2.023E+11,155 678 090,B01,2,1,0,2,3,1,5,
2.023E+11,155 678 092,A01,1,7,0,2,8,13,1,
2.023E+11,155 678 089,A01,3,7,0,2,1,26,0,
2.023E+11,155 678 091,B01,3,10,0,2,6,2,1,
2.023E+11,155 678 087,A01,1,7,13,0,0,0,1,
2.023E+11,155 678 086,B01,2,80,0,2,7,1,3,
2.023E+11,155 678 088,A01,2,7,0,2,2,15,1,
2.023E+11,155 678 084,A01,2,33,0,2,1,1,1,
2.023E+11,155 678 085,B01,1,21,0,2,1,15,1,
2.023E+11,155 678 083,A01,1,30,0,1,1,1,1,
2.023E+11,155 678 079,B01,1,33,0,2,1,1,1,
2.023E+11,155 678 082,A01,2,7,0,2,7,19,1,
2.023E+11,155 678 078,A01,1,7,0,2,3,9,1,
2.023E+11,155 678 080,B01,1,2,0,2,7,9,3,
2.023E+11,155 678 077,A01,2,7,0,2,2,5,2,
2.023E+11,155 678 081,B01,1,1,0,2,1,1,5,
2.023E+11,155 678 076,A01,3,7,0,1,2,1,1,
2.023E+11,155 678 071,A01,3,35,0,2,1,9,1,
2.023E+11,155 678 074,B01,3,10,0,2,3,1,1,
2.023E+11,155 678 072,A01,2,7,0,2,3,1,1,
2.023E+11,155 678 075,B01,2,7,0,2,3,13,1,
2.023E+11,155 678 070,A01,2,7,0,2,8,15,1,
2.023E+11,155 678 073,B01,2,30,0,2,1,1,1,
2.023E+11,155 678 069,A01,1,7,0,1,1,1,1,
2.023E+11,155 678 066,A01,1,7,0,1,1,1,1,
2.023E+11,155 678 065,A01,2,7,0,9,2,2,1,
2.023E+11,155 678 068,B01,2,1,0,0,8,1,5,
2.023E+11,155 678 064,A01,2,50,0,2,1,7,3,
2.023E+11,155 678 067,B01,2,7,0,2,3,1,1,
2.023E+11,155 678 062,A01,1,21,0,0,0,14,1,
2.023E+11,155 678 061,A01,2,31,0,1,1,1,1,
2.023E+11,155 678 060,A01,3,7,0,2,1,17,1,
2.023E+11,155 678 063,B01,3,31,0,2,7,19,1,
2.023E+11,155 678 059,A01,1,10,14,0,1,9,1,
2.023E+11,155 678 058,A01,0,33,8,0,1,1,1,
2.023E+11,155 678 055,A01,1,7,0,2,3,9,1,
2.023E+11,155 678 057,B01,1,1,0,2,2,9,5,
2.023E+11,155 678 050,A01,1,10,0,2,2,1,1,
2.023E+11,155 678 052,B01,1,33,0,2,1,26,1,
2.023E+11,155 678 048,B01,1,7,0,2,8,9,1,
2.023E+11,155 678 053,A01,2,7,0,2,1,1,0,
2.023E+11,155 678 049,A01,2,7,0,2,2,2,1,
2.023E+11,155 678 051,B01,2,7,0,2,6,23,1,
2.023E+11,155 678 054,C01,2,7,0,2,8,23,1,
2.023E+11,155 678 056,D01,2,7,0,2,5,23,1,
2.023E+11,155 678 046,A01,2,7,1,0,9,1,1,
2.023E+11,155 678 044,A01,2,30,0,1,0,3,1,
2.023E+11,155 678 047,B01,0,60,0,1,8,0,5,
2.023E+11,155 678 045,A01,1,33,0,0,9,1,1,
2.023E+11,155 678 043,A01,-1,3,0,1,0,26,-1,
2.023E+11,155 678 041,A01,1,7,0,2,3,20,1,
2.023E+11,155 678 042,B01,1,30,1,2,2,0,1,
2.023E+11,155 678 039,A01,2,7,2,0,3,0,1,
2.023E+11,155 678 040,A01,0,7,0,1,4,20,0,
2.023E+11,155 678 037,A01,1,7,2,0,7,0,1,
2.023E+11,155 678 036,A01,1,10,0,1,5,26,1,
2.023E+11,155 678 035,A01,1,10,0,2,2,15,1,
2.023E+11,155 678 038,B01,2,33,0,2,1,1,1,
2.023E+11,155 678 033,A01,1,7,0,2,3,17,1,
2.023E+11,155 678 034,B01,2,7,0,2,3,1,1,
2.023E+11,155 678 032,A01,3,7,0,1,1,1,1,
2.023E+11,155 678 031,A01,1,7,17,0,1,1,1,
2.023E+11,155 678 030,A01,2,7,2,0,7,1,1,
2.023E+11,155 678 027,A01,1,7,0,2,3,11,1,
2.023E+11,155 678 029,B01,0,7,0,2,1,14,0,
2.023E+11,155 678 025,A01,1,7,2,0,7,1,1,
2.023E+11,155 678 026,A01,3,7,0,2,1,17,1,
2.023E+11,155 678 028,B01,3,7,0,2,4,1,1,
2.023E+11,155 678 022,A01,3,10,0,1,4,20,1,
2.023E+11,155 678 020,A01,1,7,8,2,1,1,1,
2.023E+11,155 678 024,B01,3,7,0,2,3,0,1,
2.023E+11,155 678 021,A01,1,33,0,2,8,13,1,
2.023E+11,155 678 023,B01,2,7,0,2,3,1,1,
2.023E+11,155 678 017,A01,3,33,15,0,3,1,1,
2.023E+11,155 678 016,A01,1,50,0,2,4,2,3,
2.023E+11,155 678 019,B01,1,7,0,2,4,2,0,
2.023E+11,155 678 014,A01,1,10,0,0,6,2,1,
2.023E+11,155 678 015,B01,1,33,0,2,1,0,1,
2.023E+11,155 678 018,C01,1,7,0,9,0,0,1,
2.023E+11,155 678 012,A01,3,2,0,2,1,13,1,
2.023E+11,155 678 013,B01,3,7,0,2,3,1,1,
2.023E+11,155 678 011,A01,2,7,0,1,3,15,1,
2.023E+11,155 678 010,A01,2,7,0,1,2,0,1,
2.023E+11,155 678 009,A01,2,1,14,0,1,1,5,
2.023E+11,155 678 007,B01,3,7,1,2,4,23,1,
2.023E+11,155 678 008,A01,3,7,0,2,1,2,1,
2.023E+11,155 678 005,A01,1,33,0,2,1,2,1,
2.023E+11,155 678 006,B01,1,10,0,0,4,2,0,
2.023E+11,155 678 002,A01,2,31,12,0,1,1,1,
2.023E+11,155 678 003,A01,2,7,0,2,3,15,1,
2.023E+11,155 678 004,B01,1,1,0,2,1,1,5,
2.023E+11,155 678 000,A01,1,7,0,2,3,9,0,
2.023E+11,155 678 001,B01,1,33,1,2,1,1,1,
2.023E+11,155 677 998,B01,3,10,0,2,1,0,1,
2.023E+11,155 677 999,A01,3,50,0,2,1,0,3,
2.023E+11,155 677 997,A01,2,7,0,0,0,1,1,
2.023E+11,155 677 994,A01,3,50,0,2,1,19,3,
2.023E+11,155 677 996,B01,2,7,0,2,2,1,0,
2.023E+11,155 677 991,A01,3,7,0,2,3,15,3,
2.023E+11,155 677 993,B01,3,33,0,2,3,1,1,
2.023E+11,155 677 988,A01,3,50,0,2,5,25,3,
2.023E+11,155 677 990,B01,3,7,0,2,2,1,1,
2.023E+11,155 677 987,B01,2,30,0,2,8,1,1,
2.023E+11,155 677 989,A01,1,7,0,2,0,15,1,
2.023E+11,155 677 986,A01,2,7,0,1,1,2,2,
2.023E+11,155 677 984,A01,0,7,0,2,6,2,1,
2.023E+11,155 677 985,B01,3,10,0,2,2,0,1,
2.023E+11,155 677 982,A01,2,33,0,2,3,5,1,
2.023E+11,155 677 983,B01,1,7,0,2,7,1,1,
2.023E+11,155 677 980,B01,1,7,0,2,1,5,1,
2.023E+11,155 677 981,A01,2,7,0,2,1,1,1,
2.023E+11,155 677 978,B01,2,2,0,2,8,8,1,
2.023E+11,155 677 979,A01,1,7,0,2,1,15,1,
2.023E+11,155 677 977,A01,1,7,17,0,7,1,1,
2.023E+11,155 677 976,A01,1,7,0,1,1,25,1,
2.023E+11,155 677 972,A01,1,30,0,2,1,17,1,
2.023E+11,155 677 974,B01,1,7,0,0,6,23,1,
2.023E+11,155 677 975,C01,2,21,0,2,3,1,1,
2.023E+11,155 677 971,B01,1,50,0,2,1,5,3,
2.023E+11,155 677 973,A01,1,7,0,2,3,15,1,
2.023E+11,155 677 967,A01,1,17,0,2,1,2,1,
2.023E+11,155 677 968,B01,1,7,0,2,4,2,1,
2.023E+11,155 677 970,C01,1,17,0,2,1,2,1,
2.023E+11,155 677 966,A01,2,2,0,2,1,17,1,
2.023E+11,155 677 969,B01,2,7,0,0,6,15,1,
2.023E+11,155 677 965,A01,1,7,0,1,1,1,1,
2.023E+11,155 677 963,A01,1,1,0,0,0,25,5,
2.023E+11,155 677 962,A01,1,10,0,2,8,1,1,
2.023E+11,155 677 964,B01,2,1,0,2,1,19,5,
2.023E+11,155 677 959,B01,1,7,0,2,8,1,1,
2.023E+11,155 677 960,C01,1,7,0,2,3,1,1,
2.023E+11,155 677 961,A01,2,7,0,2,8,13,1,
2.023E+11,155 677 954,A01,1,33,0,2,1,1,1,
2.023E+11,155 677 955,B01,2,7,0,2,1,5,1,
2.023E+11,155 677 956,C01,1,33,0,2,1,1,1,
2.023E+11,155 677 957,A01,1,7,0,9,1,15,1,
2.023E+11,155 677 958,B01,2,80,0,2,8,1,3,
2.023E+11,155 677 952,A01,2,31,13,0,2,1,1,
2.023E+11,155 677 950,B01,1,7,0,2,6,1,1,
2.023E+11,155 677 951,C01,2,1,0,2,0,0,5,
2.023E+11,155 677 953,A01,1,33,0,2,1,2,1,
2.023E+11,155 677 947,A01,2,30,0,2,1,2,1,
2.023E+11,155 677 949,B01,2,7,0,0,5,2,1,
2.023E+11,155 677 948,A01,2,33,15,0,1,14,1,
2.023E+11,155 677 946,Z01,1,31,0,1,1,2,0,
2.023E+11,155 677 943,Z01,2,7,0,1,1,1,0,
2.023E+11,155 677 944,A01,2,2,0,2,3,15,1,
2.023E+11,155 677 945,B01,2,2,0,2,2,17,1,
2.023E+11,155 677 942,Z01,1,34,0,1,1,1,0,
2.023E+11,155 677 938,A01,3,30,0,2,7,16,1,
2.023E+11,155 677 940,B01,3,7,0,2,3,15,2,
2.023E+11,155 677 939,A01,2,2,0,2,7,0,1,
2.023E+11,155 677 941,B01,0,0,0,0,0,0,0,
2.023E+11,155 677 936,B01,1,7,16,0,0,1,1,
2.023E+11,155 677 937,A01,1,7,0,0,0,17,0,
2.023E+11,155 677 934,B01,2,7,0,2,1,1,1,
2.023E+11,155 677 935,A01,2,7,0,2,8,19,1,
2.023E+11,155 677 933,A01,2,2,0,0,0,1,0,
2.023E+11,155 677 931,A01,3,7,0,2,1,9,1,
2.023E+11,155 677 932,B01,2,2,0,0,7,1,1,
2.023E+11,155 677 929,A01,3,7,0,2,2,9,1,
2.023E+11,155 677 930,B01,3,50,0,2,1,1,3,
2.023E+11,155 677 926,A01,0,7,0,2,8,15,0,
2.023E+11,155 677 927,LB01,1,1,0,2,1,23,5,
2.023E+11,155 677 925,A01,1,7,0,2,4,1,1,
2.023E+11,155 677 928,B01,1,7,0,2,1,0,1,
2.023E+11,155 677 922,A01,1,30,0,2,1,9,0,
2.023E+11,155 677 924,B01,1,10,0,2,6,1,1,
2.023E+11,155 677 918,A01,2,7,0,2,5,2,1,
2.023E+11,155 677 920,B01,2,7,0,2,3,2,1,
2.023E+11,155 677 923,Z01,2,7,0,2,1,0,1,
2.023E+11,155 677 919,B01,0,60,0,2,1,0,5,
2.023E+11,155 677 921,A01,3,7,0,2,1,25,1,
2.023E+11,155 677 914,A01,2,7,0,2,1,1,1,
2.023E+11,155 677 917,B01,2,7,0,2,4,1,2,
2.023E+11,155 677 912,A01,3,40,0,2,1,2,3,
2.023E+11,155 677 913,B01,1,1,0,4,8,26,5,
2.023E+11,155 677 911,A01,2,31,0,2,1,2,1,
2.023E+11,155 677 909,B01,1,40,0,2,2,1,2,
2.023E+11,155 677 910,A01,1,7,0,4,3,15,1,
2.023E+11,155 677 907,A01,1,7,0,2,1,2,1,
2.023E+11,155 677 908,B01,1,10,0,2,4,2,1,
2.023E+11,155 677 906,A01,1,10,-1,1,4,25,1,
2.023E+11,155 677 903,B01,1,7,0,2,0,14,1,
2.023E+11,155 677 905,A01,1,33,0,2,3,1,1,
2.023E+11,155 677 902,B01,2,32,0,2,1,1,1,
2.023E+11,155 677 904,Z01,2,7,0,2,1,1,0,
2.023E+11,155 677 901,A01,1,33,0,2,1,1,1,
2.023E+11,155 677 899,Z01,2,3,0,2,5,19,1,
2.023E+11,155 677 900,B01,1,1,0,2,1,1,5,
2.023E+11,155 677 898,A01,1,32,0,2,7,1,3,
2.023E+11,155 677 896,A01,0,7,0,2,1,2,0,
2.023E+11,155 677 897,B01,0,14,0,2,4,0,0,
2.023E+11,155 677 893,A01,0,7,0,1,3,16,0,
2.023E+11,155 677 892,B01,2,10,0,2,4,2,1,
2.023E+11,155 677 894,A01,2,7,0,2,1,2,1,
2.023E+11,155 677 895,C01,2,10,0,2,4,2,1,
2.023E+11,155 677 891,A01,1,7,0,1,3,1,2,
2.023E+11,155 677 887,A01,1,7,0,2,7,15,0,
2.023E+11,155 677 889,B01,2,33,0,2,1,1,0,
2.023E+11,155 677 886,A01,2,33,0,2,9,1,1,
2.023E+11,155 677 888,B01,2,7,0,2,2,1,1,
2.023E+11,155 677 890,Z01,1,7,0,2,8,26,1,
2.023E+11,155 677 883,A01,2,33,0,0,1,21,1,
2.023E+11,155 677 884,B01,2,7,0,0,0,1,1,
2.023E+11,155 677 885,C01,2,7,0,0,0,13,1,
2.023E+11,155 677 882,A01,1,32,0,2,7,3,1,
2.023E+11,155 677 878,A01,1,7,0,2,3,11,1,
2.023E+11,155 677 880,B01,1,33,0,2,1,3,1,
2.023E+11,155 677 877,A01,1,7,0,2,0,17,0,
2.023E+11,155 677 879,B01,1,31,0,2,3,1,1,
2.023E+11,155 677 881,C01,1,38,0,2,5,17,1,1
2.023E+11,155 677 875,A01,1,7,15,0,1,1,0,
2.023E+11,155 677 874,A01,1,7,0,2,5,14,1,
2.023E+11,155 677 876,B01,1,33,0,2,8,3,1,
2.023E+11,155 677 872,B01,2,7,0,2,3,1,1,
2.023E+11,155 677 873,A01,1,2,0,2,1,19,3,
2.023E+11,155 677 869,A01,2,10,0,2,1,2,1,
2.023E+11,155 677 870,B01,2,7,0,2,4,2,1,
2.023E+11,155 677 871,C01,2,7,0,2,4,2,1,
2.023E+11,155 677 867,B01,2,7,0,2,8,1,1,
2.023E+11,155 677 868,A01,0,50,0,2,1,13,3,
2.023E+11,155 677 865,A01,1,7,0,2,1,2,1,
2.023E+11,155 677 866,B01,1,7,0,2,4,2,1,
2.023E+11,155 677 863,A01,1,7,0,2,1,1,1,
2.023E+11,155 677 864,B01,1,7,0,2,4,2,1,
2.023E+11,155 677 862,A01,2,7,13,0,1,0,1,
2.023E+11,155 677 859,A01,1,7,0,2,2,14,1,
2.023E+11,155 677 860,B01,1,7,0,2,6,1,1,
2.023E+11,155 677 858,A01,3,7,0,2,3,9,1,
2.023E+11,155 677 861,B01,3,2,0,2,1,1,1,
2.023E+11,155 677 856,Z01,1,0,0,1,1,26,0,
2.023E+11,155 677 855,A01,1,7,0,2,7,1,1,
2.023E+11,155 677 857,Z01,2,7,0,2,1,1,0,
2.023E+11,155 677 852,A01,1,7,0,1,1,16,1,
2.023E+11,155 677 851,A01,1,15,14,2,0,9,1,
2.023E+11,155 677 853,B01,1,33,0,2,2,21,1,
2.023E+11,155 677 850,A01,2,32,0,1,1,3,1,
2.023E+11,155 677 848,B01,0,50,0,2,7,26,3,
2.023E+11,155 677 849,A01,3,7,0,2,2,1,1,
2.023E+11,155 677 845,B01,3,1,0,0,0,0,5,
2.023E+11,155 677 843,A01,1,7,0,1,0,0,0,
2.023E+11,155 677 842,A01,2,7,0,2,3,15,1,
2.023E+11,155 677 844,B01,2,33,0,2,1,17,1,
2.023E+11,155 677 841,A01,1,7,7,0,5,2,1,
2.023E+11,155 677 837,B01,1,7,0,2,5,2,0,
2.023E+11,155 677 839,A01,1,7,8,2,3,12,0,
2.023E+11,155 677 840,C01,1,7,0,2,4,0,0,
2.023E+11,155 677 838,A01,3,7,6,0,1,1,1,
2.023E+11,155 677 835,A01,1,7,0,2,1,1,1,
2.023E+11,155 677 836,B01,1,7,0,2,8,1,1,
2.023E+11,155 677 834,A01,1,7,0,1,3,15,1,
2.023E+11,155 677 829,A01,3,50,0,2,1,1,3,
2.023E+11,155 677 831,B01,3,33,0,9,2,1,1,
2.023E+11,155 677 823,A01,2,30,0,2,1,2,1,
2.023E+11,155 677 826,B01,2,7,0,2,4,16,1,
2.023E+11,155 677 815,B01,1,7,0,2,1,1,1,
2.023E+11,155 677 816,A01,1,2,0,2,5,1,1,
2.023E+11,155 677 817,A01,2,7,14,0,1,2,1,
2.023E+11,155 677 820,B01,2,7,1,0,4,23,0,
2.023E+11,155 677 821,C01,2,7,0,2,4,23,1,
2.023E+11,155 677 814,A01,1,7,14,0,2,6,1,
2.023E+11,155 677 811,A01,1,60,0,0,0,1,5,
2.023E+11,155 677 812,A01,3,7,0,2,1,9,1,
2.023E+11,155 677 813,B01,1,7,0,2,5,0,1,
2.023E+11,155 677 808,A01,1,10,0,2,6,0,1,
2.023E+11,155 677 809,B01,1,7,0,2,2,2,1,
2.023E+11,155 677 810,C01,1,10,0,2,2,2,1,
2.023E+11,155 677 806,A01,2,7,0,2,1,5,0,
2.023E+11,155 677 807,B01,2,7,0,2,8,19,0,
2.023E+11,155 677 804,B01,0,2,0,2,1,18,1,
2.023E+11,155 677 805,A01,1,10,0,0,5,20,1,
2.023E+11,155 677 800,B01,1,7,16,2,1,1,1,
2.023E+11,155 677 802,A01,1,7,8,2,7,15,1,
2.023E+11,155 677 801,B01,2,30,0,2,1,2,1,
2.023E+11,155 677 803,A01,2,7,0,2,8,15,1,
2.023E+11,155 677 797,A01,3,80,12,2,1,1,3,
2.023E+11,155 677 798,B01,3,80,0,2,1,1,3,
2.023E+11,155 677 795,A01,2,7,4,2,1,1,1,
2.023E+11,155 677 796,B01,2,7,0,2,1,1,1,
2.023E+11,155 677 799,C01,2,14,0,2,1,1,1,
2.023E+11,155 677 793,B01,2,1,0,2,1,1,0,
2.023E+11,155 677 794,A01,3,10,0,2,1,26,1,
2.023E+11,155 677 791,A01,1,10,0,2,2,15,1,
2.023E+11,155 677 792,B01,2,33,0,2,1,1,1,
2.023E+11,155 677 790,A01,1,33,0,1,1,19,1,
2.023E+11,155 677 788,B01,1,1,0,0,3,1,5,
2.023E+11,155 677 789,A01,2,10,0,2,3,15,1,
2.023E+11,155 677 785,A01,2,10,0,2,1,1,1,
2.023E+11,155 677 787,B01,2,7,0,2,4,1,1,
2.023E+11,155 677 784,A01,2,7,0,2,7,10,1,
2.023E+11,155 677 786,B01,1,99,0,2,1,2,3,
2.023E+11,155 677 783,A01,3,33,1,0,1,1,1,
2.023E+11,155 677 781,A01,2,33,0,2,8,1,1,
2.023E+11,155 677 782,B01,2,7,0,2,7,12,1,
2.023E+11,155 677 779,A01,1,17,0,1,3,1,1,
2.023E+11,155 677 778,B01,2,7,0,2,1,0,1,
2.023E+11,155 677 780,A01,2,7,0,2,3,0,1,
2.023E+11,155 677 777,A01,2,7,0,1,1,2,1,
2.023E+11,155 677 774,B01,1,7,0,2,3,0,1,
2.023E+11,155 677 776,A01,2,2,0,2,3,15,1,
2.023E+11,155 677 773,A01,2,7,0,2,3,1,1,
2.023E+11,155 677 775,B01,2,50,0,0,2,0,3,
2.023E+11,155 677 771,A01,1,7,0,1,1,1,1,
2.023E+11,155 677 772,A01,1,7,0,1,3,15,1,
2.023E+11,155 677 770,A01,2,1,3,0,4,2,5,
2.023E+11,155 677 768,A01,1,7,3,0,2,2,4,