Num_Acc,id_vehicule,num_veh,senc,catv,obs,obsm,choc,manv,motor,occutc
2.023E+11,155 677 767,A01,2,7,0,2,3,15,1,
2.023E+11,155 677 769,B01,2,33,0,2,1,17,1,
2.023E+11,155 677 765,A01,2,30,0,2,1,5,6,
2.023E+11,155 677 766,B01,1,14,0,2,6,15,6,
2.023E+11,155 677 764,A01,3,7,0,1,1,1,3,
2.023E+11,155 677 760,C01,1,7,1,0,1,2,1,
2.023E+11,155 677 762,A01,1,10,0,2,4,2,1,
2.023E+11,155 677 763,B01,1,7,1,0,4,2,1,
2.023E+11,155 677 761,A01,1,7,0,1,3,15,1,
2.023E+11,155 677 759,A01,1,7,4,0,3,1,1,
2.023E+11,155 677 755,C01,1,10,0,2,4,1,1,
2.023E+11,155 677 756,A01,1,33,0,2,1,3,1,
2.023E+11,155 677 757,B01,1,33,0,2,4,3,1,
2.023E+11,155 677 750,A01,2,10,0,2,1,1,1,
2.023E+11,155 677 752,B01,2,10,0,2,4,1,1,
2.023E+11,155 677 753,C01,2,7,0,2,4,1,1,
2.023E+11,155 677 749,B01,2,14,0,2,8,15,1,
2.023E+11,155 677 751,A01,2,33,0,2,7,17,1,
2.023E+11,155 677 748,A01,2,7,4,0,1,1,1,
2.023E+11,155 677 746,B01,2,31,0,2,1,1,1,
2.023E+11,155 677 747,A01,2,7,0,2,2,5,1,
2.023E+11,155 677 741,A01,1,99,0,0,0,1,1,
2.023E+11,155 677 742,B01,2,7,0,9,1,1,1,
2.023E+11,155 677 744,C01,2,7,0,9,3,0,1,
2.023E+11,155 677 745,D01,2,7,0,9,1,1,1,
2.023E+11,155 677 740,A01,1,7,0,2,7,13,1,
2.023E+11,155 677 743,B01,1,7,0,2,8,15,1,
2.023E+11,155 677 738,A01,2,50,0,2,4,2,3,
2.023E+11,155 677 739,B01,2,7,0,2,1,2,1,
2.023E+11,155 677 736,A01,3,7,0,2,3,1,1,
2.023E+11,155 677 737,B01,3,2,0,2,8,13,1,
2.023E+11,155 677 735,A01,1,7,0,1,1,1,1,
2.023E+11,155 677 732,A01,1,7,0,2,1,2,1,
2.023E+11,155 677 734,B01,1,7,0,2,0,2,1,
2.023E+11,155 677 731,A01,1,7,0,2,1,1,1,
2.023E+11,155 677 733,B01,3,7,0,2,8,16,1,
2.023E+11,155 677 730,A01,1,10,0,1,2,1,1,
2.023E+11,155 677 729,A01,2,17,0,0,1,14,1,
2.023E+11,155 677 728,A01,2,33,12,0,2,1,1,
2.023E+11,155 677 725,A01,2,7,0,2,2,16,0,
2.023E+11,155 677 726,B01,3,1,0,0,1,1,5,
2.023E+11,155 677 724,A01,3,30,0,2,2,21,1,
2.023E+11,155 677 727,B01,3,10,0,2,7,15,1,
2.023E+11,155 677 721,A01,3,7,0,2,1,1,2,
2.023E+11,155 677 722,B01,3,1,0,2,8,1,5,
2.023E+11,155 677 718,B01,2,1,0,2,8,16,5,
2.023E+11,155 677 719,A01,2,7,0,0,1,16,1,
2.023E+11,155 677 715,B01,1,7,0,2,3,1,3,
2.023E+11,155 677 716,C01,1,15,0,2,8,1,1,
2.023E+11,155 677 717,A01,2,7,0,2,3,13,1,
2.023E+11,155 677 714,A01,3,7,0,1,-1,0,-1,
2.023E+11,155 677 713,A01,2,14,0,1,1,16,1,
2.023E+11,155 677 711,A01,1,7,0,2,7,15,1,
2.023E+11,155 677 712,B01,2,33,0,2,2,1,1,
2.023E+11,155 677 710,A01,3,7,0,2,1,1,1,
2.023E+11,155 677 706,A01,1,33,1,0,2,3,1,
2.023E+11,155 677 708,B01,1,15,0,2,6,24,1,
2.023E+11,155 677 707,A01,0,10,0,2,7,15,0,
2.023E+11,155 677 709,B01,0,7,0,0,0,0,0,
2.023E+11,155 677 704,A01,0,7,0,1,7,1,1,
2.023E+11,155 677 703,A01,1,7,0,2,2,2,1,
2.023E+11,155 677 705,B01,1,1,0,2,9,1,5,
2.023E+11,155 677 701,A01,2,7,0,1,1,1,1,
2.023E+11,155 677 700,B01,3,50,0,2,0,0,3,
2.023E+11,155 677 702,A01,3,10,0,2,2,16,1,
2.023E+11,155 677 699,A01,1,1,0,0,0,1,5,
2.023E+11,155 677 698,A01,1,7,0,1,1,1,1,
2.023E+11,155 677 697,A01,0,1,0,0,1,1,5,
2.023E+11,155 677 695,A01,3,7,0,1,1,9,1,
2.023E+11,155 677 694,B01,1,7,0,2,2,16,1,
2.023E+11,155 677 696,A01,1,31,0,2,3,1,1,
2.023E+11,155 677 692,A01,0,50,0,0,0,1,3,
2.023E+11,155 677 691,A01,3,32,0,2,1,1,1,
2.023E+11,155 677 693,B01,3,7,0,2,1,15,1,
2.023E+11,155 677 689,A01,1,7,2,0,1,2,1,
2.023E+11,155 677 690,A01,2,30,12,0,2,19,1,
2.023E+11,155 677 688,A01,2,1,0,0,1,1,5,
2.023E+11,155 677 685,A01,0,1,0,0,1,1,5,
2.023E+11,155 677 686,Z01,3,7,0,2,1,15,0,
2.023E+11,155 677 687,A01,1,1,0,2,0,19,5,
2.023E+11,155 677 684,A01,2,1,0,0,1,23,5,
2.023E+11,155 677 681,B01,2,1,0,2,1,1,5,
2.023E+11,155 677 683,A01,1,7,0,2,2,15,1,
2.023E+11,155 677 680,A01,1,33,0,2,8,16,1,
2.023E+11,155 677 682,B01,1,10,0,2,7,1,1,
2.023E+11,155 677 677,B01,0,50,0,2,7,19,3,
2.023E+11,155 677 678,A01,0,7,0,2,2,16,1,
2.023E+11,155 677 674,A01,2,10,0,2,3,1,1,
2.023E+11,155 677 675,B01,2,7,0,2,5,1,1,
2.023E+11,155 677 676,B01,2,33,0,2,1,1,1,
2.023E+11,155 677 679,A01,1,7,0,2,2,15,1,
2.023E+11,155 677 672,A01,1,7,0,2,3,0,1,
2.023E+11,155 677 673,B01,1,7,0,2,1,0,1,
2.023E+11,155 677 670,A01,2,7,0,2,7,26,1,
2.023E+11,155 677 671,B01,2,15,0,2,7,17,1,
2.023E+11,155 677 667,A01,1,13,0,2,3,13,1,
2.023E+11,155 677 668,B01,2,7,0,2,3,1,2,
2.023E+11,155 677 666,A01,1,7,8,0,7,1,1,
2.023E+11,155 677 665,A01,0,37,0,1,3,7,6,1
2.023E+11,155 677 662,A01,2,7,0,1,2,0,1,
2.023E+11,155 677 661,A01,1,7,0,1,1,1,1,
2.023E+11,155 677 660,A01,1,7,0,0,9,1,1,
2.023E+11,155 677 656,A01,3,7,0,2,1,13,1,
2.023E+11,155 677 657,B01,3,7,0,2,8,1,1,
2.023E+11,155 677 654,A01,0,7,12,2,8,9,1,
2.023E+11,155 677 655,Z01,1,7,0,2,1,1,1,
2.023E+11,155 677 649,B01,2,1,0,2,1,15,5,
2.023E+11,155 677 650,A01,2,7,0,2,8,1,1,
2.023E+11,155 677 648,A01,2,7,0,0,2,1,6,
2.023E+11,155 677 647,A01,1,7,0,0,0,1,1,
2.023E+11,155 677 644,A01,2,7,0,2,1,17,0,
2.023E+11,155 677 645,B01,1,7,0,2,1,1,0,
2.023E+11,155 677 646,C01,2,7,0,0,6,23,0,
2.023E+11,155 677 643,A01,3,7,1,1,2,20,6,
2.023E+11,155 677 640,A01,2,7,13,0,9,13,1,
2.023E+11,155 677 639,A01,1,7,0,2,1,13,1,
2.023E+11,155 677 641,B01,2,14,0,2,1,1,1,
2.023E+11,155 677 642,C01,1,7,0,2,1,1,1,
2.023E+11,155 677 635,A01,1,7,0,2,4,2,1,
2.023E+11,155 677 638,B01,1,7,0,2,2,1,0,
2.023E+11,155 677 633,A01,1,7,0,2,1,2,1,
2.023E+11,155 677 634,B01,1,7,0,2,4,23,1,
2.023E+11,155 677 636,C01,1,7,0,2,4,1,1,
2.023E+11,155 677 637,D01,1,17,0,0,4,1,1,
2.023E+11,155 677 632,A01,1,7,13,0,1,14,1,
2.023E+11,155 677 629,A01,1,33,0,2,1,26,1,
2.023E+11,155 677 630,B01,1,7,0,2,3,15,1,
2.023E+11,155 677 627,A01,1,7,0,2,7,13,1,
2.023E+11,155 677 628,B01,2,7,0,2,1,1,1,
2.023E+11,155 677 625,A01,1,7,0,2,1,1,1,
2.023E+11,155 677 626,B01,2,38,0,2,8,15,1,1
2.023E+11,155 677 624,A01,1,2,0,0,0,15,1,
2.023E+11,155 677 622,A01,1,7,0,9,2,17,1,
2.023E+11,155 677 623,B01,1,80,0,2,3,1,3,
2.023E+11,155 677 621,A01,1,7,8,0,8,2,1,
2.023E+11,155 677 620,A01,2,7,3,0,3,0,1,
2.023E+11,155 677 618,B01,2,15,0,0,2,1,1,
2.023E+11,155 677 619,A01,1,7,0,2,2,13,1,
2.023E+11,155 677 617,A01,3,2,0,0,0,1,1,
2.023E+11,155 677 615,A01,2,7,0,1,1,1,1,
2.023E+11,155 677 614,A01,2,7,0,2,3,13,1,
2.023E+11,155 677 616,B01,1,7,0,2,3,1,1,
2.023E+11,155 677 612,B01,2,1,0,0,8,1,5,
2.023E+11,155 677 613,A01,1,7,0,2,1,15,1,
2.023E+11,155 677 610,A01,2,7,0,2,3,0,0,
2.023E+11,155 677 611,B01,1,10,0,2,3,0,1,
2.023E+11,155 677 606,A01,1,7,4,2,3,1,1,
2.023E+11,155 677 607,B01,2,7,6,2,3,1,1,
2.023E+11,155 677 605,C01,2,7,0,2,3,1,1,
2.023E+11,155 677 608,A01,1,7,0,2,5,15,1,
2.023E+11,155 677 609,B01,1,7,12,2,3,21,1,
2.023E+11,155 677 603,A01,2,7,3,0,9,1,1,
2.023E+11,155 677 602,A01,1,3,0,2,1,15,1,
2.023E+11,155 677 604,B01,2,7,0,2,3,1,1,
2.023E+11,155 677 599,A01,1,7,0,0,0,1,1,
2.023E+11,155 677 600,B01,1,33,0,0,0,21,1,
2.023E+11,155 677 601,A01,3,7,0,1,2,1,1,
2.023E+11,155 677 597,A01,1,10,0,0,2,1,1,
2.023E+11,155 677 598,A01,2,7,13,0,9,6,0,
2.023E+11,155 677 596,A01,1,7,13,0,2,14,1,
2.023E+11,155 677 593,A01,0,7,0,2,3,15,1,
2.023E+11,155 677 595,B01,0,2,0,2,1,1,1,
2.023E+11,155 677 590,A01,1,7,2,2,1,13,1,
2.023E+11,155 677 591,B01,2,7,0,2,3,1,1,
2.023E+11,155 677 587,A01,2,7,0,0,2,1,1,
2.023E+11,155 677 588,A01,1,7,0,2,1,2,1,
2.023E+11,155 677 589,B01,1,7,0,0,4,1,3,
2.023E+11,155 677 584,A01,2,7,0,2,1,13,1,
2.023E+11,155 677 586,B01,1,13,0,0,1,1,1,
2.023E+11,155 677 583,B01,2,31,0,2,7,1,0,
2.023E+11,155 677 585,A01,1,7,0,2,2,15,0,
2.023E+11,155 677 581,A01,2,15,0,2,4,26,1,
2.023E+11,155 677 582,B01,2,2,0,2,1,23,1,
2.023E+11,155 677 579,A01,2,7,0,2,2,17,1,
2.023E+11,155 677 580,B01,1,33,0,2,1,1,1,
2.023E+11,155 677 576,B01,1,10,0,2,1,1,0,
2.023E+11,155 677 577,A01,2,10,0,2,2,14,0,
2.023E+11,155 677 575,A01,1,7,0,2,1,1,1,
2.023E+11,155 677 578,B01,0,1,0,2,1,0,5,
2.023E+11,155 677 574,A01,2,17,3,0,0,1,1,
2.023E+11,155 677 572,A01,2,7,0,2,2,1,1,
2.023E+11,155 677 573,B01,1,7,0,2,3,1,1,
2.023E+11,155 677 569,A01,2,7,2,0,7,1,0,
2.023E+11,155 677 570,A01,1,7,13,2,3,1,1,
2.023E+11,155 677 571,B01,1,17,0,2,6,20,1,
2.023E+11,155 677 568,A01,1,10,0,1,1,1,1,
2.023E+11,155 677 567,A01,2,33,0,0,8,0,1,
2.023E+11,155 677 565,A01,2,7,8,2,1,1,1,
2.023E+11,155 677 566,B01,2,7,0,2,3,1,1,
2.023E+11,155 677 563,A01,1,7,3,0,9,0,1,
2.023E+11,155 677 564,A01,1,7,0,0,1,1,1,
2.023E+11,155 677 561,A01,2,7,0,1,3,1,1,
2.023E+11,155 677 557,B01,1,33,0,2,1,1,1,
2.023E+11,155 677 560,A01,2,10,0,2,8,9,1,
2.023E+11,155 677 558,C01,2,7,0,9,3,1,1,
2.023E+11,155 677 559,A01,1,10,8,2,9,16,1,
2.023E+11,155 677 562,B01,1,7,0,2,4,1,1,
2.023E+11,155 677 555,A01,0,10,0,1,4,4,1,
2.023E+11,155 677 554,B01,1,1,0,2,4,1,5,
2.023E+11,155 677 556,A01,1,7,0,2,2,1,1,
2.023E+11,155 677 553,A01,3,7,13,0,2,16,0,
2.023E+11,155 677 548,B01,1,7,0,2,3,1,1,
2.023E+11,155 677 549,A01,2,10,0,2,6,9,1,
2.023E+11,155 677 551,C01,1,7,0,0,3,23,1,
2.023E+11,155 677 552,D01,1,7,0,0,3,23,1,
2.023E+11,155 677 547,A01,1,7,0,2,1,13,1,
2.023E+11,155 677 550,B01,2,15,0,2,1,1,0,
2.023E+11,155 677 546,A01,1,7,13,0,2,1,1,
2.023E+11,155 677 545,A01,1,7,2,0,9,1,1,
2.023E+11,155 677 542,B01,2,7,0,2,1,13,1,
2.023E+11,155 677 544,A01,1,7,0,2,1,13,1,
2.023E+11,155 677 541,A01,3,7,0,2,3,0,1,
2.023E+11,155 677 543,B01,1,7,0,2,2,1,1,
2.023E+11,155 677 540,A01,1,7,0,1,2,1,1,
2.023E+11,155 677 539,A01,1,33,0,0,0,1,0,
2.023E+11,155 677 537,A01,1,7,0,2,1,2,1,
2.023E+11,155 677 538,B01,1,7,0,0,4,1,1,
2.023E+11,155 677 535,A01,1,7,0,2,5,2,1,
2.023E+11,155 677 536,B01,1,7,0,2,1,2,1,
2.023E+11,155 677 533,A01,2,7,0,2,1,12,0,
2.023E+11,155 677 534,B01,2,7,0,2,4,1,0,
2.023E+11,155 677 530,A01,2,7,0,2,1,21,1,
2.023E+11,155 677 532,B01,2,7,0,2,4,2,1,
2.023E+11,155 677 529,A01,1,10,0,2,1,14,1,
2.023E+11,155 677 531,B01,1,15,0,0,5,1,1,
2.023E+11,155 677 528,A01,1,7,13,0,2,14,1,
2.023E+11,155 677 526,A01,1,7,0,2,9,11,1,
2.023E+11,155 677 527,B01,1,7,0,2,2,1,1,
2.023E+11,155 677 525,A01,0,10,0,1,1,0,1,
2.023E+11,155 677 522,A01,1,99,0,2,1,2,1,
2.023E+11,155 677 523,B01,1,99,0,2,1,2,1,
2.023E+11,155 677 524,C01,1,99,0,2,4,2,1,
2.023E+11,155 677 521,A01,2,7,4,0,1,15,0,
2.023E+11,155 677 519,A01,1,10,0,0,6,10,1,
2.023E+11,155 677 520,B01,1,31,0,0,2,17,1,
2.023E+11,155 677 516,B01,1,7,0,2,4,2,1,
2.023E+11,155 677 518,Z01,1,7,0,2,1,0,1,
2.023E+11,155 677 513,B01,1,32,0,2,3,1,1,
2.023E+11,155 677 517,A01,1,7,0,2,1,9,2,
2.023E+11,155 677 512,A01,2,10,0,2,4,1,1,
2.023E+11,155 677 514,B01,2,7,0,2,1,2,1,
2.023E+11,155 677 515,C01,2,31,1,2,1,3,1,
2.023E+11,155 677 507,A01,1,7,0,2,8,12,1,
2.023E+11,155 677 508,B01,1,43,0,2,0,0,1,
2.023E+11,155 677 510,C01,1,7,0,2,6,0,1,
2.023E+11,155 677 504,A01,1,2,0,0,8,26,1,
2.023E+11,155 677 505,A01,2,31,0,2,1,3,1,
2.023E+11,155 677 506,Z01,2,7,0,2,0,11,0,
2.023E+11,155 677 503,A01,2,7,0,1,3,1,1,
2.023E+11,155 677 500,A01,1,7,16,0,0,1,1,
2.023E+11,155 677 501,A01,1,7,0,2,6,1,1,
2.023E+11,155 677 502,B01,1,15,0,2,2,11,1,
2.023E+11,155 677 498,A01,3,7,0,1,1,9,0,
2.023E+11,155 677 496,A01,1,7,0,2,1,2,1,
2.023E+11,155 677 497,B01,1,10,0,2,4,23,1,
2.023E+11,155 677 499,C01,1,10,0,2,4,23,1,
2.023E+11,155 677 494,A01,1,33,0,0,7,21,1,
2.023E+11,155 677 493,A01,3,7,0,2,2,1,1,
2.023E+11,155 677 495,B01,3,50,0,0,8,19,3,
2.023E+11,155 677 489,B01,3,7,0,0,2,15,0,
2.023E+11,155 677 491,A01,3,1,0,0,8,1,5,
2.023E+11,155 677 488,A01,1,10,0,9,1,2,1,
2.023E+11,155 677 490,B01,1,7,0,2,1,2,1,
2.023E+11,155 677 492,C01,1,10,0,2,4,2,1,
2.023E+11,155 677 487,A01,1,31,14,0,1,1,1,
2.023E+11,155 677 485,A01,2,33,0,2,1,2,1,
2.023E+11,155 677 486,B01,2,7,0,2,4,2,1,
2.023E+11,155 677 483,A01,2,7,0,2,8,1,1,
2.023E+11,155 677 484,B01,2,14,0,2,2,12,1,
2.023E+11,155 677 482,A01,2,7,0,0,3,4,1,
2.023E+11,155 677 481,A01,1,7,4,0,1,1,1,
2.023E+11,155 677 478,A01,2,7,4,2,3,2,1,
2.023E+11,155 677 479,A01,0,7,0,0,3,26,1,
2.023E+11,155 677 480,B01,0,33,0,2,1,17,1,
2.023E+11,155 677 475,A01,1,7,4,0,1,15,1,
2.023E+11,155 677 476,A01,2,7,0,2,3,1,1,
2.023E+11,155 677 477,B01,1,2,0,2,1,15,1,
2.023E+11,155 677 473,A01,1,7,4,0,1,21,1,
2.023E+11,155 677 472,B01,2,1,0,2,1,1,5,
2.023E+11,155 677 474,A01,1,10,0,9,3,15,3,
2.023E+11,155 677 471,A01,2,7,4,0,1,14,1,
2.023E+11,155 677 467,A01,2,7,0,2,1,14,1,
2.023E+11,155 677 469,B01,2,7,0,2,4,14,1,
2.023E+11,155 677 466,A01,2,7,0,1,1,1,-1,
2.023E+11,155 677 468,B01,2,7,0,2,1,1,1,
2.023E+11,155 677 470,A01,2,7,7,2,2,1,1,
2.023E+11,155 677 464,B01,1,1,0,0,7,19,5,
2.023E+11,155 677 465,A01,2,7,0,2,1,1,1,
2.023E+11,155 677 460,A01,1,7,0,2,2,5,2,
2.023E+11,155 677 461,B01,2,1,0,2,1,1,5,
2.023E+11,155 677 459,C01,1,7,8,2,6,17,1,
2.023E+11,155 677 462,A01,1,7,0,2,6,2,1,
2.023E+11,155 677 463,B01,1,7,0,2,2,17,1,
2.023E+11,155 677 458,A01,1,10,0,1,1,1,1,
2.023E+11,155 677 455,B01,2,10,0,2,4,2,1,
2.023E+11,155 677 456,A01,2,99,0,2,4,2,1,
2.023E+11,155 677 457,C01,2,7,0,2,1,1,1,
2.023E+11,155 677 452,A01,1,7,4,0,2,1,1,
2.023E+11,155 677 453,A01,2,33,0,2,1,13,0,
2.023E+11,155 677 454,B01,1,7,0,9,2,1,0,
2.023E+11,155 677 451,A01,1,33,14,0,1,1,1,
2.023E+11,155 677 450,A01,2,2,0,1,0,17,1,
2.023E+11,155 677 447,A01,1,7,0,2,6,23,0,
2.023E+11,155 677 449,B01,1,7,1,2,2,2,0,
2.023E+11,155 677 446,A01,1,7,0,2,1,1,1,
2.023E+11,155 677 448,B01,2,33,2,2,1,17,1,
2.023E+11,155 677 445,A01,1,33,0,0,7,1,1,
2.023E+11,155 677 444,A01,1,7,8,0,1,5,1,
2.023E+11,155 677 443,A01,1,7,0,0,9,11,1,
2.023E+11,155 677 441,A01,2,33,0,2,3,3,1,
2.023E+11,155 677 442,B01,2,7,0,2,5,2,1,
2.023E+11,155 677 439,A01,1,7,0,2,1,13,1,
2.023E+11,155 677 440,B01,2,7,0,2,1,21,1,
2.023E+11,155 677 436,A01,1,7,0,2,1,13,1,
2.023E+11,155 677 437,B01,2,33,0,2,1,1,1,
2.023E+11,155 677 435,A01,1,13,0,2,1,2,1,
2.023E+11,155 677 438,B01,1,7,0,2,4,2,1,
2.023E+11,155 677 434,A01,1,7,0,1,4,4,1,
2.023E+11,155 677 433,Z01,3,7,0,1,0,0,0,
2.023E+11,155 677 429,A01,3,1,14,0,1,19,5,
2.023E+11,155 677 428,A01,1,33,0,2,3,3,1,
2.023E+11,155 677 431,B01,1,7,0,2,6,2,1,
2.023E+11,155 677 432,C01,1,7,0,2,6,2,1,
2.023E+11,155 677 425,B01,2,7,0,2,3,1,1,
2.023E+11,155 677 427,A01,2,2,0,2,2,19,1,
2.023E+11,155 677 424,B01,2,7,0,2,1,1,1,
2.023E+11,155 677 426,A01,1,7,0,2,1,15,1,
2.023E+11,155 677 422,A01,1,7,0,2,3,26,1,
2.023E+11,155 677 423,B01,2,50,0,2,1,1,3,
2.023E+11,155 677 419,A01,1,7,0,9,1,1,1,
2.023E+11,155 677 420,B01,1,1,0,2,1,5,5,
2.023E+11,155 677 421,Z01,3,50,0,1,1,1,3,
2.023E+11,155 677 418,A01,1,7,15,0,1,1,1,
2.023E+11,155 677 416,A01,2,31,0,2,1,1,1,
2.023E+11,155 677 417,B01,1,7,0,2,7,15,1,
2.023E+11,155 677 413,A01,3,13,0,2,2,15,1,
2.023E+11,155 677 415,B01,2,7,0,2,1,2,1,
2.023E+11,155 677 412,A01,1,7,0,2,1,12,1,
2.023E+11,155 677 414,B01,1,10,0,2,4,1,1,
2.023E+11,155 677 409,A01,3,7,0,2,2,26,1,
2.023E+11,155 677 411,B01,3,7,0,2,1,9,1,
2.023E+11,155 677 406,A01,3,7,0,2,8,16,1,
2.023E+11,155 677 407,B01,1,7,0,2,8,23,3,
2.023E+11,155 677 405,A01,2,7,0,2,2,1,1,
2.023E+11,155 677 408,B01,2,7,0,2,1,1,1,
2.023E+11,155 677 410,C01,2,7,0,2,4,15,1,
2.023E+11,155 677 403,A01,3,7,0,2,4,1,0,
2.023E+11,155 677 404,B01,3,10,14,0,1,1,0,
2.023E+11,155 677 399,B01,1,10,0,2,3,19,1,
2.023E+11,155 677 401,A01,1,7,0,2,2,1,1,
2.023E+11,155 677 400,B01,1,7,9,2,8,1,1,
2.023E+11,155 677 402,A01,1,7,0,2,1,19,1,
2.023E+11,155 677 396,A01,1,33,0,2,2,17,1,
2.023E+11,155 677 397,B01,1,7,0,2,8,15,1,
2.023E+11,155 677 394,A01,1,33,0,0,9,2,1,
2.023E+11,155 677 393,B01,1,37,0,2,2,7,1,3
2.023E+11,155 677 395,A01,2,7,0,2,3,1,1,
2.023E+11,155 677 391,B01,1,7,0,2,1,15,1,
2.023E+11,155 677 392,A01,2,31,0,2,8,1,1,
2.023E+11,155 677 389,B01,3,7,0,2,1,1,1,
2.023E+11,155 677 390,A01,3,60,0,2,7,19,5,
2.023E+11,155 677 387,A01,3,7,8,0,1,2,1,
2.023E+11,155 677 379,A01,2,7,0,2,3,13,1,
2.023E+11,155 677 380,B01,2,7,0,2,8,0,1,
2.023E+11,155 677 381,C01,2,7,8,2,8,1,1,
2.023E+11,155 677 382,D01,2,10,0,2,3,1,1,
2.023E+11,155 677 383,E01,2,7,0,2,6,1,1,
2.023E+11,155 677 375,A01,2,7,0,2,3,15,1,
2.023E+11,155 677 377,B01,1,34,0,2,1,1,1,
2.023E+11,155 677 378,C01,1,7,0,2,3,9,1,
2.023E+11,155 677 372,B01,2,32,0,2,4,1,1,
2.023E+11,155 677 373,C01,-1,7,0,2,1,1,-1,
2.023E+11,155 677 369,B01,1,33,0,2,7,1,0,
2.023E+11,155 677 370,A01,2,7,0,2,1,1,1,
2.023E+11,155 677 367,B01,0,1,0,2,4,1,5,
2.023E+11,155 677 368,A01,0,7,0,2,1,2,1,
2.023E+11,155 677 366,B01,1,7,0,2,5,16,1,
2.023E+11,155 677 371,A01,1,7,0,2,1,19,1,
2.023E+11,155 677 365,A01,1,7,0,1,4,20,2,
2.023E+11,155 677 363,A01,1,7,0,2,1,1,1,
2.023E+11,155 677 364,B01,1,7,0,2,2,11,1,
2.023E+11,155 677 360,A01,1,33,0,0,9,1,1,
2.023E+11,155 677 358,A01,3,7,0,1,1,15,1,
2.023E+11,155 677 357,A01,2,37,0,2,1,1,1,3
2.023E+11,155 677 359,B01,2,7,0,2,4,23,1,
2.023E+11,155 677 356,A01,3,7,11,0,1,1,1,
2.023E+11,155 677 355,A01,1,33,0,0,8,1,1,
2.023E+11,155 677 353,A01,1,7,2,2,1,21,1,
2.023E+11,155 677 354,B01,1,7,0,2,4,12,1,
2.023E+11,155 677 348,B01,1,7,0,2,8,1,0,
2.023E+11,155 677 350,C01,1,7,14,0,1,2,0,
2.023E+11,155 677 352,A01,1,7,0,2,8,17,0,
2.023E+11,155 677 349,A01,2,33,0,2,2,1,1,
2.023E+11,155 677 351,B01,2,1,0,2,6,9,5,
2.023E+11,155 677 346,A01,1,3,1,0,1,14,1,
2.023E+11,155 677 347,B01,1,7,0,2,4,24,1,
2.023E+11,155 677 344,A01,3,7,1,0,3,13,1,
2.023E+11,155 677 340,A01,0,34,0,2,0,0,0,
2.023E+11,155 677 342,B01,0,7,0,2,8,0,0,
2.023E+11,155 677 336,A01,1,7,0,2,1,2,1,
2.023E+11,155 677 338,B01,1,7,0,2,4,2,1,
2.023E+11,155 677 337,B01,3,80,0,2,8,19,3,
2.023E+11,155 677 339,A01,3,14,0,2,1,16,1,
2.023E+11,155 677 333,A01,3,7,0,2,1,2,1,
2.023E+11,155 677 335,B01,3,13,0,2,4,2,1,
2.023E+11,155 677 332,B01,2,7,0,0,5,0,1,
2.023E+11,155 677 334,A01,2,7,4,0,7,1,1,
2.023E+11,155 677 329,A01,2,7,0,2,2,13,1,
2.023E+11,155 677 331,B01,1,10,0,2,3,1,1,
2.023E+11,155 677 328,A01,2,33,0,2,1,26,1,
2.023E+11,155 677 330,B01,1,7,1,0,3,23,1,
2.023E+11,155 677 327,A01,2,30,0,0,0,1,1,
2.023E+11,155 677 324,B01,3,7,0,2,5,1,3,
2.023E+11,155 677 326,A01,2,50,0,2,1,19,3,
2.023E+11,155 677 323,B01,1,33,0,2,1,1,1,
2.023E+11,155 677 325,A01,2,7,0,2,5,15,1,
2.023E+11,155 677 321,B01,1,7,1,0,6,20,1,
2.023E+11,155 677 322,A01,2,3,1,0,2,1,1,
2.023E+11,155 677 320,A01,1,7,0,1,1,16,1,
2.023E+11,155 677 318,B01,3,1,0,2,1,1,5,
2.023E+11,155 677 319,A01,3,7,0,9,2,15,1,
2.023E+11,155 677 316,A01,2,7,0,2,3,15,1,
2.023E+11,155 677 317,B01,1,2,0,2,0,0,1,
2.023E+11,155 677 313,C01,2,7,0,2,4,1,1,
2.023E+11,155 677 314,A01,2,7,0,2,8,11,1,
2.023E+11,155 677 315,B01,2,43,0,2,7,3,1,
2.023E+11,155 677 310,A01,2,10,0,2,4,1,1,
2.023E+11,155 677 312,B01,2,7,0,2,1,2,1,
2.023E+11,155 677 309,A01,1,10,0,2,1,2,1,
2.023E+11,155 677 311,B01,1,38,0,2,4,2,1,1
2.023E+11,155 677 305,A01,2,1,0,2,2,14,5,
2.023E+11,155 677 307,B01,2,1,0,2,3,12,5,
2.023E+11,155 677 306,A01,0,7,0,2,1,15,1,
2.023E+11,155 677 308,B01,0,7,0,2,3,1,1,
2.023E+11,155 677 304,A01,2,50,0,1,2,5,3,
2.023E+11,155 677 302,Z01,3,7,0,1,4,4,-1,
2.023E+11,155 677 301,B01,2,33,0,2,1,1,1,
2.023E+11,155 677 303,A01,1,7,0,2,5,15,1,
2.023E+11,155 677 299,A01,1,80,0,2,1,1,3,
2.023E+11,155 677 300,B01,2,7,0,2,5,15,1,
2.023E+11,155 677 296,A01,1,7,0,2,1,1,1,
2.023E+11,155 677 297,B01,1,80,0,2,4,1,3,
2.023E+11,155 677 295,B01,3,7,0,2,2,1,1,
2.023E+11,155 677 298,A01,0,10,0,2,3,15,1,
2.023E+11,155 677 294,A01,1,50,0,0,0,1,3,
2.023E+11,155 677 292,A01,1,10,0,2,7,14,1,
2.023E+11,155 677 293,B01,1,32,0,2,3,2,1,
2.023E+11,155 677 289,Z01,3,0,0,2,1,2,1,