Num_Acc,id_vehicule,num_veh,senc,catv,obs,obsm,choc,manv,motor,occutc
2.023E+11,155 676 834,A01,1,7,2,0,1,1,2,
2.023E+11,155 676 832,A01,1,7,0,2,8,13,1,
2.023E+11,155 676 833,B01,2,21,0,2,3,1,1,
2.023E+11,155 676 830,A01,1,33,0,2,1,1,1,
2.023E+11,155 676 831,B01,2,7,0,2,1,15,1,
2.023E+11,155 676 829,A01,2,7,0,0,3,1,1,
2.023E+11,155 676 827,B01,1,10,0,2,8,1,1,
2.023E+11,155 676 828,A01,2,30,0,2,8,15,1,
2.023E+11,155 676 825,A01,1,7,0,2,2,13,1,
2.023E+11,155 676 826,B01,2,15,0,2,2,1,1,
2.023E+11,155 676 821,B01,1,1,0,2,4,1,5,
2.023E+11,155 676 822,A01,1,7,0,2,2,9,1,
2.023E+11,155 676 820,A01,1,7,8,0,2,14,1,
2.023E+11,155 676 819,A01,1,36,5,0,1,0,1,
2.023E+11,155 676 818,A01,1,7,15,0,1,13,1,
2.023E+11,155 676 817,A01,1,2,13,0,1,1,1,
2.023E+11,155 676 816,A01,2,31,8,0,1,1,1,
2.023E+11,155 676 815,A01,2,7,15,0,9,1,1,
2.023E+11,155 676 814,A01,1,33,0,0,8,1,1,
2.023E+11,155 676 812,A01,1,7,0,2,3,13,1,
2.023E+11,155 676 813,B01,2,7,0,2,3,1,3,
2.023E+11,155 676 811,A01,2,31,16,0,0,1,1,
2.023E+11,155 676 809,B01,1,1,0,0,2,26,5,
2.023E+11,155 676 810,A01,1,7,0,0,3,9,1,
2.023E+11,155 676 807,A01,1,2,0,2,4,2,1,
2.023E+11,155 676 808,B01,1,2,0,2,1,2,1,
2.023E+11,155 676 806,A01,2,7,13,0,2,1,1,
2.023E+11,155 676 805,A01,3,33,0,0,7,1,1,
2.023E+11,155 676 802,C01,3,7,0,2,7,23,0,
2.023E+11,155 676 803,B01,1,99,14,2,3,0,0,
2.023E+11,155 676 804,A01,1,33,1,0,3,11,1,
2.023E+11,155 676 800,B01,3,7,0,2,1,1,1,
2.023E+11,155 676 801,A01,3,7,0,2,2,15,1,
2.023E+11,155 676 798,Z01,2,7,0,0,0,11,0,
2.023E+11,155 676 799,A01,2,33,0,2,1,3,1,
2.023E+11,155 676 796,B01,2,1,0,2,1,1,5,
2.023E+11,155 676 797,A01,2,7,0,2,5,16,3,
2.023E+11,155 676 793,B01,2,2,0,2,2,1,1,
2.023E+11,155 676 795,A01,2,7,0,2,3,2,2,
2.023E+11,155 676 792,A01,1,7,0,2,3,15,1,
2.023E+11,155 676 794,B01,1,50,0,2,1,1,3,
2.023E+11,155 676 790,A01,1,50,0,1,2,1,3,
2.023E+11,155 676 789,A01,2,10,0,2,1,20,1,
2.023E+11,155 676 791,B01,1,2,0,2,7,1,1,
2.023E+11,155 676 787,B01,2,34,0,2,1,9,0,
2.023E+11,155 676 788,A01,2,34,0,2,3,1,1,
2.023E+11,155 676 786,A01,1,7,0,1,3,1,1,
2.023E+11,155 676 784,A01,1,30,0,2,2,1,1,
2.023E+11,155 676 785,B01,1,7,0,2,3,1,1,
2.023E+11,155 676 782,A01,1,7,0,9,3,9,1,
2.023E+11,155 676 783,B01,2,50,0,2,1,1,3,
2.023E+11,155 676 780,A01,2,7,0,2,2,1,2,
2.023E+11,155 676 781,B01,3,80,0,2,1,1,3,
2.023E+11,155 676 778,A01,2,31,0,2,1,1,1,
2.023E+11,155 676 779,B01,1,7,0,2,1,15,1,
2.023E+11,155 676 774,A01,2,7,0,6,1,21,1,
2.023E+11,155 676 775,B01,1,7,0,0,4,23,1,
2.023E+11,155 676 776,Z01,1,7,0,2,1,2,1,
2.023E+11,155 676 777,A01,1,7,0,2,4,23,2,
2.023E+11,155 676 773,A01,3,7,8,0,3,1,1,
2.023E+11,155 676 771,Z01,0,32,0,2,6,13,0,
2.023E+11,155 676 772,A01,0,80,0,2,2,1,3,
2.023E+11,155 676 769,A01,1,10,0,2,1,5,1,
2.023E+11,155 676 770,B01,2,10,0,2,1,1,1,
2.023E+11,155 676 767,B01,1,80,0,2,1,1,3,
2.023E+11,155 676 768,A01,2,80,0,2,1,13,3,
2.023E+11,155 676 764,A01,3,7,0,2,6,9,1,
2.023E+11,155 676 766,B01,2,7,0,2,1,2,1,
2.023E+11,155 676 763,Z01,1,50,0,2,1,2,3,
2.023E+11,155 676 765,A01,1,50,0,2,4,2,3,
2.023E+11,155 676 762,A01,1,7,7,0,1,14,1,
2.023E+11,155 676 761,A01,2,1,0,0,1,1,5,
2.023E+11,155 676 758,A01,3,30,0,2,1,26,1,
2.023E+11,155 676 759,B01,3,7,0,2,8,9,1,
2.023E+11,155 676 757,A01,1,14,0,2,2,1,1,
2.023E+11,155 676 760,B01,1,7,0,2,8,9,1,
2.023E+11,155 676 756,A01,3,10,0,1,1,16,1,
2.023E+11,155 676 755,A01,2,7,13,0,8,13,0,
2.023E+11,155 676 753,B01,0,7,0,2,1,1,1,
2.023E+11,155 676 754,A01,0,33,0,2,0,0,1,
2.023E+11,155 676 750,A01,2,10,0,2,3,5,1,
2.023E+11,155 676 752,B01,1,7,0,2,1,1,1,
2.023E+11,155 676 749,B01,3,7,0,2,7,1,1,
2.023E+11,155 676 751,A01,3,7,0,2,0,0,0,
2.023E+11,155 676 747,A01,1,30,0,0,1,1,1,
2.023E+11,155 676 748,A01,1,33,14,0,1,2,1,
2.023E+11,155 676 746,A01,3,7,0,1,1,2,1,
2.023E+11,155 676 745,A01,1,21,0,1,0,1,1,
2.023E+11,155 676 744,A01,1,99,12,0,3,1,1,
2.023E+11,155 676 740,A01,1,7,0,2,4,2,1,
2.023E+11,155 676 742,B01,1,37,0,2,1,2,1,1
2.023E+11,155 676 741,A01,1,7,0,0,3,15,1,
2.023E+11,155 676 743,B01,2,2,0,0,1,1,1,
2.023E+11,155 676 737,B01,3,34,0,2,5,1,1,
2.023E+11,155 676 739,A01,3,37,0,2,3,26,2,1
2.023E+11,155 676 736,A01,1,10,0,2,2,1,2,
2.023E+11,155 676 738,B01,1,2,0,0,4,1,1,
2.023E+11,155 676 734,A01,3,7,13,0,1,1,1,
2.023E+11,155 676 735,A01,1,7,0,1,1,1,1,
2.023E+11,155 676 730,B01,1,10,0,2,3,1,1,
2.023E+11,155 676 733,A01,2,50,0,2,8,19,3,
2.023E+11,155 676 731,A01,1,7,0,2,5,19,1,
2.023E+11,155 676 732,B01,1,7,0,2,1,1,1,
2.023E+11,155 676 729,A01,1,7,1,1,1,1,1,
2.023E+11,155 676 727,B01,2,2,0,2,1,1,1,
2.023E+11,155 676 728,A01,1,7,0,2,2,15,1,
2.023E+11,155 676 725,A01,3,7,1,0,3,9,1,
2.023E+11,155 676 726,B01,2,10,1,2,2,1,1,
2.023E+11,155 676 724,A01,1,7,13,0,3,1,1,
2.023E+11,155 676 721,B01,1,7,0,2,3,16,2,
2.023E+11,155 676 723,A01,1,10,0,2,1,2,1,
2.023E+11,155 676 720,A01,1,10,0,2,1,16,1,
2.023E+11,155 676 722,B01,3,1,0,2,7,19,5,
2.023E+11,155 676 718,A01,1,7,0,1,2,1,1,
2.023E+11,155 676 716,A01,1,7,0,0,3,19,1,
2.023E+11,155 676 717,B01,2,31,0,2,0,1,1,
2.023E+11,155 676 719,C01,2,34,0,2,3,1,1,
2.023E+11,155 676 714,B01,2,33,0,2,6,1,1,
2.023E+11,155 676 715,A01,2,7,0,2,1,15,1,
2.023E+11,155 676 711,A01,1,7,0,0,0,9,1,
2.023E+11,155 676 713,B01,1,30,0,0,8,26,1,
2.023E+11,155 676 710,A01,1,7,0,2,1,5,1,
2.023E+11,155 676 712,B01,1,7,0,2,1,1,1,
2.023E+11,155 676 709,A01,1,33,0,0,0,2,1,
2.023E+11,155 676 707,A01,1,32,0,2,1,1,1,
2.023E+11,155 676 708,B01,1,10,0,2,3,15,1,
2.023E+11,155 676 704,A01,2,7,0,2,3,5,0,
2.023E+11,155 676 706,B01,1,7,0,2,3,5,0,
2.023E+11,155 676 703,B01,0,33,0,2,1,2,1,
2.023E+11,155 676 705,A01,0,7,0,2,3,15,1,
2.023E+11,155 676 701,A01,2,30,12,0,8,26,1,
2.023E+11,155 676 699,C01,0,7,0,2,2,1,1,
2.023E+11,155 676 700,A01,2,10,0,2,2,15,1,
2.023E+11,155 676 702,B01,1,7,0,2,3,1,1,
2.023E+11,155 676 697,A01,1,10,0,2,7,1,1,
2.023E+11,155 676 698,B01,1,2,0,2,7,0,1,
2.023E+11,155 676 694,A01,1,10,1,0,1,26,1,
2.023E+11,155 676 695,B01,1,15,0,0,4,24,1,
2.023E+11,155 676 696,C01,1,7,1,0,4,24,1,
2.023E+11,155 676 693,A01,1,10,0,1,3,15,1,
2.023E+11,155 676 689,A01,3,7,0,2,3,9,1,
2.023E+11,155 676 691,B01,1,7,0,2,2,1,1,
2.023E+11,155 676 688,A01,1,7,0,2,1,17,1,
2.023E+11,155 676 690,B01,2,7,0,2,1,1,1,
2.023E+11,155 676 692,C01,1,13,0,2,8,1,1,
2.023E+11,155 676 686,A01,2,7,0,2,2,1,0,
2.023E+11,155 676 687,B01,1,50,0,2,1,25,3,
2.023E+11,155 676 685,A01,1,31,2,0,1,13,1,
2.023E+11,155 676 683,A01,3,7,13,0,9,1,1,
2.023E+11,155 676 682,A01,3,50,0,2,1,1,3,
2.023E+11,155 676 684,B01,1,34,0,2,1,1,0,
2.023E+11,155 676 681,A01,1,3,2,0,2,1,1,
2.023E+11,155 676 680,A01,1,30,9,0,0,1,1,
2.023E+11,155 676 679,A01,2,7,3,0,1,14,1,
2.023E+11,155 676 676,B01,0,7,0,2,3,1,0,
2.023E+11,155 676 678,A01,0,7,0,2,2,1,0,
2.023E+11,155 676 675,A01,2,7,3,0,6,1,1,
2.023E+11,155 676 677,B01,2,7,0,2,2,17,1,
2.023E+11,155 676 673,A01,2,33,0,2,1,9,1,
2.023E+11,155 676 674,B01,2,7,0,0,4,2,1,
2.023E+11,155 676 672,A01,2,17,6,0,3,1,1,
2.023E+11,155 676 670,A01,1,33,0,1,1,17,1,
2.023E+11,155 676 669,A01,1,17,0,0,4,1,1,
2.023E+11,155 676 671,B01,1,7,0,2,1,2,1,
2.023E+11,155 676 668,A01,1,33,16,0,9,2,1,
2.023E+11,155 676 667,A01,1,7,6,0,2,1,1,
2.023E+11,155 676 666,A01,1,33,7,0,1,1,1,
2.023E+11,155 676 665,A01,1,7,4,0,8,1,1,
2.023E+11,155 676 663,A01,2,7,0,2,1,13,1,
2.023E+11,155 676 664,B01,1,7,0,2,1,15,1,
2.023E+11,155 676 661,A01,1,33,0,2,1,0,1,
2.023E+11,155 676 662,B01,1,7,0,9,6,1,1,
2.023E+11,155 676 660,A01,3,7,0,1,8,15,1,
2.023E+11,155 676 658,A01,1,7,3,0,3,13,1,
2.023E+11,155 676 659,B01,1,7,3,9,1,1,1,
2.023E+11,155 676 657,A01,0,7,0,1,2,1,0,
2.023E+11,155 676 654,B01,1,7,0,2,3,16,1,
2.023E+11,155 676 655,A01,1,31,0,2,2,1,1,
2.023E+11,155 676 653,A01,2,7,7,2,1,1,1,
2.023E+11,155 676 649,B01,2,7,0,2,3,1,3,
2.023E+11,155 676 652,A01,2,7,0,2,1,9,1,
2.023E+11,155 676 645,A01,2,7,0,1,3,1,0,
2.023E+11,155 676 644,B01,1,33,0,2,0,1,1,
2.023E+11,155 676 646,A01,2,7,13,2,0,13,1,
2.023E+11,155 676 647,C01,1,33,0,2,0,1,1,
2.023E+11,155 676 648,D01,1,33,0,2,0,1,1,
2.023E+11,155 676 650,E01,1,33,0,2,0,1,1,
2.023E+11,155 676 640,A01,2,7,0,0,5,26,1,
2.023E+11,155 676 641,B01,1,7,0,2,2,26,1,
2.023E+11,155 676 639,A01,1,2,0,1,1,18,1,
2.023E+11,155 676 638,A01,0,7,0,1,1,1,1,
2.023E+11,155 676 635,A01,2,7,0,2,1,21,1,
2.023E+11,155 676 637,B01,1,7,0,2,1,1,1,
2.023E+11,155 676 636,A01,2,36,6,0,1,19,1,
2.023E+11,155 676 634,A01,0,2,0,0,0,1,1,
2.023E+11,155 676 633,A01,1,7,2,0,9,1,0,
2.023E+11,155 676 630,A01,2,7,9,2,1,2,1,
2.023E+11,155 676 632,B01,2,7,0,2,5,9,1,
2.023E+11,155 676 629,A01,3,2,0,2,1,5,1,
2.023E+11,155 676 631,B01,3,21,0,2,2,1,1,
2.023E+11,155 676 628,A01,1,17,3,0,3,14,1,
2.023E+11,155 676 627,A01,0,39,0,1,3,1,3,
2.023E+11,155 676 625,A01,2,34,14,0,1,1,1,
2.023E+11,155 676 624,A01,2,7,0,2,3,1,1,
2.023E+11,155 676 626,B01,2,7,0,2,4,23,1,
2.023E+11,155 676 620,B01,3,1,0,2,1,1,5,
2.023E+11,155 676 622,A01,3,10,0,2,2,15,1,
2.023E+11,155 676 619,A01,2,10,0,2,2,1,1,
2.023E+11,155 676 621,C01,2,7,0,2,4,1,1,
2.023E+11,155 676 623,B01,2,7,0,2,6,1,1,
2.023E+11,155 676 615,A01,2,7,0,2,1,1,1,
2.023E+11,155 676 616,B01,2,7,0,2,4,1,1,
2.023E+11,155 676 618,C01,2,7,0,2,4,1,1,
2.023E+11,155 676 614,A01,2,10,0,2,3,15,1,
2.023E+11,155 676 617,B01,2,7,0,2,3,1,0,
2.023E+11,155 676 612,A01,2,33,0,0,2,1,1,
2.023E+11,155 676 610,A01,2,7,0,2,4,1,1,
2.023E+11,155 676 611,B01,1,7,0,2,7,1,1,
2.023E+11,155 676 613,C01,1,7,0,2,1,14,1,
2.023E+11,155 676 609,A01,2,7,4,0,1,19,1,
2.023E+11,155 676 604,A01,2,7,0,2,4,2,1,
2.023E+11,155 676 606,B01,2,7,0,2,4,2,1,
2.023E+11,155 676 607,D01,2,14,0,2,1,2,1,
2.023E+11,155 676 608,C01,2,7,0,2,4,2,1,
2.023E+11,155 676 603,A01,1,7,0,2,1,2,1,
2.023E+11,155 676 605,B01,1,2,0,2,3,9,1,
2.023E+11,155 676 601,A01,2,7,0,2,3,2,1,
2.023E+11,155 676 602,B01,2,17,0,2,4,2,1,
2.023E+11,155 676 599,A01,1,7,0,2,1,1,1,
2.023E+11,155 676 600,B01,2,7,0,2,7,15,1,
2.023E+11,155 676 597,A01,1,7,11,2,0,12,1,
2.023E+11,155 676 598,B01,1,7,0,2,1,1,1,
2.023E+11,155 676 596,A01,1,7,13,0,1,1,1,
2.023E+11,155 676 592,A01,1,14,0,2,6,11,1,
2.023E+11,155 676 594,B01,1,33,0,2,2,3,1,
2.023E+11,155 676 595,C01,1,7,0,2,2,1,1,
2.023E+11,155 676 591,A01,1,33,0,2,2,1,1,
2.023E+11,155 676 593,B01,2,10,0,2,2,1,1,
2.023E+11,155 676 590,A01,1,7,4,2,3,2,2,
2.023E+11,155 676 587,B01,2,2,0,2,4,2,1,
2.023E+11,155 676 589,A01,2,7,0,2,4,2,0,
2.023E+11,155 676 586,A01,1,14,0,2,2,14,1,
2.023E+11,155 676 588,B01,1,7,0,2,3,2,1,
2.023E+11,155 676 583,B01,2,13,0,2,6,1,1,
2.023E+11,155 676 584,A01,2,32,0,2,1,3,1,
2.023E+11,155 676 582,A01,1,1,0,2,1,1,5,
2.023E+11,155 676 585,B01,2,21,0,2,2,1,1,
2.023E+11,155 676 580,A01,2,33,2,0,1,0,1,
2.023E+11,155 676 579,B01,1,7,0,2,2,1,1,
2.023E+11,155 676 581,A01,2,14,0,2,3,11,1,
2.023E+11,155 676 577,A01,2,7,4,0,1,1,1,
2.023E+11,155 676 576,B01,2,7,0,2,8,1,1,
2.023E+11,155 676 578,A01,2,2,0,2,1,9,1,
2.023E+11,155 676 574,A01,1,32,0,2,7,1,1,
2.023E+11,155 676 575,B01,1,7,0,2,3,11,1,
2.023E+11,155 676 573,A01,2,2,12,0,7,1,1,
2.023E+11,155 676 571,A01,1,7,0,2,1,9,2,
2.023E+11,155 676 572,B01,1,7,0,2,4,1,1,
2.023E+11,155 676 569,A01,2,7,0,2,1,1,1,
2.023E+11,155 676 570,B01,1,7,0,2,1,13,1,
2.023E+11,155 676 567,A01,2,10,0,2,1,1,1,
2.023E+11,155 676 568,B01,2,33,0,2,4,2,1,
2.023E+11,155 676 566,A01,1,33,0,0,8,1,1,
2.023E+11,155 676 565,A01,1,7,4,0,7,12,1,
2.023E+11,155 676 563,A01,2,33,0,2,3,1,1,
2.023E+11,155 676 564,B01,1,33,0,2,1,1,1,
2.023E+11,155 676 562,A01,2,7,0,1,4,26,1,
2.023E+11,155 676 561,A01,1,7,6,0,2,1,0,
2.023E+11,155 676 559,B01,2,7,0,2,4,15,1,
2.023E+11,155 676 560,A01,2,10,0,2,1,2,1,
2.023E+11,155 676 558,A01,3,33,16,0,0,1,1,
2.023E+11,155 676 556,B01,3,7,0,2,4,2,1,
2.023E+11,155 676 557,A01,3,32,0,2,1,2,1,
2.023E+11,155 676 554,A01,1,21,0,2,3,15,1,
2.023E+11,155 676 555,B01,2,33,0,2,2,17,1,
2.023E+11,155 676 553,A01,1,7,10,0,1,14,1,
2.023E+11,155 676 550,A01,1,7,0,2,1,17,1,
2.023E+11,155 676 551,B01,2,7,0,2,3,1,1,
2.023E+11,155 676 546,B01,1,15,0,2,4,2,1,
2.023E+11,155 676 547,A01,1,10,0,2,1,2,1,
2.023E+11,155 676 548,A01,1,30,0,2,3,1,0,
2.023E+11,155 676 552,B01,1,7,0,2,0,11,0,
2.023E+11,155 676 545,A01,1,7,0,1,2,1,1,
2.023E+11,155 676 541,A01,1,7,0,2,2,17,1,
2.023E+11,155 676 543,B01,1,7,0,2,8,15,1,
2.023E+11,155 676 542,B01,1,32,0,2,8,15,1,
2.023E+11,155 676 544,A01,2,37,0,2,1,1,6,4
2.023E+11,155 676 540,A01,2,7,8,0,8,19,1,
2.023E+11,155 676 538,A01,3,33,0,2,1,0,1,
2.023E+11,155 676 539,B01,0,0,0,2,0,0,0,
2.023E+11,155 676 534,B01,1,7,0,2,8,1,1,
2.023E+11,155 676 536,Z01,1,7,0,2,0,9,6,
2.023E+11,155 676 537,A01,1,7,0,2,3,14,1,
2.023E+11,155 676 535,A01,1,33,0,1,0,1,1,
2.023E+11,155 676 532,A01,1,33,4,0,3,17,1,
2.023E+11,155 676 531,B01,1,34,0,2,1,3,1,
2.023E+11,155 676 533,A01,1,3,0,2,3,13,1,
2.023E+11,155 676 525,B01,1,33,0,2,8,1,1,
2.023E+11,155 676 527,A01,1,7,0,2,1,19,1,
2.023E+11,155 676 530,C01,2,7,0,0,3,23,1,
2.023E+11,155 676 524,D01,1,7,0,2,4,23,0,
2.023E+11,155 676 526,A01,1,7,0,2,1,2,0,
2.023E+11,155 676 528,B01,1,7,0,2,4,2,0,
2.023E+11,155 676 529,C01,1,7,0,2,4,23,0,
2.023E+11,155 676 522,A01,1,10,0,1,3,1,1,
2.023E+11,155 676 521,A01,1,33,0,2,7,17,1,
2.023E+11,155 676 523,B01,1,7,0,2,1,15,1,
2.023E+11,155 676 519,B01,1,7,0,2,6,1,1,
2.023E+11,155 676 520,A01,1,7,0,2,2,15,1,
2.023E+11,155 676 518,A01,2,7,2,0,1,1,1,
2.023E+11,155 676 517,A01,2,33,0,0,8,0,1,
2.023E+11,155 676 514,B01,1,2,0,2,2,17,0,
2.023E+11,155 676 516,A01,1,10,0,2,3,15,0,
2.023E+11,155 676 512,A01,2,7,0,2,1,1,3,
2.023E+11,155 676 513,B01,2,10,0,2,4,23,1,
2.023E+11,155 676 515,C01,2,10,0,2,4,23,1,
2.023E+11,155 676 510,A01,2,7,2,0,1,1,1,
2.023E+11,155 676 508,B01,2,7,0,2,4,2,1,
2.023E+11,155 676 509,C01,2,7,0,2,4,2,1,
2.023E+11,155 676 511,A01,2,7,0,2,1,2,1,
2.023E+11,155 676 506,A01,1,7,0,1,1,2,1,
2.023E+11,155 676 505,A01,1,7,0,0,1,17,1,
2.023E+11,155 676 507,B01,2,7,0,0,1,1,1,
2.023E+11,155 676 504,A01,3,32,0,0,0,16,1,
2.023E+11,155 676 500,A01,3,7,8,2,1,19,1,
2.023E+11,155 676 502,B01,3,7,0,2,8,1,1,
2.023E+11,155 676 499,A01,2,30,0,2,3,16,0,
2.023E+11,155 676 501,B01,1,7,0,2,3,16,0,
2.023E+11,155 676 498,A01,1,7,0,1,1,1,1,
2.023E+11,155 676 495,A01,2,7,6,0,1,17,1,
2.023E+11,155 676 496,A01,2,10,0,2,6,13,1,
2.023E+11,155 676 497,B01,2,33,3,2,2,3,1,
2.023E+11,155 676 492,A01,1,30,0,2,8,18,1,
2.023E+11,155 676 494,B01,1,7,0,2,2,1,1,
2.023E+11,155 676 491,B01,1,7,0,2,6,1,1,
2.023E+11,155 676 493,A01,1,15,0,2,2,14,1,
2.023E+11,155 676 488,B01,2,7,0,2,6,0,0,
2.023E+11,155 676 489,A01,2,34,0,2,1,0,1,
2.023E+11,155 676 485,B01,2,7,0,2,1,15,1,
2.023E+11,155 676 487,A01,1,7,9,2,1,1,1,
2.023E+11,155 676 484,B01,2,32,0,2,1,3,1,
2.023E+11,155 676 486,A01,2,7,0,2,7,12,1,
2.023E+11,155 676 481,A01,2,7,0,2,1,1,1,
2.023E+11,155 676 483,B01,2,7,0,2,4,1,1,
2.023E+11,155 676 478,A01,2,33,0,0,7,26,1,
2.023E+11,155 676 477,C01,1,7,0,2,4,2,1,
2.023E+11,155 676 479,A01,1,7,0,2,1,2,1,
2.023E+11,155 676 480,B01,1,7,0,2,4,2,1,
2.023E+11,155 676 482,D01,1,10,0,2,4,2,1,
2.023E+11,155 676 476,A01,1,7,4,2,1,2,1,
2.023E+11,155 676 475,B01,0,31,0,2,4,9,6,
2.023E+11,155 676 473,B01,2,33,0,2,1,1,1,
2.023E+11,155 676 474,A01,2,7,4,0,3,0,1,
2.023E+11,155 676 470,B01,2,7,0,2,4,1,1,
2.023E+11,155 676 471,C01,2,7,0,2,4,1,1,
2.023E+11,155 676 472,A01,2,7,0,2,1,1,1,
2.023E+11,155 676 468,A01,2,50,0,0,0,1,3,
2.023E+11,155 676 467,A01,2,33,0,2,3,13,1,
2.023E+11,155 676 469,B01,2,7,0,2,7,1,1,
2.023E+11,155 676 466,A01,2,1,0,0,0,1,5,
2.023E+11,155 676 465,A01,2,43,0,0,2,3,1,
2.023E+11,155 676 463,A01,3,7,0,1,4,4,1,
2.023E+11,155 676 460,A01,2,34,0,0,8,1,1,
2.023E+11,155 676 459,A01,1,50,0,2,1,15,3,
2.023E+11,155 676 461,B01,2,7,0,2,1,16,1,
2.023E+11,155 676 456,B01,2,7,0,2,8,13,1,
2.023E+11,155 676 458,A01,2,43,0,2,1,3,1,
2.023E+11,155 676 455,B01,2,1,0,2,1,0,5,
2.023E+11,155 676 457,A01,2,7,0,9,3,9,1,
2.023E+11,155 676 453,B01,2,15,4,2,2,12,1,
2.023E+11,155 676 454,A01,2,7,4,2,3,1,1,
2.023E+11,155 676 452,A01,1,7,0,1,3,1,0,
2.023E+11,155 676 450,A01,3,7,0,1,1,15,1,
2.023E+11,155 676 449,B01,2,7,0,2,2,12,1,
2.023E+11,155 676 451,A01,2,31,0,2,8,3,1,
2.023E+11,155 676 448,A01,3,30,12,9,7,26,0,
2.023E+11,155 676 447,A01,2,7,0,1,3,1,1,
2.023E+11,155 676 444,B01,1,1,0,2,1,2,5,
2.023E+11,155 676 446,A01,1,7,0,9,5,19,1,
2.023E+11,155 676 443,A01,1,7,6,2,1,1,1,
2.023E+11,155 676 445,B01,2,7,1,2,9,1,1,
2.023E+11,155 676 441,A01,1,7,0,1,3,1,1,
2.023E+11,155 676 440,A01,2,31,0,2,1,17,1,
2.023E+11,155 676 442,B01,2,7,0,2,8,2,1,
2.023E+11,155 676 438,A01,1,1,0,2,1,1,6,
2.023E+11,155 676 439,B01,2,7,0,2,1,16,1,
2.023E+11,155 676 434,B01,1,7,0,2,1,1,1,
2.023E+11,155 676 435,A01,2,7,0,2,1,15,2,
2.023E+11,155 676 436,A01,1,30,0,2,1,1,1,
2.023E+11,155 676 437,B01,2,7,0,2,2,15,1,
2.023E+11,155 676 432,A01,2,10,0,2,1,1,1,
2.023E+11,155 676 433,B01,2,7,0,2,6,23,1,
2.023E+11,155 676 429,A01,1,7,0,1,1,15,1,
2.023E+11,155 676 428,A01,1,7,0,2,1,2,1,
2.023E+11,155 676 430,B01,1,7,0,2,4,23,1,
2.023E+11,155 676 431,C01,1,7,0,2,4,23,1,
2.023E+11,155 676 427,A01,1,1,0,1,1,21,5,
2.023E+11,155 676 424,B01,1,7,0,2,7,21,1,
2.023E+11,155 676 426,A01,1,7,0,2,1,16,1,
2.023E+11,155 676 425,A01,3,37,0,1,5,15,1,1
2.023E+11,155 676 423,A01,3,7,2,2,1,14,1,
2.023E+11,155 676 421,A01,2,7,0,2,3,15,1,
2.023E+11,155 676 422,B01,2,1,0,2,2,1,5,
2.023E+11,155 676 420,A01,1,7,0,1,8,2,1,
2.023E+11,155 676 418,B01,1,7,0,2,1,1,1,
2.023E+11,155 676 419,A01,1,7,0,2,4,1,1,
2.023E+11,155 676 417,A01,1,7,5,0,1,1,1,
2.023E+11,155 676 415,A01,1,30,0,2,4,1,1,
2.023E+11,155 676 416,B01,1,15,0,2,2,2,1,
2.023E+11,155 676 414,A01,1,7,4,0,3,9,1,
2.023E+11,155 676 412,B01,2,14,0,2,3,1,1,
2.023E+11,155 676 413,A01,2,7,0,2,5,9,1,
2.023E+11,155 676 411,A01,2,7,0,1,2,1,0,
2.023E+11,155 676 410,A01,2,7,1,0,2,14,1,
2.023E+11,155 676 409,A01,2,7,0,1,1,17,1,
2.023E+11,155 676 408,A01,1,7,0,1,1,1,1,
2.023E+11,155 676 407,A01,1,14,0,1,2,1,1,
2.023E+11,155 676 405,B01,3,33,0,2,8,3,1,
2.023E+11,155 676 406,A01,3,7,0,2,2,16,0,
2.023E+11,155 676 402,A01,1,7,0,9,1,15,1,
2.023E+11,155 676 404,B01,2,50,0,2,1,0,3,
2.023E+11,155 676 403,A01,2,2,12,5,2,14,1,
2.023E+11,155 676 400,A01,1,7,2,0,1,1,-1,
2.023E+11,155 676 399,B01,3,7,0,2,7,19,1,
2.023E+11,155 676 401,A01,3,7,0,2,1,1,1,
2.023E+11,155 676 397,A01,1,50,13,0,1,1,3,
2.023E+11,155 676 395,A01,2,7,0,1,2,1,1,
2.023E+11,155 676 393,A01,3,30,13,0,0,1,1,
2.023E+11,155 676 394,A01,1,7,0,0,3,1,2,
2.023E+11,155 676 390,C01,1,10,0,2,1,2,1,
2.023E+11,155 676 391,A01,1,7,0,2,1,2,1,
2.023E+11,155 676 392,B01,1,7,0,2,4,23,1,
2.023E+11,155 676 388,A01,3,7,15,0,1,20,0,
2.023E+11,155 676 387,B01,1,7,0,2,1,17,1,
2.023E+11,155 676 389,A01,1,7,0,2,3,10,1,
2.023E+11,155 676 386,A01,1,7,8,1,2,1,1,
2.023E+11,155 676 383,B01,1,7,0,2,1,1,1,
2.023E+11,155 676 384,A01,3,80,0,2,1,19,3,
2.023E+11,155 676 380,B01,1,30,0,2,1,17,1,
2.023E+11,155 676 381,A01,1,13,0,2,6,15,1,
2.023E+11,155 676 378,A01,1,31,12,0,0,0,1,
2.023E+11,155 676 379,B01,2,7,0,2,1,1,1,
2.023E+11,155 676 382,A01,3,7,0,2,7,19,1,
2.023E+11,155 676 377,A01,1,7,0,1,2,1,1,
2.023E+11,155 676 375,B01,1,80,0,2,7,1,3,
2.023E+11,155 676 376,A01,1,33,0,2,1,1,1,
2.023E+11,155 676 373,A01,2,7,0,2,3,15,1,