Num_Acc,id_vehicule,num_veh,senc,catv,obs,obsm,choc,manv,motor,occutc
2.023E+11,155 675 443,A01,1,7,4,0,3,13,1,
2.023E+11,155 675 440,A01,2,31,16,0,2,1,1,
2.023E+11,155 675 441,A01,1,33,0,2,1,0,1,
2.023E+11,155 675 442,B01,1,7,0,0,4,0,1,
2.023E+11,155 675 438,A01,0,7,0,2,3,15,1,
2.023E+11,155 675 445,B01,0,34,0,2,5,17,1,
2.023E+11,155 675 437,A01,1,7,0,2,3,11,1,
2.023E+11,155 675 439,B01,1,10,0,2,2,1,1,
2.023E+11,155 675 435,A01,0,31,0,0,1,0,0,
2.023E+11,155 675 434,A01,1,7,2,0,7,1,1,
2.023E+11,155 675 436,B01,2,7,0,2,1,23,1,
2.023E+11,155 675 432,A01,1,40,0,1,1,1,3,
2.023E+11,155 675 431,A01,2,33,0,2,1,1,1,
2.023E+11,155 675 433,B01,0,7,0,2,7,19,1,
2.023E+11,155 675 429,A01,3,1,0,0,0,26,5,
2.023E+11,155 675 428,A01,0,7,0,2,2,19,3,
2.023E+11,155 675 430,B01,2,2,0,2,1,19,1,
2.023E+11,155 675 423,A01,1,7,0,2,8,26,1,
2.023E+11,155 675 425,B01,1,1,0,2,7,1,5,
2.023E+11,155 675 424,A01,1,2,0,0,7,19,1,
2.023E+11,155 675 426,B01,1,7,0,2,1,1,1,
2.023E+11,155 675 422,B01,2,7,0,0,6,1,1,
2.023E+11,155 675 427,A01,2,7,0,1,1,1,1,
2.023E+11,155 675 419,A01,1,7,0,2,8,13,1,
2.023E+11,155 675 420,B01,2,15,0,2,8,1,1,
2.023E+11,155 675 417,A01,2,7,0,0,9,1,1,
2.023E+11,155 675 418,A01,2,7,0,2,2,13,1,
2.023E+11,155 675 421,B01,1,7,6,2,3,1,1,
2.023E+11,155 675 415,A01,1,7,2,0,0,0,1,
2.023E+11,155 675 414,A01,1,7,16,2,1,13,1,
2.023E+11,155 675 416,B01,2,7,0,2,3,1,2,
2.023E+11,155 675 411,A01,2,33,0,2,1,1,1,
2.023E+11,155 675 413,B01,1,7,0,2,8,15,1,
2.023E+11,155 675 408,B01,1,15,0,2,1,1,1,
2.023E+11,155 675 412,A01,2,10,0,0,8,19,1,
2.023E+11,155 675 409,A01,2,33,0,0,7,23,1,
2.023E+11,155 675 407,A01,3,7,0,9,2,15,1,
2.023E+11,155 675 410,B01,3,30,0,2,8,0,1,
2.023E+11,155 675 405,A01,2,10,0,2,8,0,1,
2.023E+11,155 675 406,B01,1,33,0,2,1,0,1,
2.023E+11,155 675 400,A01,2,7,0,0,1,13,1,
2.023E+11,155 675 404,B01,1,7,2,0,1,1,0,
2.023E+11,155 675 401,A01,2,7,0,2,1,2,1,
2.023E+11,155 675 403,B01,2,21,0,0,4,15,1,
2.023E+11,155 675 399,B01,2,7,0,2,3,2,2,
2.023E+11,155 675 402,A01,1,7,0,2,3,5,1,
2.023E+11,155 675 397,A01,1,7,0,2,1,13,1,
2.023E+11,155 675 398,B01,2,7,0,2,1,1,1,
2.023E+11,155 675 395,A01,1,7,0,0,1,13,1,
2.023E+11,155 675 396,A01,1,7,2,0,3,1,1,
2.023E+11,155 675 393,A01,1,7,0,2,8,2,1,
2.023E+11,155 675 394,B01,1,14,0,2,2,14,1,
2.023E+11,155 675 392,A01,2,7,0,1,2,1,1,
2.023E+11,155 675 391,A01,2,7,0,1,2,1,1,
2.023E+11,155 675 390,A01,1,7,8,0,1,0,1,
2.023E+11,155 675 386,A01,1,7,0,2,1,13,0,
2.023E+11,155 675 389,B01,2,7,0,2,1,1,0,
2.023E+11,155 675 387,A01,2,7,0,1,0,1,0,
2.023E+11,155 675 383,A01,1,7,0,2,3,13,1,
2.023E+11,155 675 385,C01,1,7,0,2,2,1,1,
2.023E+11,155 675 388,B01,1,7,0,2,3,1,1,
2.023E+11,155 675 381,A01,1,7,6,0,3,1,1,
2.023E+11,155 675 382,A01,1,7,15,0,1,0,1,
2.023E+11,155 675 379,B01,1,7,0,2,3,1,6,
2.023E+11,155 675 380,A01,1,16,0,2,3,15,6,
2.023E+11,155 675 378,A01,2,7,13,2,5,9,6,
2.023E+11,155 675 384,B01,2,7,13,2,1,1,6,
2.023E+11,155 675 376,A01,2,2,4,0,3,13,1,
2.023E+11,155 675 375,A01,1,34,0,2,1,17,1,
2.023E+11,155 675 377,B01,2,7,0,2,1,9,1,
2.023E+11,155 675 373,A01,1,33,0,2,8,1,1,
2.023E+11,155 675 374,B01,1,7,0,2,8,10,1,
2.023E+11,155 675 370,A01,1,1,0,2,1,2,5,
2.023E+11,155 675 372,B01,1,1,0,2,4,2,5,
2.023E+11,155 675 367,A01,1,7,0,2,4,11,1,
2.023E+11,155 675 369,B01,1,7,0,2,1,1,1,
2.023E+11,155 675 371,C01,1,7,0,2,1,2,1,
2.023E+11,155 675 366,A01,2,33,0,2,2,2,1,
2.023E+11,155 675 368,B01,2,7,0,2,3,2,1,
2.023E+11,155 675 364,A01,3,10,13,0,1,1,1,
2.023E+11,155 675 362,A01,3,7,0,2,1,1,1,
2.023E+11,155 675 365,B01,0,7,8,0,3,20,1,
2.023E+11,155 675 360,B01,2,7,0,2,8,1,1,
2.023E+11,155 675 363,A01,2,7,0,2,1,1,1,
2.023E+11,155 675 361,A01,1,33,3,0,7,0,1,
2.023E+11,155 675 357,A01,2,7,0,1,1,1,1,
2.023E+11,155 675 358,A01,2,7,0,1,2,1,1,
2.023E+11,155 675 355,A01,0,7,0,0,5,19,1,
2.023E+11,155 675 359,B01,0,7,0,2,1,1,1,
2.023E+11,155 675 351,A01,1,7,0,0,6,1,1,
2.023E+11,155 675 354,B01,1,34,0,2,1,1,1,
2.023E+11,155 675 356,C01,2,7,14,0,1,1,1,
2.023E+11,155 675 352,B01,1,1,0,2,1,1,5,
2.023E+11,155 675 353,A01,1,7,0,2,8,15,1,
2.023E+11,155 675 349,B01,1,7,0,0,3,1,1,
2.023E+11,155 675 350,A01,2,10,0,2,1,1,1,
2.023E+11,155 675 348,A01,3,7,12,1,3,1,1,
2.023E+11,155 675 345,A01,0,7,13,0,2,0,3,
2.023E+11,155 675 344,B01,1,7,0,2,4,1,1,
2.023E+11,155 675 347,A01,2,7,0,2,1,2,1,
2.023E+11,155 675 339,C01,2,7,0,2,4,1,1,
2.023E+11,155 675 342,A01,2,7,0,2,1,2,1,
2.023E+11,155 675 346,B01,2,7,0,2,4,1,1,
2.023E+11,155 675 337,A01,2,7,0,2,0,0,-1,
2.023E+11,155 675 341,B01,2,60,0,2,0,1,5,
2.023E+11,155 675 338,A01,1,7,0,2,1,0,0,
2.023E+11,155 675 343,B01,2,10,0,2,1,1,0,
2.023E+11,155 675 340,A01,3,7,0,0,9,1,1,
2.023E+11,155 675 335,A01,3,7,2,0,2,1,1,
2.023E+11,155 675 332,A01,2,1,0,2,1,15,5,
2.023E+11,155 675 336,B01,1,7,0,2,2,1,1,
2.023E+11,155 675 331,A01,1,7,0,2,2,1,1,
2.023E+11,155 675 334,B01,2,7,0,2,3,1,1,
2.023E+11,155 675 330,B01,2,7,0,2,1,1,1,
2.023E+11,155 675 333,A01,1,10,0,2,7,19,1,
2.023E+11,155 675 326,A01,2,7,0,2,3,15,1,
2.023E+11,155 675 328,B01,2,34,0,2,1,1,1,
2.023E+11,155 675 325,A01,1,7,0,2,1,13,1,
2.023E+11,155 675 327,B01,2,15,0,2,3,1,1,
2.023E+11,155 675 324,A01,1,2,0,2,1,19,1,
2.023E+11,155 675 329,B01,2,0,0,0,5,1,0,
2.023E+11,155 675 323,A01,2,7,9,0,1,1,1,
2.023E+11,155 675 322,A01,1,7,6,0,2,1,1,
2.023E+11,155 675 320,B01,2,60,0,2,0,0,5,
2.023E+11,155 675 321,A01,2,7,0,2,0,1,1,
2.023E+11,155 675 317,A01,2,33,0,0,7,17,1,
2.023E+11,155 675 313,C01,1,2,1,2,1,1,1,
2.023E+11,155 675 316,A01,1,7,0,2,0,0,1,
2.023E+11,155 675 314,A01,2,7,0,2,1,13,1,
2.023E+11,155 675 319,B01,1,7,0,2,1,1,1,
2.023E+11,155 675 312,A01,2,7,0,2,3,26,1,
2.023E+11,155 675 315,B01,1,15,0,2,1,1,1,
2.023E+11,155 675 318,C01,1,10,0,9,7,1,1,
2.023E+11,155 675 310,A01,2,1,14,0,0,1,5,
2.023E+11,155 675 311,A01,3,7,8,0,1,1,1,
2.023E+11,155 675 309,A01,2,7,13,0,2,2,1,
2.023E+11,155 675 306,B01,1,7,0,2,4,23,1,
2.023E+11,155 675 307,A01,1,7,0,2,1,2,1,
2.023E+11,155 675 303,A01,3,33,0,0,0,1,1,
2.023E+11,155 675 304,A01,1,7,0,2,3,15,1,
2.023E+11,155 675 308,B01,1,7,0,2,7,17,1,
2.023E+11,155 675 305,A01,0,33,12,0,2,1,1,
2.023E+11,155 675 301,B01,1,60,0,2,0,0,5,
2.023E+11,155 675 302,A01,1,7,0,2,0,1,1,
2.023E+11,155 675 300,A01,2,33,0,0,8,1,1,
2.023E+11,155 675 297,A01,1,1,0,0,0,0,5,
2.023E+11,155 675 296,B01,0,7,0,1,1,1,0,
2.023E+11,155 675 299,A01,3,7,0,1,2,11,0,
2.023E+11,155 675 294,A01,0,7,2,0,3,0,1,
2.023E+11,155 675 293,B01,0,7,0,2,3,1,1,
2.023E+11,155 675 295,C01,0,7,0,2,3,1,1,
2.023E+11,155 675 298,A01,0,7,0,2,6,1,1,
2.023E+11,155 675 292,A01,1,7,8,0,2,14,1,
2.023E+11,155 675 291,A01,0,7,1,0,2,1,1,
2.023E+11,155 675 286,A01,1,7,0,2,0,0,1,
2.023E+11,155 675 289,B01,1,60,0,2,0,0,5,
2.023E+11,155 675 288,B01,1,7,0,2,1,1,0,
2.023E+11,155 675 290,A01,2,7,0,2,1,13,0,
2.023E+11,155 675 285,A01,1,33,0,0,0,14,1,
2.023E+11,155 675 284,A01,1,2,0,2,2,15,1,
2.023E+11,155 675 287,B01,1,7,0,2,3,17,1,
2.023E+11,155 675 282,B01,1,1,0,2,7,19,5,
2.023E+11,155 675 283,A01,2,7,0,9,3,21,1,
2.023E+11,155 675 280,A01,3,2,0,1,2,0,1,
2.023E+11,155 675 279,B01,1,7,0,2,3,1,1,
2.023E+11,155 675 281,A01,2,7,0,2,3,1,1,
2.023E+11,155 675 276,A01,1,10,0,2,1,1,1,
2.023E+11,155 675 278,B01,1,7,0,2,4,2,1,
2.023E+11,155 675 277,A01,1,31,9,0,7,1,1,
2.023E+11,155 675 275,A01,2,33,7,0,1,1,1,
2.023E+11,155 675 271,B01,1,7,0,2,1,2,1,
2.023E+11,155 675 274,A01,1,7,15,0,7,1,1,
2.023E+11,155 675 270,A01,1,7,0,2,0,26,1,
2.023E+11,155 675 273,B01,1,30,0,2,0,1,1,
2.023E+11,155 675 269,A01,0,21,0,0,3,19,1,
2.023E+11,155 675 272,B01,0,33,13,0,2,21,1,
2.023E+11,155 675 267,A01,1,1,0,0,0,0,5,
2.023E+11,155 675 268,A01,3,7,2,0,7,1,2,
2.023E+11,155 675 266,A01,1,7,2,0,2,1,1,
2.023E+11,155 675 263,B01,2,1,0,2,0,5,5,
2.023E+11,155 675 264,A01,1,7,0,2,0,1,1,
2.023E+11,155 675 260,B01,0,31,0,2,1,1,1,
2.023E+11,155 675 262,A01,0,7,0,2,3,13,1,
2.023E+11,155 675 265,C01,0,7,0,2,1,1,1,
2.023E+11,155 675 259,A01,1,7,0,2,3,17,1,
2.023E+11,155 675 261,B01,2,7,0,2,3,1,1,
2.023E+11,155 675 257,A01,1,33,0,0,0,0,1,
2.023E+11,155 675 254,B01,3,7,0,2,1,2,0,
2.023E+11,155 675 255,A01,3,1,0,2,4,1,5,
2.023E+11,155 675 253,A01,1,7,0,2,1,1,1,
2.023E+11,155 675 258,B01,1,7,0,2,8,1,1,
2.023E+11,155 675 252,A01,0,31,0,2,1,1,1,
2.023E+11,155 675 256,B01,0,7,0,2,3,15,1,
2.023E+11,155 675 250,B01,1,1,0,2,8,1,5,
2.023E+11,155 675 251,A01,1,7,0,2,7,1,1,
2.023E+11,155 675 249,A01,3,33,0,0,8,1,1,
2.023E+11,155 675 244,A01,1,7,13,0,7,1,-1,
2.023E+11,155 675 246,A01,1,7,0,2,3,26,1,
2.023E+11,155 675 248,B01,1,7,0,2,2,1,1,
2.023E+11,155 675 243,A01,2,7,0,2,1,1,0,
2.023E+11,155 675 247,B01,2,50,0,2,0,0,3,
2.023E+11,155 675 242,A01,1,7,9,2,1,1,1,
2.023E+11,155 675 245,B01,3,2,0,2,7,19,1,
2.023E+11,155 675 238,B01,2,33,0,2,3,1,0,
2.023E+11,155 675 241,A01,1,7,0,2,8,17,1,
2.023E+11,155 675 236,A01,1,7,0,2,6,26,1,
2.023E+11,155 675 239,B01,1,7,0,2,1,0,1,
2.023E+11,155 675 240,A01,1,7,16,0,1,1,1,
2.023E+11,155 675 234,A01,1,7,0,2,0,0,1,
2.023E+11,155 675 235,B01,1,80,0,2,0,0,3,
2.023E+11,155 675 237,A01,1,7,7,0,1,1,2,
2.023E+11,155 675 233,A01,0,7,0,1,2,1,0,
2.023E+11,155 675 230,A01,1,33,0,2,2,3,1,
2.023E+11,155 675 232,B01,1,7,0,2,6,1,1,
2.023E+11,155 675 231,A01,1,33,0,0,0,1,1,
2.023E+11,155 675 228,A01,2,15,0,2,5,1,6,
2.023E+11,155 675 229,B01,2,15,0,2,3,2,0,
2.023E+11,155 675 226,A01,1,7,3,0,0,0,1,
2.023E+11,155 675 227,A01,1,7,13,0,2,1,1,
2.023E+11,155 675 224,A01,2,33,0,1,1,1,1,
2.023E+11,155 675 222,A01,1,33,0,2,1,17,1,
2.023E+11,155 675 225,B01,1,7,0,2,6,15,1,
2.023E+11,155 675 220,B01,2,60,0,2,7,25,5,
2.023E+11,155 675 223,A01,1,10,0,2,1,16,1,
2.023E+11,155 675 221,A01,2,32,0,0,7,1,1,
2.023E+11,155 675 215,A01,1,7,0,2,1,2,1,
2.023E+11,155 675 217,B01,1,7,0,2,4,23,1,
2.023E+11,155 675 214,A01,1,7,0,5,3,1,1,
2.023E+11,155 675 218,B01,1,7,0,5,2,1,1,
2.023E+11,155 675 216,A01,1,7,16,0,2,0,1,
2.023E+11,155 675 212,A01,2,33,0,2,1,2,1,
2.023E+11,155 675 213,B01,2,7,0,2,4,23,1,
2.023E+11,155 675 211,A01,2,7,0,2,1,17,0,
2.023E+11,155 675 219,B01,1,15,0,2,3,21,1,
2.023E+11,155 675 210,A01,1,7,2,0,3,1,1,
2.023E+11,155 675 207,A01,2,7,0,2,7,21,1,
2.023E+11,155 675 209,B01,2,1,0,2,8,21,5,
2.023E+11,155 675 206,A01,3,2,0,0,0,1,1,
2.023E+11,155 675 204,B01,1,7,0,2,1,1,0,
2.023E+11,155 675 205,A01,1,7,0,0,4,1,0,
2.023E+11,155 675 203,A01,1,60,0,0,0,0,5,
2.023E+11,155 675 201,A01,1,7,0,1,1,1,1,
2.023E+11,155 675 199,A01,1,1,13,0,0,1,5,
2.023E+11,155 675 198,A01,1,1,12,0,0,0,5,
2.023E+11,155 675 200,B01,1,1,0,0,2,2,5,
2.023E+11,155 675 202,A01,1,7,0,2,3,2,1,
2.023E+11,155 675 196,A01,1,1,0,0,0,0,5,
2.023E+11,155 675 192,A01,0,7,0,9,2,2,1,
2.023E+11,155 675 195,B01,3,1,0,0,4,15,5,
2.023E+11,155 675 193,A01,2,7,13,2,3,13,0,
2.023E+11,155 675 197,B01,1,10,13,2,3,1,1,
2.023E+11,155 675 191,A01,2,2,0,2,1,5,0,
2.023E+11,155 675 194,B01,1,7,0,2,1,1,1,
2.023E+11,155 675 190,A01,1,7,0,2,1,1,1,
2.023E+11,155 675 186,B01,0,41,0,0,0,0,0,
2.023E+11,155 675 189,A01,0,10,0,2,8,1,1,
2.023E+11,155 675 183,A01,1,7,0,2,7,2,-1,
2.023E+11,155 675 187,B01,1,1,0,2,8,1,5,
2.023E+11,155 675 184,A01,1,33,0,2,1,1,1,
2.023E+11,155 675 188,B01,1,33,6,0,4,16,1,
2.023E+11,155 675 185,A01,3,7,0,1,3,15,1,
2.023E+11,155 675 181,A01,1,1,0,1,1,1,5,
2.023E+11,155 675 178,B01,1,33,0,0,7,16,1,
2.023E+11,155 675 182,A01,1,43,0,2,3,18,1,
2.023E+11,155 675 177,A01,2,7,0,2,1,2,1,
2.023E+11,155 675 179,B01,2,33,6,0,4,23,1,
2.023E+11,155 675 176,A01,3,10,0,2,3,15,1,
2.023E+11,155 675 180,B01,0,2,0,2,7,17,1,
2.023E+11,155 675 174,A01,1,30,0,2,1,1,1,
2.023E+11,155 675 175,B01,1,7,0,2,4,1,1,
2.023E+11,155 675 172,A01,1,33,12,0,1,0,1,
2.023E+11,155 675 171,A01,1,30,0,0,0,0,1,
2.023E+11,155 675 170,A01,2,33,0,2,1,2,1,
2.023E+11,155 675 173,B01,2,7,0,0,5,15,1,
2.023E+11,155 675 169,A01,2,80,0,0,8,15,3,
2.023E+11,155 675 168,A01,1,7,0,1,1,1,1,
2.023E+11,155 675 167,A01,1,33,7,0,3,1,1,
2.023E+11,155 675 166,A01,1,33,5,0,7,14,1,
2.023E+11,155 675 162,A01,1,7,0,2,0,1,1,
2.023E+11,155 675 164,B01,1,1,0,2,0,1,5,
2.023E+11,155 675 163,A01,1,33,0,6,1,1,1,
2.023E+11,155 675 160,A01,2,7,13,0,0,1,1,
2.023E+11,155 675 159,A01,1,33,0,0,0,0,1,
2.023E+11,155 675 158,A01,1,7,11,0,1,1,1,
2.023E+11,155 675 157,A01,2,7,0,2,1,17,0,
2.023E+11,155 675 161,B01,1,7,0,2,2,1,1,
2.023E+11,155 675 165,C01,2,37,0,2,3,1,1,1
2.023E+11,155 675 155,A01,1,50,0,2,0,1,3,
2.023E+11,155 675 156,B01,1,1,0,2,0,1,5,
2.023E+11,155 675 154,A01,1,33,6,0,1,1,1,
2.023E+11,155 675 153,A01,1,7,4,0,6,1,1,
2.023E+11,155 675 152,A01,1,7,2,0,0,0,1,
2.023E+11,155 675 150,A01,0,7,0,2,1,1,1,
2.023E+11,155 675 151,B01,3,7,0,2,3,1,1,
2.023E+11,155 675 146,A01,1,7,0,2,1,1,1,
2.023E+11,155 675 147,B01,1,37,0,2,4,1,1,1
2.023E+11,155 675 145,A01,3,7,0,2,2,15,1,
2.023E+11,155 675 149,B01,3,2,0,2,1,1,1,
2.023E+11,155 675 144,B01,2,7,0,2,1,1,1,
2.023E+11,155 675 148,A01,3,7,8,0,7,1,1,
2.023E+11,155 675 141,A01,1,7,2,0,1,14,1,
2.023E+11,155 675 137,A01,2,10,0,2,1,1,1,
2.023E+11,155 675 142,B01,1,7,0,2,7,17,1,
2.023E+11,155 675 143,C01,1,7,0,2,6,1,1,
2.023E+11,155 675 138,A01,1,33,0,0,0,2,1,
2.023E+11,155 675 135,A01,1,7,0,2,7,19,1,
2.023E+11,155 675 139,C01,2,7,0,2,8,23,1,
2.023E+11,155 675 140,B01,1,7,0,2,1,1,1,
2.023E+11,155 675 134,B01,2,7,0,2,1,1,1,
2.023E+11,155 675 136,A01,1,1,0,2,8,1,5,
2.023E+11,155 675 132,A01,3,2,0,2,7,15,1,
2.023E+11,155 675 133,B01,3,7,0,2,8,15,1,
2.023E+11,155 675 130,A01,1,1,0,0,0,0,5,
2.023E+11,155 675 127,A01,3,50,0,1,1,1,3,
2.023E+11,155 675 124,A01,2,7,0,2,2,1,1,
2.023E+11,155 675 128,B01,1,7,0,2,1,15,1,
2.023E+11,155 675 125,A01,2,7,0,2,8,11,1,
2.023E+11,155 675 126,B01,2,14,0,2,0,0,1,
2.023E+11,155 675 121,B01,1,7,0,2,4,1,1,
2.023E+11,155 675 122,C01,1,7,0,0,4,1,1,
2.023E+11,155 675 123,A01,1,7,0,2,1,2,1,
2.023E+11,155 675 119,A01,1,7,3,0,0,0,1,
2.023E+11,155 675 118,A01,2,10,0,2,3,13,1,
2.023E+11,155 675 120,B01,2,33,0,2,1,1,1,
2.023E+11,155 675 117,A01,2,1,0,0,0,0,5,
2.023E+11,155 675 114,B01,2,60,0,2,0,1,5,
2.023E+11,155 675 116,A01,1,7,0,2,0,15,1,
2.023E+11,155 675 113,A01,1,7,3,2,8,1,1,
2.023E+11,155 675 115,Z01,1,7,3,2,2,14,1,
2.023E+11,155 675 110,A01,1,10,13,0,2,13,1,
2.023E+11,155 675 112,B01,2,7,0,0,1,1,1,
2.023E+11,155 675 109,B01,1,60,0,2,0,0,5,
2.023E+11,155 675 111,A01,1,7,0,2,0,0,1,
2.023E+11,155 675 108,A01,2,33,0,0,0,14,1,
2.023E+11,155 675 106,A01,1,1,0,0,0,1,5,
2.023E+11,155 675 105,B01,0,7,0,2,8,15,1,
2.023E+11,155 675 107,A01,1,31,0,2,1,1,1,
2.023E+11,155 675 102,A01,2,7,0,2,1,2,0,
2.023E+11,155 675 104,B01,2,7,0,0,4,2,1,
2.023E+11,155 675 101,A01,2,7,0,2,0,0,1,
2.023E+11,155 675 103,B01,2,2,0,2,0,0,1,
2.023E+11,155 675 099,A01,2,7,0,0,1,1,1,
2.023E+11,155 675 096,A01,3,7,0,2,3,3,1,
2.023E+11,155 675 098,C01,3,7,0,2,5,26,1,
2.023E+11,155 675 100,B01,3,7,12,2,5,23,1,
2.023E+11,155 675 095,B01,1,10,0,2,7,1,1,
2.023E+11,155 675 097,A01,2,1,0,2,1,26,5,
2.023E+11,155 675 093,A01,1,7,0,2,7,12,1,
2.023E+11,155 675 094,B01,1,33,0,2,1,1,1,
2.023E+11,155 675 092,A01,3,31,0,0,0,0,1,
2.023E+11,155 675 090,A01,1,7,0,2,7,15,1,
2.023E+11,155 675 091,B01,2,7,0,2,1,1,1,
2.023E+11,155 675 088,A01,1,2,0,0,0,2,0,
2.023E+11,155 675 085,A01,2,7,0,2,1,1,1,
2.023E+11,155 675 086,B01,2,7,0,2,4,1,1,
2.023E+11,155 675 087,C01,2,10,0,2,4,1,1,
2.023E+11,155 675 089,D01,2,7,0,2,4,1,2,
2.023E+11,155 675 083,A01,1,7,0,2,1,1,1,
2.023E+11,155 675 084,B01,1,7,0,2,4,1,1,
2.023E+11,155 675 081,A01,1,7,0,2,5,19,1,
2.023E+11,155 675 082,B01,1,30,0,2,1,1,1,
2.023E+11,155 675 079,A01,2,7,0,2,7,15,1,
2.023E+11,155 675 080,C01,1,1,0,2,8,1,5,
2.023E+11,155 675 074,A01,2,7,0,2,8,13,1,
2.023E+11,155 675 077,B01,2,32,0,2,2,1,1,
2.023E+11,155 675 073,A01,1,7,0,2,0,1,1,
2.023E+11,155 675 075,B01,1,1,0,2,0,0,5,
2.023E+11,155 675 071,A01,1,7,0,2,9,2,1,
2.023E+11,155 675 072,B01,1,7,0,2,6,11,1,
2.023E+11,155 675 076,D01,1,7,0,9,1,1,1,
2.023E+11,155 675 078,C01,1,7,0,9,1,1,1,
2.023E+11,155 675 067,A01,2,33,0,2,2,12,1,
2.023E+11,155 675 069,B01,2,33,0,2,0,1,1,
2.023E+11,155 675 065,A01,2,1,0,0,0,1,5,
2.023E+11,155 675 062,A01,1,7,0,2,2,17,1,
2.023E+11,155 675 066,B01,1,7,0,2,6,1,1,
2.023E+11,155 675 060,C01,2,7,0,2,6,0,1,
2.023E+11,155 675 063,B01,2,7,0,2,5,12,1,
2.023E+11,155 675 064,A01,2,33,0,2,1,3,1,
2.023E+11,155 675 059,A01,1,7,0,2,1,6,2,
2.023E+11,155 675 061,B01,1,7,0,2,3,1,1,
2.023E+11,155 675 058,A01,1,33,4,0,8,3,1,
2.023E+11,155 675 054,A01,1,7,0,2,8,1,1,
2.023E+11,155 675 056,B01,1,60,0,2,7,1,5,
2.023E+11,155 675 053,A01,2,7,2,0,2,14,1,
2.023E+11,155 675 052,A01,2,7,0,2,7,14,1,
2.023E+11,155 675 055,B01,2,33,0,2,6,3,1,
2.023E+11,155 675 057,C01,2,7,0,2,8,1,1,
2.023E+11,155 675 050,A01,2,7,4,0,2,12,1,
2.023E+11,155 675 048,A01,1,33,3,0,0,0,1,
2.023E+11,155 675 049,A01,2,7,0,2,1,1,1,
2.023E+11,155 675 051,B01,1,7,0,2,8,16,1,
2.023E+11,155 675 045,A01,1,60,0,0,0,0,5,
2.023E+11,155 675 046,A01,1,7,4,0,1,1,1,
2.023E+11,155 675 044,B01,1,33,0,2,8,3,1,
2.023E+11,155 675 047,Z01,1,7,0,2,0,12,0,
2.023E+11,155 675 041,A01,2,7,4,2,8,13,1,
2.023E+11,155 675 042,B01,2,33,4,2,2,2,1,
2.023E+11,155 675 038,A01,1,33,0,2,8,3,1,
2.023E+11,155 675 039,B01,1,10,0,2,2,2,1,
2.023E+11,155 675 040,C01,1,10,0,2,4,2,1,
2.023E+11,155 675 036,A01,2,7,0,2,1,2,1,
2.023E+11,155 675 037,B01,2,7,0,2,4,2,1,
2.023E+11,155 675 035,A01,1,33,0,2,7,16,1,
2.023E+11,155 675 043,B01,1,7,0,2,3,1,1,
2.023E+11,155 675 032,A01,1,15,0,2,4,1,1,
2.023E+11,155 675 034,B01,1,10,0,2,1,2,1,
2.023E+11,155 675 031,A01,2,43,0,2,1,1,1,
2.023E+11,155 675 033,B01,2,7,0,2,6,1,2,
2.023E+11,155 675 028,A01,1,7,4,2,8,11,1,
2.023E+11,155 675 029,B01,1,33,4,2,7,1,1,
2.023E+11,155 675 027,A01,2,31,0,0,8,3,1,
2.023E+11,155 675 030,B01,2,7,0,2,4,12,1,
2.023E+11,155 675 026,A01,2,33,0,0,1,1,1,
2.023E+11,155 675 025,A01,3,10,9,1,1,1,1,
2.023E+11,155 675 023,A01,2,33,0,2,1,3,1,
2.023E+11,155 675 024,B01,2,13,0,2,6,1,1,
2.023E+11,155 675 022,A01,2,10,0,1,3,22,1,
2.023E+11,155 675 020,A01,2,7,0,2,1,1,1,
2.023E+11,155 675 021,B01,2,10,0,2,4,1,1,
2.023E+11,155 675 019,A01,3,7,0,1,7,1,0,
2.023E+11,155 675 017,B01,2,31,0,2,8,3,1,
2.023E+11,155 675 018,Z01,2,7,0,2,0,0,0,
2.023E+11,155 675 015,A01,1,7,0,2,2,12,0,
2.023E+11,155 675 016,B01,1,43,0,2,3,3,1,
2.023E+11,155 675 012,A01,1,7,0,2,1,11,1,
2.023E+11,155 675 014,B01,1,7,0,2,5,1,1,
2.023E+11,155 675 010,A01,1,7,4,0,1,1,1,
2.023E+11,155 675 005,A01,2,14,0,2,2,12,1,
2.023E+11,155 675 007,B01,2,7,0,2,6,1,1,
2.023E+11,155 675 009,C01,2,7,0,2,1,1,1,
2.023E+11,155 675 006,A01,2,7,0,2,8,15,1,
2.023E+11,155 675 008,B01,2,43,0,2,2,0,1,
2.023E+11,155 675 004,A01,2,7,4,0,2,0,1,
2.023E+11,155 675 000,A01,2,7,0,0,5,12,1,
2.023E+11,155 675 002,B01,2,33,0,2,8,3,1,
2.023E+11,155 675 001,A01,1,7,0,2,1,1,0,
2.023E+11,155 675 003,B01,1,7,0,2,2,2,6,
2.023E+11,155 674 999,A01,1,7,4,0,1,26,1,
2.023E+11,155 674 998,A01,1,7,4,0,8,11,1,
2.023E+11,155 674 995,A01,1,7,9,0,1,13,1,
2.023E+11,155 674 996,B01,2,31,0,2,7,1,1,
2.023E+11,155 674 997,A01,2,7,0,2,3,15,1,
2.023E+11,155 674 994,A01,1,7,11,0,7,16,1,
2.023E+11,155 674 992,T01,3,7,0,0,0,15,1,
2.023E+11,155 674 993,A01,2,31,14,2,0,17,1,
2.023E+11,155 674 990,A01,3,7,3,0,1,1,1,
2.023E+11,155 674 989,B01,1,7,0,2,8,2,2,
2.023E+11,155 674 991,A01,2,7,0,2,1,15,1,