Num_Acc,id_vehicule,num_veh,senc,catv,obs,obsm,choc,manv,motor,occutc
2.023E+11,155 674 987,A01,2,7,0,0,2,1,1,
2.023E+11,155 674 986,B01,1,7,0,2,5,13,1,
2.023E+11,155 674 988,A01,1,30,0,2,3,13,1,
2.023E+11,155 674 985,A01,2,30,0,0,0,0,1,
2.023E+11,155 674 984,A01,1,7,8,0,2,14,1,
2.023E+11,155 674 982,B01,2,7,0,2,7,1,1,
2.023E+11,155 674 983,A01,1,7,0,2,3,9,1,
2.023E+11,155 674 980,A01,1,7,4,0,8,26,1,
2.023E+11,155 674 979,A01,1,7,0,2,3,15,1,
2.023E+11,155 674 981,B01,1,33,0,2,7,2,1,
2.023E+11,155 674 976,A01,2,31,1,0,7,15,1,
2.023E+11,155 674 978,B01,2,7,0,2,6,23,1,
2.023E+11,155 674 975,B01,2,32,1,2,1,1,1,
2.023E+11,155 674 977,A01,2,7,0,2,2,22,1,
2.023E+11,155 674 973,A01,1,7,0,2,2,11,3,
2.023E+11,155 674 974,B01,2,33,0,2,0,0,1,
2.023E+11,155 674 972,A01,1,7,14,1,1,16,1,
2.023E+11,155 674 969,B01,1,7,0,2,8,1,6,
2.023E+11,155 674 970,C01,1,7,0,2,2,1,1,
2.023E+11,155 674 971,A01,1,7,0,2,3,5,1,
2.023E+11,155 674 968,A01,1,7,6,0,1,13,0,
2.023E+11,155 674 966,A01,2,34,0,2,8,8,1,
2.023E+11,155 674 967,B01,2,7,0,2,2,12,1,
2.023E+11,155 674 963,A01,1,7,0,2,2,2,1,
2.023E+11,155 674 965,B01,2,10,0,2,5,15,1,
2.023E+11,155 674 962,B01,1,30,0,2,1,1,0,
2.023E+11,155 674 964,A01,1,7,0,2,2,15,1,
2.023E+11,155 674 960,A01,2,7,1,0,1,14,1,
2.023E+11,155 674 959,B01,3,7,0,2,3,0,1,
2.023E+11,155 674 961,A01,3,50,0,2,1,0,3,
2.023E+11,155 674 956,A01,2,7,0,2,2,16,1,
2.023E+11,155 674 958,B01,2,50,0,2,1,1,3,
2.023E+11,155 674 955,A01,0,7,0,2,2,1,1,
2.023E+11,155 674 957,B01,0,7,0,0,0,0,0,
2.023E+11,155 674 954,A01,3,31,0,0,1,9,1,
2.023E+11,155 674 952,B01,0,30,0,2,1,1,1,
2.023E+11,155 674 953,A01,3,7,0,2,3,5,1,
2.023E+11,155 674 950,B01,1,7,0,2,4,2,1,
2.023E+11,155 674 951,A01,1,30,0,2,1,1,1,
2.023E+11,155 674 948,A01,1,33,1,0,1,1,1,
2.023E+11,155 674 947,A01,2,7,0,2,5,15,1,
2.023E+11,155 674 949,B01,1,34,0,2,1,1,1,
2.023E+11,155 674 943,A01,2,33,0,2,1,1,1,
2.023E+11,155 674 944,B01,2,7,0,2,4,20,1,
2.023E+11,155 674 946,C01,1,7,0,2,3,1,1,
2.023E+11,155 674 942,B01,1,7,0,2,3,1,1,
2.023E+11,155 674 945,A01,2,7,0,2,3,5,1,
2.023E+11,155 674 939,A01,3,38,0,2,0,15,1,1
2.023E+11,155 674 941,B01,3,10,0,2,6,1,1,
2.023E+11,155 674 938,A01,0,7,0,2,2,1,1,
2.023E+11,155 674 940,B01,1,7,0,2,1,1,1,
2.023E+11,155 674 937,A01,2,10,0,1,2,16,1,
2.023E+11,155 674 936,A01,2,7,0,1,7,2,1,
2.023E+11,155 674 931,B01,2,7,0,2,1,2,0,
2.023E+11,155 674 933,C01,2,7,0,2,4,1,0,
2.023E+11,155 674 935,A01,2,7,0,2,1,2,0,
2.023E+11,155 674 932,B01,1,1,0,2,4,15,0,
2.023E+11,155 674 934,A01,1,7,0,2,1,1,1,
2.023E+11,155 674 928,A01,3,7,0,2,1,1,0,
2.023E+11,155 674 930,B01,3,7,0,2,4,1,0,
2.023E+11,155 674 927,A01,1,7,0,2,7,17,1,
2.023E+11,155 674 929,B01,1,7,0,2,8,1,1,
2.023E+11,155 674 926,A01,2,7,2,0,1,14,0,
2.023E+11,155 674 925,B01,3,7,0,1,2,9,1,
2.023E+11,155 674 923,A01,2,7,0,2,5,15,0,
2.023E+11,155 674 924,B01,1,33,0,2,1,1,1,
2.023E+11,155 674 921,A01,1,7,0,2,1,1,1,
2.023E+11,155 674 922,B01,2,7,15,2,7,1,1,
2.023E+11,155 674 920,A01,0,7,0,1,1,15,1,
2.023E+11,155 674 919,A01,1,7,3,0,3,1,1,
2.023E+11,155 674 917,B01,3,50,0,2,1,1,3,
2.023E+11,155 674 918,A01,3,7,0,2,3,1,1,
2.023E+11,155 674 914,A01,2,7,0,2,7,2,1,
2.023E+11,155 674 915,B01,2,1,0,2,7,0,5,
2.023E+11,155 674 913,B01,3,7,0,2,3,1,1,
2.023E+11,155 674 916,A01,3,7,0,2,1,15,1,
2.023E+11,155 674 911,A01,1,1,0,2,1,16,5,
2.023E+11,155 674 912,B01,2,7,0,2,1,15,1,
2.023E+11,155 674 910,A01,2,7,0,1,5,20,1,
2.023E+11,155 674 909,A01,1,7,0,1,7,16,1,
2.023E+11,155 674 907,A01,1,7,2,2,1,1,1,
2.023E+11,155 674 906,B01,0,7,0,2,8,16,1,
2.023E+11,155 674 908,A01,0,7,0,2,2,19,1,
2.023E+11,155 674 904,A01,2,7,0,2,7,19,0,
2.023E+11,155 674 905,B01,2,7,0,2,8,1,0,
2.023E+11,155 674 903,A01,1,7,8,0,1,5,1,
2.023E+11,155 674 901,A01,1,14,0,1,0,1,0,
2.023E+11,155 674 899,B01,2,7,0,0,6,2,1,
2.023E+11,155 674 902,A01,2,33,0,2,1,26,1,
2.023E+11,155 674 898,B01,3,7,0,2,3,1,2,
2.023E+11,155 674 900,A01,3,7,0,2,1,9,1,
2.023E+11,155 674 896,A01,2,10,0,2,4,2,1,
2.023E+11,155 674 897,B01,2,33,0,2,1,2,1,
2.023E+11,155 674 895,A01,2,7,6,0,1,15,1,
2.023E+11,155 674 891,A01,2,38,0,2,4,1,0,1
2.023E+11,155 674 892,B01,2,7,0,2,1,1,0,
2.023E+11,155 674 894,C01,2,7,0,2,1,1,0,
2.023E+11,155 674 890,B01,2,7,0,2,3,15,1,
2.023E+11,155 674 893,A01,2,80,0,2,2,1,3,
2.023E+11,155 674 886,A01,2,7,0,2,6,1,1,
2.023E+11,155 674 888,B01,2,7,0,2,1,1,1,
2.023E+11,155 674 885,A01,1,7,0,2,1,2,1,
2.023E+11,155 674 887,B01,1,7,0,2,9,23,1,
2.023E+11,155 674 889,C01,1,7,0,2,4,23,1,
2.023E+11,155 674 883,A01,1,50,0,1,1,13,3,
2.023E+11,155 674 881,C01,1,7,0,2,3,1,1,
2.023E+11,155 674 882,B01,1,7,0,2,1,17,1,
2.023E+11,155 674 884,A01,2,7,3,2,1,5,0,
2.023E+11,155 674 878,A01,2,33,0,2,7,1,1,
2.023E+11,155 674 879,B01,2,7,0,2,4,2,1,
2.023E+11,155 674 880,Z01,2,10,0,2,8,13,0,
2.023E+11,155 674 876,A01,2,7,0,2,3,10,3,
2.023E+11,155 674 877,B01,2,7,0,2,5,0,3,
2.023E+11,155 674 873,A01,1,7,0,2,0,3,1,
2.023E+11,155 674 875,B01,2,37,0,2,2,1,1,1
2.023E+11,155 674 872,B01,2,7,0,2,4,2,1,
2.023E+11,155 674 874,A01,2,33,0,2,1,2,1,
2.023E+11,155 674 871,A01,2,33,1,0,7,1,1,
2.023E+11,155 674 869,A01,2,7,0,2,1,13,1,
2.023E+11,155 674 870,B01,1,7,0,2,1,1,1,
2.023E+11,155 674 867,Z01,3,7,0,2,1,1,1,
2.023E+11,155 674 868,A01,3,7,0,2,4,1,1,
2.023E+11,155 674 866,A01,2,7,1,0,1,14,1,
2.023E+11,155 674 863,A01,2,7,0,1,3,1,1,
2.023E+11,155 674 862,B01,3,7,0,2,1,1,0,
2.023E+11,155 674 865,A01,2,10,0,2,7,1,0,
2.023E+11,155 674 860,A01,3,7,6,0,1,1,1,
2.023E+11,155 674 859,A01,3,7,0,2,1,1,1,
2.023E+11,155 674 861,B01,3,33,0,2,0,0,1,
2.023E+11,155 674 855,A01,1,7,0,2,2,1,1,
2.023E+11,155 674 858,B01,1,32,0,2,1,1,1,
2.023E+11,155 674 856,A01,1,7,0,2,6,15,1,
2.023E+11,155 674 857,B01,1,31,0,2,7,17,1,
2.023E+11,155 674 852,B01,2,1,0,2,1,1,5,
2.023E+11,155 674 854,A01,1,7,0,9,2,1,1,
2.023E+11,155 674 851,A01,3,30,0,2,1,15,3,
2.023E+11,155 674 853,Z01,2,7,0,2,0,1,0,
2.023E+11,155 674 848,A01,1,34,0,2,3,15,1,
2.023E+11,155 674 850,B01,1,7,0,2,3,0,1,
2.023E+11,155 674 847,A01,2,7,0,2,1,13,1,
2.023E+11,155 674 849,B01,1,7,0,2,1,1,1,
2.023E+11,155 674 844,B01,3,7,0,2,3,0,1,
2.023E+11,155 674 846,A01,1,7,0,2,3,13,1,
2.023E+11,155 674 843,B01,1,7,0,2,7,1,2,
2.023E+11,155 674 845,A01,3,30,0,2,7,5,1,
2.023E+11,155 674 841,A01,3,30,0,2,1,1,1,
2.023E+11,155 674 842,B01,3,30,0,2,7,23,1,
2.023E+11,155 674 840,A01,1,33,0,0,0,0,1,
2.023E+11,155 674 839,A01,0,7,0,1,0,0,1,
2.023E+11,155 674 836,A01,1,30,0,2,1,2,1,
2.023E+11,155 674 838,B01,1,7,0,2,3,2,1,
2.023E+11,155 674 835,B01,3,2,0,2,0,0,1,
2.023E+11,155 674 837,A01,3,7,0,2,0,0,2,
2.023E+11,155 674 832,B01,1,1,0,2,4,0,5,
2.023E+11,155 674 834,A01,1,7,0,2,1,0,0,
2.023E+11,155 674 831,B01,2,7,0,2,1,2,1,
2.023E+11,155 674 833,A01,1,7,0,2,1,13,1,
2.023E+11,155 674 829,A01,2,7,2,0,3,2,1,
2.023E+11,155 674 828,B01,1,7,1,2,1,1,1,
2.023E+11,155 674 830,A01,2,7,0,2,2,15,3,
2.023E+11,155 674 825,A01,1,7,0,2,1,15,1,
2.023E+11,155 674 826,B01,1,7,0,2,1,1,1,
2.023E+11,155 674 824,B01,2,7,0,2,2,1,1,
2.023E+11,155 674 827,A01,1,7,0,2,1,1,1,
2.023E+11,155 674 823,A01,1,31,12,0,1,14,1,
2.023E+11,155 674 821,B01,2,7,0,2,0,0,0,
2.023E+11,155 674 822,A01,1,7,0,2,0,0,0,
2.023E+11,155 674 818,A01,1,7,0,1,1,16,1,
2.023E+11,155 674 816,A01,1,10,0,2,3,2,1,
2.023E+11,155 674 817,B01,1,7,0,2,6,2,1,
2.023E+11,155 674 819,C01,1,33,0,2,5,2,1,
2.023E+11,155 674 820,D01,1,7,0,2,6,1,1,
2.023E+11,155 674 811,A01,1,1,0,2,6,19,5,
2.023E+11,155 674 813,B01,1,33,0,2,1,1,1,
2.023E+11,155 674 810,A01,2,33,0,2,3,1,1,
2.023E+11,155 674 812,B01,2,7,0,2,5,1,1,
2.023E+11,155 674 807,C01,2,7,0,2,1,1,1,
2.023E+11,155 674 808,A01,1,33,0,2,1,1,1,
2.023E+11,155 674 809,B01,1,7,0,2,8,1,1,
2.023E+11,155 674 806,A01,0,1,0,1,1,1,5,
2.023E+11,155 674 802,A01,2,7,0,2,5,16,1,
2.023E+11,155 674 803,B01,3,30,0,2,3,18,1,
2.023E+11,155 674 800,C01,2,7,0,2,1,1,1,
2.023E+11,155 674 801,A01,1,7,0,2,1,11,1,
2.023E+11,155 674 804,B01,2,7,0,2,3,1,1,
2.023E+11,155 674 797,B01,3,7,0,2,1,1,1,
2.023E+11,155 674 799,A01,3,7,0,2,8,15,1,
2.023E+11,155 674 798,A01,2,7,1,0,1,12,1,
2.023E+11,155 674 796,A01,2,7,0,1,1,1,1,
2.023E+11,155 674 795,A01,1,7,8,0,2,1,1,
2.023E+11,155 674 793,A01,3,10,0,2,1,1,1,
2.023E+11,155 674 794,B01,3,7,0,2,7,15,1,
2.023E+11,155 674 791,B01,3,7,0,2,2,1,1,
2.023E+11,155 674 792,A01,3,7,0,2,1,19,1,
2.023E+11,155 674 789,B01,1,7,0,2,1,1,1,
2.023E+11,155 674 790,A01,1,2,0,2,7,1,1,
2.023E+11,155 674 786,A01,2,33,0,2,9,1,1,
2.023E+11,155 674 788,B01,2,7,0,2,4,1,0,
2.023E+11,155 674 785,A01,1,43,12,2,1,13,1,
2.023E+11,155 674 787,B01,2,7,0,2,8,1,1,
2.023E+11,155 674 782,Z01,1,7,0,2,1,1,1,
2.023E+11,155 674 783,A01,1,1,0,2,0,15,5,
2.023E+11,155 674 781,A01,2,10,0,2,3,26,1,
2.023E+11,155 674 784,B01,2,7,0,2,2,1,1,
2.023E+11,155 674 779,B01,3,33,0,2,1,1,1,
2.023E+11,155 674 780,A01,3,7,0,2,2,15,1,
2.023E+11,155 674 778,A01,1,7,1,0,0,0,0,
2.023E+11,155 674 776,A01,1,50,0,2,4,1,3,
2.023E+11,155 674 777,B01,1,7,0,2,1,26,0,
2.023E+11,155 674 772,A01,1,7,0,2,3,13,0,
2.023E+11,155 674 774,B01,1,2,0,2,7,1,0,
2.023E+11,155 674 773,A01,1,50,0,2,8,1,3,
2.023E+11,155 674 775,B01,1,7,0,2,1,1,1,
2.023E+11,155 674 769,A01,0,7,0,2,1,13,1,
2.023E+11,155 674 771,B01,0,7,0,2,3,1,1,
2.023E+11,155 674 767,A01,0,7,0,1,4,4,0,
2.023E+11,155 674 768,B01,3,7,0,2,8,1,1,
2.023E+11,155 674 770,A01,3,7,0,2,1,1,1,
2.023E+11,155 674 764,B01,3,1,0,2,1,1,5,
2.023E+11,155 674 766,A01,3,7,0,0,2,19,1,
2.023E+11,155 674 763,B01,3,7,0,2,3,2,1,
2.023E+11,155 674 765,A01,3,7,0,2,1,19,1,
2.023E+11,155 674 761,A01,2,1,0,2,4,1,5,
2.023E+11,155 674 762,Z01,2,7,0,2,1,2,1,
2.023E+11,155 674 757,A01,2,50,0,2,8,0,3,
2.023E+11,155 674 759,B01,1,7,0,2,1,9,1,
2.023E+11,155 674 754,C01,1,7,0,2,4,0,1,
2.023E+11,155 674 755,E01,1,7,0,2,4,0,1,
2.023E+11,155 674 756,A01,1,7,0,2,1,26,1,
2.023E+11,155 674 758,B01,1,7,0,2,9,1,1,
2.023E+11,155 674 760,D01,1,7,0,2,4,0,1,
2.023E+11,155 674 752,A01,1,7,0,2,7,16,1,
2.023E+11,155 674 753,B01,1,32,0,2,1,1,1,
2.023E+11,155 674 750,A01,3,13,0,2,1,1,1,
2.023E+11,155 674 751,B01,3,1,0,2,2,15,5,
2.023E+11,155 674 748,A01,1,7,0,2,1,1,1,
2.023E+11,155 674 749,B01,1,7,0,2,4,23,1,
2.023E+11,155 674 747,A01,3,7,13,0,1,21,0,
2.023E+11,155 674 746,A01,0,30,8,0,1,1,0,
2.023E+11,155 674 744,A01,2,7,0,1,1,1,1,
2.023E+11,155 674 745,A01,1,7,0,0,9,0,1,
2.023E+11,155 674 742,B01,3,30,0,2,1,1,1,
2.023E+11,155 674 743,A01,3,7,0,2,2,15,1,
2.023E+11,155 674 739,A01,1,7,4,0,0,1,1,
2.023E+11,155 674 738,B01,3,7,0,2,4,2,1,
2.023E+11,155 674 740,C01,3,7,0,2,1,2,1,
2.023E+11,155 674 741,A01,3,7,0,2,4,0,1,
2.023E+11,155 674 736,B01,0,7,0,2,7,26,1,
2.023E+11,155 674 737,A01,0,7,0,2,1,26,1,
2.023E+11,155 674 731,B01,1,7,0,0,2,1,5,
2.023E+11,155 674 733,A01,3,32,0,0,8,0,1,
2.023E+11,155 674 730,B01,1,7,0,2,5,1,1,
2.023E+11,155 674 734,C01,1,7,0,2,6,1,1,
2.023E+11,155 674 735,A01,1,33,0,2,3,3,1,
2.023E+11,155 674 729,B01,2,80,0,2,1,5,3,
2.023E+11,155 674 732,A01,1,7,0,2,2,1,1,
2.023E+11,155 674 725,P01,0,1,0,2,4,0,5,
2.023E+11,155 674 728,A01,0,10,0,2,1,0,1,
2.023E+11,155 674 724,A01,1,7,0,2,1,1,1,
2.023E+11,155 674 726,B01,2,2,0,2,8,1,1,
2.023E+11,155 674 723,B01,2,33,0,2,8,3,1,
2.023E+11,155 674 727,A01,2,7,0,2,2,14,1,
2.023E+11,155 674 721,A01,2,7,0,2,1,15,1,
2.023E+11,155 674 722,B01,1,50,0,2,3,16,3,
2.023E+11,155 674 718,B01,3,1,0,0,0,0,5,
2.023E+11,155 674 720,A01,3,7,0,9,1,1,1,
2.023E+11,155 674 717,A01,1,7,0,2,3,12,1,
2.023E+11,155 674 719,B01,1,7,0,2,6,1,1,
2.023E+11,155 674 715,A01,1,7,16,0,1,17,1,
2.023E+11,155 674 716,B01,1,7,16,0,1,26,1,
2.023E+11,155 674 712,B01,2,7,0,2,1,2,1,
2.023E+11,155 674 714,A01,2,7,0,2,4,2,1,
2.023E+11,155 674 711,B01,3,50,0,2,4,1,3,
2.023E+11,155 674 713,A01,3,7,0,9,1,1,1,
2.023E+11,155 674 709,A01,2,7,0,9,2,2,1,
2.023E+11,155 674 710,B01,2,50,0,2,8,1,3,
2.023E+11,155 674 703,B01,3,7,0,2,1,1,1,
2.023E+11,155 674 707,A01,3,7,0,2,6,9,1,
2.023E+11,155 674 702,B01,1,15,0,2,0,0,1,
2.023E+11,155 674 705,A01,1,7,0,2,0,0,1,
2.023E+11,155 674 708,C01,1,15,0,2,1,17,1,
2.023E+11,155 674 700,B01,2,33,0,2,2,17,0,
2.023E+11,155 674 701,C01,1,7,0,2,6,23,0,
2.023E+11,155 674 704,A01,2,7,0,2,3,9,0,
2.023E+11,155 674 706,D01,1,7,0,2,1,1,0,
2.023E+11,155 674 698,A01,1,33,0,2,1,17,1,
2.023E+11,155 674 699,B01,1,7,0,2,3,15,1,
2.023E+11,155 674 696,A01,1,3,1,1,2,1,1,
2.023E+11,155 674 694,A01,1,60,0,2,7,19,5,
2.023E+11,155 674 697,B01,1,7,0,2,2,19,1,
2.023E+11,155 674 695,A01,2,7,1,1,2,19,1,
2.023E+11,155 674 693,A01,1,13,0,1,2,1,1,
2.023E+11,155 674 692,A01,1,7,8,0,3,13,1,
2.023E+11,155 674 691,A01,3,30,0,1,1,25,1,
2.023E+11,155 674 688,A01,0,7,0,2,0,25,0,
2.023E+11,155 674 690,B01,1,50,0,0,1,1,3,
2.023E+11,155 674 687,A01,0,7,0,2,1,1,1,
2.023E+11,155 674 689,B01,1,1,0,2,1,9,5,
2.023E+11,155 674 684,B01,1,10,0,2,8,1,1,
2.023E+11,155 674 686,A01,2,7,12,2,3,19,1,
2.023E+11,155 674 683,A01,3,10,1,0,5,20,3,
2.023E+11,155 674 685,B01,3,30,0,2,1,2,1,
2.023E+11,155 674 682,A01,1,7,0,0,0,0,1,
2.023E+11,155 674 680,A01,2,2,0,2,1,2,1,
2.023E+11,155 674 681,B01,2,10,0,2,6,1,1,
2.023E+11,155 674 678,A01,2,7,0,1,2,1,1,
2.023E+11,155 674 677,A01,2,7,0,2,3,20,1,
2.023E+11,155 674 679,B01,1,31,0,2,1,1,1,
2.023E+11,155 674 673,A01,1,7,0,2,7,1,1,
2.023E+11,155 674 676,B01,3,50,0,2,1,25,3,
2.023E+11,155 674 672,A01,2,7,0,2,3,15,1,
2.023E+11,155 674 674,B01,1,7,0,2,9,1,1,
2.023E+11,155 674 671,B01,0,7,1,2,2,0,6,
2.023E+11,155 674 675,A01,0,31,1,2,0,18,1,
2.023E+11,155 674 669,A01,1,33,0,2,2,1,1,
2.023E+11,155 674 670,B01,1,7,0,2,3,0,1,
2.023E+11,155 674 667,A01,2,7,0,2,1,15,1,
2.023E+11,155 674 668,B01,2,33,0,2,1,1,1,
2.023E+11,155 674 665,A01,1,7,0,9,2,9,1,
2.023E+11,155 674 666,B01,1,50,0,2,1,1,3,
2.023E+11,155 674 664,A01,2,7,0,1,0,0,0,
2.023E+11,155 674 661,A01,2,7,0,2,8,15,1,
2.023E+11,155 674 663,B01,2,33,0,2,1,1,1,
2.023E+11,155 674 659,B01,0,32,0,2,8,0,1,
2.023E+11,155 674 662,A01,3,7,0,2,1,0,0,
2.023E+11,155 674 658,A01,2,7,0,2,1,1,1,
2.023E+11,155 674 660,B01,2,7,0,2,4,1,1,
2.023E+11,155 674 657,A01,1,10,0,1,3,15,1,
2.023E+11,155 674 654,A01,1,34,8,2,1,18,1,
2.023E+11,155 674 656,B01,0,32,0,2,2,16,1,
2.023E+11,155 674 653,A01,3,7,0,2,1,1,1,
2.023E+11,155 674 655,B01,3,7,0,2,3,0,1,
2.023E+11,155 674 650,A01,1,7,0,2,2,19,1,
2.023E+11,155 674 652,B01,2,33,0,2,1,5,1,
2.023E+11,155 674 649,A01,3,7,0,1,3,9,1,
2.023E+11,155 674 648,Z01,1,7,0,2,1,16,0,
2.023E+11,155 674 651,A01,2,1,0,2,1,1,5,
2.023E+11,155 674 646,A01,1,33,4,0,8,13,1,
2.023E+11,155 674 641,B01,2,7,1,0,1,1,1,
2.023E+11,155 674 644,C01,1,7,0,0,6,26,1,
2.023E+11,155 674 645,A01,1,7,0,0,4,23,1,
2.023E+11,155 674 640,B01,3,7,0,2,6,24,1,
2.023E+11,155 674 642,A01,3,7,1,0,2,14,1,
2.023E+11,155 674 643,A01,1,7,0,2,1,2,1,
2.023E+11,155 674 647,B01,1,7,0,2,4,2,1,
2.023E+11,155 674 638,A01,3,7,0,2,2,1,1,
2.023E+11,155 674 639,B01,0,2,0,2,1,13,0,
2.023E+11,155 674 637,A01,0,30,15,0,2,16,1,
2.023E+11,155 674 636,A01,1,7,0,0,0,26,0,
2.023E+11,155 674 634,A01,2,7,0,2,3,5,1,
2.023E+11,155 674 635,B01,1,7,0,2,3,1,1,
2.023E+11,155 674 630,B01,3,2,1,2,3,0,1,
2.023E+11,155 674 633,A01,3,10,1,2,5,16,1,
2.023E+11,155 674 629,A01,2,7,0,2,1,1,2,
2.023E+11,155 674 632,B01,1,7,8,2,1,1,2,
2.023E+11,155 674 628,A01,2,7,0,2,3,13,0,
2.023E+11,155 674 631,B01,1,50,0,2,1,1,3,
2.023E+11,155 674 624,A01,1,7,15,2,8,1,1,
2.023E+11,155 674 627,B01,1,7,0,2,3,1,1,
2.023E+11,155 674 625,B01,2,7,0,2,4,23,1,
2.023E+11,155 674 626,A01,2,33,0,2,1,1,1,
2.023E+11,155 674 621,A01,2,31,0,2,1,1,1,
2.023E+11,155 674 623,B01,1,7,0,2,1,15,1,
2.023E+11,155 674 620,A01,1,37,0,1,1,1,1,1
2.023E+11,155 674 618,A01,3,1,0,0,3,1,0,
2.023E+11,155 674 619,A01,2,7,0,2,7,9,2,
2.023E+11,155 674 622,B01,2,7,0,2,0,1,1,
2.023E+11,155 674 616,A01,2,21,0,2,3,15,1,
2.023E+11,155 674 617,B01,2,7,0,2,2,17,1,
2.023E+11,155 674 613,A01,3,7,0,2,3,5,1,
2.023E+11,155 674 615,B01,3,7,0,2,2,9,1,
2.023E+11,155 674 612,A01,2,7,0,2,1,9,1,
2.023E+11,155 674 614,B01,1,33,0,2,7,3,1,
2.023E+11,155 674 611,A01,2,1,0,0,0,0,5,
2.023E+11,155 674 610,A01,2,10,15,0,1,1,1,
2.023E+11,155 674 608,A01,1,7,0,2,3,26,1,
2.023E+11,155 674 609,B01,2,7,0,2,3,26,1,
2.023E+11,155 674 606,A01,1,7,0,2,3,9,1,
2.023E+11,155 674 607,B01,1,1,0,2,1,1,5,
2.023E+11,155 674 605,A01,3,7,6,0,1,1,2,
2.023E+11,155 674 600,A01,1,7,0,2,2,15,1,
2.023E+11,155 674 603,B01,2,33,0,2,1,1,1,
2.023E+11,155 674 598,A01,2,33,0,2,7,13,1,
2.023E+11,155 674 602,B01,1,7,0,2,7,13,1,
2.023E+11,155 674 604,C01,1,7,0,2,1,23,1,
2.023E+11,155 674 599,B01,3,30,0,2,2,1,0,
2.023E+11,155 674 601,A01,0,7,0,2,3,11,0,
2.023E+11,155 674 594,A01,1,7,0,2,7,15,1,
2.023E+11,155 674 597,B01,2,2,0,2,1,1,1,
2.023E+11,155 674 593,A01,1,2,1,0,1,2,1,
2.023E+11,155 674 596,B01,2,7,0,0,4,23,1,
2.023E+11,155 674 591,A01,1,7,15,0,1,26,1,
2.023E+11,155 674 592,A01,1,7,0,2,1,2,1,
2.023E+11,155 674 595,B01,1,32,0,2,4,2,1,
2.023E+11,155 674 590,A01,1,7,13,0,3,13,0,
2.023E+11,155 674 585,B01,1,1,0,2,7,1,5,
2.023E+11,155 674 589,A01,2,7,0,2,1,9,1,
2.023E+11,155 674 583,B01,1,34,0,0,0,1,1,
2.023E+11,155 674 586,A01,1,10,0,0,0,1,1,
2.023E+11,155 674 588,C01,1,33,0,0,0,1,1,
2.023E+11,155 674 584,B01,1,7,13,2,8,1,1,
2.023E+11,155 674 587,A01,2,7,2,2,1,13,1,
2.023E+11,155 674 578,B01,2,7,0,2,1,2,1,
2.023E+11,155 674 582,A01,3,2,0,2,0,2,1,
2.023E+11,155 674 577,B01,1,7,0,2,5,19,1,
2.023E+11,155 674 580,A01,1,33,0,2,1,1,1,
2.023E+11,155 674 575,A01,1,10,6,0,1,6,1,
2.023E+11,155 674 572,B01,3,7,0,2,3,1,1,
2.023E+11,155 674 574,A01,3,2,0,2,1,1,1,
2.023E+11,155 674 570,A01,1,7,13,0,1,0,1,
2.023E+11,155 674 571,B01,1,7,13,0,4,0,1,
2.023E+11,155 674 567,B01,1,17,0,0,6,1,1,
2.023E+11,155 674 568,A01,1,10,0,2,2,2,1,
2.023E+11,155 674 563,B01,1,7,14,2,3,1,1,
2.023E+11,155 674 566,A01,1,50,0,0,0,1,3,
2.023E+11,155 674 562,A01,1,50,0,2,1,9,3,
2.023E+11,155 674 565,B01,1,7,0,9,3,9,1,
2.023E+11,155 674 561,B01,1,7,0,2,6,17,1,
2.023E+11,155 674 564,A01,1,33,0,2,4,3,1,
2.023E+11,155 674 558,A01,1,2,8,0,1,19,1,
2.023E+11,155 674 556,A01,1,7,0,2,3,13,1,
2.023E+11,155 674 557,B01,2,7,0,2,3,1,1,
2.023E+11,155 674 559,A01,2,1,0,2,1,5,5,
2.023E+11,155 674 560,B01,1,7,0,2,3,1,1,
2.023E+11,155 674 555,A01,2,33,3,0,0,21,1,
2.023E+11,155 674 550,A01,3,7,0,2,0,0,2,
2.023E+11,155 674 552,B01,3,50,0,2,0,0,3,
2.023E+11,155 674 551,A01,2,10,15,0,1,1,1,
2.023E+11,155 674 549,B01,2,7,0,2,1,1,1,
2.023E+11,155 674 553,A01,1,7,0,2,6,15,1,
2.023E+11,155 674 546,A01,1,7,0,2,2,15,0,
2.023E+11,155 674 548,B01,1,33,0,2,1,17,0,
2.023E+11,155 674 544,B01,2,33,15,0,7,1,1,
2.023E+11,155 674 547,A01,1,7,0,2,0,15,1,
2.023E+11,155 674 541,B01,3,7,0,2,1,1,1,
2.023E+11,155 674 543,A01,3,10,0,2,2,1,1,
2.023E+11,155 674 545,A01,3,7,0,1,1,1,1,
2.023E+11,155 674 538,A01,1,33,0,2,1,17,1,
2.023E+11,155 674 539,B01,1,7,0,2,5,15,1,
2.023E+11,155 674 536,A01,1,2,0,2,1,13,1,
2.023E+11,155 674 537,B01,2,7,0,2,3,21,1,
2.023E+11,155 674 534,A01,1,14,0,2,1,1,1,
2.023E+11,155 674 535,B01,1,10,16,0,4,23,1,
2.023E+11,155 674 533,A01,1,7,15,0,2,1,1,
2.023E+11,155 674 531,A01,2,7,0,2,3,21,1,
2.023E+11,155 674 532,B01,1,21,0,2,3,15,1,
2.023E+11,155 674 527,B01,3,31,0,2,9,1,1,
2.023E+11,155 674 529,A01,3,7,0,2,3,13,2,