Num_Acc,id_vehicule,num_veh,senc,catv,obs,obsm,choc,manv,motor,occutc
2.023E+11,155 674 069,A01,0,31,0,2,1,1,1,
2.023E+11,155 674 062,A01,2,7,0,2,1,13,1,
2.023E+11,155 674 063,B01,1,7,0,2,1,2,1,
2.023E+11,155 674 061,A01,2,7,4,0,3,1,1,
2.023E+11,155 674 064,B01,1,7,0,2,1,17,1,
2.023E+11,155 674 065,A01,1,7,2,0,6,15,1,
2.023E+11,155 674 059,A01,0,33,0,0,9,1,1,
2.023E+11,155 674 060,A01,2,7,0,1,1,1,1,
2.023E+11,155 674 057,B01,1,1,0,0,0,2,5,
2.023E+11,155 674 058,A01,1,7,0,2,3,2,0,
2.023E+11,155 674 055,A01,1,33,0,0,9,1,1,
2.023E+11,155 674 056,B01,1,33,0,0,9,1,1,
2.023E+11,155 674 053,A01,3,7,0,2,2,15,1,
2.023E+11,155 674 054,B01,3,31,0,2,1,1,1,
2.023E+11,155 674 052,A01,3,7,0,1,2,1,0,
2.023E+11,155 674 051,A01,1,31,13,0,3,1,1,
2.023E+11,155 674 049,C01,1,7,0,2,4,1,1,
2.023E+11,155 674 050,B01,3,2,12,2,1,2,1,
2.023E+11,155 674 047,A01,3,7,0,0,9,2,1,
2.023E+11,155 674 044,A01,1,7,0,2,2,1,1,
2.023E+11,155 674 046,B01,2,1,0,2,1,15,5,
2.023E+11,155 674 042,B01,1,7,0,0,4,2,1,
2.023E+11,155 674 045,A01,1,7,0,2,1,1,1,
2.023E+11,155 674 040,A01,2,31,4,0,8,15,1,
2.023E+11,155 674 039,A01,2,2,0,2,3,1,1,
2.023E+11,155 674 043,B01,1,10,0,2,3,20,1,
2.023E+11,155 674 038,B01,2,7,0,2,3,26,1,
2.023E+11,155 674 041,A01,2,7,7,2,1,1,1,
2.023E+11,155 674 032,C01,1,7,0,2,6,2,1,
2.023E+11,155 674 035,A01,1,7,0,2,3,2,1,
2.023E+11,155 674 037,B01,1,7,0,2,5,2,1,
2.023E+11,155 674 033,A01,0,7,13,2,1,1,1,
2.023E+11,155 674 036,B01,0,10,0,2,1,13,1,
2.023E+11,155 674 031,A01,1,7,0,2,3,1,1,
2.023E+11,155 674 034,B01,2,10,0,2,3,13,1,
2.023E+11,155 674 027,A01,2,7,0,2,1,1,1,
2.023E+11,155 674 028,B01,1,7,7,2,7,19,1,
2.023E+11,155 674 024,B01,1,50,0,2,1,13,3,
2.023E+11,155 674 026,A01,1,7,0,9,7,17,1,
2.023E+11,155 674 025,A01,2,7,0,2,1,5,1,
2.023E+11,155 674 029,B01,1,7,0,2,1,1,1,
2.023E+11,155 674 022,B01,2,7,0,2,1,1,1,
2.023E+11,155 674 023,A01,1,10,0,2,1,21,1,
2.023E+11,155 674 019,A01,2,7,0,2,1,1,1,
2.023E+11,155 674 020,B01,1,7,0,2,7,15,1,
2.023E+11,155 674 018,A01,1,33,0,2,1,1,1,
2.023E+11,155 674 021,B01,2,10,0,2,1,15,1,
2.023E+11,155 674 015,B01,0,7,0,0,4,1,1,
2.023E+11,155 674 016,C01,0,7,0,2,1,2,1,
2.023E+11,155 674 017,A01,0,7,0,2,4,2,1,
2.023E+11,155 674 013,B01,2,7,0,2,4,1,1,
2.023E+11,155 674 014,A01,2,7,0,2,4,1,1,
2.023E+11,155 674 012,A01,1,10,10,0,3,13,1,
2.023E+11,155 674 011,A01,1,7,3,0,3,1,1,
2.023E+11,155 674 009,A01,0,7,0,2,3,15,1,
2.023E+11,155 674 010,B01,1,43,0,2,7,6,1,
2.023E+11,155 674 006,A01,2,7,0,1,1,1,2,
2.023E+11,155 674 000,A01,1,7,0,2,1,2,1,
2.023E+11,155 674 003,B01,1,10,0,2,4,2,1,
2.023E+11,155 674 005,C01,1,7,0,2,4,0,1,
2.023E+11,155 674 007,D01,1,7,0,2,4,2,1,
2.023E+11,155 674 008,E01,1,7,0,2,4,2,1,
2.023E+11,155 674 002,A01,2,7,0,2,2,15,1,
2.023E+11,155 674 004,B01,1,30,0,2,2,1,1,
2.023E+11,155 673 998,A01,1,7,0,2,1,2,1,
2.023E+11,155 673 999,B01,1,7,0,2,4,2,1,
2.023E+11,155 673 996,B01,2,10,0,2,6,2,1,
2.023E+11,155 674 001,A01,2,33,0,2,3,3,1,
2.023E+11,155 673 995,A01,1,7,0,2,2,15,1,
2.023E+11,155 673 997,B01,1,2,0,2,1,18,1,
2.023E+11,155 673 990,A01,1,7,0,0,1,2,1,
2.023E+11,155 673 992,B01,1,7,0,9,1,1,1,
2.023E+11,155 673 987,C01,1,0,0,2,0,0,0,
2.023E+11,155 673 989,Z01,1,0,0,2,0,0,0,
2.023E+11,155 673 991,A01,1,7,0,2,4,0,0,
2.023E+11,155 673 993,B01,1,10,0,2,4,0,0,
2.023E+11,155 673 994,D01,1,7,0,2,6,0,0,
2.023E+11,155 673 982,B01,3,7,0,2,6,1,1,
2.023E+11,155 673 985,A01,3,10,0,2,1,1,1,
2.023E+11,155 673 986,C01,3,7,0,2,6,1,1,
2.023E+11,155 673 980,A01,1,7,0,2,0,0,1,
2.023E+11,155 673 983,B01,1,33,4,2,0,0,1,
2.023E+11,155 673 976,B01,3,7,0,2,1,1,1,
2.023E+11,155 673 978,A01,3,7,0,2,8,16,1,
2.023E+11,155 673 975,A01,2,7,0,2,3,11,1,
2.023E+11,155 673 977,B01,2,32,0,2,2,3,1,
2.023E+11,155 673 979,A01,2,7,0,2,1,13,1,
2.023E+11,155 673 981,B01,1,7,0,2,1,1,1,
2.023E+11,155 673 984,C01,1,7,0,2,1,1,1,
2.023E+11,155 673 972,B01,1,33,0,2,3,1,1,
2.023E+11,155 673 974,A01,1,37,0,2,3,15,1,1
2.023E+11,155 673 970,A01,2,33,0,2,1,2,1,
2.023E+11,155 673 973,B01,2,7,0,2,4,2,1,
2.023E+11,155 673 969,A01,2,7,0,2,3,9,1,
2.023E+11,155 673 971,B01,1,33,0,2,1,1,0,
2.023E+11,155 673 965,A01,2,32,0,2,8,3,1,
2.023E+11,155 673 967,B01,2,7,0,2,7,12,1,
2.023E+11,155 673 964,B01,2,7,0,2,1,1,1,
2.023E+11,155 673 968,A01,1,7,9,2,3,1,1,
2.023E+11,155 673 960,A01,3,7,0,1,2,16,1,
2.023E+11,155 673 962,B01,3,7,0,2,2,19,1,
2.023E+11,155 673 966,A01,3,7,0,2,1,1,0,
2.023E+11,155 673 961,A01,2,7,0,2,1,2,1,
2.023E+11,155 673 963,B01,1,7,0,2,4,2,1,
2.023E+11,155 673 958,A01,1,2,0,0,9,0,1,
2.023E+11,155 673 956,B01,2,7,0,2,1,1,1,
2.023E+11,155 673 959,A01,2,34,0,2,4,1,1,
2.023E+11,155 673 955,A01,3,7,0,2,1,15,3,
2.023E+11,155 673 957,B01,3,1,0,2,8,16,5,
2.023E+11,155 673 951,A01,1,7,0,2,1,26,1,
2.023E+11,155 673 953,B01,1,7,0,2,4,0,1,
2.023E+11,155 673 952,A01,2,7,8,0,1,1,1,
2.023E+11,155 673 947,A01,1,7,0,2,5,12,1,
2.023E+11,155 673 949,B01,1,33,0,2,3,2,1,
2.023E+11,155 673 945,B01,3,30,0,2,1,1,6,
2.023E+11,155 673 948,A01,3,7,0,2,3,15,6,
2.023E+11,155 673 944,A01,1,7,0,2,2,13,1,
2.023E+11,155 673 946,B01,2,7,0,2,3,0,1,
2.023E+11,155 673 942,A01,1,7,0,2,1,2,1,
2.023E+11,155 673 943,B01,1,7,0,2,4,2,1,
2.023E+11,155 673 939,A01,3,7,0,2,7,15,1,
2.023E+11,155 673 941,B01,1,7,0,2,1,1,1,
2.023E+11,155 673 937,A01,1,33,0,2,7,1,1,
2.023E+11,155 673 938,B01,1,7,0,2,8,11,1,
2.023E+11,155 673 940,A01,1,7,13,0,1,14,1,
2.023E+11,155 673 932,C01,2,7,0,2,6,1,0,
2.023E+11,155 673 933,A01,2,15,0,2,3,1,0,
2.023E+11,155 673 935,B01,2,7,0,2,4,1,0,
2.023E+11,155 673 936,D01,2,10,0,2,6,1,0,
2.023E+11,155 673 931,A01,1,7,0,2,4,2,1,
2.023E+11,155 673 934,B01,1,31,0,2,1,2,1,
2.023E+11,155 673 926,A01,2,7,0,2,7,15,1,
2.023E+11,155 673 929,B01,1,7,0,2,1,2,1,
2.023E+11,155 673 925,B01,3,7,0,2,1,1,1,
2.023E+11,155 673 928,A01,3,32,0,2,1,26,1,
2.023E+11,155 673 927,A01,1,7,0,9,1,26,0,
2.023E+11,155 673 930,B01,2,1,0,2,7,1,5,
2.023E+11,155 673 921,A01,1,32,0,2,6,13,1,
2.023E+11,155 673 924,B01,1,7,0,2,6,0,1,
2.023E+11,155 673 919,B01,3,7,0,0,4,23,1,
2.023E+11,155 673 922,C01,3,7,0,2,1,23,1,
2.023E+11,155 673 923,A01,0,7,0,1,3,4,1,
2.023E+11,155 673 920,A01,1,2,1,0,1,21,1,
2.023E+11,155 673 914,A01,1,31,0,2,1,3,1,
2.023E+11,155 673 917,B01,1,10,0,2,5,1,1,
2.023E+11,155 673 915,A01,2,7,0,2,3,13,1,
2.023E+11,155 673 918,B01,2,7,0,2,1,1,1,
2.023E+11,155 673 911,A01,2,32,0,2,8,3,1,
2.023E+11,155 673 913,B01,2,33,0,2,7,1,1,
2.023E+11,155 673 910,A01,1,7,0,2,3,24,0,
2.023E+11,155 673 912,B01,1,33,1,2,1,1,0,
2.023E+11,155 673 908,A01,1,7,0,2,1,1,1,
2.023E+11,155 673 916,B01,1,1,0,2,8,1,5,
2.023E+11,155 673 907,B01,1,33,0,2,1,3,1,
2.023E+11,155 673 909,A01,1,7,0,2,4,12,1,
2.023E+11,155 673 906,A01,2,7,0,1,1,0,1,
2.023E+11,155 673 904,A01,2,33,3,0,1,1,1,
2.023E+11,155 673 903,B01,3,7,0,2,3,15,1,
2.023E+11,155 673 905,A01,1,1,0,2,1,1,5,
2.023E+11,155 673 902,A01,1,7,0,1,0,1,1,
2.023E+11,155 673 901,A01,1,33,0,0,7,1,1,
2.023E+11,155 673 898,A01,2,33,0,2,4,1,1,
2.023E+11,155 673 900,Z01,2,7,0,2,1,2,1,
2.023E+11,155 673 897,A01,2,7,4,2,1,13,1,
2.023E+11,155 673 899,B01,2,10,0,2,7,1,1,
2.023E+11,155 673 895,A01,2,7,0,1,2,1,1,
2.023E+11,155 673 894,A01,3,7,0,1,3,1,1,
2.023E+11,155 673 892,A01,2,37,0,0,0,21,1,3
2.023E+11,155 673 893,B01,2,15,0,2,2,1,0,
2.023E+11,155 673 896,A01,2,7,0,2,3,9,0,
2.023E+11,155 673 890,A01,3,7,0,2,2,15,1,
2.023E+11,155 673 891,B01,3,2,0,2,1,1,1,
2.023E+11,155 673 887,A01,2,7,0,2,1,15,1,
2.023E+11,155 673 889,B01,1,31,0,2,7,1,1,
2.023E+11,155 673 886,A01,2,7,0,0,4,17,1,
2.023E+11,155 673 888,B01,2,33,0,2,1,17,1,
2.023E+11,155 673 884,A01,1,2,0,2,1,3,1,
2.023E+11,155 673 885,B01,1,10,0,9,6,23,1,
2.023E+11,155 673 883,A01,1,7,0,1,6,4,2,
2.023E+11,155 673 880,A01,3,33,0,2,1,1,1,
2.023E+11,155 673 881,B01,3,7,0,2,4,23,1,
2.023E+11,155 673 878,A01,1,7,0,2,2,2,1,
2.023E+11,155 673 882,B01,1,7,0,0,6,1,1,
2.023E+11,155 673 875,C01,2,10,0,2,1,2,1,
2.023E+11,155 673 877,A01,2,7,0,2,4,2,0,
2.023E+11,155 673 879,B01,2,99,0,2,4,2,1,
2.023E+11,155 673 874,A01,3,7,0,1,3,2,1,
2.023E+11,155 673 873,A01,3,7,0,2,3,22,1,
2.023E+11,155 673 876,B01,2,1,0,2,1,1,5,
2.023E+11,155 673 872,A01,2,7,4,0,1,1,1,
2.023E+11,155 673 871,A01,1,32,0,1,8,18,1,
2.023E+11,155 673 870,A01,3,7,0,0,1,15,1,
2.023E+11,155 673 866,A01,1,17,0,2,2,16,1,
2.023E+11,155 673 868,B01,1,1,0,0,0,0,5,
2.023E+11,155 673 865,A01,2,1,0,2,0,2,5,
2.023E+11,155 673 869,Z01,2,7,0,2,0,16,0,
2.023E+11,155 673 863,A01,2,1,0,0,0,5,5,
2.023E+11,155 673 862,A01,1,7,15,0,1,1,1,
2.023E+11,155 673 861,A01,2,7,0,2,1,2,1,
2.023E+11,155 673 864,B01,2,7,0,2,4,1,1,
2.023E+11,155 673 867,C01,2,7,0,2,1,2,1,
2.023E+11,155 673 858,A01,2,10,0,2,3,15,1,
2.023E+11,155 673 860,B01,1,31,0,2,3,1,1,
2.023E+11,155 673 856,A01,1,7,0,2,1,1,1,
2.023E+11,155 673 857,B01,1,33,0,2,4,1,1,
2.023E+11,155 673 852,A01,1,10,0,2,2,15,3,
2.023E+11,155 673 853,B01,2,31,14,2,6,1,1,
2.023E+11,155 673 847,A01,2,7,0,2,1,2,1,
2.023E+11,155 673 849,B01,2,7,0,2,4,1,1,
2.023E+11,155 673 851,C01,2,7,0,2,4,2,0,
2.023E+11,155 673 845,A01,1,7,0,2,8,22,1,
2.023E+11,155 673 848,B01,1,2,0,2,1,17,1,
2.023E+11,155 673 846,A01,2,7,0,2,4,2,1,
2.023E+11,155 673 850,B01,2,10,0,2,1,2,1,
2.023E+11,155 673 843,A01,1,80,0,1,1,1,3,
2.023E+11,155 673 841,B01,2,1,0,2,1,5,5,
2.023E+11,155 673 844,A01,1,7,0,9,2,1,1,
2.023E+11,155 673 839,A01,2,1,0,1,1,1,5,
2.023E+11,155 673 837,D01,2,7,0,2,4,1,1,
2.023E+11,155 673 838,C01,2,7,0,2,3,1,1,
2.023E+11,155 673 840,A01,1,7,0,2,1,13,1,
2.023E+11,155 673 842,B01,2,10,0,2,5,1,1,
2.023E+11,155 673 836,A01,1,30,0,0,7,1,1,
2.023E+11,155 673 834,A01,2,1,0,2,3,1,5,
2.023E+11,155 673 835,Z01,1,31,0,2,2,1,0,
2.023E+11,155 673 832,A01,2,7,2,0,2,1,1,
2.023E+11,155 673 831,B01,1,10,0,0,6,23,0,
2.023E+11,155 673 833,A01,1,7,1,2,2,14,0,
2.023E+11,155 673 828,B01,1,7,0,2,1,0,0,
2.023E+11,155 673 830,A01,2,10,0,2,3,13,0,
2.023E+11,155 673 826,A01,1,7,0,2,2,15,1,
2.023E+11,155 673 829,B01,2,33,0,2,1,1,1,
2.023E+11,155 673 825,B01,2,17,0,2,1,1,1,
2.023E+11,155 673 827,A01,2,7,0,2,7,12,1,
2.023E+11,155 673 823,A01,3,7,0,2,3,22,1,
2.023E+11,155 673 824,B01,0,1,1,0,1,2,5,
2.023E+11,155 673 820,A01,2,7,0,2,1,2,0,
2.023E+11,155 673 822,B01,2,43,0,2,4,2,1,
2.023E+11,155 673 818,A01,0,10,0,1,1,5,0,
2.023E+11,155 673 819,B01,1,7,4,2,5,1,1,
2.023E+11,155 673 821,A01,1,7,4,2,1,1,1,
2.023E+11,155 673 817,A01,2,7,0,1,1,11,1,
2.023E+11,155 673 816,A01,3,1,1,0,0,1,5,
2.023E+11,155 673 815,A01,1,7,4,0,1,1,1,
2.023E+11,155 673 813,A01,2,1,1,0,1,26,5,
2.023E+11,155 673 812,B01,0,7,0,9,2,23,1,
2.023E+11,155 673 814,A01,0,7,0,9,2,13,1,
2.023E+11,155 673 809,A01,3,7,0,1,1,0,0,
2.023E+11,155 673 808,B01,1,33,0,2,7,0,1,
2.023E+11,155 673 810,C01,1,7,0,2,4,1,1,
2.023E+11,155 673 811,A01,1,7,0,2,3,13,2,
2.023E+11,155 673 807,A01,0,7,0,1,1,1,1,
2.023E+11,155 673 804,A01,2,7,0,2,3,15,1,
2.023E+11,155 673 806,B01,1,1,0,2,3,19,5,
2.023E+11,155 673 802,A01,1,7,0,1,1,1,1,
2.023E+11,155 673 800,A01,2,34,1,0,0,14,1,
2.023E+11,155 673 801,A01,1,33,0,2,1,26,1,
2.023E+11,155 673 803,B01,1,7,0,2,2,1,1,
2.023E+11,155 673 805,C01,1,7,0,2,5,1,1,
2.023E+11,155 673 797,A01,0,7,0,2,3,13,1,
2.023E+11,155 673 799,B01,0,7,0,2,6,0,1,
2.023E+11,155 673 795,B01,1,32,0,2,1,2,1,
2.023E+11,155 673 798,A01,1,7,0,2,3,15,1,
2.023E+11,155 673 793,A01,1,7,4,2,3,1,1,
2.023E+11,155 673 794,B01,1,7,0,2,8,1,1,
2.023E+11,155 673 796,C01,1,17,0,2,1,1,1,
2.023E+11,155 673 790,A01,1,33,0,2,1,1,1,
2.023E+11,155 673 792,B01,1,7,0,2,6,23,1,
2.023E+11,155 673 787,A01,1,17,3,2,3,1,1,
2.023E+11,155 673 788,B01,1,7,3,2,1,1,1,
2.023E+11,155 673 789,A01,2,7,0,2,3,20,1,
2.023E+11,155 673 791,B01,2,33,0,2,2,13,1,
2.023E+11,155 673 786,A01,0,30,0,0,1,14,1,
2.023E+11,155 673 785,A01,2,7,0,2,1,21,1,
2.023E+11,155 673 784,A01,1,7,0,1,1,2,1,
2.023E+11,155 673 780,A01,0,31,12,2,1,13,1,
2.023E+11,155 673 781,B01,0,7,0,2,5,23,1,
2.023E+11,155 673 779,B01,2,7,0,2,2,21,1,
2.023E+11,155 673 782,C01,2,7,0,2,3,1,1,
2.023E+11,155 673 783,A01,2,7,0,2,4,1,1,
2.023E+11,155 673 778,A01,0,50,0,1,1,26,3,
2.023E+11,155 673 775,A01,2,14,0,2,1,2,1,
2.023E+11,155 673 776,B01,2,7,0,2,4,2,1,
2.023E+11,155 673 777,C01,2,15,0,2,4,2,1,
2.023E+11,155 673 773,A01,0,34,8,0,1,17,6,
2.023E+11,155 673 774,B01,2,99,0,0,2,16,0,
2.023E+11,155 673 769,A01,1,10,0,2,2,20,1,
2.023E+11,155 673 771,B01,1,2,0,2,1,18,1,
2.023E+11,155 673 765,A01,1,7,0,9,2,16,1,
2.023E+11,155 673 766,B01,1,50,0,2,3,18,3,
2.023E+11,155 673 764,A01,2,7,0,2,1,2,1,
2.023E+11,155 673 767,B01,2,7,0,2,4,2,1,
2.023E+11,155 673 768,C01,2,7,0,2,4,2,1,
2.023E+11,155 673 770,D01,2,7,0,2,4,2,0,
2.023E+11,155 673 772,E01,2,7,0,2,4,2,1,
2.023E+11,155 673 762,B01,2,1,0,2,1,1,5,
2.023E+11,155 673 763,A01,2,7,2,0,5,16,1,
2.023E+11,155 673 761,A01,1,7,4,0,1,0,1,
2.023E+11,155 673 759,A01,1,7,4,2,3,17,1,
2.023E+11,155 673 760,B01,1,10,0,0,0,0,0,
2.023E+11,155 673 758,A01,1,7,4,0,1,26,1,
2.023E+11,155 673 757,A01,3,1,0,0,0,15,5,
2.023E+11,155 673 755,A01,1,7,0,2,1,1,1,
2.023E+11,155 673 756,B01,1,7,3,2,3,1,1,
2.023E+11,155 673 753,A01,1,37,0,2,7,0,1,3
2.023E+11,155 673 754,B01,3,37,0,2,3,0,1,1
2.023E+11,155 673 752,A01,2,7,4,9,8,26,0,
2.023E+11,155 673 750,A01,1,7,0,2,2,20,1,
2.023E+11,155 673 751,B01,1,50,0,2,3,0,3,
2.023E+11,155 673 748,B01,1,10,0,2,1,2,1,
2.023E+11,155 673 749,A01,1,7,0,2,4,23,1,
2.023E+11,155 673 746,A01,1,7,2,2,7,1,1,
2.023E+11,155 673 747,B01,2,34,2,2,1,1,1,
2.023E+11,155 673 745,A01,1,7,4,0,1,16,1,
2.023E+11,155 673 744,A01,1,10,0,1,2,21,1,
2.023E+11,155 673 742,A01,2,7,0,2,1,2,1,
2.023E+11,155 673 743,B01,2,7,0,2,4,23,1,
2.023E+11,155 673 740,A01,1,7,0,2,7,14,1,
2.023E+11,155 673 741,B01,1,2,0,2,8,1,1,
2.023E+11,155 673 739,A01,1,7,4,0,1,2,1,
2.023E+11,155 673 737,B01,2,2,0,2,3,1,2,
2.023E+11,155 673 738,A01,2,7,0,2,2,17,1,
2.023E+11,155 673 733,A01,1,7,0,2,4,2,2,
2.023E+11,155 673 735,B01,1,37,0,2,1,2,1,1
2.023E+11,155 673 734,B01,2,33,0,2,3,11,1,
2.023E+11,155 673 736,A01,2,7,0,2,7,12,1,
2.023E+11,155 673 731,A01,2,7,0,1,1,1,1,
2.023E+11,155 673 730,B01,1,10,0,2,4,1,1,
2.023E+11,155 673 732,A01,1,31,0,2,1,1,1,
2.023E+11,155 673 729,A01,3,36,0,0,9,1,1,
2.023E+11,155 673 726,B01,1,7,0,0,4,23,1,
2.023E+11,155 673 728,A01,1,2,1,0,1,1,1,
2.023E+11,155 673 723,B01,1,33,0,0,0,21,1,
2.023E+11,155 673 724,C01,1,33,0,0,4,1,1,
2.023E+11,155 673 725,D01,1,7,0,0,0,1,1,
2.023E+11,155 673 727,A01,1,33,3,0,8,21,1,
2.023E+11,155 673 721,A01,2,7,0,9,1,1,1,
2.023E+11,155 673 722,B01,2,60,0,2,7,19,5,
2.023E+11,155 673 720,A01,1,99,4,0,8,1,1,
2.023E+11,155 673 718,A01,1,7,4,0,8,13,0,
2.023E+11,155 673 716,A01,1,7,13,0,9,1,1,
2.023E+11,155 673 712,A01,2,7,0,2,8,11,1,
2.023E+11,155 673 713,B01,2,33,3,2,7,17,1,
2.023E+11,155 673 711,B01,2,33,0,2,1,1,1,
2.023E+11,155 673 714,A01,1,7,0,2,2,15,1,
2.023E+11,155 673 715,C01,1,7,0,2,2,23,1,
2.023E+11,155 673 717,D01,1,7,0,2,1,23,1,
2.023E+11,155 673 719,E01,1,7,0,2,6,23,1,
2.023E+11,155 673 708,A01,2,7,0,2,5,15,6,
2.023E+11,155 673 710,B01,1,33,0,2,1,1,1,
2.023E+11,155 673 707,A01,1,33,0,2,1,1,1,
2.023E+11,155 673 709,B01,2,21,0,2,3,1,1,
2.023E+11,155 673 705,A01,2,7,0,0,2,17,1,
2.023E+11,155 673 706,B01,2,2,0,0,4,13,1,
2.023E+11,155 673 703,A01,1,10,0,2,1,16,1,
2.023E+11,155 673 704,B01,1,80,0,2,8,1,3,
2.023E+11,155 673 702,A01,1,7,16,0,9,5,1,
2.023E+11,155 673 701,A01,1,7,16,0,3,1,1,
2.023E+11,155 673 700,B01,0,0,0,1,0,0,0,
2.023E+11,155 673 699,A01,2,33,0,0,9,1,1,
2.023E+11,155 673 697,A01,3,7,0,2,1,15,1,
2.023E+11,155 673 698,B01,3,31,0,2,8,1,1,
2.023E+11,155 673 694,A01,2,7,13,0,1,1,1,
2.023E+11,155 673 695,A01,2,7,0,2,3,15,1,
2.023E+11,155 673 696,B01,2,33,0,2,3,16,1,
2.023E+11,155 673 692,B01,3,1,0,0,1,17,5,
2.023E+11,155 673 693,A01,3,1,0,0,1,1,5,
2.023E+11,155 673 690,A01,2,1,0,2,1,1,5,
2.023E+11,155 673 691,B01,1,1,0,2,1,5,5,
2.023E+11,155 673 687,A01,2,7,0,2,5,1,1,
2.023E+11,155 673 688,C01,1,7,0,2,3,0,1,
2.023E+11,155 673 689,B01,1,37,0,2,2,2,1,2
2.023E+11,155 673 685,A01,2,14,0,2,2,1,1,
2.023E+11,155 673 686,B01,2,7,0,2,6,13,1,
2.023E+11,155 673 684,A01,3,7,1,1,4,4,1,
2.023E+11,155 673 682,A01,1,1,0,2,0,0,5,
2.023E+11,155 673 683,B01,2,99,0,2,0,0,0,
2.023E+11,155 673 680,B01,1,2,0,2,5,1,1,
2.023E+11,155 673 681,A01,2,7,0,2,3,1,1,
2.023E+11,155 673 678,B01,2,0,0,2,0,0,-1,
2.023E+11,155 673 679,A01,2,1,0,0,4,0,5,
2.023E+11,155 673 676,B01,2,7,0,2,3,10,1,
2.023E+11,155 673 677,A01,1,33,0,2,3,1,1,
2.023E+11,155 673 674,B01,1,33,0,2,7,17,1,
2.023E+11,155 673 675,A01,1,7,0,2,3,15,1,
2.023E+11,155 673 672,B01,2,1,1,0,1,1,5,
2.023E+11,155 673 673,A01,2,7,0,2,3,22,1,
2.023E+11,155 673 670,A01,1,33,0,2,1,21,1,
2.023E+11,155 673 671,B01,2,1,0,2,1,1,5,
2.023E+11,155 673 668,B01,1,7,1,0,6,23,2,
2.023E+11,155 673 669,A01,1,13,0,0,0,0,1,
2.023E+11,155 673 667,A01,2,37,0,1,1,15,1,1
2.023E+11,155 673 665,B01,2,50,0,2,1,1,3,
2.023E+11,155 673 666,A01,3,10,0,2,2,16,0,
2.023E+11,155 673 663,B01,1,50,0,2,1,1,3,
2.023E+11,155 673 664,A01,2,7,0,2,1,10,1,
2.023E+11,155 673 661,B01,1,33,0,2,2,15,1,
2.023E+11,155 673 662,A01,1,10,0,2,8,15,1,
2.023E+11,155 673 659,A01,1,7,0,2,7,15,1,
2.023E+11,155 673 660,B01,2,7,0,2,1,1,1,
2.023E+11,155 673 657,B01,1,1,0,2,1,1,5,
2.023E+11,155 673 658,A01,3,7,0,0,3,15,1,
2.023E+11,155 673 655,A01,1,7,0,2,1,15,1,
2.023E+11,155 673 656,B01,2,33,0,2,7,1,1,
2.023E+11,155 673 654,A01,2,7,16,0,0,0,1,
2.023E+11,155 673 652,A01,1,7,3,2,2,0,1,
2.023E+11,155 673 653,B01,1,7,4,2,6,1,1,
2.023E+11,155 673 650,A01,1,1,1,0,1,1,5,
2.023E+11,155 673 651,B01,1,10,0,0,4,26,1,
2.023E+11,155 673 648,A01,2,7,0,2,1,9,1,
2.023E+11,155 673 649,B01,2,33,0,0,7,1,1,
2.023E+11,155 673 647,A01,1,32,7,0,1,6,1,
2.023E+11,155 673 645,A01,0,10,0,9,2,1,1,
2.023E+11,155 673 646,B01,0,1,0,2,4,19,5,
2.023E+11,155 673 643,A01,2,30,0,0,1,1,1,
2.023E+11,155 673 644,B01,2,14,0,0,0,2,0,
2.023E+11,155 673 641,A01,2,7,0,2,3,1,0,
2.023E+11,155 673 642,B01,1,7,0,2,3,1,0,
2.023E+11,155 673 640,A01,3,7,0,1,1,0,1,
2.023E+11,155 673 638,B01,1,34,0,1,7,23,1,
2.023E+11,155 673 639,A01,1,7,1,2,3,1,1,
2.023E+11,155 673 636,A01,1,7,0,2,3,0,1,
2.023E+11,155 673 637,B01,2,7,0,2,3,1,1,
2.023E+11,155 673 635,A01,2,7,12,0,2,2,1,
2.023E+11,155 673 634,A01,2,33,0,1,1,3,1,
2.023E+11,155 673 632,B01,1,21,0,2,3,1,1,
2.023E+11,155 673 633,A01,2,7,0,2,1,13,1,
2.023E+11,155 673 630,A01,2,7,2,0,2,21,1,
2.023E+11,155 673 631,A01,3,2,13,0,0,16,1,
2.023E+11,155 673 627,A01,2,7,0,2,3,1,1,
2.023E+11,155 673 629,B01,2,7,0,2,1,13,1,
2.023E+11,155 673 625,A01,3,36,8,0,3,26,6,
2.023E+11,155 673 626,A01,1,7,0,2,2,15,1,
2.023E+11,155 673 628,B01,2,1,0,2,8,1,5,
2.023E+11,155 673 623,A01,1,7,0,2,7,13,1,
2.023E+11,155 673 624,B01,2,7,0,0,1,1,1,
2.023E+11,155 673 622,A01,1,1,0,0,0,1,5,
2.023E+11,155 673 621,A01,2,7,13,0,1,1,1,
2.023E+11,155 673 620,A01,1,7,0,1,1,1,1,
2.023E+11,155 673 619,A01,2,3,1,0,1,14,1,
2.023E+11,155 673 617,A01,2,1,0,0,0,16,5,
2.023E+11,155 673 614,B01,2,7,1,0,1,20,1,
2.023E+11,155 673 615,A01,1,7,0,1,4,24,1,
2.023E+11,155 673 612,A01,2,14,0,1,2,1,1,
2.023E+11,155 673 611,A01,1,7,0,0,8,11,1,
2.023E+11,155 673 613,B01,1,33,0,0,1,2,1,
2.023E+11,155 673 609,B01,1,31,0,2,1,1,1,