Num_Acc,id_vehicule,num_veh,senc,catv,obs,obsm,choc,manv,motor,occutc
2.023E+11,155 673 147,A01,3,7,0,2,2,19,1,
2.023E+11,155 673 149,B01,1,31,0,2,8,1,1,
2.023E+11,155 673 145,A01,3,30,14,0,3,26,1,
2.023E+11,155 673 143,A01,2,7,0,1,2,26,1,
2.023E+11,155 673 141,B01,0,1,0,2,0,19,5,
2.023E+11,155 673 142,A01,0,7,0,2,1,1,1,
2.023E+11,155 673 140,A01,1,7,3,0,0,26,1,
2.023E+11,155 673 138,A01,1,7,0,1,2,1,1,
2.023E+11,155 673 135,A01,3,7,0,1,0,26,-1,
2.023E+11,155 673 136,A01,1,30,0,0,7,16,1,
2.023E+11,155 673 134,A01,1,50,0,1,7,21,3,
2.023E+11,155 673 131,A01,1,31,0,2,4,1,0,
2.023E+11,155 673 133,B01,1,2,14,0,1,1,1,
2.023E+11,155 673 130,A01,1,7,6,2,1,1,1,
2.023E+11,155 673 132,B01,1,7,6,2,6,1,1,
2.023E+11,155 673 129,A01,0,7,0,1,0,0,1,
2.023E+11,155 673 127,A01,1,33,0,2,1,2,1,
2.023E+11,155 673 128,B01,1,7,0,2,5,23,1,
2.023E+11,155 673 124,B01,1,7,0,2,2,16,3,
2.023E+11,155 673 125,A01,2,1,0,2,6,1,5,
2.023E+11,155 673 121,A01,1,7,0,2,1,2,1,
2.023E+11,155 673 122,B01,1,7,0,2,4,2,1,
2.023E+11,155 673 123,A01,2,33,0,2,7,17,1,
2.023E+11,155 673 126,B01,2,7,0,2,8,15,1,
2.023E+11,155 673 118,A01,1,50,0,2,1,1,3,
2.023E+11,155 673 120,B01,1,7,0,2,2,1,1,
2.023E+11,155 673 117,B01,1,7,0,2,2,26,1,
2.023E+11,155 673 119,A01,1,30,0,2,2,18,3,
2.023E+11,155 673 113,A01,2,30,12,0,7,0,1,
2.023E+11,155 673 112,A01,1,33,0,2,3,26,1,
2.023E+11,155 673 114,B01,1,7,0,2,3,15,1,
2.023E+11,155 673 111,Z01,1,7,0,9,0,26,1,
2.023E+11,155 673 115,A01,2,7,0,2,1,21,1,
2.023E+11,155 673 116,B01,2,7,0,2,4,1,1,
2.023E+11,155 673 110,A01,2,50,1,0,3,21,3,
2.023E+11,155 673 108,A01,2,7,0,2,3,5,2,
2.023E+11,155 673 109,B01,1,7,0,2,1,1,1,
2.023E+11,155 673 103,A01,1,7,0,2,3,15,1,
2.023E+11,155 673 106,B01,1,2,0,2,1,3,1,
2.023E+11,155 673 102,A01,1,38,0,2,3,13,1,1
2.023E+11,155 673 105,B01,1,7,0,2,7,1,2,
2.023E+11,155 673 101,B01,2,7,0,2,1,5,0,
2.023E+11,155 673 104,C01,1,10,0,2,0,0,0,
2.023E+11,155 673 107,A01,1,7,0,2,1,0,1,
2.023E+11,155 673 100,A01,1,7,0,1,1,1,1,
2.023E+11,155 673 099,A01,3,50,0,1,1,26,3,
2.023E+11,155 673 096,A01,1,7,12,2,8,1,1,
2.023E+11,155 673 098,B01,2,7,0,2,1,15,1,
2.023E+11,155 673 095,A01,1,7,0,2,1,26,1,
2.023E+11,155 673 097,B01,1,7,0,2,4,0,1,
2.023E+11,155 673 092,A01,3,50,0,2,6,26,3,
2.023E+11,155 673 094,B01,3,7,0,9,2,1,1,
2.023E+11,155 673 093,A01,2,33,0,1,1,2,1,
2.023E+11,155 673 086,Z01,1,7,0,2,1,2,0,
2.023E+11,155 673 088,B01,1,3,0,2,4,2,1,
2.023E+11,155 673 090,C01,1,7,0,2,4,2,1,
2.023E+11,155 673 087,A01,3,7,8,0,1,1,1,
2.023E+11,155 673 084,A01,3,7,6,0,1,14,1,
2.023E+11,155 673 083,A01,3,7,0,1,1,1,0,
2.023E+11,155 673 082,C01,1,7,14,0,1,1,1,
2.023E+11,155 673 085,A01,1,7,0,2,1,1,1,
2.023E+11,155 673 089,B01,1,7,14,0,4,23,1,
2.023E+11,155 673 080,A01,1,10,0,2,2,1,1,
2.023E+11,155 673 081,B01,1,1,0,2,1,1,5,
2.023E+11,155 673 079,B01,1,7,3,0,3,21,1,
2.023E+11,155 673 076,A01,1,7,0,2,1,2,1,
2.023E+11,155 673 078,B01,1,2,0,2,4,2,1,
2.023E+11,155 673 077,Z01,3,0,0,1,1,1,0,
2.023E+11,155 673 075,A01,3,7,0,1,8,15,1,
2.023E+11,155 673 072,A01,1,7,0,2,2,13,1,
2.023E+11,155 673 074,B01,2,7,0,2,2,1,2,
2.023E+11,155 673 069,B01,2,7,0,2,4,1,1,
2.023E+11,155 673 070,A01,2,7,0,2,1,1,1,
2.023E+11,155 673 073,C01,2,7,0,2,4,1,1,
2.023E+11,155 673 067,A01,1,7,0,2,2,1,1,
2.023E+11,155 673 071,B01,2,7,0,2,3,15,1,
2.023E+11,155 673 065,A01,1,7,0,2,5,16,1,
2.023E+11,155 673 068,B01,1,1,0,2,1,1,5,
2.023E+11,155 673 064,A01,1,50,0,2,1,1,3,
2.023E+11,155 673 066,B01,2,7,0,2,5,0,1,
2.023E+11,155 673 063,A01,2,7,9,1,1,26,0,
2.023E+11,155 673 062,A01,1,31,0,1,3,1,1,
2.023E+11,155 673 059,A01,2,31,12,0,0,16,1,
2.023E+11,155 673 057,A01,2,7,0,1,2,2,1,
2.023E+11,155 673 056,B01,2,7,0,2,6,1,1,
2.023E+11,155 673 058,A01,0,1,0,2,1,1,5,
2.023E+11,155 673 060,A01,3,7,0,2,1,1,1,
2.023E+11,155 673 061,B01,3,7,0,2,1,1,1,
2.023E+11,155 673 055,A01,1,33,16,2,0,1,0,
2.023E+11,155 673 052,B01,1,1,0,2,3,26,5,
2.023E+11,155 673 054,A01,1,7,0,2,2,26,1,
2.023E+11,155 673 051,A01,1,7,4,0,1,1,1,
2.023E+11,155 673 048,A01,3,7,4,0,1,2,3,
2.023E+11,155 673 053,B01,3,7,4,0,9,2,1,
2.023E+11,155 673 046,A01,2,7,9,0,5,1,1,
2.023E+11,155 673 049,B01,3,37,0,2,3,1,1,1
2.023E+11,155 673 050,A01,3,7,0,2,1,13,1,
2.023E+11,155 673 044,A01,3,7,0,2,2,15,1,
2.023E+11,155 673 047,B01,3,33,0,2,1,1,1,
2.023E+11,155 673 043,B01,1,7,0,2,1,1,1,
2.023E+11,155 673 045,A01,1,7,0,2,1,1,1,
2.023E+11,155 673 042,A01,1,7,13,0,1,1,1,
2.023E+11,155 673 039,A01,1,7,0,1,1,1,1,
2.023E+11,155 673 037,A01,1,1,0,2,1,1,5,
2.023E+11,155 673 041,B01,1,7,0,2,2,1,1,
2.023E+11,155 673 036,A01,0,7,0,2,6,1,1,
2.023E+11,155 673 038,B01,1,33,0,2,1,21,1,
2.023E+11,155 673 040,A01,3,7,8,0,2,16,1,
2.023E+11,155 673 035,A01,1,7,7,0,2,21,1,
2.023E+11,155 673 032,B01,1,7,0,2,6,2,1,
2.023E+11,155 673 034,A01,1,2,0,2,1,2,3,
2.023E+11,155 673 030,B01,3,2,0,2,1,2,1,
2.023E+11,155 673 033,A01,3,7,0,2,3,15,1,
2.023E+11,155 673 029,B01,2,7,0,0,0,15,1,
2.023E+11,155 673 031,A01,1,33,0,0,0,21,1,
2.023E+11,155 673 025,A01,1,7,0,2,8,22,1,
2.023E+11,155 673 026,B01,1,80,1,0,1,1,3,
2.023E+11,155 673 022,A01,2,10,0,2,1,1,1,
2.023E+11,155 673 024,B01,2,7,0,2,4,1,1,
2.023E+11,155 673 027,C01,2,7,0,2,4,1,1,
2.023E+11,155 673 021,B01,3,7,0,2,1,1,1,
2.023E+11,155 673 023,A01,3,7,0,2,1,5,1,
2.023E+11,155 673 017,A01,2,7,0,2,8,22,1,
2.023E+11,155 673 019,B01,2,1,1,0,2,1,5,
2.023E+11,155 673 020,B01,3,2,0,2,1,2,1,
2.023E+11,155 673 028,A01,3,7,0,2,5,15,1,
2.023E+11,155 673 012,C01,2,7,0,2,1,2,1,
2.023E+11,155 673 014,B01,2,7,0,2,4,1,1,
2.023E+11,155 673 016,A01,2,7,0,2,1,12,1,
2.023E+11,155 673 018,D01,2,7,0,2,1,1,1,
2.023E+11,155 673 013,B01,3,7,0,2,3,1,1,
2.023E+11,155 673 015,A01,3,7,0,2,5,15,1,
2.023E+11,155 673 010,A01,1,7,0,2,5,13,1,
2.023E+11,155 673 011,B01,1,43,0,2,3,1,1,
2.023E+11,155 673 009,A01,2,7,0,1,1,2,1,
2.023E+11,155 673 006,A01,1,7,0,2,3,11,1,
2.023E+11,155 673 007,B01,1,2,0,2,1,1,1,
2.023E+11,155 673 004,A01,2,7,0,2,2,15,1,
2.023E+11,155 673 005,B01,2,1,0,2,8,1,5,
2.023E+11,155 673 001,A01,2,7,4,0,8,12,1,
2.023E+11,155 673 003,A01,3,3,0,1,2,16,1,
2.023E+11,155 673 000,A01,1,7,0,2,2,1,1,
2.023E+11,155 673 002,B01,1,1,0,2,1,19,5,
2.023E+11,155 672 998,A01,0,32,0,2,2,1,1,
2.023E+11,155 672 999,B01,3,7,0,2,2,15,1,
2.023E+11,155 672 995,B01,1,31,0,2,7,1,1,
2.023E+11,155 672 997,A01,1,33,0,2,8,13,1,
2.023E+11,155 672 993,B01,2,7,0,2,2,1,1,
2.023E+11,155 672 996,A01,1,7,0,2,1,16,1,
2.023E+11,155 672 991,A01,1,50,0,2,8,19,3,
2.023E+11,155 672 994,B01,1,7,0,2,1,1,1,
2.023E+11,155 672 992,Z01,3,1,9,1,1,0,5,
2.023E+11,155 672 988,B01,1,7,0,2,5,2,1,
2.023E+11,155 672 989,C01,1,7,0,2,5,2,1,
2.023E+11,155 672 990,A01,1,7,4,2,3,2,1,
2.023E+11,155 672 984,A01,2,7,0,2,1,13,1,
2.023E+11,155 672 983,C01,3,7,0,2,1,1,1,
2.023E+11,155 672 986,B01,3,7,0,2,3,2,1,
2.023E+11,155 672 987,A01,3,33,0,2,7,12,1,
2.023E+11,155 672 982,A01,1,7,0,2,7,15,1,
2.023E+11,155 672 985,B01,1,31,0,2,1,1,1,
2.023E+11,155 672 979,A01,1,32,0,1,0,0,0,
2.023E+11,155 672 981,A01,3,7,2,0,5,15,1,
2.023E+11,155 672 977,B01,1,7,0,2,2,0,1,
2.023E+11,155 672 980,A01,0,7,0,2,2,1,1,
2.023E+11,155 672 975,A01,2,7,1,0,3,14,1,
2.023E+11,155 672 976,B01,1,32,0,2,1,1,1,
2.023E+11,155 672 978,A01,2,1,0,2,8,19,5,
2.023E+11,155 672 971,A01,1,7,0,1,2,1,1,
2.023E+11,155 672 970,B01,1,7,0,2,2,1,1,
2.023E+11,155 672 974,A01,1,7,0,2,6,15,1,
2.023E+11,155 672 968,A01,1,7,0,2,8,15,1,
2.023E+11,155 672 972,B01,1,30,0,2,0,17,1,
2.023E+11,155 672 969,B01,1,17,0,2,2,16,1,
2.023E+11,155 672 973,A01,3,1,0,2,8,19,5,
2.023E+11,155 672 967,A01,3,31,0,1,1,1,1,
2.023E+11,155 672 963,A01,1,1,0,2,2,1,5,
2.023E+11,155 672 965,B01,0,60,0,2,1,21,5,
2.023E+11,155 672 966,A01,1,43,1,0,2,14,1,
2.023E+11,155 672 962,B01,3,1,0,2,1,2,5,
2.023E+11,155 672 964,A01,1,7,0,2,3,15,1,
2.023E+11,155 672 958,A01,0,7,0,2,3,15,1,
2.023E+11,155 672 960,B01,0,33,0,2,1,17,1,
2.023E+11,155 672 953,A01,1,7,0,2,3,9,3,
2.023E+11,155 672 956,B01,1,2,0,2,5,14,1,
2.023E+11,155 672 954,A01,2,33,0,2,1,17,1,
2.023E+11,155 672 957,B01,2,7,0,2,3,15,2,
2.023E+11,155 672 959,C01,1,7,0,2,4,1,3,
2.023E+11,155 672 952,B01,2,7,0,2,4,1,1,
2.023E+11,155 672 955,A01,2,7,0,2,1,2,1,
2.023E+11,155 672 951,A01,3,7,14,0,1,1,1,
2.023E+11,155 672 950,A01,3,30,0,0,0,1,0,
2.023E+11,155 672 948,A01,1,10,13,0,2,1,1,
2.023E+11,155 672 947,A01,3,37,0,1,8,7,0,1
2.023E+11,155 672 946,A01,1,7,0,1,1,1,1,
2.023E+11,155 672 945,A01,1,7,0,1,1,13,1,
2.023E+11,155 672 942,B01,1,50,0,2,7,1,3,
2.023E+11,155 672 944,A01,1,50,0,2,8,13,3,
2.023E+11,155 672 940,A01,1,50,0,1,1,1,3,
2.023E+11,155 672 939,B01,3,7,0,2,1,1,1,
2.023E+11,155 672 943,A01,-1,7,0,2,1,5,1,
2.023E+11,155 672 938,A01,1,7,0,2,1,2,1,
2.023E+11,155 672 941,B01,1,7,0,2,4,2,1,
2.023E+11,155 672 935,A01,3,7,1,-1,1,14,1,
2.023E+11,155 672 937,A01,1,80,0,1,7,1,3,
2.023E+11,155 672 933,A01,2,7,0,2,4,2,4,
2.023E+11,155 672 936,B01,2,7,0,2,1,1,4,
2.023E+11,155 672 929,A01,1,7,0,2,6,15,1,
2.023E+11,155 672 932,B01,1,43,0,2,1,1,1,
2.023E+11,155 672 928,A01,2,7,0,2,5,10,0,
2.023E+11,155 672 931,B01,1,33,0,2,1,1,0,
2.023E+11,155 672 926,A01,2,7,0,2,1,9,1,
2.023E+11,155 672 930,B01,2,1,0,2,7,1,5,
2.023E+11,155 672 924,A01,0,7,13,0,9,1,1,
2.023E+11,155 672 921,A01,3,32,0,2,2,15,0,
2.023E+11,155 672 922,B01,3,7,0,2,1,1,0,
2.023E+11,155 672 920,B01,0,0,0,1,0,0,0,
2.023E+11,155 672 919,A01,0,7,0,1,1,1,1,
2.023E+11,155 672 915,A01,1,7,0,9,3,1,1,
2.023E+11,155 672 918,B01,1,1,0,2,0,1,5,
2.023E+11,155 672 916,B01,0,1,1,2,8,2,5,
2.023E+11,155 672 917,A01,0,7,1,2,2,17,1,
2.023E+11,155 672 912,B01,1,7,0,2,8,15,1,
2.023E+11,155 672 914,A01,1,34,0,2,2,17,1,
2.023E+11,155 672 911,Z01,1,7,0,0,0,0,0,
2.023E+11,155 672 913,A01,1,1,0,2,0,0,5,
2.023E+11,155 672 910,A01,3,7,6,0,1,1,1,
2.023E+11,155 672 909,A01,2,7,0,1,8,16,0,
2.023E+11,155 672 907,A01,1,7,0,2,1,15,1,
2.023E+11,155 672 908,B01,1,37,0,2,3,1,1,1
2.023E+11,155 672 904,A01,1,30,0,0,0,26,1,
2.023E+11,155 672 902,A01,3,32,0,2,3,9,1,
2.023E+11,155 672 906,B01,3,7,0,2,2,1,1,
2.023E+11,155 672 901,B01,1,10,0,2,2,0,0,
2.023E+11,155 672 905,A01,3,30,0,2,1,0,1,
2.023E+11,155 672 900,B01,2,2,0,2,4,17,1,
2.023E+11,155 672 903,Z01,2,7,0,2,1,17,1,
2.023E+11,155 672 897,A01,1,34,8,0,1,13,1,
2.023E+11,155 672 896,A01,1,31,1,1,1,17,1,
2.023E+11,155 672 894,A01,1,7,0,2,3,15,1,
2.023E+11,155 672 898,B01,1,32,0,2,8,26,1,
2.023E+11,155 672 892,A01,3,7,0,2,1,13,1,
2.023E+11,155 672 893,B01,3,7,0,2,1,1,1,
2.023E+11,155 672 895,B01,0,7,0,2,4,23,1,
2.023E+11,155 672 899,A01,3,30,0,2,1,2,1,
2.023E+11,155 672 891,A01,3,7,8,0,9,1,1,
2.023E+11,155 672 890,A01,0,0,0,1,0,1,0,
2.023E+11,155 672 884,A01,3,7,0,2,6,4,1,
2.023E+11,155 672 887,B01,3,7,0,2,5,1,1,
2.023E+11,155 672 883,B01,1,7,0,2,7,1,1,
2.023E+11,155 672 886,A01,1,7,0,2,3,26,1,
2.023E+11,155 672 882,B01,3,50,0,2,8,19,3,
2.023E+11,155 672 888,C01,3,7,0,2,2,15,1,
2.023E+11,155 672 889,A01,3,7,0,2,3,15,1,
2.023E+11,155 672 878,A01,2,7,0,2,3,13,1,
2.023E+11,155 672 880,B01,2,7,0,2,2,1,1,
2.023E+11,155 672 881,A01,1,7,0,2,1,5,1,
2.023E+11,155 672 885,B01,1,7,0,2,1,1,1,
2.023E+11,155 672 879,A01,1,43,0,1,1,1,1,
2.023E+11,155 672 877,A01,1,14,0,1,1,5,1,
2.023E+11,155 672 874,A01,2,7,0,2,7,17,1,
2.023E+11,155 672 876,B01,2,1,0,2,8,1,5,
2.023E+11,155 672 873,A01,2,7,0,1,2,15,1,
2.023E+11,155 672 871,A01,0,50,0,2,1,2,3,
2.023E+11,155 672 875,B01,0,7,0,2,4,1,1,
2.023E+11,155 672 869,B01,1,7,0,2,3,1,1,
2.023E+11,155 672 872,A01,2,7,0,2,1,13,1,
2.023E+11,155 672 864,A01,1,33,0,2,1,3,1,
2.023E+11,155 672 867,B01,1,7,0,2,0,13,1,
2.023E+11,155 672 870,C01,1,7,0,2,2,1,1,
2.023E+11,155 672 865,B01,3,60,0,2,1,1,5,
2.023E+11,155 672 868,A01,1,32,0,2,0,26,1,
2.023E+11,155 672 861,A01,0,7,0,2,8,0,1,
2.023E+11,155 672 863,B01,1,1,0,2,1,1,5,
2.023E+11,155 672 859,A01,1,7,1,0,2,0,1,
2.023E+11,155 672 860,A01,3,7,0,2,1,15,1,
2.023E+11,155 672 866,B01,3,33,0,2,1,1,1,
2.023E+11,155 672 858,A01,1,42,0,2,1,2,1,
2.023E+11,155 672 862,B01,1,7,0,2,6,2,1,
2.023E+11,155 672 854,A01,0,7,0,2,1,1,1,
2.023E+11,155 672 857,B01,0,1,0,2,7,19,5,
2.023E+11,155 672 851,A01,1,7,0,2,7,16,1,
2.023E+11,155 672 852,B01,1,34,0,2,8,18,1,
2.023E+11,155 672 853,A01,0,33,0,0,0,0,0,
2.023E+11,155 672 856,B01,0,1,0,0,0,0,5,
2.023E+11,155 672 850,A01,1,7,0,2,4,2,1,
2.023E+11,155 672 855,Z01,1,7,0,2,1,2,1,
2.023E+11,155 672 848,A01,3,50,0,1,1,2,3,
2.023E+11,155 672 846,A01,1,37,0,0,5,23,0,1
2.023E+11,155 672 844,A01,3,7,9,0,3,26,1,
2.023E+11,155 672 841,A01,2,7,0,2,8,11,1,
2.023E+11,155 672 843,B01,2,31,0,2,7,3,1,
2.023E+11,155 672 839,A01,1,3,0,2,7,17,1,
2.023E+11,155 672 840,B01,1,7,0,2,8,1,3,
2.023E+11,155 672 838,B01,3,99,8,2,2,2,1,
2.023E+11,155 672 842,A01,3,32,8,9,4,26,1,
2.023E+11,155 672 835,A01,3,7,0,1,4,4,1,
2.023E+11,155 672 834,A01,1,7,0,2,6,15,1,
2.023E+11,155 672 837,B01,1,33,1,0,1,17,1,
2.023E+11,155 672 832,B01,1,7,8,2,2,5,1,
2.023E+11,155 672 836,A01,1,37,0,2,1,10,1,6
2.023E+11,155 672 831,B01,3,2,0,2,1,23,0,
2.023E+11,155 672 833,A01,3,10,0,2,4,4,0,
2.023E+11,155 672 826,B01,3,80,0,2,0,0,3,
2.023E+11,155 672 829,A01,3,7,0,2,2,16,1,
2.023E+11,155 672 825,A01,3,7,0,2,3,26,2,
2.023E+11,155 672 828,B01,2,33,0,2,1,1,1,
2.023E+11,155 672 827,A01,2,30,0,1,1,16,1,
2.023E+11,155 672 824,A01,2,7,0,2,3,5,1,
2.023E+11,155 672 830,B01,0,7,0,2,1,1,1,
2.023E+11,155 672 821,A01,2,7,0,2,3,15,1,
2.023E+11,155 672 823,B01,2,50,0,2,1,1,3,
2.023E+11,155 672 822,A01,1,34,9,0,1,2,1,
2.023E+11,155 672 819,A01,1,33,0,0,8,26,1,
2.023E+11,155 672 820,A01,1,7,8,0,1,14,1,
2.023E+11,155 672 814,A01,1,7,0,0,8,26,1,
2.023E+11,155 672 812,C01,1,7,0,2,1,1,1,
2.023E+11,155 672 815,B01,2,15,0,2,1,1,1,
2.023E+11,155 672 816,A01,1,7,0,2,1,5,1,
2.023E+11,155 672 810,A01,3,1,0,2,1,1,5,
2.023E+11,155 672 813,B01,3,33,0,2,1,1,1,
2.023E+11,155 672 809,A01,1,7,1,2,3,9,1,
2.023E+11,155 672 811,B01,2,7,0,2,1,1,1,
2.023E+11,155 672 803,B01,3,7,0,2,3,9,1,
2.023E+11,155 672 807,A01,3,30,0,2,3,1,1,
2.023E+11,155 672 806,B01,0,7,0,2,1,1,1,
2.023E+11,155 672 808,A01,0,10,0,2,1,5,1,
2.023E+11,155 672 804,A01,1,32,12,0,2,13,1,
2.023E+11,155 672 802,B01,1,7,0,2,1,1,1,
2.023E+11,155 672 805,A01,1,7,0,2,4,23,1,
2.023E+11,155 672 799,A01,1,7,0,2,3,13,1,
2.023E+11,155 672 800,B01,2,7,0,2,3,1,1,
2.023E+11,155 672 798,A01,1,80,0,2,3,19,3,
2.023E+11,155 672 801,B01,2,2,0,2,1,17,1,
2.023E+11,155 672 795,A01,3,7,0,2,2,15,1,
2.023E+11,155 672 797,B01,3,31,0,2,3,1,1,
2.023E+11,155 672 796,A01,1,1,0,0,0,1,5,
2.023E+11,155 672 794,A01,2,7,2,0,1,16,1,
2.023E+11,155 672 792,A01,1,2,0,2,1,14,1,
2.023E+11,155 672 793,B01,1,7,0,2,4,9,1,
2.023E+11,155 672 790,A01,3,7,4,0,2,1,1,
2.023E+11,155 672 788,A01,1,7,0,2,1,15,1,
2.023E+11,155 672 791,B01,2,1,12,2,8,1,5,
2.023E+11,155 672 786,A01,3,10,0,2,3,15,1,
2.023E+11,155 672 789,B01,3,34,0,2,1,1,1,
2.023E+11,155 672 784,A01,3,7,0,2,3,9,1,
2.023E+11,155 672 787,B01,3,1,0,2,1,1,5,
2.023E+11,155 672 782,A01,2,7,0,1,1,1,1,
2.023E+11,155 672 783,A01,2,32,0,1,1,1,1,
2.023E+11,155 672 781,B01,1,7,0,2,2,0,1,
2.023E+11,155 672 785,A01,1,7,4,2,9,1,1,
2.023E+11,155 672 779,A01,1,7,11,0,1,1,1,
2.023E+11,155 672 776,A01,1,7,0,2,3,15,1,
2.023E+11,155 672 778,B01,1,42,0,2,1,17,0,
2.023E+11,155 672 777,A01,3,7,0,2,2,19,1,
2.023E+11,155 672 780,B01,3,2,0,2,1,1,1,
2.023E+11,155 672 774,A01,1,7,0,0,1,13,1,
2.023E+11,155 672 771,A01,2,50,0,1,1,2,3,
2.023E+11,155 672 773,A01,0,7,0,2,3,15,1,
2.023E+11,155 672 775,B01,0,2,0,0,0,0,1,
2.023E+11,155 672 770,A01,1,7,0,2,6,15,1,
2.023E+11,155 672 772,B01,1,2,0,2,1,1,1,
2.023E+11,155 672 767,A01,2,33,0,2,1,1,1,
2.023E+11,155 672 769,B01,1,7,0,2,1,23,1,
2.023E+11,155 672 766,A01,0,7,0,1,1,2,0,
2.023E+11,155 672 765,B01,3,7,0,2,1,26,3,
2.023E+11,155 672 768,A01,3,7,0,2,1,13,1,
2.023E+11,155 672 764,A01,3,1,0,0,0,0,5,
2.023E+11,155 672 763,A01,2,7,8,1,3,1,1,
2.023E+11,155 672 760,A01,3,10,0,2,1,1,1,
2.023E+11,155 672 762,B01,1,7,0,2,2,15,0,
2.023E+11,155 672 759,B01,1,7,0,2,2,1,1,
2.023E+11,155 672 761,A01,3,7,0,2,3,16,1,
2.023E+11,155 672 756,A01,3,7,0,2,3,13,1,
2.023E+11,155 672 758,B01,3,7,0,2,3,1,1,
2.023E+11,155 672 754,A01,3,7,0,2,7,16,1,
2.023E+11,155 672 757,B01,3,50,0,2,1,19,3,
2.023E+11,155 672 753,A01,1,7,0,2,3,13,1,
2.023E+11,155 672 755,B01,2,7,0,0,3,1,1,
2.023E+11,155 672 751,B01,3,2,0,2,7,2,1,
2.023E+11,155 672 752,A01,3,7,0,2,3,9,1,
2.023E+11,155 672 750,A01,2,7,3,0,7,14,1,
2.023E+11,155 672 748,A01,2,1,0,0,8,1,5,
2.023E+11,155 672 746,A01,1,7,0,0,0,1,1,
2.023E+11,155 672 747,B01,1,33,0,0,0,17,1,
2.023E+11,155 672 745,B01,3,7,0,2,1,1,1,
2.023E+11,155 672 749,A01,3,7,0,2,7,1,1,
2.023E+11,155 672 743,A01,1,13,0,2,4,2,1,
2.023E+11,155 672 744,B01,1,7,0,2,1,2,1,
2.023E+11,155 672 741,A01,1,7,0,1,1,1,1,
2.023E+11,155 672 739,A01,1,7,0,2,4,10,1,
2.023E+11,155 672 742,B01,2,32,0,2,1,2,1,
2.023E+11,155 672 738,A01,3,32,0,2,1,1,3,
2.023E+11,155 672 740,B01,3,7,0,2,4,1,1,
2.023E+11,155 672 737,A01,0,7,8,0,1,1,1,
2.023E+11,155 672 734,B01,1,7,0,2,1,2,1,
2.023E+11,155 672 736,A01,1,7,0,2,4,23,1,
2.023E+11,155 672 732,B01,3,50,0,2,1,1,3,
2.023E+11,155 672 735,A01,3,7,0,2,2,1,1,
2.023E+11,155 672 730,A01,1,7,0,1,1,1,1,
2.023E+11,155 672 729,C01,1,7,0,0,1,1,1,
2.023E+11,155 672 731,A01,1,7,0,0,1,13,0,
2.023E+11,155 672 733,B01,1,7,0,0,3,1,1,
2.023E+11,155 672 726,A01,1,7,0,1,3,1,1,
2.023E+11,155 672 728,A01,1,7,0,1,1,1,1,
2.023E+11,155 672 725,B01,2,7,0,2,1,1,0,
2.023E+11,155 672 727,A01,1,2,0,2,1,5,0,
2.023E+11,155 672 721,B01,2,1,0,2,1,2,5,
2.023E+11,155 672 724,A01,2,7,0,9,4,0,1,
2.023E+11,155 672 720,B01,2,33,0,2,1,1,1,
2.023E+11,155 672 723,A01,1,7,0,2,7,15,1,
2.023E+11,155 672 719,A01,1,10,12,0,6,23,1,
2.023E+11,155 672 722,B01,1,10,0,2,2,0,1,
2.023E+11,155 672 716,B01,2,2,0,2,1,1,3,
2.023E+11,155 672 717,A01,1,7,0,2,3,15,1,
2.023E+11,155 672 715,A01,1,7,0,1,2,1,1,
2.023E+11,155 672 711,A01,3,7,16,0,1,21,1,
2.023E+11,155 672 710,A01,0,7,0,2,3,16,1,
2.023E+11,155 672 712,B01,0,32,0,2,8,1,1,
2.023E+11,155 672 705,B01,2,15,0,2,8,19,1,
2.023E+11,155 672 707,A01,2,7,0,2,8,1,1,
2.023E+11,155 672 704,A01,1,7,0,2,2,16,1,
2.023E+11,155 672 706,B01,1,80,0,2,8,1,3,
2.023E+11,155 672 698,B01,3,7,0,2,2,1,1,
2.023E+11,155 672 701,A01,3,7,0,2,2,5,1,
2.023E+11,155 672 697,C01,2,99,0,2,0,2,1,
2.023E+11,155 672 699,A01,2,7,0,2,1,2,1,
2.023E+11,155 672 702,B01,2,33,0,2,4,2,1,
2.023E+11,155 672 695,A01,1,7,2,0,1,0,1,
2.023E+11,155 672 692,B01,1,2,0,2,4,2,1,
2.023E+11,155 672 694,A01,1,10,0,2,1,2,1,
2.023E+11,155 672 691,A01,2,1,0,9,1,1,5,
2.023E+11,155 672 687,B01,1,32,0,2,7,1,1,
2.023E+11,155 672 689,A01,2,7,0,2,2,9,1,
2.023E+11,155 672 684,B01,1,7,0,2,3,21,1,
2.023E+11,155 672 688,A01,2,7,0,2,3,21,0,
2.023E+11,155 672 685,A01,2,30,0,2,1,2,1,
2.023E+11,155 672 686,B01,1,7,0,2,4,2,1,
2.023E+11,155 672 682,B01,1,31,0,2,1,1,1,
2.023E+11,155 672 683,A01,2,7,0,2,5,15,1,
2.023E+11,155 672 678,B01,2,7,0,2,7,13,1,
2.023E+11,155 672 680,A01,1,7,0,2,1,1,3,
2.023E+11,155 672 679,A01,1,7,0,2,6,13,2,
2.023E+11,155 672 681,B01,1,33,0,2,2,1,1,
2.023E+11,155 672 675,B01,1,33,0,2,2,2,0,
2.023E+11,155 672 676,A01,1,7,0,2,8,10,1,
2.023E+11,155 672 674,A01,2,1,0,2,0,15,5,