Num_Acc,id_vehicule,num_veh,senc,catv,obs,obsm,choc,manv,motor,occutc
2.023E+11,155 672 677,B01,2,7,0,2,3,2,3,
2.023E+11,155 672 673,A01,2,7,0,6,2,1,1,
2.023E+11,155 672 670,A01,1,33,0,2,1,17,1,
2.023E+11,155 672 672,B01,1,7,0,2,6,15,1,
2.023E+11,155 672 666,A01,1,36,0,2,5,1,1,
2.023E+11,155 672 669,B01,2,7,0,2,1,15,1,
2.023E+11,155 672 663,A01,2,7,0,2,3,9,1,
2.023E+11,155 672 667,B01,1,2,0,2,1,1,1,
2.023E+11,155 672 662,A01,1,7,0,2,1,1,1,
2.023E+11,155 672 665,C01,2,99,1,2,1,5,1,
2.023E+11,155 672 657,A01,2,7,1,0,3,13,1,
2.023E+11,155 672 655,C01,2,33,0,2,4,1,1,
2.023E+11,155 672 659,A01,2,10,0,2,1,2,1,
2.023E+11,155 672 661,B01,2,10,0,2,5,1,1,
2.023E+11,155 672 664,D01,2,10,0,2,5,0,1,
2.023E+11,155 672 650,A01,2,7,0,1,1,1,1,
2.023E+11,155 672 651,B01,1,80,0,2,1,19,3,
2.023E+11,155 672 653,A01,1,14,0,2,0,16,1,
2.023E+11,155 672 647,A01,0,7,0,0,1,0,1,
2.023E+11,155 672 645,A01,2,7,0,2,1,15,1,
2.023E+11,155 672 646,B01,1,30,0,2,8,1,1,
2.023E+11,155 672 644,B01,1,7,0,2,3,1,1,
2.023E+11,155 672 648,A01,3,7,0,2,2,19,0,
2.023E+11,155 672 643,A01,3,7,0,1,8,1,1,
2.023E+11,155 672 640,B01,3,7,0,2,1,5,1,
2.023E+11,155 672 642,A01,3,10,0,2,1,5,1,
2.023E+11,155 672 639,B01,1,31,0,2,2,3,1,
2.023E+11,155 672 641,A01,2,10,0,2,1,0,1,
2.023E+11,155 672 637,A01,3,7,0,1,2,1,1,
2.023E+11,155 672 636,B01,1,7,0,2,3,1,0,
2.023E+11,155 672 638,A01,2,33,0,2,8,13,1,
2.023E+11,155 672 634,A01,2,7,4,0,9,6,1,
2.023E+11,155 672 635,A01,1,7,17,0,2,14,1,
2.023E+11,155 672 633,A01,0,7,0,1,1,1,1,
2.023E+11,155 672 629,B01,1,50,0,2,1,2,3,
2.023E+11,155 672 631,A01,1,7,0,2,7,20,1,
2.023E+11,155 672 630,A01,1,7,0,2,2,15,1,
2.023E+11,155 672 632,B01,2,33,0,2,1,1,1,
2.023E+11,155 672 627,A01,2,7,2,0,1,1,1,
2.023E+11,155 672 625,A01,3,7,0,2,1,1,0,
2.023E+11,155 672 628,B01,3,50,0,2,8,0,3,
2.023E+11,155 672 624,Z01,0,7,0,2,5,17,1,
2.023E+11,155 672 626,A01,1,34,8,2,5,1,1,
2.023E+11,155 672 620,B01,1,2,0,2,7,9,1,
2.023E+11,155 672 623,A01,2,7,0,2,3,9,1,
2.023E+11,155 672 621,A01,2,7,2,0,7,1,1,
2.023E+11,155 672 619,A01,1,7,8,0,1,2,1,
2.023E+11,155 672 614,A01,1,10,0,2,3,15,1,
2.023E+11,155 672 616,B01,2,7,0,0,3,1,1,
2.023E+11,155 672 612,A01,1,2,0,2,8,15,1,
2.023E+11,155 672 617,B01,1,7,8,2,7,1,1,
2.023E+11,155 672 611,B01,2,32,0,2,8,1,0,
2.023E+11,155 672 615,A01,1,7,0,2,1,15,0,
2.023E+11,155 672 608,A01,3,7,0,1,2,1,0,
2.023E+11,155 672 604,A01,2,7,0,2,1,9,1,
2.023E+11,155 672 609,B01,2,7,0,2,8,26,1,
2.023E+11,155 672 603,A01,3,7,0,2,2,19,1,
2.023E+11,155 672 607,B01,3,7,8,2,3,1,1,
2.023E+11,155 672 602,C01,2,3,0,0,0,0,1,
2.023E+11,155 672 605,A01,2,34,0,2,8,13,1,
2.023E+11,155 672 606,B01,1,3,0,2,8,1,1,
2.023E+11,155 672 600,A01,2,7,15,0,2,14,1,
2.023E+11,155 672 601,A01,3,2,12,0,8,15,1,
2.023E+11,155 672 598,A01,1,50,0,1,1,25,3,
2.023E+11,155 672 596,B01,2,10,0,2,4,1,1,
2.023E+11,155 672 599,A01,2,2,0,2,1,2,1,
2.023E+11,155 672 593,A01,1,30,0,2,1,2,1,
2.023E+11,155 672 595,B01,1,32,0,2,1,0,1,
2.023E+11,155 672 597,C01,1,7,1,2,4,15,1,
2.023E+11,155 672 591,A01,3,10,0,2,4,26,1,
2.023E+11,155 672 594,B01,3,31,0,2,1,1,1,
2.023E+11,155 672 589,C01,1,7,0,2,2,23,1,
2.023E+11,155 672 590,A01,1,7,0,2,3,22,1,
2.023E+11,155 672 592,B01,1,80,1,0,1,1,3,
2.023E+11,155 672 587,A01,2,33,0,1,1,1,1,
2.023E+11,155 672 588,A01,1,7,2,0,2,1,1,
2.023E+11,155 672 586,A01,1,7,3,0,1,1,1,
2.023E+11,155 672 581,A01,1,7,8,0,5,1,1,
2.023E+11,155 672 580,B01,1,31,0,2,8,17,1,
2.023E+11,155 672 584,A01,1,7,0,2,3,15,1,
2.023E+11,155 672 583,A01,1,33,0,2,1,16,1,
2.023E+11,155 672 585,B01,2,7,0,2,1,23,1,
2.023E+11,155 672 573,B01,3,7,0,2,2,15,1,
2.023E+11,155 672 577,A01,3,7,0,2,1,1,1,
2.023E+11,155 672 576,A01,1,10,3,0,9,1,1,
2.023E+11,155 672 575,A01,3,7,0,2,6,1,1,
2.023E+11,155 672 578,B01,3,2,0,2,3,17,1,
2.023E+11,155 672 572,A01,2,7,3,2,1,13,1,
2.023E+11,155 672 574,B01,1,7,0,2,1,1,1,
2.023E+11,155 672 570,A01,2,33,0,0,4,17,1,
2.023E+11,155 672 569,A01,3,32,0,1,1,17,1,
2.023E+11,155 672 568,B01,2,7,0,2,2,1,1,
2.023E+11,155 672 571,A01,2,10,9,2,1,1,0,
2.023E+11,155 672 564,A01,1,34,14,1,2,19,6,
2.023E+11,155 672 562,A01,3,10,0,2,1,2,1,
2.023E+11,155 672 565,B01,3,7,0,2,4,2,1,
2.023E+11,155 672 567,C01,3,7,0,2,4,2,1,
2.023E+11,155 672 561,B01,1,7,0,2,3,21,1,
2.023E+11,155 672 563,A01,1,1,0,2,7,19,5,
2.023E+11,155 672 558,A01,1,33,0,2,2,0,1,
2.023E+11,155 672 560,B01,2,10,0,2,6,9,1,
2.023E+11,155 672 556,A01,1,7,0,1,1,0,1,
2.023E+11,155 672 552,A01,2,7,8,0,0,0,1,
2.023E+11,155 672 550,B01,2,1,0,2,2,17,5,
2.023E+11,155 672 554,A01,2,7,0,2,6,15,1,
2.023E+11,155 672 548,B01,1,7,0,2,1,1,1,
2.023E+11,155 672 549,Z01,2,7,0,2,1,5,1,
2.023E+11,155 672 547,A01,2,7,0,2,7,19,1,
2.023E+11,155 672 551,B01,2,33,0,2,1,1,1,
2.023E+11,155 672 546,A01,2,30,0,0,0,0,1,
2.023E+11,155 672 545,A01,1,7,13,0,8,13,1,
2.023E+11,155 672 544,A01,2,10,0,1,3,5,1,
2.023E+11,155 672 542,A01,2,60,15,0,7,26,5,
2.023E+11,155 672 543,A01,1,7,0,1,3,1,1,
2.023E+11,155 672 538,A01,1,7,0,2,1,5,1,
2.023E+11,155 672 541,B01,2,33,0,0,1,1,1,
2.023E+11,155 672 539,A01,1,10,0,4,8,1,1,
2.023E+11,155 672 540,B01,2,40,0,2,1,1,3,
2.023E+11,155 672 533,B01,2,80,0,2,1,5,3,
2.023E+11,155 672 535,A01,1,7,0,2,1,9,1,
2.023E+11,155 672 534,A01,2,7,0,2,1,13,1,
2.023E+11,155 672 537,B01,1,7,0,2,1,1,1,
2.023E+11,155 672 532,A01,2,7,0,2,1,1,1,
2.023E+11,155 672 536,B01,2,1,0,2,7,1,5,
2.023E+11,155 672 530,A01,1,1,0,1,0,1,5,
2.023E+11,155 672 528,B01,0,7,0,0,8,0,0,
2.023E+11,155 672 531,A01,0,7,0,0,8,0,0,
2.023E+11,155 672 527,A01,1,7,0,2,7,1,2,
2.023E+11,155 672 529,B01,2,1,0,2,1,15,5,
2.023E+11,155 672 526,A01,1,10,0,1,6,4,1,
2.023E+11,155 672 523,A01,3,7,0,2,1,19,1,
2.023E+11,155 672 525,B01,2,7,0,0,8,1,1,
2.023E+11,155 672 520,A01,2,7,0,0,1,0,1,
2.023E+11,155 672 517,B01,-1,7,0,2,7,23,1,
2.023E+11,155 672 524,A01,3,7,0,2,1,16,2,
2.023E+11,155 672 519,A01,2,50,0,2,1,17,3,
2.023E+11,155 672 522,B01,1,7,0,2,3,15,1,
2.023E+11,155 672 518,A01,1,7,0,2,2,15,1,
2.023E+11,155 672 521,B01,2,30,0,2,1,1,1,
2.023E+11,155 672 512,A01,0,2,0,0,8,15,1,
2.023E+11,155 672 511,A01,2,17,0,0,1,2,1,
2.023E+11,155 672 514,B01,2,17,0,0,4,2,1,
2.023E+11,155 672 516,C01,2,14,0,0,4,2,1,
2.023E+11,155 672 510,A01,1,7,0,0,4,1,1,
2.023E+11,155 672 515,B01,1,7,8,2,1,0,1,
2.023E+11,155 672 507,A01,1,10,0,2,1,2,1,
2.023E+11,155 672 513,B01,1,7,0,2,1,1,1,
2.023E+11,155 672 508,A01,1,7,0,2,1,17,1,
2.023E+11,155 672 509,B01,2,7,0,2,1,1,1,
2.023E+11,155 672 506,A01,2,7,13,0,3,1,1,
2.023E+11,155 672 503,A01,1,7,0,2,3,15,1,
2.023E+11,155 672 505,B01,1,33,0,2,1,3,1,
2.023E+11,155 672 502,B01,1,30,12,2,8,16,1,
2.023E+11,155 672 504,A01,1,7,0,2,2,15,1,
2.023E+11,155 672 498,A01,3,7,0,1,2,1,1,
2.023E+11,155 672 495,A01,1,7,0,2,3,11,1,
2.023E+11,155 672 497,B01,1,33,0,2,5,1,1,
2.023E+11,155 672 493,A01,1,10,0,2,6,23,1,
2.023E+11,155 672 496,D01,1,14,0,2,1,1,1,
2.023E+11,155 672 500,C01,1,7,0,2,1,2,1,
2.023E+11,155 672 501,B01,1,7,0,2,2,2,1,
2.023E+11,155 672 492,A01,3,7,0,1,6,9,1,
2.023E+11,155 672 494,A01,1,7,0,2,3,15,1,
2.023E+11,155 672 499,B01,2,33,0,2,1,1,1,
2.023E+11,155 672 491,A01,1,7,2,0,9,1,1,
2.023E+11,155 672 490,A01,1,7,2,0,2,14,1,
2.023E+11,155 672 489,A01,2,0,0,1,0,1,0,
2.023E+11,155 672 487,A01,2,33,0,0,-1,26,1,
2.023E+11,155 672 486,A01,2,7,0,2,3,1,1,
2.023E+11,155 672 488,B01,1,32,0,2,1,13,1,
2.023E+11,155 672 484,A01,1,7,0,0,0,0,1,
2.023E+11,155 672 485,A01,3,7,0,0,1,0,1,
2.023E+11,155 672 482,A01,0,10,0,9,2,25,1,
2.023E+11,155 672 483,B01,0,1,0,2,1,25,5,
2.023E+11,155 672 481,A01,1,7,2,0,3,15,1,
2.023E+11,155 672 479,A01,1,7,0,1,1,1,1,
2.023E+11,155 672 477,A01,2,7,0,2,1,1,1,
2.023E+11,155 672 480,B01,3,7,0,2,6,1,1,
2.023E+11,155 672 476,A01,2,7,0,2,2,15,1,
2.023E+11,155 672 478,B01,1,33,0,2,0,0,1,
2.023E+11,155 672 475,A01,3,21,16,0,3,13,1,
2.023E+11,155 672 472,A01,1,1,0,2,0,26,5,
2.023E+11,155 672 473,B01,1,7,0,2,1,1,1,
2.023E+11,155 672 470,A01,1,7,0,0,9,19,1,
2.023E+11,155 672 469,B01,0,37,0,2,1,1,1,4
2.023E+11,155 672 474,A01,0,7,0,2,7,16,1,
2.023E+11,155 672 468,A01,3,7,0,2,1,17,1,
2.023E+11,155 672 471,B01,3,7,0,2,3,15,1,
2.023E+11,155 672 466,A01,3,31,0,2,2,1,1,
2.023E+11,155 672 467,B01,3,7,0,2,3,9,1,
2.023E+11,155 672 463,A01,1,7,0,2,3,1,1,
2.023E+11,155 672 465,B01,1,2,0,2,7,1,1,
2.023E+11,155 672 464,A01,2,7,13,0,1,1,1,
2.023E+11,155 672 460,A01,1,0,0,1,0,0,0,
2.023E+11,155 672 458,B01,2,7,0,2,7,15,1,
2.023E+11,155 672 462,A01,2,33,0,2,1,1,1,
2.023E+11,155 672 459,A01,3,7,0,9,0,0,1,
2.023E+11,155 672 461,B01,1,60,0,2,0,15,5,
2.023E+11,155 672 456,A01,2,7,0,1,1,1,1,
2.023E+11,155 672 450,A01,1,7,0,2,2,1,1,
2.023E+11,155 672 454,B01,3,1,1,2,8,19,5,
2.023E+11,155 672 449,FA01,2,7,0,2,6,2,1,
2.023E+11,155 672 453,B01,2,33,0,2,6,2,1,
2.023E+11,155 672 448,B01,1,7,16,2,3,26,1,
2.023E+11,155 672 451,RA01,1,7,0,2,1,2,1,
2.023E+11,155 672 447,B01,0,1,0,2,1,0,5,
2.023E+11,155 672 452,A01,0,7,0,9,8,26,1,
2.023E+11,155 672 443,B01,1,34,0,2,1,13,1,
2.023E+11,155 672 446,A01,2,7,0,2,3,1,1,
2.023E+11,155 672 442,A01,1,34,0,0,0,0,1,
2.023E+11,155 672 441,B01,3,50,0,2,3,1,3,
2.023E+11,155 672 444,A01,3,7,0,9,3,26,1,
2.023E+11,155 672 439,A01,2,10,0,9,3,9,0,
2.023E+11,155 672 445,B01,2,50,0,2,2,9,3,
2.023E+11,155 672 438,B01,1,1,0,2,0,0,5,
2.023E+11,155 672 440,A01,1,7,0,9,6,1,1,
2.023E+11,155 672 434,A01,1,7,0,2,0,0,1,
2.023E+11,155 672 436,B01,1,1,0,2,0,0,5,
2.023E+11,155 672 435,A01,3,40,0,1,2,1,3,
2.023E+11,155 672 432,A01,2,7,4,2,1,1,1,
2.023E+11,155 672 437,B01,2,7,0,2,4,23,1,
2.023E+11,155 672 431,A01,1,7,8,0,1,14,1,
2.023E+11,155 672 430,A01,1,10,0,2,2,1,1,
2.023E+11,155 672 433,B01,1,2,0,2,1,1,1,
2.023E+11,155 672 425,B01,1,1,0,2,7,1,5,
2.023E+11,155 672 429,A01,1,7,0,2,8,22,1,
2.023E+11,155 672 427,A01,2,33,3,0,3,12,1,
2.023E+11,155 672 423,B01,2,10,0,2,8,15,1,
2.023E+11,155 672 426,A01,2,33,0,2,7,17,1,
2.023E+11,155 672 421,A01,1,7,0,2,1,1,1,
2.023E+11,155 672 428,B01,1,7,0,2,8,0,1,
2.023E+11,155 672 418,A01,2,7,3,2,2,0,1,
2.023E+11,155 672 422,B01,2,7,0,2,6,0,1,
2.023E+11,155 672 424,C01,2,7,0,2,8,0,1,
2.023E+11,155 672 417,A01,1,7,0,2,7,22,1,
2.023E+11,155 672 420,B01,1,1,0,2,3,1,5,
2.023E+11,155 672 416,A01,2,7,0,2,2,2,1,
2.023E+11,155 672 419,B01,2,1,0,2,4,13,5,
2.023E+11,155 672 413,A01,2,31,0,0,0,0,1,
2.023E+11,155 672 411,A01,0,7,0,2,1,1,1,
2.023E+11,155 672 415,B01,0,80,0,2,8,19,3,
2.023E+11,155 672 407,A01,2,10,0,2,3,16,1,
2.023E+11,155 672 412,B01,1,1,0,2,2,1,5,
2.023E+11,155 672 405,B01,2,7,0,2,5,1,1,
2.023E+11,155 672 409,A01,1,7,0,2,1,15,1,
2.023E+11,155 672 404,A01,1,7,0,2,3,1,1,
2.023E+11,155 672 408,B01,2,80,0,2,1,1,3,
2.023E+11,155 672 401,B01,2,1,0,2,8,13,5,
2.023E+11,155 672 403,A01,2,7,0,9,7,17,2,
2.023E+11,155 672 402,B01,1,1,0,9,0,16,5,
2.023E+11,155 672 406,A01,0,1,0,9,0,15,5,
2.023E+11,155 672 397,B01,1,7,0,2,4,1,1,
2.023E+11,155 672 400,A01,1,7,0,2,1,1,1,
2.023E+11,155 672 396,A01,2,7,0,2,8,22,1,
2.023E+11,155 672 398,B01,2,1,1,0,2,1,5,
2.023E+11,155 672 394,A01,1,10,0,1,3,13,1,
2.023E+11,155 672 392,B01,3,33,0,2,7,1,1,
2.023E+11,155 672 395,A01,3,7,0,2,3,9,1,
2.023E+11,155 672 388,A01,1,10,0,2,7,16,1,
2.023E+11,155 672 390,B01,1,1,0,2,8,1,5,
2.023E+11,155 672 387,C01,1,7,0,2,8,1,0,
2.023E+11,155 672 389,A01,2,13,0,2,3,13,0,
2.023E+11,155 672 393,B01,1,7,0,2,8,1,0,
2.023E+11,155 672 386,A01,3,10,0,2,6,18,1,
2.023E+11,155 672 391,B01,3,7,0,2,2,1,1,
2.023E+11,155 672 383,A01,1,7,0,2,2,1,1,
2.023E+11,155 672 381,A01,1,7,0,2,3,17,1,
2.023E+11,155 672 384,B01,2,7,0,0,3,21,1,
2.023E+11,155 672 385,C01,1,7,0,0,8,1,1,
2.023E+11,155 672 380,A01,1,7,0,1,2,1,1,
2.023E+11,155 672 379,A01,2,7,0,2,7,15,1,
2.023E+11,155 672 382,B01,1,50,0,2,1,1,3,
2.023E+11,155 672 378,A01,2,7,12,0,1,0,1,
2.023E+11,155 672 373,A01,1,43,0,2,1,5,1,
2.023E+11,155 672 377,B01,2,7,0,2,3,15,2,
2.023E+11,155 672 371,A01,1,7,0,2,8,15,1,
2.023E+11,155 672 375,B01,1,31,0,2,1,1,1,
2.023E+11,155 672 369,A01,2,33,0,2,3,13,1,
2.023E+11,155 672 374,B01,1,7,0,2,6,1,1,
2.023E+11,155 672 372,B01,2,7,0,2,0,1,1,
2.023E+11,155 672 376,A01,1,7,0,2,2,15,1,
2.023E+11,155 672 367,A01,1,3,0,2,8,1,1,
2.023E+11,155 672 370,B01,3,50,0,2,8,1,3,
2.023E+11,155 672 365,B01,1,7,0,2,3,2,1,
2.023E+11,155 672 368,A01,1,7,9,2,1,9,1,
2.023E+11,155 672 363,A01,2,10,0,2,8,16,1,
2.023E+11,155 672 366,B01,1,50,0,2,1,1,3,
2.023E+11,155 672 361,A01,2,7,0,2,6,1,1,
2.023E+11,155 672 364,B01,2,7,0,2,1,0,0,
2.023E+11,155 672 360,A01,1,7,7,2,7,17,1,
2.023E+11,155 672 362,B01,1,38,5,0,3,1,1,1
2.023E+11,155 672 357,A01,1,7,4,0,0,0,1,
2.023E+11,155 672 354,B01,2,7,0,2,1,15,1,
2.023E+11,155 672 358,A01,2,7,0,2,2,17,1,
2.023E+11,155 672 352,A01,3,7,0,2,1,5,1,
2.023E+11,155 672 355,C01,3,7,0,2,0,16,1,
2.023E+11,155 672 359,B01,3,7,0,2,1,1,1,
2.023E+11,155 672 350,A01,2,7,0,2,2,1,1,
2.023E+11,155 672 356,B01,2,7,0,2,9,18,1,
2.023E+11,155 672 348,A01,2,7,0,2,1,15,1,
2.023E+11,155 672 353,B01,3,2,0,2,1,1,1,
2.023E+11,155 672 347,A01,2,7,0,1,2,1,1,
2.023E+11,155 672 344,C01,1,7,0,2,4,1,1,
2.023E+11,155 672 349,A01,2,10,8,2,1,1,1,
2.023E+11,155 672 351,B01,1,7,0,2,7,15,1,
2.023E+11,155 672 343,A01,2,7,0,2,1,2,3,
2.023E+11,155 672 345,B01,0,7,0,2,4,2,1,
2.023E+11,155 672 340,A01,1,43,2,0,1,26,1,
2.023E+11,155 672 342,B01,3,10,0,2,2,1,0,
2.023E+11,155 672 346,A01,3,30,0,2,0,16,0,
2.023E+11,155 672 339,A01,1,7,0,1,1,1,1,
2.023E+11,155 672 336,A01,2,7,0,2,1,3,1,
2.023E+11,155 672 338,C01,2,10,0,2,0,2,1,
2.023E+11,155 672 341,B01,2,7,0,2,4,2,1,
2.023E+11,155 672 330,A01,2,7,0,2,3,21,1,
2.023E+11,155 672 333,B01,2,7,0,2,2,1,1,
2.023E+11,155 672 337,C01,2,7,0,2,5,2,1,
2.023E+11,155 672 331,A01,1,7,0,0,8,15,1,
2.023E+11,155 672 334,B01,1,33,0,0,1,1,1,
2.023E+11,155 672 328,B01,2,2,0,2,1,1,-1,
2.023E+11,155 672 332,A01,3,7,0,2,1,13,0,
2.023E+11,155 672 324,A01,2,7,0,2,5,15,1,
2.023E+11,155 672 327,B01,1,30,0,2,1,1,1,
2.023E+11,155 672 323,A01,1,7,5,9,0,1,6,
2.023E+11,155 672 321,A01,2,7,0,2,1,2,1,
2.023E+11,155 672 325,B01,2,7,0,2,4,2,1,
2.023E+11,155 672 320,A01,1,2,0,2,1,19,1,
2.023E+11,155 672 326,B01,2,10,0,0,8,1,1,
2.023E+11,155 672 319,B01,2,1,0,2,2,13,5,
2.023E+11,155 672 322,A01,1,50,0,2,1,1,3,
2.023E+11,155 672 315,A01,3,7,0,2,3,9,1,
2.023E+11,155 672 318,B01,3,30,0,2,1,26,1,
2.023E+11,155 672 311,B01,1,7,0,2,3,19,1,
2.023E+11,155 672 316,A01,2,33,0,2,1,1,1,
2.023E+11,155 672 309,A01,3,7,0,2,3,1,1,
2.023E+11,155 672 314,B01,0,7,0,2,3,1,1,
2.023E+11,155 672 308,A01,1,10,0,2,2,1,1,
2.023E+11,155 672 312,B01,1,33,0,2,4,9,1,
2.023E+11,155 672 307,A01,2,7,0,0,4,2,1,
2.023E+11,155 672 310,B01,2,7,0,2,1,1,1,
2.023E+11,155 672 313,C01,2,7,0,2,4,1,1,
2.023E+11,155 672 317,D01,2,7,0,2,1,2,1,
2.023E+11,155 672 303,B01,3,7,0,2,1,1,1,
2.023E+11,155 672 306,A01,3,7,0,2,0,0,3,
2.023E+11,155 672 301,A01,2,7,0,9,6,9,1,
2.023E+11,155 672 304,B01,2,1,0,2,7,1,5,
2.023E+11,155 672 299,A01,1,7,3,0,0,1,1,
2.023E+11,155 672 298,B01,2,7,0,2,4,23,1,
2.023E+11,155 672 302,C01,2,7,0,2,4,23,1,
2.023E+11,155 672 305,A01,2,7,0,2,1,21,1,
2.023E+11,155 672 297,B01,2,15,0,2,1,2,0,
2.023E+11,155 672 300,A01,1,7,15,2,1,0,0,
2.023E+11,155 672 294,A01,2,7,3,0,1,14,1,
2.023E+11,155 672 292,A01,1,7,0,2,2,1,1,
2.023E+11,155 672 296,B01,1,33,0,2,4,2,1,
2.023E+11,155 672 293,A01,2,7,0,2,7,16,1,
2.023E+11,155 672 295,B01,2,1,0,2,8,1,5,
2.023E+11,155 672 291,A01,1,7,4,0,1,1,1,
2.023E+11,155 672 283,B01,2,60,0,2,8,1,5,
2.023E+11,155 672 287,A01,2,7,0,2,1,1,1,
2.023E+11,155 672 284,B01,1,33,0,2,7,3,1,
2.023E+11,155 672 288,A01,1,7,0,2,3,11,1,
2.023E+11,155 672 286,A01,1,31,0,2,1,2,1,
2.023E+11,155 672 289,B01,1,7,0,2,4,1,1,
2.023E+11,155 672 285,B01,3,2,0,2,8,2,0,
2.023E+11,155 672 290,A01,3,7,0,2,5,17,0,
2.023E+11,155 672 281,B01,2,7,0,2,4,12,1,
2.023E+11,155 672 282,A01,2,33,0,2,9,3,1,
2.023E+11,155 672 276,A01,1,50,0,2,7,17,3,
2.023E+11,155 672 280,B01,1,7,0,2,3,15,3,
2.023E+11,155 672 275,A01,1,7,0,2,3,9,1,
2.023E+11,155 672 279,B01,1,17,0,2,2,1,0,
2.023E+11,155 672 273,B01,2,1,0,2,1,14,5,
2.023E+11,155 672 278,Z01,1,7,0,2,2,1,1,
2.023E+11,155 672 270,B01,2,50,0,2,4,0,3,
2.023E+11,155 672 277,A01,2,7,0,2,1,19,1,
2.023E+11,155 672 268,A01,1,2,0,2,0,1,1,
2.023E+11,155 672 271,B01,1,7,0,2,0,15,1,
2.023E+11,155 672 263,B01,1,7,0,2,4,2,1,
2.023E+11,155 672 266,A01,1,7,0,2,1,2,1,
2.023E+11,155 672 262,B01,1,2,0,2,8,1,1,
2.023E+11,155 672 265,A01,1,10,0,2,7,16,1,
2.023E+11,155 672 264,A01,1,7,0,2,1,2,1,
2.023E+11,155 672 267,C01,1,7,0,2,4,2,1,
2.023E+11,155 672 269,B01,1,7,0,2,4,2,1,
2.023E+11,155 672 260,A01,1,7,0,4,8,1,1,
2.023E+11,155 672 261,B01,1,40,0,2,1,1,3,
2.023E+11,155 672 257,A01,2,7,0,2,2,15,1,
2.023E+11,155 672 259,B01,1,2,0,2,1,1,3,
2.023E+11,155 672 252,A01,1,7,0,2,1,26,1,
2.023E+11,155 672 256,B01,1,7,0,2,6,26,1,
2.023E+11,155 672 258,C01,1,7,0,2,8,26,1,
2.023E+11,155 672 251,A01,1,7,0,2,1,1,1,
2.023E+11,155 672 255,B01,1,33,0,2,8,1,1,
2.023E+11,155 672 249,A01,2,7,0,2,2,16,1,
2.023E+11,155 672 253,B01,2,33,0,2,8,1,1,
2.023E+11,155 672 247,C01,1,7,0,2,4,23,2,
2.023E+11,155 672 250,A01,1,7,0,2,1,1,1,
2.023E+11,155 672 254,B01,1,10,0,2,4,23,1,
2.023E+11,155 672 246,A01,1,7,0,2,8,10,1,
2.023E+11,155 672 248,B01,1,33,0,2,1,1,1,
2.023E+11,155 672 242,A01,1,7,0,2,1,2,1,
2.023E+11,155 672 245,B01,1,7,0,2,4,2,3,
2.023E+11,155 672 240,A01,2,7,0,2,0,0,1,
2.023E+11,155 672 243,B01,2,1,0,2,0,0,5,
2.023E+11,155 672 238,A01,2,7,0,2,1,1,1,
2.023E+11,155 672 241,B01,2,7,0,2,4,1,1,
2.023E+11,155 672 236,A01,3,50,0,0,0,1,3,
2.023E+11,155 672 237,AC01,2,7,0,2,3,1,1,
2.023E+11,155 672 239,Z01,2,7,9,2,9,1,1,
2.023E+11,155 672 244,B01,1,1,0,2,1,1,5,
2.023E+11,155 672 232,A01,1,33,0,2,1,0,1,
2.023E+11,155 672 234,B01,1,7,0,0,8,26,1,
2.023E+11,155 672 233,B01,1,60,0,2,8,26,5,
2.023E+11,155 672 235,A01,1,7,0,2,1,1,1,
2.023E+11,155 672 229,A01,1,10,4,2,2,12,1,
2.023E+11,155 672 231,B01,1,34,4,2,1,3,1,
2.023E+11,155 672 228,A01,1,2,0,0,7,1,1,
2.023E+11,155 672 227,B01,2,7,0,2,1,1,1,
2.023E+11,155 672 230,A01,1,7,0,2,2,5,1,
2.023E+11,155 672 225,A01,1,10,12,0,4,23,0,
2.023E+11,155 672 226,B01,1,10,12,0,1,2,1,
2.023E+11,155 672 219,A01,1,33,0,2,1,13,1,
2.023E+11,155 672 223,B01,2,7,0,2,6,16,1,
2.023E+11,155 672 220,A01,2,33,0,2,2,3,1,
2.023E+11,155 672 224,B01,2,7,0,2,8,11,1,
2.023E+11,155 672 217,A01,1,7,2,0,7,0,1,
2.023E+11,155 672 216,A01,1,1,0,2,1,1,5,
2.023E+11,155 672 221,B01,3,7,0,2,7,1,1,
2.023E+11,155 672 218,A01,2,7,0,2,8,13,1,
2.023E+11,155 672 222,B01,0,1,0,2,7,13,5,
2.023E+11,155 672 215,A01,1,7,6,0,1,1,1,
2.023E+11,155 672 211,B01,1,7,0,2,5,1,1,
2.023E+11,155 672 214,A01,1,32,0,2,1,11,1,
2.023E+11,155 672 209,A01,2,33,6,0,1,11,1,
2.023E+11,155 672 207,A01,1,7,0,2,3,1,1,
2.023E+11,155 672 213,B01,2,1,0,2,1,1,5,
2.023E+11,155 672 206,B01,1,7,0,2,6,2,1,
2.023E+11,155 672 210,A01,1,31,0,2,1,2,1,
2.023E+11,155 672 208,B01,2,33,0,2,1,1,1,
2.023E+11,155 672 212,A01,2,7,0,2,1,9,1,
2.023E+11,155 672 201,A01,1,7,0,2,0,0,1,
2.023E+11,155 672 204,B01,1,1,0,2,0,0,5,
2.023E+11,155 672 202,A01,1,7,0,1,5,16,1,
2.023E+11,155 672 199,A01,1,10,0,2,5,2,1,
2.023E+11,155 672 203,B01,1,31,0,2,5,3,1,
2.023E+11,155 672 205,C01,1,31,0,2,1,3,1,
2.023E+11,155 672 198,A01,2,7,0,1,1,16,1,