Num_Acc,id_vehicule,num_veh,senc,catv,obs,obsm,choc,manv,motor,occutc
2.023E+11,155 671 266,A01,1,2,0,2,1,0,0,
2.023E+11,155 671 268,B01,1,7,0,0,5,23,0,
2.023E+11,155 671 262,A01,1,7,0,2,0,14,1,
2.023E+11,155 671 265,B01,1,33,0,2,8,16,1,
2.023E+11,155 671 267,C01,1,7,0,2,6,1,1,
2.023E+11,155 671 261,A01,1,7,0,2,8,13,1,
2.023E+11,155 671 264,B01,1,7,0,2,7,1,1,
2.023E+11,155 671 259,B01,2,7,0,2,4,1,1,
2.023E+11,155 671 260,A01,2,7,0,2,1,1,1,
2.023E+11,155 671 263,C01,2,7,0,2,4,1,1,
2.023E+11,155 671 258,A01,1,33,3,0,1,13,1,
2.023E+11,155 671 256,A01,1,7,0,1,1,1,1,
2.023E+11,155 671 252,B01,2,7,0,2,3,1,1,
2.023E+11,155 671 255,A01,2,7,3,2,2,1,1,
2.023E+11,155 671 251,B01,3,7,0,2,4,2,1,
2.023E+11,155 671 253,A01,3,7,0,2,4,2,1,
2.023E+11,155 671 250,A01,1,7,0,1,1,1,1,
2.023E+11,155 671 246,A01,1,7,0,2,3,13,1,
2.023E+11,155 671 254,B01,2,7,0,2,3,21,1,
2.023E+11,155 671 257,C01,1,7,0,2,3,1,1,
2.023E+11,155 671 245,A01,1,7,0,2,8,11,1,
2.023E+11,155 671 248,B01,1,33,0,2,1,3,1,
2.023E+11,155 671 244,A01,1,10,0,2,3,2,1,
2.023E+11,155 671 247,B01,1,7,0,2,4,2,1,
2.023E+11,155 671 249,C01,1,7,0,2,4,2,1,
2.023E+11,155 671 243,A01,1,80,0,0,9,1,3,
2.023E+11,155 671 239,A01,1,10,0,2,1,5,1,
2.023E+11,155 671 241,B01,2,7,0,2,1,1,1,
2.023E+11,155 671 238,A01,1,10,0,2,3,9,1,
2.023E+11,155 671 242,B01,2,7,4,0,4,0,1,
2.023E+11,155 671 236,A01,2,13,0,2,7,12,1,
2.023E+11,155 671 237,B01,2,33,0,2,8,1,1,
2.023E+11,155 671 240,C01,2,7,0,2,8,1,1,
2.023E+11,155 671 233,A01,2,7,0,0,9,14,0,
2.023E+11,155 671 234,A01,2,50,0,2,1,1,3,
2.023E+11,155 671 232,A01,0,7,0,1,3,1,1,
2.023E+11,155 671 229,A01,1,1,0,2,1,1,5,
2.023E+11,155 671 231,B01,1,13,0,0,4,23,1,
2.023E+11,155 671 227,A01,3,34,0,2,1,19,1,
2.023E+11,155 671 228,B01,3,7,0,2,0,0,1,
2.023E+11,155 671 226,A01,3,10,13,0,8,13,3,
2.023E+11,155 671 223,A01,2,7,15,2,1,2,3,
2.023E+11,155 671 225,B01,2,7,0,0,4,2,1,
2.023E+11,155 671 221,B01,3,50,0,2,0,2,3,
2.023E+11,155 671 224,A01,2,7,0,2,0,26,1,
2.023E+11,155 671 219,A01,1,33,0,2,1,5,1,
2.023E+11,155 671 220,B01,2,7,0,2,3,1,1,
2.023E+11,155 671 217,B01,1,10,0,2,1,1,1,
2.023E+11,155 671 222,A01,1,99,0,2,3,15,1,
2.023E+11,155 671 214,A01,1,7,0,2,1,1,1,
2.023E+11,155 671 215,B01,1,7,0,2,4,1,1,
2.023E+11,155 671 213,A01,3,7,0,2,2,26,1,
2.023E+11,155 671 211,Z01,1,7,0,2,0,0,0,
2.023E+11,155 671 212,A01,1,31,0,2,4,1,1,
2.023E+11,155 671 209,A01,1,31,0,2,3,26,1,
2.023E+11,155 671 210,B01,2,7,0,2,3,1,1,
2.023E+11,155 671 207,A01,2,7,0,2,4,2,1,
2.023E+11,155 671 208,B01,2,7,0,2,1,2,1,
2.023E+11,155 671 205,A01,2,7,0,2,1,2,1,
2.023E+11,155 671 206,B01,2,7,0,2,4,2,1,
2.023E+11,155 671 203,A01,2,7,0,2,2,1,1,
2.023E+11,155 671 204,B01,2,7,0,2,4,1,1,
2.023E+11,155 671 200,A01,2,7,0,2,2,12,1,
2.023E+11,155 671 201,B01,2,32,0,2,3,3,1,
2.023E+11,155 671 202,C01,2,7,0,2,4,1,1,
2.023E+11,155 671 198,A01,2,7,0,2,3,5,1,
2.023E+11,155 671 199,B01,2,7,0,2,1,1,1,
2.023E+11,155 671 196,B01,1,7,0,2,8,1,1,
2.023E+11,155 671 197,Z01,1,7,0,2,2,15,1,
2.023E+11,155 671 194,B01,3,1,0,2,7,19,5,
2.023E+11,155 671 195,A01,3,30,0,9,1,17,1,
2.023E+11,155 671 193,A01,2,33,12,0,1,1,1,
2.023E+11,155 671 192,B01,3,50,0,2,2,0,3,
2.023E+11,155 671 191,A01,1,7,4,0,3,1,1,
2.023E+11,155 671 189,A01,1,7,12,2,1,1,1,
2.023E+11,155 671 190,B01,1,7,0,2,1,15,1,
2.023E+11,155 671 188,A01,1,7,8,1,1,16,1,
2.023E+11,155 671 187,A01,1,30,15,0,2,1,1,
2.023E+11,155 671 185,A01,3,7,0,2,1,2,1,
2.023E+11,155 671 186,B01,0,7,0,2,4,2,1,
2.023E+11,155 671 183,A01,1,50,0,2,1,25,3,
2.023E+11,155 671 184,B01,1,7,0,2,2,16,1,
2.023E+11,155 671 181,A01,1,7,0,2,1,13,1,
2.023E+11,155 671 182,B01,1,7,14,0,4,13,1,
2.023E+11,155 671 179,A01,1,7,0,2,5,16,1,
2.023E+11,155 671 180,B01,1,2,0,2,8,1,1,
2.023E+11,155 671 177,A01,1,7,0,9,1,1,1,
2.023E+11,155 671 178,B01,1,1,0,2,1,19,5,
2.023E+11,155 671 176,A01,1,30,0,0,0,1,1,
2.023E+11,155 671 174,A01,1,7,0,2,3,26,1,
2.023E+11,155 671 175,B01,1,2,0,2,3,26,1,
2.023E+11,155 671 173,A01,1,33,1,0,1,13,1,
2.023E+11,155 671 171,A01,1,50,0,2,7,1,3,
2.023E+11,155 671 172,B01,1,7,0,2,3,1,2,
2.023E+11,155 671 169,B01,1,7,0,2,2,1,1,
2.023E+11,155 671 170,A01,2,7,0,2,1,1,1,
2.023E+11,155 671 167,A01,2,7,0,2,3,15,1,
2.023E+11,155 671 168,B01,1,50,0,2,1,1,3,
2.023E+11,155 671 165,A01,1,7,0,2,1,19,1,
2.023E+11,155 671 166,B01,1,32,0,2,7,1,1,
2.023E+11,155 671 163,A01,1,10,0,2,1,1,1,
2.023E+11,155 671 164,B01,1,7,0,2,2,1,1,
2.023E+11,155 671 161,A01,2,7,0,2,1,1,1,
2.023E+11,155 671 162,B01,1,7,0,2,4,2,1,
2.023E+11,155 671 160,A01,1,34,4,0,8,13,1,
2.023E+11,155 671 158,A01,1,13,0,2,3,12,1,
2.023E+11,155 671 159,B01,1,7,0,2,8,1,1,
2.023E+11,155 671 156,A01,1,7,0,2,3,0,1,
2.023E+11,155 671 157,B01,1,7,0,2,5,0,1,
2.023E+11,155 671 152,C01,1,7,0,2,4,2,1,
2.023E+11,155 671 153,D01,1,7,0,2,4,15,1,
2.023E+11,155 671 154,A01,1,7,0,2,1,2,1,
2.023E+11,155 671 155,B01,1,7,0,2,0,2,1,
2.023E+11,155 671 150,B01,2,50,0,2,1,1,3,
2.023E+11,155 671 151,A01,2,7,0,2,3,9,1,
2.023E+11,155 671 148,A01,2,33,0,2,8,2,1,
2.023E+11,155 671 149,B01,2,7,0,2,5,13,1,
2.023E+11,155 671 146,A01,3,7,0,2,1,15,1,
2.023E+11,155 671 147,B01,3,33,0,2,0,1,1,
2.023E+11,155 671 144,A01,1,7,0,2,1,0,1,
2.023E+11,155 671 145,B01,1,7,0,0,0,0,2,
2.023E+11,155 671 143,A01,1,7,1,1,1,26,1,
2.023E+11,155 671 141,A01,1,7,0,2,2,17,0,
2.023E+11,155 671 142,B01,1,1,0,2,2,14,5,
2.023E+11,155 671 140,Z01,2,7,0,1,0,26,0,
2.023E+11,155 671 137,A01,2,99,0,2,1,2,1,
2.023E+11,155 671 138,B01,2,7,0,2,4,2,1,
2.023E+11,155 671 139,C01,2,7,0,2,4,1,1,
2.023E+11,155 671 135,A01,2,33,0,2,1,1,1,
2.023E+11,155 671 136,B01,2,7,0,2,5,0,1,
2.023E+11,155 671 133,A01,1,7,0,2,1,13,1,
2.023E+11,155 671 134,B01,1,10,0,2,0,0,1,
2.023E+11,155 671 131,A01,1,7,0,2,2,1,1,
2.023E+11,155 671 132,B01,1,1,0,2,8,19,5,
2.023E+11,155 671 129,B01,2,7,0,2,1,1,1,
2.023E+11,155 671 130,A01,1,7,1,2,1,13,1,
2.023E+11,155 671 128,A01,3,7,2,0,3,14,1,
2.023E+11,155 671 127,A01,1,10,0,1,1,1,3,
2.023E+11,155 671 125,A01,1,10,15,2,8,19,1,
2.023E+11,155 671 126,B01,2,7,0,2,1,1,1,
2.023E+11,155 671 124,A01,2,7,0,1,1,1,1,
2.023E+11,155 671 123,A01,1,7,13,0,5,14,1,
2.023E+11,155 671 122,A01,2,7,13,0,1,13,1,
2.023E+11,155 671 121,A01,2,15,0,1,1,1,1,
2.023E+11,155 671 119,A01,1,7,0,2,3,13,1,
2.023E+11,155 671 120,B01,2,7,0,2,3,1,1,
2.023E+11,155 671 117,A01,1,7,0,2,1,9,1,
2.023E+11,155 671 118,B01,1,7,0,2,1,1,1,
2.023E+11,155 671 116,A01,2,7,0,1,1,1,3,
2.023E+11,155 671 115,A01,3,7,0,1,4,4,1,
2.023E+11,155 671 113,A01,2,7,0,2,1,15,1,
2.023E+11,155 671 114,B01,1,43,0,2,2,1,1,
2.023E+11,155 671 111,A01,1,33,11,2,2,17,1,
2.023E+11,155 671 112,B01,2,7,0,2,8,1,1,
2.023E+11,155 671 109,B01,2,2,0,2,8,1,1,
2.023E+11,155 671 110,A01,1,7,0,2,1,15,1,
2.023E+11,155 671 108,A01,1,7,11,0,3,1,1,
2.023E+11,155 671 107,A01,1,7,7,0,1,6,1,
2.023E+11,155 671 105,A01,2,7,0,2,1,2,1,
2.023E+11,155 671 106,B01,2,33,0,2,4,2,1,
2.023E+11,155 671 103,A01,1,7,0,9,1,1,1,
2.023E+11,155 671 104,B01,3,50,0,2,7,19,3,
2.023E+11,155 671 099,B01,1,7,0,2,2,1,3,
2.023E+11,155 671 100,A01,2,7,0,2,1,1,1,
2.023E+11,155 671 097,A01,3,7,0,2,1,13,1,
2.023E+11,155 671 098,B01,3,7,0,2,3,1,1,
2.023E+11,155 671 096,A01,3,33,0,0,1,26,1,
2.023E+11,155 671 094,A01,0,7,0,2,1,2,1,
2.023E+11,155 671 095,B01,0,7,0,2,4,2,1,
2.023E+11,155 671 093,A01,0,33,0,0,0,1,1,
2.023E+11,155 671 091,A01,1,10,0,2,6,9,1,
2.023E+11,155 671 092,B01,1,33,0,2,1,1,1,
2.023E+11,155 671 090,A01,0,50,0,1,1,1,3,
2.023E+11,155 671 088,A01,3,7,0,2,0,0,1,
2.023E+11,155 671 089,B01,3,1,0,2,4,15,5,
2.023E+11,155 671 087,A01,1,30,14,0,1,5,1,
2.023E+11,155 671 086,A01,2,7,6,0,1,14,1,
2.023E+11,155 671 084,A01,1,7,0,2,7,15,1,
2.023E+11,155 671 085,B01,2,33,0,2,1,1,1,
2.023E+11,155 671 082,A01,1,32,0,2,1,1,1,
2.023E+11,155 671 083,B01,1,7,0,2,4,1,1,
2.023E+11,155 671 080,B01,2,37,0,2,8,1,1,4
2.023E+11,155 671 081,A01,2,14,0,2,1,1,1,
2.023E+11,155 671 077,A01,1,33,0,2,2,14,1,
2.023E+11,155 671 078,B01,1,7,0,2,5,2,1,
2.023E+11,155 671 079,C01,1,7,0,2,2,2,1,
2.023E+11,155 671 075,B01,2,1,1,2,4,1,5,
2.023E+11,155 671 076,A01,2,7,0,2,1,1,1,
2.023E+11,155 671 073,A01,1,7,0,2,1,1,1,
2.023E+11,155 671 074,B01,1,13,0,2,4,26,1,
2.023E+11,155 671 072,A01,1,7,0,1,6,16,1,
2.023E+11,155 671 070,A01,2,7,0,2,3,1,1,
2.023E+11,155 671 071,B01,1,80,0,2,1,1,3,
2.023E+11,155 671 068,B01,1,7,0,2,4,23,1,
2.023E+11,155 671 069,A01,2,7,0,2,1,1,1,
2.023E+11,155 671 066,A01,1,7,0,2,3,10,1,
2.023E+11,155 671 067,B01,1,33,0,2,1,1,1,
2.023E+11,155 671 065,A01,2,50,0,1,1,1,3,
2.023E+11,155 671 063,A01,2,1,0,2,1,2,5,
2.023E+11,155 671 064,B01,2,7,0,2,4,23,1,
2.023E+11,155 671 061,B01,1,80,0,2,8,1,3,
2.023E+11,155 671 062,A01,1,7,0,2,2,15,1,
2.023E+11,155 671 060,A01,1,10,0,1,2,15,3,
2.023E+11,155 671 058,B01,2,32,0,2,1,1,1,
2.023E+11,155 671 059,A01,1,7,0,2,7,15,1,
2.023E+11,155 671 056,A01,3,30,0,2,1,2,1,
2.023E+11,155 671 057,B01,3,7,0,2,4,2,1,
2.023E+11,155 671 055,A01,1,80,12,0,1,14,3,
2.023E+11,155 671 053,A01,1,50,0,2,1,2,3,
2.023E+11,155 671 054,B01,3,7,0,9,3,2,1,
2.023E+11,155 671 051,B01,2,7,0,2,7,17,0,
2.023E+11,155 671 052,A01,2,1,0,2,8,13,5,
2.023E+11,155 671 050,A01,3,7,0,0,0,1,-1,
2.023E+11,155 671 048,A01,1,33,0,2,1,17,1,
2.023E+11,155 671 049,B01,1,7,0,2,0,0,1,
2.023E+11,155 671 045,E01,2,7,0,2,4,2,1,
2.023E+11,155 671 046,A01,2,7,1,2,7,1,1,
2.023E+11,155 671 047,B01,2,7,0,2,7,2,1,
2.023E+11,155 671 043,A01,1,7,0,2,1,0,1,
2.023E+11,155 671 044,B01,3,50,0,2,1,0,3,
2.023E+11,155 671 042,A01,2,7,1,0,2,14,1,
2.023E+11,155 671 040,A01,1,7,0,2,7,15,1,
2.023E+11,155 671 041,B01,1,33,0,2,1,2,1,
2.023E+11,155 671 038,A01,3,7,14,0,4,0,1,
2.023E+11,155 671 039,B01,3,7,14,0,1,0,0,
2.023E+11,155 671 036,B01,1,50,1,0,1,2,3,
2.023E+11,155 671 037,A01,1,7,1,0,0,0,1,
2.023E+11,155 671 035,A01,3,7,2,0,1,1,2,
2.023E+11,155 671 033,A01,2,7,0,2,2,14,1,
2.023E+11,155 671 034,B01,2,50,0,2,4,1,3,
2.023E+11,155 671 032,A01,1,7,0,1,2,1,1,
2.023E+11,155 671 031,A01,3,7,0,1,4,4,1,
2.023E+11,155 671 028,A01,2,7,0,2,3,15,1,
2.023E+11,155 671 030,B01,2,50,0,2,1,5,3,
2.023E+11,155 671 027,B01,2,1,0,2,1,25,5,
2.023E+11,155 671 029,A01,2,7,0,2,8,9,1,
2.023E+11,155 671 026,A01,3,7,1,0,1,1,1,
2.023E+11,155 671 025,A01,1,7,0,1,1,1,1,
2.023E+11,155 671 024,A01,1,7,0,1,1,2,1,
2.023E+11,155 671 022,A01,1,30,0,2,1,17,1,
2.023E+11,155 671 023,B01,1,7,0,2,3,15,1,
2.023E+11,155 671 021,A01,1,7,2,0,1,13,1,
2.023E+11,155 671 020,A01,2,7,0,1,1,1,1,
2.023E+11,155 671 019,A01,2,7,14,0,1,1,1,
2.023E+11,155 671 016,A01,3,7,0,2,1,19,1,
2.023E+11,155 671 018,B01,3,1,0,2,8,1,5,
2.023E+11,155 671 015,B01,0,7,0,2,2,1,3,
2.023E+11,155 671 017,A01,-1,2,-1,2,1,-1,1,
2.023E+11,155 671 014,A01,1,30,0,0,8,16,1,
2.023E+11,155 671 012,B01,2,7,0,2,8,2,1,
2.023E+11,155 671 013,A01,2,2,0,2,7,17,1,
2.023E+11,155 671 010,A01,1,7,0,2,3,15,1,
2.023E+11,155 671 011,B01,2,7,0,2,3,1,1,
2.023E+11,155 671 009,A01,3,7,0,1,4,4,1,
2.023E+11,155 671 008,Z01,2,30,0,1,8,1,1,
2.023E+11,155 671 006,A01,3,10,0,2,1,1,1,
2.023E+11,155 671 007,B01,3,1,0,2,7,16,5,
2.023E+11,155 671 004,A01,2,50,0,2,1,25,3,
2.023E+11,155 671 005,B01,1,7,2,2,1,15,1,
2.023E+11,155 671 003,A01,3,33,0,0,9,1,1,
2.023E+11,155 670 999,A01,3,34,0,2,2,1,1,
2.023E+11,155 671 002,B01,3,7,0,2,8,10,1,
2.023E+11,155 671 000,A01,3,1,0,2,1,1,5,
2.023E+11,155 671 001,B01,3,1,0,2,1,1,5,
2.023E+11,155 670 997,A01,1,7,0,1,1,1,1,
2.023E+11,155 670 996,A01,1,33,0,2,2,17,1,
2.023E+11,155 670 998,B01,1,7,0,2,6,0,1,
2.023E+11,155 670 994,B01,2,7,0,2,2,1,1,
2.023E+11,155 670 995,A01,2,7,0,2,3,20,1,
2.023E+11,155 670 992,A01,1,32,0,2,8,13,1,
2.023E+11,155 670 993,B01,1,7,0,2,2,1,1,
2.023E+11,155 670 990,A01,1,7,0,2,0,1,1,
2.023E+11,155 670 991,B01,1,1,0,2,2,1,5,
2.023E+11,155 670 989,A01,1,10,0,1,4,4,1,
2.023E+11,155 670 988,A01,1,7,0,1,1,1,1,
2.023E+11,155 670 987,A01,3,10,9,0,1,9,1,
2.023E+11,155 670 985,A01,2,7,0,2,2,1,1,
2.023E+11,155 670 986,B01,0,50,0,2,1,19,3,
2.023E+11,155 670 984,A01,0,31,12,0,1,1,1,
2.023E+11,155 670 983,A01,1,7,0,1,8,1,1,
2.023E+11,155 670 979,C01,1,10,0,2,4,1,1,
2.023E+11,155 670 980,A01,1,7,0,2,3,11,1,
2.023E+11,155 670 982,B01,1,33,0,2,2,3,1,
2.023E+11,155 670 977,A01,2,7,4,0,1,1,1,
2.023E+11,155 670 975,B01,2,7,0,2,3,1,1,
2.023E+11,155 670 976,A01,1,15,0,2,8,1,1,
2.023E+11,155 670 974,A01,1,2,0,0,8,15,1,
2.023E+11,155 670 972,A01,1,7,0,2,3,26,1,
2.023E+11,155 670 973,B01,1,1,0,2,1,1,5,
2.023E+11,155 670 970,A01,1,7,0,2,1,1,1,
2.023E+11,155 670 971,B01,1,7,0,2,4,1,1,
2.023E+11,155 670 969,A01,1,2,0,0,0,1,1,
2.023E+11,155 670 968,A01,3,7,9,0,3,15,1,
2.023E+11,155 670 966,A01,2,7,2,0,2,1,1,
2.023E+11,155 670 965,A01,3,33,11,2,1,17,1,
2.023E+11,155 670 967,B01,3,7,0,2,1,1,1,
2.023E+11,155 670 964,A01,3,7,2,0,4,14,1,
2.023E+11,155 670 962,A01,2,37,0,2,3,15,1,1
2.023E+11,155 670 963,B01,2,7,0,2,8,14,6,
2.023E+11,155 670 960,A01,1,7,0,2,1,1,1,
2.023E+11,155 670 961,B01,1,7,0,2,4,1,1,
2.023E+11,155 670 959,A01,1,7,4,0,3,1,1,
2.023E+11,155 670 957,A01,2,2,0,0,8,1,1,
2.023E+11,155 670 956,B01,0,7,0,2,1,1,0,
2.023E+11,155 670 958,A01,1,50,0,2,7,1,3,
2.023E+11,155 670 955,A01,2,7,0,1,2,1,1,
2.023E+11,155 670 953,A01,3,10,0,2,1,16,1,
2.023E+11,155 670 954,B01,3,7,0,2,4,16,1,
2.023E+11,155 670 951,A01,3,30,0,0,8,16,1,
2.023E+11,155 670 950,B01,2,7,1,2,7,1,1,
2.023E+11,155 670 952,A01,2,10,0,2,1,16,1,
2.023E+11,155 670 947,A01,2,37,0,2,2,2,1,1
2.023E+11,155 670 949,B01,2,1,0,2,0,2,5,
2.023E+11,155 670 946,B01,1,1,0,2,1,21,5,
2.023E+11,155 670 948,A01,1,10,0,2,5,15,1,
2.023E+11,155 670 943,A01,2,7,0,2,1,1,1,
2.023E+11,155 670 945,B01,1,10,0,2,4,1,1,
2.023E+11,155 670 942,B01,3,7,0,2,1,1,1,
2.023E+11,155 670 944,A01,2,50,0,2,7,19,3,
2.023E+11,155 670 940,A01,2,37,0,2,0,1,1,1
2.023E+11,155 670 941,B01,2,1,0,2,8,1,5,
2.023E+11,155 670 938,A01,1,7,0,2,3,18,1,
2.023E+11,155 670 939,B01,1,7,0,2,7,16,1,
2.023E+11,155 670 937,A01,3,7,7,0,8,1,1,
2.023E+11,155 670 934,A01,1,7,0,0,0,0,1,
2.023E+11,155 670 936,B01,1,7,0,0,0,0,1,
2.023E+11,155 670 933,Z01,0,7,0,9,1,9,0,
2.023E+11,155 670 935,B01,0,1,0,2,7,1,5,
2.023E+11,155 670 932,A01,3,1,0,1,0,0,5,
2.023E+11,155 670 929,B01,2,1,0,2,1,1,5,
2.023E+11,155 670 931,A01,1,7,0,2,1,5,1,
2.023E+11,155 670 928,B01,1,7,0,2,1,1,1,
2.023E+11,155 670 930,A01,1,7,0,2,2,15,1,
2.023E+11,155 670 925,B01,2,10,0,2,5,15,1,
2.023E+11,155 670 926,A01,1,30,0,2,1,1,1,
2.023E+11,155 670 924,B01,3,7,0,2,2,1,1,
2.023E+11,155 670 927,A01,3,32,0,2,3,13,1,
2.023E+11,155 670 922,A01,0,32,0,2,1,1,1,
2.023E+11,155 670 923,B01,0,7,0,2,3,1,3,
2.023E+11,155 670 920,A01,2,7,0,2,3,16,1,
2.023E+11,155 670 921,B01,1,33,0,2,1,1,1,
2.023E+11,155 670 919,A01,2,7,9,0,1,15,1,
2.023E+11,155 670 916,A01,3,7,0,2,1,9,1,
2.023E+11,155 670 918,B01,3,50,0,2,1,9,3,
2.023E+11,155 670 915,B01,3,14,0,2,1,1,0,
2.023E+11,155 670 917,A01,3,34,0,2,8,19,1,
2.023E+11,155 670 913,B01,0,33,0,2,0,1,1,
2.023E+11,155 670 914,A01,0,7,0,2,0,11,1,
2.023E+11,155 670 910,A01,0,7,0,2,7,0,1,
2.023E+11,155 670 912,B01,0,31,0,2,1,1,1,
2.023E+11,155 670 909,A01,0,7,0,2,1,1,1,
2.023E+11,155 670 911,B01,0,7,0,2,4,1,3,
2.023E+11,155 670 905,A01,1,33,0,2,1,15,1,
2.023E+11,155 670 908,B01,2,7,0,2,1,1,1,
2.023E+11,155 670 902,A01,1,7,0,2,5,12,1,
2.023E+11,155 670 904,B01,1,1,0,2,8,1,5,
2.023E+11,155 670 901,A01,2,7,0,2,8,15,2,
2.023E+11,155 670 903,B01,1,33,0,2,1,1,1,
2.023E+11,155 670 899,A01,1,7,0,2,1,1,1,
2.023E+11,155 670 900,B01,1,7,0,2,4,1,1,
2.023E+11,155 670 896,A01,1,1,0,0,1,1,5,
2.023E+11,155 670 897,A01,3,36,0,2,2,17,1,
2.023E+11,155 670 898,B01,1,7,0,2,3,15,1,
2.023E+11,155 670 895,A01,2,10,0,1,3,1,-1,
2.023E+11,155 670 892,Z01,1,7,0,2,1,1,1,
2.023E+11,155 670 894,B01,1,7,0,2,1,1,1,
2.023E+11,155 670 891,A01,2,7,0,2,2,1,1,
2.023E+11,155 670 893,B01,2,2,0,2,1,1,1,
2.023E+11,155 670 890,A01,1,7,0,1,1,12,1,
2.023E+11,155 670 888,A01,0,7,0,2,1,9,2,
2.023E+11,155 670 889,B01,3,50,0,2,1,1,3,
2.023E+11,155 670 886,A01,3,7,0,2,6,10,1,
2.023E+11,155 670 887,B01,3,33,0,2,1,2,1,
2.023E+11,155 670 885,A01,2,7,7,0,1,0,1,
2.023E+11,155 670 883,A01,2,7,1,0,2,0,1,
2.023E+11,155 670 881,C01,2,7,0,2,8,0,0,
2.023E+11,155 670 882,B01,2,7,0,2,5,0,0,
2.023E+11,155 670 884,A01,2,7,0,2,3,0,0,
2.023E+11,155 670 880,A01,1,30,0,1,0,0,1,
2.023E+11,155 670 878,B01,1,7,0,2,4,2,0,
2.023E+11,155 670 879,A01,1,7,0,2,1,2,0,
2.023E+11,155 670 876,Z01,2,7,0,2,8,1,0,
2.023E+11,155 670 877,B01,2,32,0,2,7,1,1,
2.023E+11,155 670 875,A01,1,10,0,1,3,1,1,
2.023E+11,155 670 872,A01,3,7,0,2,2,1,1,
2.023E+11,155 670 874,B01,3,15,0,2,3,1,1,
2.023E+11,155 670 871,B01,1,7,0,2,1,9,1,
2.023E+11,155 670 873,A01,1,7,0,2,1,13,1,
2.023E+11,155 670 869,A01,1,10,0,2,3,24,1,
2.023E+11,155 670 870,B01,1,50,1,0,8,21,3,
2.023E+11,155 670 867,A01,1,10,0,2,1,2,1,
2.023E+11,155 670 868,B01,1,7,0,2,4,1,1,
2.023E+11,155 670 866,A01,1,3,8,0,1,26,1,
2.023E+11,155 670 865,A01,1,7,13,0,3,13,1,
2.023E+11,155 670 863,A01,2,7,0,2,3,11,1,
2.023E+11,155 670 864,B01,2,32,0,2,8,3,1,
2.023E+11,155 670 861,B01,2,7,0,2,8,15,1,
2.023E+11,155 670 862,A01,2,32,0,2,2,17,1,
2.023E+11,155 670 859,A01,2,7,0,2,3,9,1,
2.023E+11,155 670 860,B01,2,33,0,2,1,1,1,
2.023E+11,155 670 857,A01,1,7,0,2,2,12,1,
2.023E+11,155 670 858,B01,3,1,0,2,3,1,5,
2.023E+11,155 670 855,B01,2,80,0,2,1,1,3,
2.023E+11,155 670 856,A01,1,50,0,2,1,13,3,
2.023E+11,155 670 854,A01,2,7,0,1,7,1,2,
2.023E+11,155 670 852,A01,3,60,0,2,1,19,5,
2.023E+11,155 670 853,B01,1,7,0,2,3,1,1,
2.023E+11,155 670 851,A01,1,31,0,1,1,1,1,
2.023E+11,155 670 850,A01,2,7,0,1,2,1,1,
2.023E+11,155 670 848,B01,2,50,0,2,1,17,3,
2.023E+11,155 670 849,A01,2,80,0,2,1,15,3,
2.023E+11,155 670 847,A01,1,7,12,0,0,13,1,
2.023E+11,155 670 846,A01,1,1,0,0,0,15,5,
2.023E+11,155 670 844,A01,1,7,0,2,8,1,1,
2.023E+11,155 670 845,B01,2,32,0,2,8,15,1,
2.023E+11,155 670 843,A01,2,7,0,1,1,1,1,
2.023E+11,155 670 842,A01,1,1,0,0,1,1,5,
2.023E+11,155 670 841,A01,1,1,0,0,8,13,5,
2.023E+11,155 670 839,A01,1,32,0,2,8,18,1,
2.023E+11,155 670 840,B01,1,7,0,2,5,23,2,
2.023E+11,155 670 836,A01,1,10,0,2,1,2,1,
2.023E+11,155 670 837,B01,1,7,0,2,4,2,1,
2.023E+11,155 670 838,C01,1,7,0,2,4,2,1,
2.023E+11,155 670 834,A01,1,7,0,2,5,15,1,
2.023E+11,155 670 835,B01,2,2,0,2,1,1,1,
2.023E+11,155 670 833,A01,2,7,1,0,2,14,0,
2.023E+11,155 670 831,A01,3,7,0,2,1,15,1,
2.023E+11,155 670 832,B01,3,2,0,2,0,0,1,
2.023E+11,155 670 829,A01,3,33,0,2,4,26,1,
2.023E+11,155 670 830,B01,3,7,0,2,1,1,1,
2.023E+11,155 670 827,A01,1,7,0,2,3,11,1,
2.023E+11,155 670 828,B01,1,32,0,2,2,1,1,
2.023E+11,155 670 825,B01,0,1,0,2,1,9,5,
2.023E+11,155 670 826,A01,3,7,0,2,0,0,1,
2.023E+11,155 670 823,A01,2,10,0,2,4,1,1,
2.023E+11,155 670 824,B01,2,33,0,2,1,11,1,
2.023E+11,155 670 821,B01,3,10,0,2,7,15,0,
2.023E+11,155 670 822,A01,1,30,0,2,1,1,1,
2.023E+11,155 670 819,B01,0,40,0,2,1,1,0,
2.023E+11,155 670 820,A01,0,3,0,4,8,15,1,
2.023E+11,155 670 817,A01,0,7,0,2,3,13,1,
2.023E+11,155 670 818,B01,0,33,0,2,1,17,1,
2.023E+11,155 670 815,A01,0,7,0,2,3,1,0,
2.023E+11,155 670 816,B01,0,7,0,0,0,15,0,
2.023E+11,155 670 812,A01,2,7,0,2,2,15,1,
2.023E+11,155 670 813,B01,1,7,0,2,1,2,0,
2.023E+11,155 670 814,C01,1,2,0,2,3,1,0,