Num_Acc,id_vehicule,num_veh,senc,catv,obs,obsm,choc,manv,motor,occutc
2.023E+11,155 670 811,A01,2,7,0,1,5,1,0,
2.023E+11,155 670 809,A01,1,7,0,2,3,9,1,
2.023E+11,155 670 810,B01,1,1,0,2,1,1,5,
2.023E+11,155 670 808,A01,1,30,1,0,2,1,1,
2.023E+11,155 670 807,A01,1,7,0,1,1,1,2,
2.023E+11,155 670 805,B01,2,32,0,9,3,1,1,
2.023E+11,155 670 806,A01,0,80,0,2,1,19,3,
2.023E+11,155 670 803,A01,1,50,0,2,0,0,3,
2.023E+11,155 670 804,Z01,1,0,0,2,0,0,0,
2.023E+11,155 670 801,A01,2,14,0,2,4,1,1,
2.023E+11,155 670 802,B01,2,30,0,2,4,1,1,
2.023E+11,155 670 800,A01,1,7,0,1,2,1,1,
2.023E+11,155 670 799,A01,1,7,0,1,1,15,1,
2.023E+11,155 670 797,A01,3,7,0,2,3,9,0,
2.023E+11,155 670 798,B01,3,2,0,2,5,2,0,
2.023E+11,155 670 796,A01,1,7,2,0,1,1,1,
2.023E+11,155 670 795,A01,3,50,0,1,1,18,3,
2.023E+11,155 670 793,B01,0,80,0,2,8,0,3,
2.023E+11,155 670 794,A01,0,10,0,2,7,0,1,
2.023E+11,155 670 789,A01,2,7,0,2,1,1,0,
2.023E+11,155 670 790,B01,2,7,0,2,4,2,0,
2.023E+11,155 670 791,C01,2,7,0,2,4,2,0,
2.023E+11,155 670 792,D01,2,7,0,0,4,2,0,
2.023E+11,155 670 787,A01,2,1,0,2,1,5,5,
2.023E+11,155 670 788,B01,1,7,0,2,5,2,0,
2.023E+11,155 670 785,A01,3,7,0,2,3,19,1,
2.023E+11,155 670 786,B01,2,7,13,2,1,1,1,
2.023E+11,155 670 783,A01,2,7,0,0,7,11,1,
2.023E+11,155 670 784,B01,2,7,0,0,3,15,1,
2.023E+11,155 670 781,B01,3,7,0,2,2,1,1,
2.023E+11,155 670 782,A01,3,10,0,2,2,1,1,
2.023E+11,155 670 780,A01,3,7,2,0,9,1,1,
2.023E+11,155 670 779,A01,3,2,7,0,1,1,1,
2.023E+11,155 670 778,A01,2,7,6,0,1,13,2,
2.023E+11,155 670 777,A01,0,7,0,1,4,4,1,
2.023E+11,155 670 776,A01,2,7,2,0,3,13,1,
2.023E+11,155 670 775,A01,1,7,13,0,3,2,3,
2.023E+11,155 670 772,A01,2,2,0,2,1,1,1,
2.023E+11,155 670 773,B01,1,3,0,9,1,11,1,
2.023E+11,155 670 771,A01,2,2,0,0,7,1,1,
2.023E+11,155 670 768,A01,2,7,0,2,3,13,1,
2.023E+11,155 670 769,B01,1,7,0,2,3,1,1,
2.023E+11,155 670 770,A01,1,7,0,2,2,1,1,
2.023E+11,155 670 774,B01,1,1,0,2,8,19,5,
2.023E+11,155 670 766,A01,0,7,0,2,2,4,1,
2.023E+11,155 670 767,B01,2,2,0,2,7,1,1,
2.023E+11,155 670 764,A01,1,2,12,0,1,14,1,
2.023E+11,155 670 762,A01,1,7,13,0,1,1,1,
2.023E+11,155 670 761,A01,1,7,6,0,1,1,1,
2.023E+11,155 670 763,B01,3,2,0,2,1,1,1,
2.023E+11,155 670 765,A01,3,7,0,2,5,15,1,
2.023E+11,155 670 758,A01,2,2,0,0,0,1,3,
2.023E+11,155 670 757,A01,1,7,15,0,1,1,1,
2.023E+11,155 670 754,A01,1,7,0,2,1,5,1,
2.023E+11,155 670 755,B01,2,7,0,2,1,1,1,
2.023E+11,155 670 751,B01,1,7,14,9,1,21,1,
2.023E+11,155 670 752,A01,2,7,2,0,7,0,1,
2.023E+11,155 670 753,B01,3,7,0,2,3,1,1,
2.023E+11,155 670 756,A01,3,7,0,2,3,15,1,
2.023E+11,155 670 749,A01,2,21,0,2,8,9,1,
2.023E+11,155 670 750,B01,1,7,0,9,1,1,1,
2.023E+11,155 670 747,A01,0,2,0,0,0,10,1,
2.023E+11,155 670 748,A01,1,99,2,0,3,14,1,
2.023E+11,155 670 746,A01,1,7,0,1,2,1,1,
2.023E+11,155 670 744,A01,2,7,0,1,1,1,0,
2.023E+11,155 670 743,A01,2,33,0,2,1,17,1,
2.023E+11,155 670 745,B01,2,7,0,2,1,16,1,
2.023E+11,155 670 739,B01,2,7,0,2,1,1,1,
2.023E+11,155 670 741,A01,2,7,0,0,8,9,1,
2.023E+11,155 670 740,A01,1,7,0,2,6,2,0,
2.023E+11,155 670 742,B01,1,7,0,2,2,2,0,
2.023E+11,155 670 736,B01,2,7,0,2,1,1,1,
2.023E+11,155 670 738,A01,1,7,0,2,1,5,1,
2.023E+11,155 670 734,B01,2,10,0,2,3,1,1,
2.023E+11,155 670 735,A01,2,10,0,2,3,13,1,
2.023E+11,155 670 731,A01,1,7,0,2,6,1,1,
2.023E+11,155 670 733,B01,1,1,0,2,1,1,5,
2.023E+11,155 670 732,A01,0,7,0,2,1,1,1,
2.023E+11,155 670 737,B01,3,7,0,2,2,1,1,
2.023E+11,155 670 729,A01,1,7,0,2,1,1,1,
2.023E+11,155 670 730,B01,2,7,0,2,2,5,1,
2.023E+11,155 670 728,A01,2,2,8,0,8,14,1,
2.023E+11,155 670 725,B01,2,14,0,0,8,1,1,
2.023E+11,155 670 726,A01,1,7,2,2,8,13,1,
2.023E+11,155 670 723,A01,2,7,3,0,8,0,1,
2.023E+11,155 670 720,A01,2,7,0,2,3,9,1,
2.023E+11,155 670 721,B01,2,2,0,2,1,1,1,
2.023E+11,155 670 719,A01,1,10,0,2,1,1,1,
2.023E+11,155 670 722,B01,1,7,0,2,7,12,1,
2.023E+11,155 670 717,A01,2,10,0,2,1,2,1,
2.023E+11,155 670 718,B01,2,7,0,2,4,2,1,
2.023E+11,155 670 716,A01,1,7,0,1,1,1,0,
2.023E+11,155 670 715,A01,2,7,13,0,7,1,1,
2.023E+11,155 670 713,A01,3,7,0,2,5,15,1,
2.023E+11,155 670 714,B01,2,30,0,2,1,1,1,
2.023E+11,155 670 711,B01,2,7,0,2,1,2,1,
2.023E+11,155 670 712,A01,2,7,0,0,4,1,1,
2.023E+11,155 670 710,A01,1,7,3,0,9,1,1,
2.023E+11,155 670 709,A01,2,7,6,0,1,1,1,
2.023E+11,155 670 708,A01,1,7,10,0,2,14,1,
2.023E+11,155 670 706,A01,2,7,4,0,3,1,1,
2.023E+11,155 670 705,A01,1,10,0,2,2,17,1,
2.023E+11,155 670 707,B01,1,1,0,2,8,1,5,
2.023E+11,155 670 701,C01,2,7,0,0,4,2,1,
2.023E+11,155 670 703,A01,2,7,0,2,1,2,1,
2.023E+11,155 670 704,B01,2,7,0,2,4,2,1,
2.023E+11,155 670 699,A01,1,7,11,0,1,1,1,
2.023E+11,155 670 697,A01,2,7,9,0,3,1,1,
2.023E+11,155 670 695,A01,1,7,0,2,1,15,1,
2.023E+11,155 670 696,B01,2,33,0,2,1,1,1,
2.023E+11,155 670 694,B01,1,7,0,2,1,1,1,
2.023E+11,155 670 698,A01,2,7,0,2,1,13,1,
2.023E+11,155 670 691,A01,1,7,0,1,4,26,1,
2.023E+11,155 670 689,A01,1,50,0,2,1,0,3,
2.023E+11,155 670 690,B01,1,33,0,2,1,21,1,
2.023E+11,155 670 686,A01,1,7,0,2,1,1,2,
2.023E+11,155 670 688,B01,2,7,0,2,1,13,1,
2.023E+11,155 670 687,A01,3,7,1,0,1,1,1,
2.023E+11,155 670 684,A01,1,7,0,0,4,15,1,
2.023E+11,155 670 685,B01,1,33,0,2,1,1,1,
2.023E+11,155 670 679,A01,1,7,0,2,5,17,1,
2.023E+11,155 670 681,B01,1,2,0,2,8,1,1,
2.023E+11,155 670 676,A01,2,33,0,2,1,3,1,
2.023E+11,155 670 677,B01,2,7,0,2,5,12,1,
2.023E+11,155 670 672,A01,1,7,0,2,2,2,1,
2.023E+11,155 670 674,B01,1,7,0,2,4,2,1,
2.023E+11,155 670 675,C01,1,10,0,2,4,2,1,
2.023E+11,155 670 671,A01,2,10,4,0,3,13,1,
2.023E+11,155 670 667,A01,1,7,0,2,1,2,1,
2.023E+11,155 670 668,B01,1,7,0,2,4,2,1,
2.023E+11,155 670 669,C01,1,7,0,2,4,2,1,
2.023E+11,155 670 664,A01,2,10,0,2,7,11,1,
2.023E+11,155 670 665,B01,2,32,0,2,7,3,1,
2.023E+11,155 670 662,B01,0,7,0,2,1,1,1,
2.023E+11,155 670 666,A01,0,7,0,2,1,13,1,
2.023E+11,155 670 661,A01,2,7,0,2,4,2,1,
2.023E+11,155 670 663,B01,2,33,0,2,1,1,1,
2.023E+11,155 670 658,C01,2,7,0,2,0,0,1,
2.023E+11,155 670 659,A01,2,34,0,2,0,3,1,
2.023E+11,155 670 660,B01,2,7,0,2,0,0,1,
2.023E+11,155 670 656,A01,1,7,0,1,1,1,1,
2.023E+11,155 670 655,A01,1,7,0,2,3,1,1,
2.023E+11,155 670 657,B01,1,7,0,2,5,14,1,
2.023E+11,155 670 654,A01,2,33,0,0,8,1,1,
2.023E+11,155 670 653,A01,2,7,0,2,0,1,1,
2.023E+11,155 670 651,B01,2,7,0,2,6,1,1,
2.023E+11,155 670 652,A01,2,15,0,2,1,12,1,
2.023E+11,155 670 649,A01,2,10,15,2,1,17,1,
2.023E+11,155 670 650,B01,2,10,0,2,3,15,2,
2.023E+11,155 670 647,A01,1,1,0,1,0,0,5,
2.023E+11,155 670 646,B01,1,1,0,2,8,1,5,
2.023E+11,155 670 648,A01,2,7,0,2,1,15,1,
2.023E+11,155 670 645,A01,2,7,0,1,1,1,1,
2.023E+11,155 670 642,A01,2,2,0,2,1,18,1,
2.023E+11,155 670 644,B01,1,7,0,9,7,15,1,
2.023E+11,155 670 643,A01,3,7,0,1,0,0,0,
2.023E+11,155 670 641,A01,1,7,0,1,4,4,0,
2.023E+11,155 670 640,A01,1,7,0,1,1,1,6,
2.023E+11,155 670 636,A01,1,32,0,2,1,15,1,
2.023E+11,155 670 637,B01,2,7,0,2,8,1,1,
2.023E+11,155 670 638,C01,3,7,0,2,1,1,1,
2.023E+11,155 670 634,A01,2,7,9,0,1,1,1,
2.023E+11,155 670 633,A01,3,30,0,2,1,15,0,
2.023E+11,155 670 635,B01,3,7,0,2,8,15,0,
2.023E+11,155 670 631,A01,1,2,0,2,8,18,1,
2.023E+11,155 670 632,B01,1,7,0,2,7,1,1,
2.023E+11,155 670 630,A01,2,7,0,0,1,14,1,
2.023E+11,155 670 627,A01,1,7,0,2,1,1,1,
2.023E+11,155 670 629,B01,2,10,0,2,1,1,1,
2.023E+11,155 670 628,A01,0,7,8,0,1,26,1,
2.023E+11,155 670 625,A01,2,7,0,2,2,1,1,
2.023E+11,155 670 626,B01,2,10,0,2,8,16,1,
2.023E+11,155 670 622,B01,1,7,0,2,3,9,1,
2.023E+11,155 670 623,A01,1,10,0,2,1,1,1,
2.023E+11,155 670 618,B01,1,10,0,2,2,1,0,
2.023E+11,155 670 619,A01,1,7,0,2,4,0,0,
2.023E+11,155 670 616,A01,3,10,0,1,2,1,1,
2.023E+11,155 670 617,Z01,2,7,7,2,1,26,1,
2.023E+11,155 670 620,B01,2,7,8,2,4,1,1,
2.023E+11,155 670 621,C01,2,7,0,2,4,1,1,
2.023E+11,155 670 614,A01,2,7,1,2,3,20,1,
2.023E+11,155 670 615,B01,2,7,0,2,2,1,1,
2.023E+11,155 670 613,A01,1,33,0,0,0,1,1,
2.023E+11,155 670 611,B01,2,7,0,2,3,9,0,
2.023E+11,155 670 612,A01,2,7,0,2,2,1,0,
2.023E+11,155 670 607,A01,2,7,0,2,8,24,1,
2.023E+11,155 670 608,B01,2,1,0,2,1,1,5,
2.023E+11,155 670 604,A01,2,10,0,2,2,15,1,
2.023E+11,155 670 605,B01,1,31,0,2,1,1,1,
2.023E+11,155 670 603,A01,1,7,1,0,1,1,1,
2.023E+11,155 670 600,B01,2,10,0,2,1,1,1,
2.023E+11,155 670 602,A01,1,7,0,2,7,13,1,
2.023E+11,155 670 598,B01,2,7,0,2,2,1,1,
2.023E+11,155 670 599,A01,0,7,1,2,8,9,1,
2.023E+11,155 670 601,A01,2,7,0,1,1,1,1,
2.023E+11,155 670 597,A01,1,7,0,1,3,1,1,
2.023E+11,155 670 595,A01,2,30,12,0,7,1,1,
2.023E+11,155 670 594,A01,2,7,16,0,0,0,1,
2.023E+11,155 670 596,B01,2,1,1,0,2,14,5,
2.023E+11,155 670 592,A01,2,7,0,1,1,1,0,
2.023E+11,155 670 591,Z01,0,0,0,9,0,0,0,
2.023E+11,155 670 593,A01,0,1,0,2,0,0,5,
2.023E+11,155 670 587,B01,3,50,0,2,1,1,3,
2.023E+11,155 670 588,A01,3,37,0,2,2,15,1,1
2.023E+11,155 670 582,A01,3,31,0,2,7,18,1,
2.023E+11,155 670 584,B01,3,14,0,2,0,1,1,
2.023E+11,155 670 577,A01,1,13,0,1,2,26,1,
2.023E+11,155 670 578,B01,3,7,0,2,5,1,1,
2.023E+11,155 670 579,A01,2,30,0,2,1,1,1,
2.023E+11,155 670 576,A01,1,7,0,1,1,1,1,
2.023E+11,155 670 573,A01,2,7,0,9,2,16,1,
2.023E+11,155 670 575,B01,1,50,0,2,8,19,3,
2.023E+11,155 670 574,A01,3,7,0,1,0,1,1,
2.023E+11,155 670 569,B01,0,7,0,2,1,1,1,
2.023E+11,155 670 571,A01,0,7,0,2,3,1,1,
2.023E+11,155 670 567,A01,3,7,0,2,3,10,0,
2.023E+11,155 670 568,B01,3,31,0,2,1,1,0,
2.023E+11,155 670 566,A01,2,80,0,0,1,1,3,
2.023E+11,155 670 565,A01,3,7,0,1,1,15,1,
2.023E+11,155 670 564,A01,0,37,0,1,7,0,0,1
2.023E+11,155 670 563,A01,3,7,13,0,2,1,1,
2.023E+11,155 670 560,A01,1,37,0,2,3,1,1,1
2.023E+11,155 670 561,B01,2,1,0,2,0,5,5,
2.023E+11,155 670 559,A01,1,3,0,1,1,16,0,
2.023E+11,155 670 558,B01,2,15,0,2,3,21,1,
2.023E+11,155 670 562,A01,1,7,0,2,3,13,1,
2.023E+11,155 670 556,A01,1,1,0,2,1,13,5,
2.023E+11,155 670 557,B01,1,7,0,2,4,1,1,
2.023E+11,155 670 553,B01,1,31,0,2,8,1,1,
2.023E+11,155 670 555,A01,3,7,0,2,3,15,1,
2.023E+11,155 670 554,A01,2,17,0,1,3,1,1,
2.023E+11,155 670 552,A01,1,7,0,1,3,15,1,
2.023E+11,155 670 549,A01,1,10,0,2,1,1,1,
2.023E+11,155 670 551,B01,1,7,0,2,4,1,1,
2.023E+11,155 670 548,A01,1,7,0,1,1,1,1,
2.023E+11,155 670 547,A01,3,7,0,2,1,15,1,
2.023E+11,155 670 550,B01,3,7,0,2,0,1,1,
2.023E+11,155 670 545,A01,1,7,0,2,1,15,1,
2.023E+11,155 670 546,B01,1,2,0,2,1,2,1,
2.023E+11,155 670 542,A01,1,10,0,1,2,1,1,
2.023E+11,155 670 543,B01,3,50,0,2,5,26,3,
2.023E+11,155 670 544,A01,3,7,0,9,3,9,1,
2.023E+11,155 670 538,B01,1,30,0,2,1,1,1,
2.023E+11,155 670 539,Z01,1,7,0,2,3,9,1,
2.023E+11,155 670 540,B01,3,7,0,2,8,2,1,
2.023E+11,155 670 541,A01,3,32,0,2,2,2,1,
2.023E+11,155 670 536,A01,2,7,0,2,0,1,1,
2.023E+11,155 670 537,B01,3,50,0,2,0,19,3,
2.023E+11,155 670 534,A01,3,7,0,1,1,1,1,
2.023E+11,155 670 535,A01,1,33,0,0,0,1,1,
2.023E+11,155 670 532,A01,2,7,0,2,8,11,1,
2.023E+11,155 670 533,B01,2,31,0,2,2,3,1,
2.023E+11,155 670 530,A01,2,7,0,2,1,2,1,
2.023E+11,155 670 531,B01,2,7,0,2,4,2,1,
2.023E+11,155 670 528,A01,1,33,0,2,1,3,1,
2.023E+11,155 670 529,B01,1,7,0,2,5,11,2,
2.023E+11,155 670 526,A01,2,37,0,2,2,1,1,2
2.023E+11,155 670 527,B01,2,10,0,2,4,16,1,
2.023E+11,155 670 524,A01,2,30,0,2,1,1,1,
2.023E+11,155 670 525,B01,2,7,0,2,4,1,1,
2.023E+11,155 670 522,A01,2,1,0,2,1,19,5,
2.023E+11,155 670 523,B01,2,7,0,2,3,1,1,
2.023E+11,155 670 521,A01,2,7,0,1,1,1,2,
2.023E+11,155 670 520,A01,1,30,0,0,0,1,3,
2.023E+11,155 670 519,A01,1,7,0,1,1,1,1,
2.023E+11,155 670 518,A01,3,50,0,0,1,17,3,
2.023E+11,155 670 516,B01,3,1,0,2,3,19,5,
2.023E+11,155 670 517,A01,3,7,0,2,1,1,1,
2.023E+11,155 670 514,B01,1,32,0,2,1,1,1,
2.023E+11,155 670 515,A01,2,7,0,2,2,15,1,
2.023E+11,155 670 513,A01,3,2,0,0,0,1,1,
2.023E+11,155 670 512,A01,1,7,0,1,1,1,1,
2.023E+11,155 670 510,A01,2,7,0,2,8,22,1,
2.023E+11,155 670 511,B01,2,1,0,2,1,1,5,
2.023E+11,155 670 509,A01,2,13,0,1,8,4,1,
2.023E+11,155 670 508,A01,2,10,0,1,1,15,1,
2.023E+11,155 670 506,A01,2,7,0,2,1,15,1,
2.023E+11,155 670 507,B01,1,32,0,2,1,1,1,
2.023E+11,155 670 505,A01,2,7,0,1,1,1,0,
2.023E+11,155 670 503,A01,1,31,0,2,1,21,1,
2.023E+11,155 670 504,B01,2,7,0,2,3,23,1,
2.023E+11,155 670 501,A01,2,10,0,2,1,15,1,
2.023E+11,155 670 502,B01,1,10,0,2,1,1,1,
2.023E+11,155 670 499,A01,0,2,0,2,2,26,1,
2.023E+11,155 670 500,B01,0,7,0,2,2,15,1,
2.023E+11,155 670 497,A01,2,32,0,2,7,3,1,
2.023E+11,155 670 498,B01,2,10,0,2,1,15,1,
2.023E+11,155 670 495,B01,0,50,0,0,0,0,3,
2.023E+11,155 670 496,A01,1,37,0,2,7,17,1,1
2.023E+11,155 670 494,A01,0,43,0,1,8,1,1,
2.023E+11,155 670 493,A01,3,7,0,1,7,15,0,
2.023E+11,155 670 491,A01,0,40,0,2,3,19,0,
2.023E+11,155 670 492,B01,0,7,0,4,2,19,1,
2.023E+11,155 670 489,B01,1,7,0,2,1,1,0,
2.023E+11,155 670 490,A01,1,10,0,2,2,1,0,
2.023E+11,155 670 487,B01,2,1,0,2,1,1,5,
2.023E+11,155 670 488,A01,1,10,0,9,1,15,1,
2.023E+11,155 670 485,B01,1,32,0,0,0,1,0,
2.023E+11,155 670 486,A01,1,7,0,0,8,9,1,
2.023E+11,155 670 483,A01,1,7,0,9,8,23,1,
2.023E+11,155 670 484,B01,1,1,1,0,2,17,5,
2.023E+11,155 670 481,A01,1,7,0,2,3,19,0,
2.023E+11,155 670 482,B01,2,50,0,2,2,1,3,
2.023E+11,155 670 479,B01,2,1,0,2,2,1,5,
2.023E+11,155 670 480,A01,2,7,0,9,2,16,1,
2.023E+11,155 670 477,B01,3,1,1,0,1,22,5,
2.023E+11,155 670 478,A01,3,10,0,2,3,24,1,
2.023E+11,155 670 475,A01,2,30,0,2,1,1,1,
2.023E+11,155 670 476,B01,2,7,0,2,8,15,1,
2.023E+11,155 670 473,A01,3,7,1,0,3,10,1,
2.023E+11,155 670 474,B01,3,60,1,2,1,1,5,
2.023E+11,155 670 472,A01,3,7,0,1,1,1,2,
2.023E+11,155 670 471,A01,2,7,0,1,3,1,1,
2.023E+11,155 670 470,A01,1,7,16,0,0,2,1,
2.023E+11,155 670 468,B01,2,13,0,0,1,0,1,
2.023E+11,155 670 469,A01,2,99,0,2,2,13,1,
2.023E+11,155 670 466,B01,2,17,0,2,4,2,1,
2.023E+11,155 670 467,A01,2,10,0,2,1,2,1,
2.023E+11,155 670 465,A01,1,7,4,0,2,17,1,
2.023E+11,155 670 464,A01,2,31,5,0,1,26,1,
2.023E+11,155 670 462,B01,1,7,0,2,1,1,0,
2.023E+11,155 670 463,A01,1,1,0,0,4,1,5,
2.023E+11,155 670 460,A01,1,2,0,2,1,2,1,
2.023E+11,155 670 461,B01,1,2,0,0,4,2,1,
2.023E+11,155 670 459,A01,1,33,2,0,1,0,1,
2.023E+11,155 670 457,A01,2,7,13,0,2,0,1,
2.023E+11,155 670 455,A01,1,7,0,2,1,13,1,
2.023E+11,155 670 456,B01,2,21,0,2,3,1,1,
2.023E+11,155 670 453,A01,2,7,0,2,3,1,1,
2.023E+11,155 670 454,B01,1,10,0,2,1,15,1,
2.023E+11,155 670 451,A01,1,7,0,2,3,15,1,
2.023E+11,155 670 452,B01,1,21,0,0,6,16,1,
2.023E+11,155 670 449,A01,1,7,0,2,3,13,1,
2.023E+11,155 670 450,B01,2,10,0,2,1,1,1,
2.023E+11,155 670 447,A01,2,7,12,2,1,1,1,
2.023E+11,155 670 448,B01,1,7,0,2,1,1,1,
2.023E+11,155 670 446,A01,1,7,0,0,9,1,1,
2.023E+11,155 670 444,B01,3,7,0,2,1,23,1,
2.023E+11,155 670 445,A01,3,2,0,2,7,1,1,
2.023E+11,155 670 442,A01,1,7,0,2,3,19,1,
2.023E+11,155 670 443,B01,2,2,0,2,1,1,1,
2.023E+11,155 670 441,A01,2,7,2,0,3,13,1,
2.023E+11,155 670 440,A01,2,33,0,0,9,1,1,
2.023E+11,155 670 439,A01,0,7,0,1,0,0,0,
2.023E+11,155 670 438,A01,3,7,1,0,1,0,1,
2.023E+11,155 670 436,A01,1,7,0,2,1,1,1,
2.023E+11,155 670 437,B01,2,13,0,2,1,1,1,
2.023E+11,155 670 434,A01,1,7,0,9,2,1,1,
2.023E+11,155 670 435,B01,1,1,0,0,4,1,5,
2.023E+11,155 670 433,A01,1,7,0,1,2,1,0,
2.023E+11,155 670 431,A01,2,7,0,2,2,2,1,
2.023E+11,155 670 432,B01,2,7,0,2,6,2,1,
2.023E+11,155 670 429,A01,2,7,2,0,1,6,0,
2.023E+11,155 670 427,A01,1,43,3,2,1,1,1,
2.023E+11,155 670 428,B01,1,15,0,2,6,1,1,
2.023E+11,155 670 424,B01,1,7,0,2,5,2,1,
2.023E+11,155 670 425,C01,1,7,0,2,2,2,1,
2.023E+11,155 670 426,A01,1,7,0,6,3,0,1,
2.023E+11,155 670 423,A01,1,7,4,0,1,21,1,
2.023E+11,155 670 422,A01,2,7,3,0,9,1,1,
2.023E+11,155 670 421,A01,2,7,4,0,2,1,1,
2.023E+11,155 670 420,A01,3,31,0,0,0,21,1,
2.023E+11,155 670 417,A01,1,7,4,2,1,17,1,
2.023E+11,155 670 418,B01,1,7,0,2,8,1,1,
2.023E+11,155 670 419,C01,1,7,0,2,1,1,1,
2.023E+11,155 670 415,A01,2,7,0,2,8,11,1,
2.023E+11,155 670 416,B01,2,7,0,2,7,1,1,
2.023E+11,155 670 414,A01,0,99,8,0,1,0,1,
2.023E+11,155 670 412,A01,1,7,0,2,1,0,1,
2.023E+11,155 670 413,B01,2,10,0,2,1,1,1,
2.023E+11,155 670 411,A01,2,7,2,0,0,0,1,
2.023E+11,155 670 409,B01,1,7,0,2,3,15,1,
2.023E+11,155 670 410,A01,2,31,0,2,2,17,1,
2.023E+11,155 670 406,A01,1,7,2,0,0,1,1,
2.023E+11,155 670 404,A01,1,7,0,2,2,15,1,
2.023E+11,155 670 405,B01,2,33,0,2,1,1,1,
2.023E+11,155 670 402,A01,2,15,0,2,1,1,1,
2.023E+11,155 670 403,B01,2,2,0,2,4,1,1,
2.023E+11,155 670 400,A01,1,2,0,2,1,1,1,
2.023E+11,155 670 401,B01,3,7,0,2,3,20,1,
2.023E+11,155 670 398,B01,2,1,13,2,7,19,5,
2.023E+11,155 670 399,A01,2,7,0,9,1,1,1,
2.023E+11,155 670 394,B01,2,7,0,2,3,21,0,
2.023E+11,155 670 395,A01,2,7,0,2,1,5,1,
2.023E+11,155 670 396,C01,1,7,0,2,1,21,0,
2.023E+11,155 670 397,D01,1,7,0,2,3,21,0,
2.023E+11,155 670 393,A01,2,7,0,1,2,1,1,
2.023E+11,155 670 391,B01,1,7,0,2,3,1,1,
2.023E+11,155 670 392,A01,2,7,0,2,3,13,1,
2.023E+11,155 670 388,C01,1,7,0,2,8,13,1,
2.023E+11,155 670 389,A01,1,7,3,0,3,1,1,
2.023E+11,155 670 390,B01,1,7,0,2,2,3,1,
2.023E+11,155 670 387,A01,1,7,4,0,3,13,0,
2.023E+11,155 670 384,A01,2,7,0,2,1,2,0,
2.023E+11,155 670 385,B01,2,7,0,2,1,2,0,
2.023E+11,155 670 386,C01,2,7,0,0,0,0,0,
2.023E+11,155 670 381,A01,2,7,0,2,1,2,1,
2.023E+11,155 670 382,B01,2,7,0,2,4,2,1,
2.023E+11,155 670 383,C01,2,7,0,2,4,2,1,
2.023E+11,155 670 379,A01,1,7,0,2,1,2,1,
2.023E+11,155 670 380,B01,1,7,0,2,4,2,1,
2.023E+11,155 670 377,A01,2,7,0,2,5,12,1,
2.023E+11,155 670 378,B01,2,33,0,2,1,3,0,
2.023E+11,155 670 374,A01,2,7,0,2,1,1,1,
2.023E+11,155 670 375,B01,2,7,0,2,4,1,1,
2.023E+11,155 670 376,C01,2,7,0,2,4,1,1,
2.023E+11,155 670 373,A01,2,7,3,0,9,1,1,
2.023E+11,155 670 372,A01,1,7,4,0,3,26,1,
2.023E+11,155 670 370,B01,2,32,0,2,0,0,1,
2.023E+11,155 670 371,Z01,2,0,0,0,0,0,0,
2.023E+11,155 670 369,A01,1,7,3,0,3,0,1,
2.023E+11,155 670 366,A01,2,10,0,2,3,1,1,
2.023E+11,155 670 367,B01,2,7,0,2,6,23,1,
2.023E+11,155 670 368,C01,2,7,0,2,5,2,1,
2.023E+11,155 670 363,B01,1,7,0,2,4,1,1,
2.023E+11,155 670 364,A01,1,7,0,2,1,1,1,
2.023E+11,155 670 365,C01,1,7,0,2,4,0,1,
2.023E+11,155 670 361,B01,2,7,0,0,4,2,1,
2.023E+11,155 670 362,A01,2,10,0,2,1,2,1,
2.023E+11,155 670 359,A01,3,15,0,0,6,24,0,
2.023E+11,155 670 360,B01,3,80,1,0,1,0,3,
2.023E+11,155 670 357,A01,1,1,0,2,7,1,5,
2.023E+11,155 670 358,B01,1,7,0,9,1,2,1,
2.023E+11,155 670 355,A01,1,7,0,2,1,5,1,
2.023E+11,155 670 356,B01,2,7,0,2,1,1,1,
2.023E+11,155 670 352,A01,1,10,0,2,1,2,1,
2.023E+11,155 670 353,B01,1,7,0,0,4,2,1,
2.023E+11,155 670 354,C01,1,7,0,0,4,2,1,
2.023E+11,155 670 350,A01,0,33,0,2,1,19,0,
2.023E+11,155 670 351,B01,1,7,0,2,8,19,1,
2.023E+11,155 670 348,B01,3,99,0,2,3,19,1,
2.023E+11,155 670 349,A01,3,10,0,2,1,1,1,
2.023E+11,155 670 346,Z01,3,7,0,2,1,0,0,
2.023E+11,155 670 347,A01,3,2,0,2,0,0,0,
2.023E+11,155 670 344,A01,1,2,0,2,1,2,0,
2.023E+11,155 670 345,B01,1,7,0,2,4,1,0,
2.023E+11,155 670 342,A01,1,7,0,2,4,20,1,
2.023E+11,155 670 343,B01,1,2,0,2,1,1,1,
2.023E+11,155 670 340,B01,2,50,0,2,7,2,3,
2.023E+11,155 670 341,A01,2,7,0,2,8,10,1,
2.023E+11,155 670 339,A01,1,7,5,0,3,16,1,
2.023E+11,155 670 335,B01,0,7,0,2,5,9,0,
2.023E+11,155 670 336,A01,3,7,0,2,3,1,0,
2.023E+11,155 670 334,A01,1,7,0,1,2,1,1,
2.023E+11,155 670 333,A01,2,7,2,0,2,14,1,
2.023E+11,155 670 331,A01,1,2,0,2,8,2,1,
2.023E+11,155 670 332,B01,1,2,0,2,7,2,1,
2.023E+11,155 670 330,A01,2,7,0,1,1,1,1,
2.023E+11,155 670 327,A01,2,7,1,0,2,14,2,