Num_Acc,id_vehicule,num_veh,senc,catv,obs,obsm,choc,manv,motor,occutc
2.023E+11,155 669 860,A01,2,1,0,0,0,1,5,
2.023E+11,155 669 859,B01,3,7,0,2,6,23,1,
2.023E+11,155 669 861,A01,3,7,0,2,2,15,1,
2.023E+11,155 669 858,A01,2,1,0,0,0,1,5,
2.023E+11,155 669 857,A01,0,7,0,1,1,9,1,
2.023E+11,155 669 855,B01,1,7,0,2,2,1,2,
2.023E+11,155 669 856,A01,3,1,0,2,8,19,5,
2.023E+11,155 669 852,B01,2,7,0,2,7,1,1,
2.023E+11,155 669 853,A01,2,50,0,2,1,15,3,
2.023E+11,155 669 851,B01,1,37,0,2,3,1,1,5
2.023E+11,155 669 854,A01,1,10,0,2,2,16,1,
2.023E+11,155 669 849,A01,1,7,0,1,5,4,1,
2.023E+11,155 669 848,B01,2,7,0,2,8,9,1,
2.023E+11,155 669 850,A01,2,1,0,2,1,9,5,
2.023E+11,155 669 847,A01,2,1,0,1,1,8,5,
2.023E+11,155 669 845,B01,2,3,0,2,8,15,1,
2.023E+11,155 669 846,A01,2,30,0,2,7,17,1,
2.023E+11,155 669 843,A01,1,10,0,2,2,16,1,
2.023E+11,155 669 844,B01,1,1,0,2,1,1,5,
2.023E+11,155 669 841,B01,3,1,0,2,1,1,5,
2.023E+11,155 669 842,A01,1,7,0,2,3,9,1,
2.023E+11,155 669 839,B01,1,50,0,2,1,15,3,
2.023E+11,155 669 840,A01,1,7,0,2,2,16,1,
2.023E+11,155 669 837,B01,3,33,0,2,1,1,1,
2.023E+11,155 669 838,A01,3,7,0,2,1,15,1,
2.023E+11,155 669 835,A01,1,50,1,0,8,1,3,
2.023E+11,155 669 834,A01,3,7,0,1,1,26,0,
2.023E+11,155 669 832,A01,3,7,8,0,2,1,1,
2.023E+11,155 669 831,B01,1,31,0,2,3,2,1,
2.023E+11,155 669 833,A01,1,10,0,2,6,4,1,
2.023E+11,155 669 829,A01,3,7,0,1,1,1,1,
2.023E+11,155 669 828,B01,1,7,0,2,3,16,1,
2.023E+11,155 669 830,A01,2,30,0,2,3,13,1,
2.023E+11,155 669 826,A01,2,7,0,2,1,10,1,
2.023E+11,155 669 827,B01,2,30,0,2,8,1,0,
2.023E+11,155 669 823,B01,1,1,0,2,1,5,5,
2.023E+11,155 669 824,A01,1,10,0,2,1,2,1,
2.023E+11,155 669 821,B01,2,7,0,2,3,15,3,
2.023E+11,155 669 822,A01,2,30,0,2,1,3,1,
2.023E+11,155 669 825,C01,3,7,0,2,4,23,1,
2.023E+11,155 669 820,B01,1,7,0,1,8,0,2,
2.023E+11,155 669 817,A01,0,7,0,2,1,0,1,
2.023E+11,155 669 818,B01,0,33,0,0,4,0,1,
2.023E+11,155 669 816,B01,2,7,0,2,1,1,1,
2.023E+11,155 669 819,A01,1,2,0,2,7,1,1,
2.023E+11,155 669 815,B01,1,10,0,1,3,1,1,
2.023E+11,155 669 813,A01,1,7,0,1,2,1,1,
2.023E+11,155 669 812,A01,1,2,0,2,1,1,1,
2.023E+11,155 669 814,B01,1,7,0,2,3,15,1,
2.023E+11,155 669 809,A01,3,2,0,0,4,18,1,
2.023E+11,155 669 810,B01,3,14,0,2,1,26,1,
2.023E+11,155 669 808,A01,2,7,0,2,3,9,1,
2.023E+11,155 669 811,B01,2,1,0,2,1,1,5,
2.023E+11,155 669 806,A01,1,2,0,2,1,1,1,
2.023E+11,155 669 807,B01,1,7,0,2,6,1,1,
2.023E+11,155 669 805,A01,1,30,0,1,7,1,3,
2.023E+11,155 669 803,A01,2,7,0,2,2,14,1,
2.023E+11,155 669 804,B01,2,31,0,2,8,1,1,
2.023E+11,155 669 801,A01,0,7,0,2,1,1,1,
2.023E+11,155 669 802,B01,0,50,0,2,8,19,3,
2.023E+11,155 669 799,A01,1,32,0,2,8,18,1,
2.023E+11,155 669 800,B01,1,1,0,2,2,17,5,
2.023E+11,155 669 795,A01,1,10,0,2,6,18,1,
2.023E+11,155 669 796,B01,2,10,0,2,3,1,1,
2.023E+11,155 669 792,A01,1,7,0,2,2,15,1,
2.023E+11,155 669 793,B01,2,2,0,2,1,1,1,
2.023E+11,155 669 786,C01,1,10,0,2,3,1,1,
2.023E+11,155 669 788,B01,1,10,0,2,3,1,1,
2.023E+11,155 669 789,A01,2,7,0,2,2,15,1,
2.023E+11,155 669 782,B01,2,17,3,2,2,1,1,
2.023E+11,155 669 784,A01,1,7,3,2,2,13,1,
2.023E+11,155 669 779,A01,2,7,0,2,3,13,1,
2.023E+11,155 669 781,B01,1,14,0,2,3,1,1,
2.023E+11,155 669 780,A01,3,7,0,1,3,16,1,
2.023E+11,155 669 778,A01,2,7,0,1,2,1,1,
2.023E+11,155 669 776,A01,1,7,0,0,9,2,1,
2.023E+11,155 669 777,A01,1,7,0,1,2,1,1,
2.023E+11,155 669 774,A01,3,40,0,1,3,1,3,
2.023E+11,155 669 773,B01,1,1,0,2,3,11,5,
2.023E+11,155 669 775,A01,1,7,0,2,2,1,1,
2.023E+11,155 669 771,A01,1,7,0,1,1,17,1,
2.023E+11,155 669 772,A01,1,1,8,0,1,1,5,
2.023E+11,155 669 769,A01,2,7,0,1,3,25,1,
2.023E+11,155 669 768,B01,2,1,0,2,1,1,5,
2.023E+11,155 669 770,A01,2,50,0,2,8,19,3,
2.023E+11,155 669 765,C01,1,7,0,2,1,2,1,
2.023E+11,155 669 766,B01,1,7,0,2,4,23,1,
2.023E+11,155 669 767,A01,2,7,3,0,4,23,1,
2.023E+11,155 669 763,A01,0,7,0,1,2,1,0,
2.023E+11,155 669 762,B01,1,7,0,2,3,1,0,
2.023E+11,155 669 764,A01,1,7,0,2,2,9,0,
2.023E+11,155 669 760,B01,2,33,0,2,1,1,1,
2.023E+11,155 669 761,A01,1,7,0,2,7,15,1,
2.023E+11,155 669 758,B01,1,7,0,0,3,1,1,
2.023E+11,155 669 759,A01,2,3,0,0,1,1,1,
2.023E+11,155 669 757,A01,2,10,9,0,1,1,0,
2.023E+11,155 669 755,A01,2,7,0,2,2,0,1,
2.023E+11,155 669 756,B01,1,33,0,2,1,1,1,
2.023E+11,155 669 752,C01,2,7,0,2,4,1,1,
2.023E+11,155 669 753,B01,2,7,0,2,4,1,1,
2.023E+11,155 669 754,A01,2,7,0,2,1,1,1,
2.023E+11,155 669 748,A01,2,7,0,2,1,2,1,
2.023E+11,155 669 749,B01,2,7,0,2,4,2,1,
2.023E+11,155 669 750,C01,2,7,0,2,4,2,1,
2.023E+11,155 669 751,D01,2,7,0,2,4,2,1,
2.023E+11,155 669 746,A01,1,50,0,2,1,14,3,
2.023E+11,155 669 747,B01,2,7,0,2,2,1,1,
2.023E+11,155 669 744,A01,1,7,0,2,3,1,0,
2.023E+11,155 669 745,B01,2,32,0,2,1,15,0,
2.023E+11,155 669 742,B01,1,33,0,2,7,1,1,
2.023E+11,155 669 743,A01,1,7,0,9,3,15,1,
2.023E+11,155 669 741,A01,2,7,0,1,1,1,1,
2.023E+11,155 669 739,A01,3,10,0,2,1,13,1,
2.023E+11,155 669 740,B01,3,7,0,2,1,1,1,
2.023E+11,155 669 737,A01,2,32,0,2,1,2,3,
2.023E+11,155 669 738,B01,2,42,0,2,4,2,1,
2.023E+11,155 669 735,A01,2,10,0,2,1,2,1,
2.023E+11,155 669 736,B01,2,10,0,2,4,2,1,
2.023E+11,155 669 733,B01,1,1,0,2,1,1,5,
2.023E+11,155 669 734,A01,1,7,0,2,2,16,2,
2.023E+11,155 669 732,A01,2,7,0,1,4,4,1,
2.023E+11,155 669 730,B01,3,1,0,2,7,19,5,
2.023E+11,155 669 731,A01,2,7,0,2,1,1,1,
2.023E+11,155 669 729,A01,1,2,0,1,1,1,3,
2.023E+11,155 669 727,A01,1,7,0,2,3,13,1,
2.023E+11,155 669 728,B01,1,2,0,2,2,17,3,
2.023E+11,155 669 725,B01,2,7,0,2,7,16,1,
2.023E+11,155 669 726,A01,2,30,0,2,7,7,3,
2.023E+11,155 669 723,Z01,1,7,0,2,1,15,0,
2.023E+11,155 669 724,A01,1,31,0,2,4,15,1,
2.023E+11,155 669 721,A01,1,50,0,2,7,14,3,
2.023E+11,155 669 722,B01,1,33,0,2,3,1,1,
2.023E+11,155 669 719,A01,2,33,0,2,1,9,1,
2.023E+11,155 669 720,B01,2,7,0,2,3,1,1,
2.023E+11,155 669 717,A01,3,10,1,0,4,4,1,
2.023E+11,155 669 718,B01,3,7,0,2,1,23,1,
2.023E+11,155 669 715,A01,1,42,0,2,3,1,3,
2.023E+11,155 669 716,B01,1,7,0,2,2,1,1,
2.023E+11,155 669 713,B01,3,30,0,2,1,13,1,
2.023E+11,155 669 714,A01,3,7,0,2,3,13,1,
2.023E+11,155 669 712,A01,2,10,0,1,3,1,0,
2.023E+11,155 669 711,A01,2,7,0,1,1,15,1,
2.023E+11,155 669 709,A01,3,10,0,2,1,2,1,
2.023E+11,155 669 710,B01,3,7,0,2,4,2,1,
2.023E+11,155 669 707,B01,2,10,0,2,3,15,1,
2.023E+11,155 669 708,A01,1,7,0,2,1,1,1,
2.023E+11,155 669 705,A01,1,7,0,2,1,11,1,
2.023E+11,155 669 706,B01,2,50,0,2,1,1,3,
2.023E+11,155 669 703,B01,2,80,0,2,1,2,3,
2.023E+11,155 669 704,A01,2,10,0,2,2,16,1,
2.023E+11,155 669 701,A01,2,50,0,2,3,2,3,
2.023E+11,155 669 702,B01,2,7,0,2,3,2,1,
2.023E+11,155 669 699,A01,1,32,0,2,1,16,0,
2.023E+11,155 669 700,B01,2,1,0,2,8,2,5,
2.023E+11,155 669 696,A01,0,7,0,2,4,11,0,
2.023E+11,155 669 697,B01,0,7,0,2,1,1,0,
2.023E+11,155 669 698,C01,0,10,0,2,1,1,0,
2.023E+11,155 669 694,B01,3,7,0,2,2,9,1,
2.023E+11,155 669 695,A01,1,43,0,2,8,1,1,
2.023E+11,155 669 693,A01,3,60,12,0,1,25,5,
2.023E+11,155 669 691,A01,1,7,0,2,3,11,0,
2.023E+11,155 669 692,B01,1,30,0,2,7,1,3,
2.023E+11,155 669 689,B01,1,32,0,0,1,15,1,
2.023E+11,155 669 690,Z01,2,32,0,2,1,16,1,
2.023E+11,155 669 688,A01,2,33,0,1,1,17,1,
2.023E+11,155 669 687,A01,2,7,0,1,3,1,1,
2.023E+11,155 669 685,B01,1,1,0,2,1,19,5,
2.023E+11,155 669 686,A01,1,7,0,2,3,9,1,
2.023E+11,155 669 683,A01,2,33,0,2,7,0,1,
2.023E+11,155 669 684,B01,2,7,0,2,1,0,0,
2.023E+11,155 669 682,A01,1,7,1,0,3,14,2,
2.023E+11,155 669 681,A01,1,33,3,0,1,14,1,
2.023E+11,155 669 677,A01,2,34,4,0,1,1,1,
2.023E+11,155 669 676,A01,2,7,0,2,2,9,1,
2.023E+11,155 669 678,B01,1,30,0,2,1,1,1,
2.023E+11,155 669 675,A01,2,7,3,0,1,0,1,
2.023E+11,155 669 673,B01,1,7,0,0,1,2,1,
2.023E+11,155 669 674,A01,1,7,8,2,7,1,1,
2.023E+11,155 669 669,A01,2,7,0,2,7,19,1,
2.023E+11,155 669 670,B01,1,33,0,2,1,1,1,
2.023E+11,155 669 667,A01,1,10,0,2,1,17,1,
2.023E+11,155 669 668,B01,1,7,0,2,8,15,1,
2.023E+11,155 669 666,A01,2,33,13,0,2,1,1,
2.023E+11,155 669 665,A01,3,7,2,0,1,14,1,
2.023E+11,155 669 663,A01,1,1,1,0,1,2,5,
2.023E+11,155 669 664,B01,1,7,0,9,4,24,1,
2.023E+11,155 669 661,A01,1,33,15,0,1,17,1,
2.023E+11,155 669 660,A01,1,7,0,1,3,1,1,
2.023E+11,155 669 659,A01,1,33,0,2,1,1,1,
2.023E+11,155 669 662,B01,2,1,0,2,8,15,5,
2.023E+11,155 669 656,A01,3,37,0,1,7,16,1,1
2.023E+11,155 669 650,A01,1,7,0,2,1,2,1,
2.023E+11,155 669 653,B01,1,7,0,2,4,2,1,
2.023E+11,155 669 651,B01,0,7,1,0,8,-1,0,
2.023E+11,155 669 654,A01,3,32,6,0,2,1,1,
2.023E+11,155 669 649,B01,3,7,0,2,1,19,1,
2.023E+11,155 669 652,A01,3,50,0,2,1,19,3,
2.023E+11,155 669 648,A01,3,1,17,0,1,1,5,
2.023E+11,155 669 645,A01,2,7,0,2,3,19,1,
2.023E+11,155 669 647,B01,1,31,0,2,1,1,1,
2.023E+11,155 669 644,A01,2,7,0,1,3,1,1,
2.023E+11,155 669 643,B01,3,7,0,2,1,1,2,
2.023E+11,155 669 646,A01,3,7,0,2,4,19,0,
2.023E+11,155 669 639,B01,1,1,1,2,8,1,5,
2.023E+11,155 669 641,A01,1,7,0,9,2,19,3,
2.023E+11,155 669 638,A01,1,7,0,2,1,1,1,
2.023E+11,155 669 640,B01,2,7,0,2,1,5,1,
2.023E+11,155 669 637,A01,1,7,4,0,2,16,1,
2.023E+11,155 669 636,A01,2,2,12,0,1,1,1,
2.023E+11,155 669 633,A01,3,7,0,1,1,0,1,
2.023E+11,155 669 634,A01,1,2,0,2,3,1,1,
2.023E+11,155 669 635,B01,2,7,0,2,1,6,1,
2.023E+11,155 669 631,A01,1,7,0,2,3,1,1,
2.023E+11,155 669 632,B01,1,7,0,2,5,15,1,
2.023E+11,155 669 628,A01,2,7,3,2,3,5,1,
2.023E+11,155 669 630,B01,1,7,3,2,3,1,1,
2.023E+11,155 669 626,A01,2,7,0,2,1,19,1,
2.023E+11,155 669 629,B01,1,7,0,2,1,1,1,
2.023E+11,155 669 625,B01,3,7,0,2,5,19,1,
2.023E+11,155 669 627,A01,2,33,0,2,1,1,1,
2.023E+11,155 669 621,A01,1,7,17,0,1,1,1,
2.023E+11,155 669 622,A01,2,7,0,2,1,2,1,
2.023E+11,155 669 623,B01,2,7,0,2,4,23,1,
2.023E+11,155 669 620,B01,1,2,0,0,1,1,1,
2.023E+11,155 669 624,A01,3,21,0,0,3,26,1,
2.023E+11,155 669 619,A01,2,7,13,0,1,14,1,
2.023E+11,155 669 618,A01,1,10,0,1,3,1,1,
2.023E+11,155 669 617,A01,1,30,0,0,0,0,1,
2.023E+11,155 669 615,A01,1,7,0,2,1,13,1,
2.023E+11,155 669 616,B01,2,7,0,2,1,1,1,
2.023E+11,155 669 613,A01,1,1,0,5,0,0,5,
2.023E+11,155 669 611,B01,2,7,0,2,4,1,1,
2.023E+11,155 669 614,A01,2,7,0,2,1,23,1,
2.023E+11,155 669 610,A01,0,7,0,2,1,1,1,
2.023E+11,155 669 612,B01,0,7,0,2,1,1,1,
2.023E+11,155 669 608,A01,1,7,0,2,7,19,1,
2.023E+11,155 669 609,B01,2,2,0,2,3,1,1,
2.023E+11,155 669 606,A01,3,7,8,0,9,1,1,
2.023E+11,155 669 604,A01,1,38,0,1,2,1,1,1
2.023E+11,155 669 605,A01,1,7,0,2,1,13,1,
2.023E+11,155 669 607,B01,1,7,0,2,1,1,1,
2.023E+11,155 669 601,A01,1,7,0,2,3,15,1,
2.023E+11,155 669 603,B01,1,31,0,2,2,17,1,
2.023E+11,155 669 599,A01,3,7,2,0,1,16,1,
2.023E+11,155 669 600,B01,0,2,0,2,1,1,1,
2.023E+11,155 669 602,A01,3,7,0,2,2,1,1,
2.023E+11,155 669 598,A01,2,7,6,0,3,14,1,
2.023E+11,155 669 595,A01,2,2,0,2,1,1,1,
2.023E+11,155 669 597,B01,1,7,0,2,3,15,1,
2.023E+11,155 669 593,B01,2,33,0,2,1,1,1,
2.023E+11,155 669 594,A01,3,7,0,2,5,15,1,
2.023E+11,155 669 591,B01,1,30,0,2,4,2,1,
2.023E+11,155 669 592,A01,1,17,0,2,7,2,1,
2.023E+11,155 669 596,A01,3,7,0,1,0,2,1,
2.023E+11,155 669 590,A01,2,31,14,0,8,1,1,
2.023E+11,155 669 586,A01,3,10,0,2,1,13,1,
2.023E+11,155 669 588,B01,3,7,0,2,1,1,1,
2.023E+11,155 669 585,A01,1,7,0,2,1,2,1,
2.023E+11,155 669 587,B01,1,10,0,2,4,1,1,
2.023E+11,155 669 589,C01,1,7,0,2,4,2,1,
2.023E+11,155 669 583,A01,1,7,0,2,5,17,1,
2.023E+11,155 669 584,B01,1,7,0,2,3,1,1,
2.023E+11,155 669 580,Z01,2,7,0,2,5,12,0,
2.023E+11,155 669 581,A01,2,33,0,2,1,3,1,
2.023E+11,155 669 578,A01,2,7,0,2,7,1,1,
2.023E+11,155 669 582,B01,1,7,0,2,1,1,1,
2.023E+11,155 669 579,A01,2,31,0,0,0,1,1,
2.023E+11,155 669 576,A01,2,33,0,0,7,15,1,
2.023E+11,155 669 574,A01,1,7,0,2,4,0,0,
2.023E+11,155 669 575,B01,1,7,0,2,4,26,1,
2.023E+11,155 669 573,A01,1,7,0,2,1,1,1,
2.023E+11,155 669 577,B01,1,17,0,2,4,1,0,
2.023E+11,155 669 571,B01,1,1,0,0,4,1,5,
2.023E+11,155 669 572,A01,1,7,0,0,2,9,1,
2.023E+11,155 669 568,A01,1,2,0,2,1,17,1,
2.023E+11,155 669 570,B01,1,7,0,2,8,15,1,
2.023E+11,155 669 567,A01,1,10,13,0,1,1,1,
2.023E+11,155 669 566,B01,1,7,0,2,6,11,1,
2.023E+11,155 669 569,A01,1,43,0,2,1,3,1,
2.023E+11,155 669 563,A01,2,33,0,2,1,17,1,
2.023E+11,155 669 564,B01,1,7,0,2,1,1,1,
2.023E+11,155 669 562,A01,3,7,0,2,2,16,1,
2.023E+11,155 669 565,B01,3,7,0,2,8,16,1,
2.023E+11,155 669 557,A01,1,33,0,2,8,1,1,
2.023E+11,155 669 558,B01,2,7,0,2,8,1,1,
2.023E+11,155 669 554,A01,1,33,0,2,1,1,1,
2.023E+11,155 669 556,B01,1,7,0,2,6,15,1,
2.023E+11,155 669 551,A01,2,31,13,0,0,0,1,
2.023E+11,155 669 552,A01,1,7,4,0,3,23,1,
2.023E+11,155 669 553,B01,1,7,0,2,5,23,1,
2.023E+11,155 669 555,C01,1,7,0,2,3,1,1,
2.023E+11,155 669 559,D01,1,10,0,2,3,1,1,
2.023E+11,155 669 560,E01,1,7,0,2,6,1,1,
2.023E+11,155 669 561,F01,1,14,0,2,3,1,1,
2.023E+11,155 669 547,A01,2,7,0,2,8,15,1,
2.023E+11,155 669 550,B01,2,33,0,2,7,17,1,
2.023E+11,155 669 546,A01,1,10,0,2,4,3,1,
2.023E+11,155 669 548,B01,1,7,0,2,1,2,1,
2.023E+11,155 669 544,B01,3,7,0,2,6,1,1,
2.023E+11,155 669 545,A01,3,7,0,2,3,13,1,
2.023E+11,155 669 540,B01,1,34,0,2,8,2,1,
2.023E+11,155 669 542,A01,1,7,0,2,2,12,1,
2.023E+11,155 669 541,A01,3,7,0,2,2,1,2,
2.023E+11,155 669 543,B01,3,7,0,2,3,1,1,
2.023E+11,155 669 538,A01,2,7,0,2,3,13,1,
2.023E+11,155 669 539,B01,1,7,0,2,3,1,1,
2.023E+11,155 669 535,A01,1,33,0,2,1,12,1,
2.023E+11,155 669 537,B01,0,1,0,2,4,1,5,
2.023E+11,155 669 531,B01,1,33,13,0,0,21,1,
2.023E+11,155 669 534,A01,2,10,0,0,0,5,0,
2.023E+11,155 669 532,A01,0,10,0,1,1,1,1,
2.023E+11,155 669 533,B01,2,32,0,2,7,15,1,
2.023E+11,155 669 536,A01,1,32,0,2,1,1,1,
2.023E+11,155 669 529,A01,2,80,0,0,0,0,3,
2.023E+11,155 669 526,A01,2,7,0,2,1,0,0,
2.023E+11,155 669 528,B01,1,7,-1,-1,-1,-1,-1,
2.023E+11,155 669 525,A01,2,3,0,2,1,19,1,
2.023E+11,155 669 527,B01,3,0,0,2,0,0,0,
2.023E+11,155 669 522,A01,2,10,0,2,3,13,1,
2.023E+11,155 669 524,B01,1,17,0,2,3,1,1,
2.023E+11,155 669 523,A01,1,1,0,0,0,1,5,
2.023E+11,155 669 520,A01,1,7,0,2,1,13,1,
2.023E+11,155 669 521,B01,2,10,0,2,1,1,1,
2.023E+11,155 669 518,B01,1,33,3,9,0,1,1,
2.023E+11,155 669 517,A01,2,1,0,1,1,1,5,
2.023E+11,155 669 515,A01,2,10,0,1,3,1,1,
2.023E+11,155 669 514,C01,2,7,0,2,4,26,1,
2.023E+11,155 669 516,A01,2,7,0,2,1,26,1,
2.023E+11,155 669 519,B01,2,7,0,2,4,26,1,
2.023E+11,155 669 509,A01,2,7,0,2,1,2,0,
2.023E+11,155 669 512,B01,2,7,0,0,4,2,0,
2.023E+11,155 669 510,B01,2,80,0,2,4,23,3,
2.023E+11,155 669 513,Z01,2,7,0,2,1,1,1,
2.023E+11,155 669 508,A01,1,14,0,2,1,1,1,
2.023E+11,155 669 511,B01,2,7,0,0,8,15,1,
2.023E+11,155 669 506,B01,2,1,0,2,0,2,5,
2.023E+11,155 669 507,A01,2,7,0,2,7,16,1,
2.023E+11,155 669 503,A01,1,7,0,2,7,10,2,
2.023E+11,155 669 505,B01,1,32,0,2,1,1,1,
2.023E+11,155 669 498,A01,2,50,0,2,1,1,3,
2.023E+11,155 669 500,B01,3,10,0,2,3,20,1,
2.023E+11,155 669 497,A01,3,30,0,0,1,0,3,
2.023E+11,155 669 499,A01,1,7,0,2,1,1,1,
2.023E+11,155 669 502,B01,1,2,0,2,3,15,0,
2.023E+11,155 669 496,A01,3,7,0,1,1,10,1,
2.023E+11,155 669 495,A01,0,7,0,1,4,4,1,
2.023E+11,155 669 494,A01,0,32,13,0,8,0,1,
2.023E+11,155 669 492,A01,1,14,0,1,1,1,1,
2.023E+11,155 669 489,A01,3,34,0,0,8,1,1,
2.023E+11,155 669 488,B01,1,33,0,2,1,1,1,
2.023E+11,155 669 490,A01,2,7,0,2,2,15,0,
2.023E+11,155 669 485,A01,3,7,0,2,7,22,2,
2.023E+11,155 669 487,B01,3,50,0,2,8,1,3,
2.023E+11,155 669 483,A01,1,7,0,2,1,2,1,
2.023E+11,155 669 484,B01,1,7,0,0,4,2,1,
2.023E+11,155 669 481,A01,2,33,0,2,1,2,1,
2.023E+11,155 669 486,B01,2,7,0,2,4,1,1,
2.023E+11,155 669 480,A01,2,7,0,2,1,1,1,
2.023E+11,155 669 482,B01,2,50,0,2,8,13,3,
2.023E+11,155 669 479,A01,2,80,12,0,2,14,3,
2.023E+11,155 669 476,A01,3,10,0,2,3,15,1,
2.023E+11,155 669 477,B01,3,33,0,2,3,1,1,
2.023E+11,155 669 475,A01,1,7,2,0,2,0,1,
2.023E+11,155 669 473,A01,2,10,0,2,1,2,1,
2.023E+11,155 669 478,B01,2,17,0,0,4,1,1,
2.023E+11,155 669 472,A01,2,7,0,2,2,9,1,
2.023E+11,155 669 474,B01,2,1,0,2,1,1,5,
2.023E+11,155 669 470,A01,1,33,13,0,3,1,1,
2.023E+11,155 669 469,A01,3,7,0,2,1,2,1,
2.023E+11,155 669 471,B01,3,2,0,2,4,15,1,
2.023E+11,155 669 466,A01,2,2,0,0,8,0,1,
2.023E+11,155 669 464,A01,0,7,0,2,2,26,1,
2.023E+11,155 669 468,B01,0,7,0,2,3,15,1,
2.023E+11,155 669 463,A01,3,7,0,2,1,1,1,
2.023E+11,155 669 467,B01,3,7,0,0,4,1,1,
2.023E+11,155 669 462,A01,1,7,0,2,1,13,1,
2.023E+11,155 669 465,B01,2,2,0,2,1,0,1,
2.023E+11,155 669 460,A01,1,2,0,0,0,2,1,
2.023E+11,155 669 458,A01,2,10,0,2,2,1,3,
2.023E+11,155 669 461,B01,1,34,0,2,1,1,1,
2.023E+11,155 669 457,A01,3,7,0,2,1,2,2,
2.023E+11,155 669 459,B01,3,80,0,2,4,1,3,
2.023E+11,155 669 453,A01,2,7,0,2,2,15,1,
2.023E+11,155 669 456,B01,1,7,0,2,2,1,1,
2.023E+11,155 669 451,A01,3,7,0,2,2,15,1,
2.023E+11,155 669 454,B01,3,43,0,2,1,1,1,
2.023E+11,155 669 450,B01,2,10,0,2,1,1,1,
2.023E+11,155 669 455,A01,1,10,0,2,8,15,1,
2.023E+11,155 669 449,A01,2,7,5,0,3,1,1,
2.023E+11,155 669 448,A01,2,7,14,0,1,1,1,
2.023E+11,155 669 452,B01,2,7,1,0,4,26,1,
2.023E+11,155 669 444,A01,3,7,0,1,1,1,1,
2.023E+11,155 669 445,A01,3,7,0,0,0,0,0,
2.023E+11,155 669 443,A01,0,10,0,1,1,1,1,
2.023E+11,155 669 441,A01,3,7,0,0,0,26,0,
2.023E+11,155 669 438,A01,3,7,6,0,2,1,1,
2.023E+11,155 669 435,A01,3,31,8,0,1,11,1,
2.023E+11,155 669 436,A01,1,7,0,2,3,15,1,
2.023E+11,155 669 439,B01,1,1,0,2,3,1,5,
2.023E+11,155 669 434,A01,2,7,0,2,1,1,1,
2.023E+11,155 669 437,B01,2,7,0,2,4,1,1,
2.023E+11,155 669 440,C01,2,7,0,2,4,1,1,
2.023E+11,155 669 442,D01,2,7,0,2,4,1,1,
2.023E+11,155 669 432,A01,1,33,0,2,1,2,1,
2.023E+11,155 669 433,B01,1,7,0,2,3,10,1,
2.023E+11,155 669 429,B01,3,7,0,2,7,15,1,
2.023E+11,155 669 430,A01,3,7,0,2,3,2,1,
2.023E+11,155 669 428,A01,1,30,0,1,2,1,1,
2.023E+11,155 669 427,B01,1,33,0,2,4,0,0,
2.023E+11,155 669 431,Z01,0,7,0,0,0,0,0,
2.023E+11,155 669 424,A01,2,10,0,1,1,1,1,
2.023E+11,155 669 422,A01,1,7,0,2,3,15,1,
2.023E+11,155 669 425,B01,1,32,0,2,1,17,1,
2.023E+11,155 669 423,A01,2,7,0,1,2,0,1,
2.023E+11,155 669 421,B01,2,1,0,2,4,15,5,
2.023E+11,155 669 426,A01,2,1,0,2,1,17,5,
2.023E+11,155 669 420,A01,1,34,14,0,1,1,1,
2.023E+11,155 669 418,A01,3,7,0,1,1,1,0,
2.023E+11,155 669 416,A01,1,7,0,2,3,13,1,
2.023E+11,155 669 419,B01,2,10,0,2,3,0,1,
2.023E+11,155 669 415,B01,0,7,0,2,2,12,1,
2.023E+11,155 669 417,A01,0,7,0,2,3,1,1,
2.023E+11,155 669 412,A01,2,7,0,2,1,1,1,
2.023E+11,155 669 414,B01,1,7,0,2,1,1,1,
2.023E+11,155 669 409,A01,2,32,0,2,1,2,1,
2.023E+11,155 669 411,B01,2,7,0,2,4,2,1,
2.023E+11,155 669 413,A01,1,10,0,1,1,15,1,
2.023E+11,155 669 408,B01,1,7,0,2,3,1,1,
2.023E+11,155 669 410,A01,3,7,0,2,2,15,1,
2.023E+11,155 669 405,B01,2,30,0,2,1,3,1,
2.023E+11,155 669 407,A01,1,30,0,2,1,11,1,
2.023E+11,155 669 402,A01,1,7,0,1,1,1,6,
2.023E+11,155 669 404,A01,2,7,0,2,0,0,1,
2.023E+11,155 669 406,B01,1,34,0,2,0,0,1,
2.023E+11,155 669 401,B01,2,7,0,2,3,15,1,
2.023E+11,155 669 403,A01,2,7,6,2,1,17,1,
2.023E+11,155 669 399,A01,2,30,0,2,1,2,0,
2.023E+11,155 669 400,B01,1,0,0,2,1,12,0,
2.023E+11,155 669 394,B01,2,1,0,2,1,1,5,
2.023E+11,155 669 397,A01,1,7,0,2,5,15,1,
2.023E+11,155 669 396,A01,2,7,0,2,6,1,1,
2.023E+11,155 669 398,B01,2,15,0,2,2,12,1,
2.023E+11,155 669 393,B01,1,7,0,2,8,1,1,
2.023E+11,155 669 395,A01,2,2,0,2,1,1,1,
2.023E+11,155 669 392,A01,1,7,0,1,1,26,0,
2.023E+11,155 669 390,A01,3,14,0,1,3,1,1,
2.023E+11,155 669 386,A01,3,30,0,2,1,1,1,