Num_Acc,id_vehicule,num_veh,senc,catv,obs,obsm,choc,manv,motor,occutc
2.023E+11,155 669 389,B01,3,7,0,2,4,23,1,
2.023E+11,155 669 385,A01,1,7,0,2,3,1,1,
2.023E+11,155 669 387,B01,2,7,0,0,3,23,1,
2.023E+11,155 669 383,A01,2,33,0,1,6,1,1,
2.023E+11,155 669 382,A01,1,7,0,2,8,2,1,
2.023E+11,155 669 384,B01,1,43,0,2,7,3,1,
2.023E+11,155 669 388,C01,1,7,0,2,2,12,1,
2.023E+11,155 669 391,D01,1,33,0,2,1,3,1,
2.023E+11,155 669 378,B01,1,33,0,2,1,3,1,
2.023E+11,155 669 380,A01,1,33,0,2,4,11,1,
2.023E+11,155 669 376,A01,2,2,0,2,1,13,1,
2.023E+11,155 669 379,B01,1,7,0,2,3,1,1,
2.023E+11,155 669 377,B01,1,33,0,2,1,1,1,
2.023E+11,155 669 381,A01,2,7,0,2,2,15,1,
2.023E+11,155 669 372,A01,1,7,0,2,3,1,1,
2.023E+11,155 669 374,B01,2,32,0,2,1,5,1,
2.023E+11,155 669 370,B01,3,60,0,2,8,0,5,
2.023E+11,155 669 375,A01,1,7,0,2,2,1,0,
2.023E+11,155 669 368,A01,2,33,0,2,1,2,1,
2.023E+11,155 669 371,B01,2,7,0,2,4,2,1,
2.023E+11,155 669 373,C01,2,7,0,2,4,23,1,
2.023E+11,155 669 369,A01,2,10,0,1,3,5,1,
2.023E+11,155 669 364,A01,3,33,0,2,3,16,1,
2.023E+11,155 669 366,B01,3,13,0,2,5,1,1,
2.023E+11,155 669 363,A01,3,7,0,1,4,2,1,
2.023E+11,155 669 367,B01,3,7,0,2,1,2,1,
2.023E+11,155 669 362,A01,3,7,0,2,1,2,1,
2.023E+11,155 669 365,B01,3,31,0,2,4,2,1,
2.023E+11,155 669 361,A01,2,1,0,1,1,1,5,
2.023E+11,155 669 357,A01,1,1,0,2,1,1,5,
2.023E+11,155 669 359,B01,3,7,0,2,1,9,2,
2.023E+11,155 669 356,A01,2,50,0,2,3,13,3,
2.023E+11,155 669 358,B01,1,7,0,2,3,1,1,
2.023E+11,155 669 355,A01,3,2,0,2,1,16,1,
2.023E+11,155 669 360,B01,1,7,1,0,3,1,1,
2.023E+11,155 669 353,A01,1,7,0,1,3,1,0,
2.023E+11,155 669 350,A01,1,1,0,1,0,0,5,
2.023E+11,155 669 351,B01,2,10,0,2,2,1,1,
2.023E+11,155 669 354,A01,2,7,0,2,8,15,1,
2.023E+11,155 669 349,A01,1,10,0,2,3,1,1,
2.023E+11,155 669 352,B01,2,7,0,2,3,1,1,
2.023E+11,155 669 348,A01,1,30,0,1,0,1,1,
2.023E+11,155 669 345,A01,2,10,0,1,2,1,0,
2.023E+11,155 669 344,A01,2,10,0,2,1,13,1,
2.023E+11,155 669 347,B01,1,7,0,2,3,1,1,
2.023E+11,155 669 343,A01,1,7,13,0,1,2,1,
2.023E+11,155 669 342,A01,1,10,0,2,7,15,1,
2.023E+11,155 669 346,B01,2,2,0,2,1,1,1,
2.023E+11,155 669 340,A01,1,32,14,0,1,1,1,
2.023E+11,155 669 338,A01,1,33,0,2,1,5,1,
2.023E+11,155 669 341,B01,1,7,0,2,3,9,1,
2.023E+11,155 669 335,A01,3,7,0,2,1,1,1,
2.023E+11,155 669 339,B01,3,2,0,2,7,1,1,
2.023E+11,155 669 332,B01,3,30,0,2,1,1,1,
2.023E+11,155 669 333,A01,3,7,0,2,5,15,1,
2.023E+11,155 669 331,A01,2,30,0,2,1,1,1,
2.023E+11,155 669 334,B01,1,30,0,2,1,15,1,
2.023E+11,155 669 327,B01,0,7,0,2,3,15,0,
2.023E+11,155 669 329,A01,0,43,0,2,2,17,1,
2.023E+11,155 669 328,B01,2,33,0,2,0,1,1,
2.023E+11,155 669 330,A01,1,7,0,2,0,15,1,
2.023E+11,155 669 323,A01,3,0,0,1,0,0,1,
2.023E+11,155 669 322,B01,2,2,0,2,4,2,0,
2.023E+11,155 669 324,A01,2,7,0,2,3,1,2,
2.023E+11,155 669 321,A01,3,7,1,1,1,1,1,
2.023E+11,155 669 320,A01,3,10,0,1,3,1,1,
2.023E+11,155 669 317,A01,1,7,0,2,1,15,1,
2.023E+11,155 669 319,B01,2,7,0,2,6,1,1,
2.023E+11,155 669 313,B01,1,7,0,2,1,5,0,
2.023E+11,155 669 316,A01,2,7,0,2,1,1,0,
2.023E+11,155 669 315,A01,1,7,0,2,3,13,1,
2.023E+11,155 669 318,B01,1,80,0,2,7,5,3,
2.023E+11,155 669 312,A01,2,2,0,2,1,1,1,
2.023E+11,155 669 314,B01,2,7,0,2,2,1,1,
2.023E+11,155 669 309,B01,2,7,17,0,3,17,1,
2.023E+11,155 669 310,A01,2,37,0,0,0,17,1,1
2.023E+11,155 669 308,B01,2,7,0,2,2,0,0,
2.023E+11,155 669 311,A01,0,7,0,2,3,1,0,
2.023E+11,155 669 304,A01,1,40,0,1,1,1,3,
2.023E+11,155 669 305,Z01,1,7,0,2,3,10,1,
2.023E+11,155 669 307,B01,1,30,0,2,2,2,1,
2.023E+11,155 669 302,A01,1,7,11,0,2,1,1,
2.023E+11,155 669 301,B01,3,39,0,2,2,1,3,
2.023E+11,155 669 306,A01,3,32,0,4,9,1,1,
2.023E+11,155 669 300,A01,1,7,0,2,3,15,1,
2.023E+11,155 669 303,B01,2,1,0,2,1,1,5,
2.023E+11,155 669 295,A01,2,7,0,2,3,1,1,
2.023E+11,155 669 298,B01,2,1,0,2,4,19,5,
2.023E+11,155 669 292,B01,2,7,0,2,1,15,1,
2.023E+11,155 669 296,A01,1,31,0,2,1,1,1,
2.023E+11,155 669 293,A01,3,7,1,0,1,1,1,
2.023E+11,155 669 291,A01,2,7,0,9,3,15,1,
2.023E+11,155 669 297,B01,2,1,14,2,1,17,5,
2.023E+11,155 669 294,A01,2,7,0,2,1,16,1,
2.023E+11,155 669 299,B01,1,1,0,2,8,13,5,
2.023E+11,155 669 289,A01,2,31,13,0,1,13,1,
2.023E+11,155 669 288,B01,1,50,0,2,2,15,3,
2.023E+11,155 669 290,A01,2,7,0,2,3,1,1,
2.023E+11,155 669 284,A01,3,7,0,2,1,13,1,
2.023E+11,155 669 286,B01,0,7,0,2,1,1,1,
2.023E+11,155 669 279,A01,2,10,0,2,1,1,1,
2.023E+11,155 669 281,B01,2,7,0,2,4,1,1,
2.023E+11,155 669 280,B01,1,7,0,2,3,11,1,
2.023E+11,155 669 282,A01,1,7,0,2,2,11,1,
2.023E+11,155 669 283,A01,1,7,0,2,3,15,2,
2.023E+11,155 669 285,B01,2,1,0,2,1,1,5,
2.023E+11,155 669 276,A01,1,7,0,2,3,11,1,
2.023E+11,155 669 278,B01,3,33,0,2,6,1,1,
2.023E+11,155 669 273,B01,3,7,0,2,4,2,1,
2.023E+11,155 669 277,A01,3,7,0,2,1,2,1,
2.023E+11,155 669 271,A01,1,7,0,2,3,15,1,
2.023E+11,155 669 275,B01,1,32,0,2,1,1,1,
2.023E+11,155 669 272,A01,2,10,0,1,1,2,1,
2.023E+11,155 669 264,B01,1,7,7,0,4,2,1,
2.023E+11,155 669 267,A01,1,7,0,2,1,2,1,
2.023E+11,155 669 266,A01,1,33,0,2,1,2,1,
2.023E+11,155 669 269,B01,1,10,0,2,6,2,1,
2.023E+11,155 669 263,A01,0,7,0,2,1,2,1,
2.023E+11,155 669 268,B01,0,32,0,2,4,23,1,
2.023E+11,155 669 261,A01,1,15,2,0,1,13,1,
2.023E+11,155 669 255,B01,1,31,0,2,7,1,1,
2.023E+11,155 669 260,A01,3,10,0,2,8,9,1,
2.023E+11,155 669 257,C01,1,10,0,2,4,2,1,
2.023E+11,155 669 259,B01,1,7,0,2,4,2,2,
2.023E+11,155 669 262,A01,1,7,0,2,1,2,1,
2.023E+11,155 669 256,A01,1,7,6,0,2,1,1,
2.023E+11,155 669 254,B01,2,1,0,0,1,5,5,
2.023E+11,155 669 258,A01,1,0,0,9,0,1,0,
2.023E+11,155 669 252,B01,1,7,0,2,2,26,1,
2.023E+11,155 669 253,A01,2,7,0,2,1,9,1,
2.023E+11,155 669 251,A01,3,7,2,0,3,1,1,
2.023E+11,155 669 249,A01,3,10,0,1,4,4,1,
2.023E+11,155 669 247,A01,2,33,1,0,3,1,1,
2.023E+11,155 669 250,B01,2,7,0,2,5,24,1,
2.023E+11,155 669 246,A01,0,7,0,2,1,1,1,
2.023E+11,155 669 248,B01,0,7,0,2,4,23,1,
2.023E+11,155 669 243,A01,1,7,2,9,1,1,1,
2.023E+11,155 669 242,A01,2,7,0,2,5,17,0,
2.023E+11,155 669 245,B01,2,21,0,2,3,15,6,
2.023E+11,155 669 241,A01,2,50,0,0,0,1,3,
2.023E+11,155 669 240,A01,3,80,0,1,1,1,3,
2.023E+11,155 669 238,A01,2,15,0,1,0,1,1,
2.023E+11,155 669 234,A01,3,7,0,2,1,11,1,
2.023E+11,155 669 237,B01,3,7,0,2,2,1,1,
2.023E+11,155 669 239,C01,3,7,0,2,2,1,1,
2.023E+11,155 669 232,A01,2,10,2,0,1,14,1,
2.023E+11,155 669 230,B01,1,7,0,2,3,1,1,
2.023E+11,155 669 236,A01,2,7,0,2,4,5,1,
2.023E+11,155 669 229,C01,1,7,0,2,4,23,1,
2.023E+11,155 669 231,B01,1,7,0,2,4,23,1,
2.023E+11,155 669 235,A01,1,7,0,2,1,1,1,
2.023E+11,155 669 228,Z01,1,7,0,2,3,1,0,
2.023E+11,155 669 233,A01,1,30,0,2,2,1,1,
2.023E+11,155 669 227,A01,3,7,13,0,0,0,1,
2.023E+11,155 669 226,A01,3,10,0,1,3,16,0,
2.023E+11,155 669 222,A01,1,10,0,2,1,11,1,
2.023E+11,155 669 224,B01,2,10,0,2,1,0,1,
2.023E+11,155 669 219,A01,1,7,0,2,3,22,0,
2.023E+11,155 669 223,B01,1,1,0,2,1,1,5,
2.023E+11,155 669 217,B01,2,7,0,2,3,1,1,
2.023E+11,155 669 221,A01,1,7,0,2,3,0,1,
2.023E+11,155 669 220,A01,2,7,1,2,1,1,1,
2.023E+11,155 669 225,B01,2,7,0,2,4,23,1,
2.023E+11,155 669 214,B01,2,7,0,2,6,1,1,
2.023E+11,155 669 216,A01,2,7,0,2,1,26,1,
2.023E+11,155 669 218,C01,2,7,0,2,1,1,1,
2.023E+11,155 669 213,A01,1,7,0,1,3,1,0,
2.023E+11,155 669 211,A01,1,99,0,2,1,1,1,
2.023E+11,155 669 215,B01,2,33,0,2,7,1,1,
2.023E+11,155 669 210,A01,1,7,2,0,1,1,1,
2.023E+11,155 669 209,A01,2,7,0,2,8,20,1,
2.023E+11,155 669 212,B01,2,2,0,2,1,1,1,
2.023E+11,155 669 205,B01,3,7,0,2,3,1,1,
2.023E+11,155 669 208,A01,3,1,0,2,1,19,5,
2.023E+11,155 669 203,A01,3,7,0,0,0,0,0,
2.023E+11,155 669 207,B01,3,1,0,0,0,0,5,
2.023E+11,155 669 199,A01,3,7,0,2,1,15,1,
2.023E+11,155 669 204,B01,2,33,0,2,1,17,1,
2.023E+11,155 669 198,B01,2,15,0,2,1,1,1,
2.023E+11,155 669 201,A01,1,7,0,2,1,13,1,
2.023E+11,155 669 206,C01,1,43,0,0,0,17,1,
2.023E+11,155 669 200,A01,1,10,0,2,3,15,1,
2.023E+11,155 669 202,B01,1,33,0,2,7,17,1,
2.023E+11,155 669 196,A01,2,7,0,1,2,2,1,
2.023E+11,155 669 195,A01,3,7,0,0,4,26,0,
2.023E+11,155 669 197,Z01,3,7,0,0,1,2,0,
2.023E+11,155 669 193,A01,3,7,0,1,8,0,4,
2.023E+11,155 669 192,A01,1,7,1,0,2,1,1,
2.023E+11,155 669 190,B01,3,21,0,2,8,1,1,
2.023E+11,155 669 194,A01,3,7,0,2,1,9,1,
2.023E+11,155 669 188,A01,2,33,0,2,3,17,1,
2.023E+11,155 669 191,B01,2,7,0,2,6,15,1,
2.023E+11,155 669 184,A01,2,7,0,1,3,1,0,
2.023E+11,155 669 186,A01,3,30,0,2,1,17,1,
2.023E+11,155 669 189,B01,3,7,0,2,3,15,1,
2.023E+11,155 669 183,A01,0,7,0,0,6,10,0,
2.023E+11,155 669 185,B01,1,33,0,2,1,17,1,
2.023E+11,155 669 187,A01,2,50,0,0,9,1,3,
2.023E+11,155 669 182,A01,3,7,0,1,1,1,1,
2.023E+11,155 669 181,A01,1,7,6,0,5,1,1,
2.023E+11,155 669 179,A01,2,7,0,1,1,26,1,
2.023E+11,155 669 176,A01,2,80,8,0,1,17,3,
2.023E+11,155 669 174,B01,3,10,0,2,2,1,3,
2.023E+11,155 669 178,Z01,3,7,0,2,0,0,0,
2.023E+11,155 669 172,A01,2,7,0,2,1,2,1,
2.023E+11,155 669 175,B01,2,7,0,2,4,2,1,
2.023E+11,155 669 168,A01,1,7,0,2,6,23,1,
2.023E+11,155 669 170,B01,1,7,0,2,2,2,1,
2.023E+11,155 669 167,A01,2,7,13,0,1,1,0,
2.023E+11,155 669 165,A01,1,7,0,2,1,1,0,
2.023E+11,155 669 169,B01,2,7,0,2,1,5,0,
2.023E+11,155 669 163,A01,2,7,0,2,1,16,1,
2.023E+11,155 669 166,B01,2,50,0,2,8,7,3,
2.023E+11,155 669 159,Z01,1,7,0,2,2,2,0,
2.023E+11,155 669 162,B01,1,1,0,2,8,2,5,
2.023E+11,155 669 161,A01,3,7,0,2,2,16,1,
2.023E+11,155 669 164,B01,3,1,0,2,8,1,5,
2.023E+11,155 669 158,A01,2,33,0,0,2,9,1,
2.023E+11,155 669 157,A01,2,7,0,1,3,1,1,
2.023E+11,155 669 156,B01,2,7,0,0,3,1,1,
2.023E+11,155 669 160,A01,1,7,0,2,1,1,1,
2.023E+11,155 669 155,A01,1,7,0,1,7,1,1,
2.023E+11,155 669 152,A01,2,7,1,0,1,1,1,
2.023E+11,155 669 149,A01,1,7,0,2,3,5,1,
2.023E+11,155 669 153,B01,2,7,0,2,3,24,6,
2.023E+11,155 669 148,A01,3,7,0,2,1,9,1,
2.023E+11,155 669 151,B01,3,33,0,2,7,1,1,
2.023E+11,155 669 145,A01,1,7,0,0,9,0,1,
2.023E+11,155 669 144,B01,1,50,0,2,7,19,3,
2.023E+11,155 669 147,A01,2,7,0,2,1,9,1,
2.023E+11,155 669 142,A01,3,7,0,1,0,0,0,
2.023E+11,155 669 143,A01,1,7,0,2,6,15,0,
2.023E+11,155 669 146,B01,1,33,0,2,6,1,0,
2.023E+11,155 669 140,B01,1,7,0,2,6,20,2,
2.023E+11,155 669 141,A01,1,7,0,2,1,1,1,
2.023E+11,155 669 138,A01,1,7,9,0,1,0,0,
2.023E+11,155 669 136,A01,1,1,0,0,0,23,5,
2.023E+11,155 669 131,A01,1,1,0,0,0,26,5,
2.023E+11,155 669 130,A01,1,7,0,2,1,15,1,
2.023E+11,155 669 133,B01,2,30,0,2,8,1,1,
2.023E+11,155 669 127,A01,2,7,3,2,2,0,0,
2.023E+11,155 669 132,B01,2,7,3,0,4,9,0,
2.023E+11,155 669 126,A01,1,7,0,2,2,15,1,
2.023E+11,155 669 129,B01,2,1,0,2,1,1,5,
2.023E+11,155 669 125,A01,1,36,0,2,1,13,1,
2.023E+11,155 669 128,B01,2,7,0,2,1,1,1,
2.023E+11,155 669 124,A01,-1,1,0,0,0,26,5,
2.023E+11,155 669 120,A01,2,7,0,2,3,13,1,
2.023E+11,155 669 122,B01,1,7,0,2,3,0,2,
2.023E+11,155 669 119,A01,1,50,0,2,1,1,3,
2.023E+11,155 669 121,B01,2,7,0,2,1,1,1,
2.023E+11,155 669 117,A01,2,37,0,2,4,1,1,3
2.023E+11,155 669 123,B01,2,7,0,2,4,9,1,
2.023E+11,155 669 112,A01,1,7,2,0,9,17,1,
2.023E+11,155 669 110,A01,1,7,14,2,9,1,1,
2.023E+11,155 669 114,C01,1,7,0,2,1,1,1,
2.023E+11,155 669 116,B01,1,14,0,2,3,0,1,
2.023E+11,155 669 109,A01,1,30,0,2,2,2,1,
2.023E+11,155 669 113,B01,1,7,0,2,6,2,1,
2.023E+11,155 669 108,A01,1,7,8,2,1,21,3,
2.023E+11,155 669 111,B01,0,7,0,0,0,0,1,
2.023E+11,155 669 106,A01,1,10,0,2,1,2,1,
2.023E+11,155 669 115,B01,1,7,0,2,4,1,1,
2.023E+11,155 669 118,C01,1,10,0,2,1,2,1,
2.023E+11,155 669 103,A01,1,33,0,2,1,3,1,
2.023E+11,155 669 107,B01,1,7,0,0,5,1,1,
2.023E+11,155 669 101,B01,2,1,0,2,1,16,5,
2.023E+11,155 669 105,A01,2,2,0,2,2,1,1,
2.023E+11,155 669 099,B01,1,7,0,2,1,16,1,
2.023E+11,155 669 104,A01,2,43,1,2,7,19,1,
2.023E+11,155 669 098,A01,2,7,0,0,5,23,1,
2.023E+11,155 669 102,B01,2,33,0,2,1,2,1,
2.023E+11,155 669 095,B01,1,14,0,2,3,1,1,
2.023E+11,155 669 097,A01,2,7,0,2,3,1,1,
2.023E+11,155 669 096,B01,2,33,0,2,1,1,1,
2.023E+11,155 669 100,A01,1,7,0,2,2,15,1,
2.023E+11,155 669 093,A01,2,7,9,0,2,1,1,
2.023E+11,155 669 090,B01,1,10,0,2,4,1,1,
2.023E+11,155 669 094,A01,1,7,0,2,1,1,1,
2.023E+11,155 669 089,A01,0,0,0,1,0,0,0,
2.023E+11,155 669 087,D01,1,17,0,2,6,13,1,
2.023E+11,155 669 091,B01,1,7,0,2,6,2,1,
2.023E+11,155 669 088,A01,2,7,0,2,5,1,1,
2.023E+11,155 669 092,B01,2,7,0,2,0,2,1,
2.023E+11,155 669 086,A01,2,7,6,0,1,13,1,
2.023E+11,155 669 084,A01,1,7,0,1,1,21,1,
2.023E+11,155 669 083,A01,1,7,0,2,6,13,1,
2.023E+11,155 669 085,B01,1,33,0,2,1,1,1,
2.023E+11,155 669 078,B01,3,7,0,2,8,1,0,
2.023E+11,155 669 082,A01,3,7,0,2,1,1,1,
2.023E+11,155 669 077,A01,3,10,0,9,0,0,0,
2.023E+11,155 669 080,B01,3,1,0,2,0,0,5,
2.023E+11,155 669 079,B01,1,1,0,2,1,1,5,
2.023E+11,155 669 081,A01,2,7,0,2,1,15,1,
2.023E+11,155 669 075,A01,2,7,0,2,1,1,1,
2.023E+11,155 669 074,A01,3,7,0,2,8,19,1,
2.023E+11,155 669 076,B01,3,32,0,2,1,1,1,
2.023E+11,155 669 073,A01,1,1,0,0,0,0,5,
2.023E+11,155 669 069,A01,1,7,0,9,2,15,1,
2.023E+11,155 669 071,B01,2,1,0,2,8,1,5,
2.023E+11,155 669 067,A01,1,7,0,2,3,11,1,
2.023E+11,155 669 070,B01,1,33,0,2,3,1,1,
2.023E+11,155 669 065,Z01,0,2,0,1,1,26,0,
2.023E+11,155 669 064,A01,1,7,0,2,1,1,1,
2.023E+11,155 669 068,B01,1,1,0,2,0,0,5,
2.023E+11,155 669 066,A01,2,7,0,1,3,1,0,
2.023E+11,155 669 063,A01,1,7,15,0,7,1,1,
2.023E+11,155 669 059,A01,3,7,0,1,1,1,1,
2.023E+11,155 669 057,B01,1,10,0,2,6,2,1,
2.023E+11,155 669 061,A01,1,33,0,2,1,2,1,
2.023E+11,155 669 058,A01,1,2,0,0,4,2,1,
2.023E+11,155 669 062,B01,1,2,0,0,1,2,1,
2.023E+11,155 669 056,B01,3,50,0,2,1,19,3,
2.023E+11,155 669 060,A01,3,7,0,9,3,1,1,
2.023E+11,155 669 055,A01,1,7,13,0,1,13,1,
2.023E+11,155 669 050,A01,2,7,0,0,3,1,1,
2.023E+11,155 669 053,B01,1,7,0,2,3,5,1,
2.023E+11,155 669 051,A01,3,7,0,1,1,1,1,
2.023E+11,155 669 049,A01,2,7,0,1,1,1,0,
2.023E+11,155 669 052,B01,1,7,0,2,1,0,1,
2.023E+11,155 669 054,A01,2,7,0,2,1,0,1,
2.023E+11,155 669 047,A01,2,7,0,2,2,1,1,
2.023E+11,155 669 048,B01,2,7,0,2,8,20,1,
2.023E+11,155 669 044,A01,1,7,0,0,6,1,1,
2.023E+11,155 669 046,B01,1,7,0,2,1,1,1,
2.023E+11,155 669 045,A01,3,10,12,1,5,16,1,
2.023E+11,155 669 040,A01,1,7,0,2,3,0,0,
2.023E+11,155 669 042,B01,1,7,0,2,3,1,0,
2.023E+11,155 669 039,B01,1,7,0,2,9,2,1,
2.023E+11,155 669 041,C01,1,7,0,2,4,1,1,
2.023E+11,155 669 043,A01,1,7,0,2,1,2,1,
2.023E+11,155 669 034,B01,1,38,0,2,3,1,1,1
2.023E+11,155 669 037,A01,2,7,0,2,1,13,1,
2.023E+11,155 669 035,A01,3,7,0,2,2,16,1,
2.023E+11,155 669 038,B01,3,1,0,2,8,0,5,
2.023E+11,155 669 033,A01,3,10,0,2,1,13,1,
2.023E+11,155 669 036,B01,3,7,0,2,1,1,1,
2.023E+11,155 669 030,B01,3,1,0,2,7,15,5,
2.023E+11,155 669 032,A01,3,10,0,2,1,9,1,
2.023E+11,155 669 031,A01,0,7,0,0,0,1,1,
2.023E+11,155 669 029,A01,1,33,7,0,1,1,1,
2.023E+11,155 669 028,A01,1,14,0,1,2,1,1,
2.023E+11,155 669 024,B01,1,10,0,2,4,1,1,
2.023E+11,155 669 026,A01,1,10,0,2,1,2,1,
2.023E+11,155 669 023,A01,1,7,0,2,1,15,1,
2.023E+11,155 669 027,B01,2,1,0,2,1,2,5,
2.023E+11,155 669 021,A01,1,7,15,0,1,1,1,
2.023E+11,155 669 022,B01,1,7,0,2,1,17,1,
2.023E+11,155 669 025,A01,2,7,0,2,1,1,1,
2.023E+11,155 669 018,A01,1,7,6,0,3,16,1,
2.023E+11,155 669 017,A01,1,7,0,1,1,1,1,
2.023E+11,155 669 015,A01,2,10,0,9,3,22,1,
2.023E+11,155 669 019,B01,2,50,1,0,2,1,3,
2.023E+11,155 669 013,B01,1,31,0,2,1,1,1,
2.023E+11,155 669 020,A01,0,10,1,2,8,19,1,
2.023E+11,155 669 014,A01,1,33,0,2,1,2,1,
2.023E+11,155 669 016,B01,1,7,0,0,4,15,1,
2.023E+11,155 669 008,A01,3,7,0,2,1,26,1,
2.023E+11,155 669 011,B01,3,33,0,2,8,1,1,
2.023E+11,155 669 009,B01,1,1,0,2,7,15,5,
2.023E+11,155 669 012,A01,1,7,0,2,2,1,0,
2.023E+11,155 669 007,A01,1,7,0,2,2,19,1,
2.023E+11,155 669 010,B01,2,30,0,2,1,1,1,
2.023E+11,155 669 006,A01,3,7,0,1,3,1,1,
2.023E+11,155 669 003,A01,1,7,0,9,1,1,1,
2.023E+11,155 669 004,B01,1,1,0,2,4,1,5,
2.023E+11,155 669 000,A01,3,7,0,1,1,20,1,
2.023E+11,155 668 999,A01,2,7,13,0,2,14,1,
2.023E+11,155 668 997,A01,1,7,0,9,9,1,0,
2.023E+11,155 668 996,A01,1,7,9,0,1,1,1,
2.023E+11,155 668 995,A01,3,7,13,0,0,26,1,
2.023E+11,155 668 994,A01,1,34,0,1,1,1,1,
2.023E+11,155 668 991,B01,2,7,0,2,3,2,1,
2.023E+11,155 668 992,A01,1,7,0,2,3,13,1,
2.023E+11,155 668 989,A01,2,1,0,0,9,1,5,
2.023E+11,155 668 987,C01,2,43,0,2,3,3,1,
2.023E+11,155 668 990,A01,2,14,0,2,8,1,1,
2.023E+11,155 668 993,B01,2,7,0,2,5,1,1,
2.023E+11,155 668 984,B01,3,80,0,2,1,1,3,
2.023E+11,155 668 988,A01,3,7,0,2,3,15,1,
2.023E+11,155 668 981,B01,2,15,0,2,8,1,1,
2.023E+11,155 668 983,C01,2,7,0,0,2,1,2,
2.023E+11,155 668 985,A01,1,10,0,2,8,1,1,
2.023E+11,155 668 980,A01,1,33,0,0,0,12,1,
2.023E+11,155 668 982,A01,0,34,0,2,1,1,1,
2.023E+11,155 668 986,B01,0,10,0,0,6,15,1,
2.023E+11,155 668 978,A01,1,7,0,2,7,10,1,
2.023E+11,155 668 979,B01,1,7,0,2,3,1,1,
2.023E+11,155 668 976,A01,2,7,0,1,1,1,1,
2.023E+11,155 668 973,A01,1,43,12,0,1,26,1,
2.023E+11,155 668 972,C01,1,7,0,2,8,23,1,
2.023E+11,155 668 975,A01,2,7,0,2,2,16,1,
2.023E+11,155 668 977,B01,2,2,0,2,1,18,1,
2.023E+11,155 668 970,A01,2,36,13,0,1,23,1,
2.023E+11,155 668 971,B01,3,60,0,2,4,1,5,
2.023E+11,155 668 974,A01,3,7,0,9,1,1,1,
2.023E+11,155 668 967,A01,3,7,0,1,1,1,1,
2.023E+11,155 668 964,A01,2,7,8,0,1,1,1,
2.023E+11,155 668 963,B01,-1,10,0,2,1,-1,1,
2.023E+11,155 668 969,A01,-1,10,0,2,1,-1,1,
2.023E+11,155 668 960,D01,1,7,0,2,6,2,1,
2.023E+11,155 668 962,C01,1,7,0,2,1,14,1,
2.023E+11,155 668 966,B01,1,10,0,2,8,2,1,
2.023E+11,155 668 968,A01,1,7,0,2,8,2,1,
2.023E+11,155 668 961,A01,1,7,0,9,1,17,1,
2.023E+11,155 668 965,B01,2,1,0,2,7,15,5,
2.023E+11,155 668 958,A01,2,7,2,0,3,13,1,
2.023E+11,155 668 957,A01,2,7,15,0,1,14,1,
2.023E+11,155 668 956,A01,2,7,0,2,1,13,1,
2.023E+11,155 668 959,B01,1,7,0,2,3,1,1,
2.023E+11,155 668 953,A01,3,7,0,1,1,1,1,
2.023E+11,155 668 952,A01,2,33,12,0,8,1,1,
2.023E+11,155 668 950,B01,1,7,0,0,6,23,1,
2.023E+11,155 668 954,A01,1,7,0,0,2,11,1,
2.023E+11,155 668 951,B01,1,7,0,2,9,17,1,
2.023E+11,155 668 955,A01,1,10,0,2,4,2,1,
2.023E+11,155 668 946,A01,3,33,15,0,1,26,1,
2.023E+11,155 668 944,A01,1,7,0,2,1,2,1,
2.023E+11,155 668 948,B01,1,30,0,0,4,2,1,
2.023E+11,155 668 949,A01,2,7,2,0,9,1,1,
2.023E+11,155 668 945,A01,3,7,0,2,2,1,1,
2.023E+11,155 668 947,B01,0,7,0,0,0,0,0,
2.023E+11,155 668 938,A01,1,7,0,2,3,5,1,
2.023E+11,155 668 942,B01,2,7,0,2,3,1,1,
2.023E+11,155 668 939,B01,1,50,0,2,8,1,3,
2.023E+11,155 668 943,A01,2,7,0,2,3,15,1,
2.023E+11,155 668 935,A01,1,30,0,0,0,1,1,
2.023E+11,155 668 933,A01,2,7,0,2,1,2,2,
2.023E+11,155 668 934,B01,2,10,0,2,4,2,1,
2.023E+11,155 668 932,B01,1,7,0,2,4,2,1,
2.023E+11,155 668 937,C01,1,7,0,2,4,2,1,
2.023E+11,155 668 940,A01,1,7,0,2,1,2,1,
2.023E+11,155 668 928,B01,3,33,0,2,0,0,1,
2.023E+11,155 668 930,A01,3,33,0,2,0,0,1,
2.023E+11,155 668 927,B01,3,50,0,2,1,19,3,
2.023E+11,155 668 929,A01,3,7,0,2,3,1,1,
2.023E+11,155 668 931,A01,1,14,0,2,4,2,1,
2.023E+11,155 668 941,B01,1,10,0,2,1,2,1,
2.023E+11,155 668 924,A01,1,7,0,2,5,1,1,
2.023E+11,155 668 926,B01,2,7,0,2,2,1,0,
2.023E+11,155 668 921,A01,1,7,0,2,2,1,2,
2.023E+11,155 668 925,B01,1,1,0,2,2,1,5,
2.023E+11,155 668 920,A01,1,7,0,2,3,13,1,
2.023E+11,155 668 923,B01,2,7,0,2,6,17,1,
2.023E+11,155 668 922,A01,0,7,0,2,3,1,1,
2.023E+11,155 668 936,B01,0,7,0,2,1,1,1,
2.023E+11,155 668 919,A01,1,7,0,1,1,1,3,
2.023E+11,155 668 915,B01,1,7,0,2,4,1,1,