Num_Acc,id_vehicule,num_veh,senc,catv,obs,obsm,choc,manv,motor,occutc
2.023E+11,155 668 431,A01,1,7,0,0,9,1,1,
2.023E+11,155 668 430,A01,1,7,0,1,1,25,1,
2.023E+11,155 668 429,A01,1,33,3,0,9,17,1,
2.023E+11,155 668 428,A01,2,34,0,2,1,17,1,
2.023E+11,155 668 433,B01,2,7,0,2,3,9,1,
2.023E+11,155 668 422,Z01,1,7,0,2,2,1,1,
2.023E+11,155 668 426,A01,1,30,0,2,3,19,1,
2.023E+11,155 668 421,B01,2,7,0,0,3,1,1,
2.023E+11,155 668 424,A01,1,7,0,2,3,5,1,
2.023E+11,155 668 420,A01,2,32,0,2,1,3,1,
2.023E+11,155 668 423,B01,2,7,0,2,5,1,1,
2.023E+11,155 668 419,A01,2,33,12,0,8,1,1,
2.023E+11,155 668 417,A01,3,7,0,1,3,2,1,
2.023E+11,155 668 418,G01,0,10,0,2,6,23,1,
2.023E+11,155 668 425,F01,0,10,0,2,3,0,1,
2.023E+11,155 668 427,C01,0,10,0,2,4,23,1,
2.023E+11,155 668 432,A01,0,7,0,2,1,2,1,
2.023E+11,155 668 436,B01,0,7,0,2,4,23,1,
2.023E+11,155 668 441,D01,0,7,0,2,4,0,1,
2.023E+11,155 668 442,E01,0,7,0,2,4,0,1,
2.023E+11,155 668 411,B01,2,10,0,2,5,1,1,
2.023E+11,155 668 415,A01,2,31,0,2,1,3,1,
2.023E+11,155 668 413,A01,1,7,0,2,1,2,1,
2.023E+11,155 668 416,B01,1,7,0,2,4,2,0,
2.023E+11,155 668 410,A01,2,7,0,2,3,11,1,
2.023E+11,155 668 414,B01,2,31,0,2,2,1,1,
2.023E+11,155 668 409,B01,3,33,0,2,2,1,1,
2.023E+11,155 668 412,A01,3,33,0,2,1,1,1,
2.023E+11,155 668 405,A01,3,7,16,0,9,14,1,
2.023E+11,155 668 404,B01,3,7,0,2,8,1,1,
2.023E+11,155 668 408,A01,3,30,0,2,1,26,1,
2.023E+11,155 668 402,B01,1,10,0,2,4,1,1,
2.023E+11,155 668 407,A01,1,7,3,2,1,1,1,
2.023E+11,155 668 403,A01,2,1,0,0,4,2,5,
2.023E+11,155 668 406,B01,2,50,0,0,4,2,3,
2.023E+11,155 668 401,A01,3,2,0,0,0,0,1,
2.023E+11,155 668 398,A01,1,7,0,2,1,13,1,
2.023E+11,155 668 400,B01,2,10,0,2,2,1,1,
2.023E+11,155 668 397,A01,1,50,0,0,0,26,3,
2.023E+11,155 668 396,A01,1,30,0,0,0,1,1,
2.023E+11,155 668 393,A01,1,7,8,0,1,0,1,
2.023E+11,155 668 392,A01,1,7,0,2,3,1,2,
2.023E+11,155 668 395,B01,2,50,0,2,2,15,3,
2.023E+11,155 668 391,B01,1,1,0,2,0,2,5,
2.023E+11,155 668 394,A01,1,7,0,9,0,2,-1,
2.023E+11,155 668 389,A01,2,7,13,0,0,1,1,
2.023E+11,155 668 388,A01,1,7,7,0,2,14,0,
2.023E+11,155 668 387,A01,2,30,0,0,0,1,1,
2.023E+11,155 668 384,A01,3,7,3,0,4,10,1,
2.023E+11,155 668 386,B01,1,7,0,2,8,1,1,
2.023E+11,155 668 390,A01,2,50,0,2,1,26,3,
2.023E+11,155 668 383,A01,0,1,0,2,1,26,5,
2.023E+11,155 668 385,B01,0,7,0,2,4,26,1,
2.023E+11,155 668 382,A01,2,10,0,1,1,9,1,
2.023E+11,155 668 381,A01,1,50,0,1,1,1,3,
2.023E+11,155 668 379,Z01,1,2,0,1,1,1,0,
2.023E+11,155 668 376,A01,1,7,0,2,8,1,1,
2.023E+11,155 668 378,B01,2,7,13,2,1,1,1,
2.023E+11,155 668 375,A01,1,7,0,2,2,16,1,
2.023E+11,155 668 380,B01,2,50,0,2,8,1,3,
2.023E+11,155 668 374,B01,1,7,0,2,7,1,1,
2.023E+11,155 668 377,A01,1,7,0,2,6,9,1,
2.023E+11,155 668 370,Z01,1,31,0,1,1,7,1,
2.023E+11,155 668 368,A01,2,33,0,2,1,2,1,
2.023E+11,155 668 373,B01,2,7,0,0,3,15,1,
2.023E+11,155 668 366,A01,3,7,0,2,3,15,1,
2.023E+11,155 668 371,B01,3,2,0,2,1,1,1,
2.023E+11,155 668 365,A01,0,30,0,2,1,2,1,
2.023E+11,155 668 367,B01,0,7,0,2,4,2,1,
2.023E+11,155 668 364,A01,1,1,0,2,7,2,5,
2.023E+11,155 668 369,B01,1,7,0,2,1,2,3,
2.023E+11,155 668 356,A01,1,37,0,2,3,0,0,1
2.023E+11,155 668 360,C01,1,7,0,2,4,0,1,
2.023E+11,155 668 363,B01,1,7,0,2,4,0,1,
2.023E+11,155 668 357,A01,3,7,0,2,8,10,1,
2.023E+11,155 668 361,B01,3,31,0,2,1,1,0,
2.023E+11,155 668 355,B01,1,33,1,0,1,1,1,
2.023E+11,155 668 359,A01,1,7,0,2,8,22,1,
2.023E+11,155 668 362,C01,1,38,0,2,5,1,1,1
2.023E+11,155 668 354,A01,2,7,0,0,1,13,1,
2.023E+11,155 668 353,A01,2,7,0,2,3,9,1,
2.023E+11,155 668 358,B01,1,2,0,2,2,1,1,
2.023E+11,155 668 351,A01,0,7,0,0,2,1,1,
2.023E+11,155 668 350,A01,1,7,0,2,3,1,1,
2.023E+11,155 668 352,B01,1,60,0,2,1,1,5,
2.023E+11,155 668 347,A01,3,32,0,9,0,1,1,
2.023E+11,155 668 346,A01,1,7,0,2,2,15,3,
2.023E+11,155 668 349,B01,2,1,0,2,1,1,5,
2.023E+11,155 668 345,A01,1,7,0,1,2,0,1,
2.023E+11,155 668 344,A01,3,7,0,2,8,19,1,
2.023E+11,155 668 348,B01,3,7,0,2,1,1,1,
2.023E+11,155 668 339,B01,1,7,0,0,4,2,1,
2.023E+11,155 668 342,A01,1,7,0,2,1,2,1,
2.023E+11,155 668 335,B01,1,7,0,2,1,1,2,
2.023E+11,155 668 341,A01,1,1,0,2,4,1,5,
2.023E+11,155 668 334,A01,1,7,0,2,3,1,1,
2.023E+11,155 668 337,B01,1,7,0,2,3,23,1,
2.023E+11,155 668 333,B01,2,17,0,0,3,1,1,
2.023E+11,155 668 336,A01,1,10,0,0,3,13,1,
2.023E+11,155 668 332,A01,2,7,0,1,3,15,1,
2.023E+11,155 668 331,A01,1,7,0,1,1,2,1,
2.023E+11,155 668 329,A01,1,30,1,0,1,21,1,
2.023E+11,155 668 326,B01,1,7,0,2,1,1,1,
2.023E+11,155 668 330,A01,1,7,0,2,2,15,1,
2.023E+11,155 668 321,A01,1,33,0,2,7,17,1,
2.023E+11,155 668 324,B01,1,7,0,2,8,13,1,
2.023E+11,155 668 320,A01,2,7,0,2,3,15,1,
2.023E+11,155 668 322,B01,2,33,0,2,1,17,1,
2.023E+11,155 668 325,B01,3,2,0,2,4,15,1,
2.023E+11,155 668 328,A01,3,2,0,2,1,17,1,
2.023E+11,155 668 323,A01,1,7,0,2,3,17,1,
2.023E+11,155 668 327,B01,1,7,0,2,3,15,1,
2.023E+11,155 668 318,A01,1,7,0,2,1,15,1,
2.023E+11,155 668 319,B01,2,31,0,2,8,1,1,
2.023E+11,155 668 312,A01,1,7,0,2,3,9,2,
2.023E+11,155 668 317,B01,2,2,0,2,1,3,1,
2.023E+11,155 668 309,A01,1,32,0,2,2,17,1,
2.023E+11,155 668 316,B01,1,7,0,2,8,1,1,
2.023E+11,155 668 313,A01,2,7,0,2,1,2,1,
2.023E+11,155 668 315,B01,2,7,0,2,4,2,1,
2.023E+11,155 668 308,A01,1,7,0,2,2,1,1,
2.023E+11,155 668 314,B01,1,1,0,2,3,15,5,
2.023E+11,155 668 303,A01,1,7,0,2,1,1,1,
2.023E+11,155 668 307,B01,1,7,0,2,4,23,1,
2.023E+11,155 668 310,C01,1,32,0,2,4,23,1,
2.023E+11,155 668 300,A01,1,1,0,2,4,16,5,
2.023E+11,155 668 304,B01,1,10,0,9,1,26,0,
2.023E+11,155 668 301,A01,1,7,0,2,3,5,0,
2.023E+11,155 668 305,B01,2,7,0,2,3,1,0,
2.023E+11,155 668 311,C01,2,7,0,2,3,1,0,
2.023E+11,155 668 298,A01,1,34,0,2,1,13,1,
2.023E+11,155 668 302,C01,2,7,0,2,1,1,1,
2.023E+11,155 668 306,B01,2,7,0,2,6,1,1,
2.023E+11,155 668 295,B01,3,33,0,2,2,16,1,
2.023E+11,155 668 299,A01,3,7,0,2,2,1,1,
2.023E+11,155 668 294,A01,2,7,0,2,3,22,3,
2.023E+11,155 668 296,B01,2,50,0,2,7,21,3,
2.023E+11,155 668 292,A01,3,30,6,2,1,14,1,
2.023E+11,155 668 297,B01,3,30,0,2,0,1,1,
2.023E+11,155 668 291,A01,2,7,0,0,1,1,1,
2.023E+11,155 668 289,A01,1,10,0,1,2,1,1,
2.023E+11,155 668 290,A01,1,7,0,0,3,15,1,
2.023E+11,155 668 293,B01,1,33,0,2,1,17,1,
2.023E+11,155 668 287,B01,0,37,0,0,2,1,1,1
2.023E+11,155 668 288,A01,0,7,0,2,1,26,1,
2.023E+11,155 668 284,A01,1,7,0,2,2,16,2,
2.023E+11,155 668 286,B01,1,50,0,2,3,1,3,
2.023E+11,155 668 279,A01,0,7,0,2,3,16,1,
2.023E+11,155 668 282,B01,0,33,0,2,2,3,1,
2.023E+11,155 668 280,B01,3,7,0,2,2,1,1,
2.023E+11,155 668 283,A01,3,7,0,2,1,19,1,
2.023E+11,155 668 275,A01,2,7,0,1,2,1,1,
2.023E+11,155 668 281,A01,1,1,0,2,2,15,5,
2.023E+11,155 668 285,B01,2,1,0,2,1,1,5,
2.023E+11,155 668 278,Z01,2,10,0,1,3,1,0,
2.023E+11,155 668 273,A01,2,7,17,0,1,1,1,
2.023E+11,155 668 272,A01,1,7,0,2,4,23,2,
2.023E+11,155 668 274,B01,1,1,1,0,1,1,5,
2.023E+11,155 668 271,A01,2,7,0,2,2,15,0,
2.023E+11,155 668 276,B01,2,33,0,2,1,1,0,
2.023E+11,155 668 270,A01,2,7,15,0,2,14,1,
2.023E+11,155 668 268,A01,3,33,0,0,8,15,1,
2.023E+11,155 668 267,A01,2,32,0,0,0,1,1,
2.023E+11,155 668 266,A01,3,7,0,2,3,22,1,
2.023E+11,155 668 269,B01,2,80,0,2,5,1,3,
2.023E+11,155 668 264,A01,2,10,0,1,4,26,1,
2.023E+11,155 668 265,A01,1,1,0,1,0,10,5,
2.023E+11,155 668 263,Z01,3,99,0,1,0,0,0,
2.023E+11,155 668 259,B01,3,7,0,0,0,0,1,
2.023E+11,155 668 262,A01,3,7,0,0,0,0,1,
2.023E+11,155 668 258,A01,1,50,0,2,1,3,3,
2.023E+11,155 668 261,B01,2,10,0,2,3,23,1,
2.023E+11,155 668 255,B01,1,2,0,2,4,2,1,
2.023E+11,155 668 256,A01,1,7,0,2,1,0,0,
2.023E+11,155 668 253,A01,3,7,1,0,0,21,0,
2.023E+11,155 668 254,A01,3,1,0,2,7,19,5,
2.023E+11,155 668 257,Z01,3,30,0,2,1,1,0,
2.023E+11,155 668 251,A01,3,10,0,2,4,11,1,
2.023E+11,155 668 252,B01,3,33,0,2,1,1,1,
2.023E+11,155 668 249,A01,1,7,7,0,3,13,1,
2.023E+11,155 668 247,B01,2,15,0,2,6,1,1,
2.023E+11,155 668 250,A01,2,7,0,2,2,14,1,
2.023E+11,155 668 260,C01,2,10,14,0,1,1,1,
2.023E+11,155 668 246,A01,1,31,6,0,1,0,1,
2.023E+11,155 668 245,A01,1,37,0,1,2,1,1,1
2.023E+11,155 668 242,A01,1,7,0,2,1,1,2,
2.023E+11,155 668 248,B01,2,7,0,2,6,1,3,
2.023E+11,155 668 241,B01,1,33,0,2,3,1,0,
2.023E+11,155 668 244,A01,3,7,0,2,5,12,1,
2.023E+11,155 668 240,B01,3,33,0,2,7,1,1,
2.023E+11,155 668 243,A01,3,7,0,2,6,11,1,
2.023E+11,155 668 238,B01,2,15,0,0,6,1,1,
2.023E+11,155 668 239,A01,2,31,0,2,0,17,1,
2.023E+11,155 668 235,A01,1,7,13,0,9,1,1,
2.023E+11,155 668 231,A01,1,33,0,1,2,3,1,
2.023E+11,155 668 232,A01,2,7,0,2,1,1,2,
2.023E+11,155 668 237,B01,2,37,0,2,4,23,1,1
2.023E+11,155 668 230,A01,1,2,0,2,6,18,1,
2.023E+11,155 668 236,B01,1,7,0,2,2,16,1,
2.023E+11,155 668 227,A01,1,7,0,2,1,1,1,
2.023E+11,155 668 229,B01,2,33,0,2,1,13,1,
2.023E+11,155 668 224,A01,1,32,0,2,8,3,1,
2.023E+11,155 668 225,Z01,1,7,0,2,0,12,0,
2.023E+11,155 668 219,B01,1,1,0,2,1,1,5,
2.023E+11,155 668 223,A01,1,10,1,2,3,24,0,
2.023E+11,155 668 220,A01,0,50,0,2,1,1,3,
2.023E+11,155 668 222,B01,3,7,0,2,3,1,1,
2.023E+11,155 668 215,A01,2,2,0,2,1,13,1,
2.023E+11,155 668 217,B01,1,7,0,2,3,1,1,
2.023E+11,155 668 214,A01,2,7,0,2,5,1,1,
2.023E+11,155 668 221,B01,1,30,0,2,1,1,1,
2.023E+11,155 668 216,B01,1,30,0,2,1,1,1,
2.023E+11,155 668 218,A01,2,10,0,2,1,15,1,
2.023E+11,155 668 212,A01,2,7,0,2,1,2,1,
2.023E+11,155 668 213,B01,2,14,0,2,4,2,1,
2.023E+11,155 668 206,A01,1,7,0,2,3,1,1,
2.023E+11,155 668 209,B01,1,33,0,2,8,23,1,
2.023E+11,155 668 207,A01,0,7,0,2,2,1,1,
2.023E+11,155 668 211,B01,2,33,0,2,3,16,1,
2.023E+11,155 668 205,A01,2,7,2,0,1,19,1,
2.023E+11,155 668 203,A01,1,7,12,2,3,15,2,
2.023E+11,155 668 208,B01,1,50,8,2,4,1,3,
2.023E+11,155 668 202,A01,2,7,0,2,1,2,2,
2.023E+11,155 668 210,B01,2,7,0,2,4,2,1,
2.023E+11,155 668 197,A01,3,7,0,2,2,1,1,
2.023E+11,155 668 201,B01,2,2,0,2,8,9,3,
2.023E+11,155 668 198,A01,1,7,0,2,2,15,1,
2.023E+11,155 668 200,B01,2,2,0,2,1,1,1,
2.023E+11,155 668 195,A01,2,10,0,2,6,1,1,
2.023E+11,155 668 204,B01,1,7,0,2,1,1,1,
2.023E+11,155 668 192,A01,1,7,0,2,2,13,1,
2.023E+11,155 668 199,B01,1,17,0,2,4,1,1,
2.023E+11,155 668 191,A01,1,7,0,2,1,1,1,
2.023E+11,155 668 194,B01,1,7,0,2,4,23,1,
2.023E+11,155 668 193,A01,2,7,0,2,7,1,3,
2.023E+11,155 668 196,B01,3,7,0,2,0,1,1,
2.023E+11,155 668 189,A01,2,7,0,1,2,16,1,
2.023E+11,155 668 185,A01,1,50,0,0,0,5,3,
2.023E+11,155 668 188,B01,1,33,0,0,8,1,1,
2.023E+11,155 668 186,A01,3,7,0,2,2,15,1,
2.023E+11,155 668 190,B01,3,34,0,2,3,1,1,
2.023E+11,155 668 183,A01,2,7,0,1,1,1,1,
2.023E+11,155 668 182,A01,2,7,4,2,7,3,1,
2.023E+11,155 668 184,B01,2,15,0,2,8,1,1,
2.023E+11,155 668 180,A01,1,50,0,0,0,1,3,
2.023E+11,155 668 173,B01,2,2,0,2,1,1,3,
2.023E+11,155 668 179,A01,1,7,0,2,2,1,1,
2.023E+11,155 668 175,A01,2,1,0,2,0,15,5,
2.023E+11,155 668 177,Z01,2,7,0,2,0,15,0,
2.023E+11,155 668 171,A01,1,7,0,2,7,1,2,
2.023E+11,155 668 178,B01,1,2,0,2,1,1,3,
2.023E+11,155 668 172,A01,2,7,6,0,1,13,1,
2.023E+11,155 668 169,A01,2,30,0,2,1,1,1,
2.023E+11,155 668 176,B01,2,37,0,2,3,1,1,1
2.023E+11,155 668 170,A01,1,7,7,2,7,9,1,
2.023E+11,155 668 174,B01,1,17,0,2,1,1,1,
2.023E+11,155 668 166,A01,2,7,0,1,3,1,2,
2.023E+11,155 668 164,A01,3,7,0,1,3,1,1,
2.023E+11,155 668 163,B01,2,1,0,2,0,1,5,
2.023E+11,155 668 168,A01,1,7,0,2,8,1,1,
2.023E+11,155 668 161,A01,3,10,0,9,1,1,1,
2.023E+11,155 668 167,B01,3,1,0,2,8,19,5,
2.023E+11,155 668 160,B01,1,50,8,0,1,1,3,
2.023E+11,155 668 165,A01,1,32,8,0,2,1,1,
2.023E+11,155 668 159,B01,3,30,0,2,4,2,1,
2.023E+11,155 668 162,Z01,3,7,0,2,1,0,0,
2.023E+11,155 668 158,A01,3,7,0,1,7,1,2,
2.023E+11,155 668 155,A01,1,10,0,2,1,13,1,
2.023E+11,155 668 157,B01,2,7,0,2,1,1,1,
2.023E+11,155 668 153,A01,2,34,0,1,0,1,0,
2.023E+11,155 668 152,A01,1,1,0,1,1,1,5,
2.023E+11,155 668 145,A01,1,7,0,2,1,1,1,
2.023E+11,155 668 149,B01,1,7,0,2,2,19,1,
2.023E+11,155 668 144,A01,3,33,0,2,5,1,1,
2.023E+11,155 668 150,B01,3,7,0,2,2,1,2,
2.023E+11,155 668 141,B01,2,50,0,2,0,1,3,
2.023E+11,155 668 146,A01,2,7,0,2,5,16,1,
2.023E+11,155 668 142,A01,1,7,8,2,1,5,0,
2.023E+11,155 668 148,B01,2,10,0,2,3,1,0,
2.023E+11,155 668 151,D01,1,7,0,2,1,1,0,
2.023E+11,155 668 154,E01,1,7,0,9,3,1,0,
2.023E+11,155 668 156,C01,1,33,0,9,0,0,1,
2.023E+11,155 668 140,B01,2,2,0,2,1,1,0,
2.023E+11,155 668 147,A01,1,7,0,2,1,15,1,
2.023E+11,155 668 139,A01,1,7,0,2,1,26,1,
2.023E+11,155 668 143,B01,1,7,0,2,4,2,1,
2.023E+11,155 668 136,A01,1,7,0,1,2,0,0,
2.023E+11,155 668 133,A01,2,50,0,0,0,1,3,
2.023E+11,155 668 134,B01,3,7,0,0,6,1,1,
2.023E+11,155 668 138,A01,3,31,0,0,1,1,1,
2.023E+11,155 668 132,A01,1,7,6,2,6,13,1,
2.023E+11,155 668 135,B01,2,7,0,2,3,1,1,
2.023E+11,155 668 131,B01,1,7,0,2,3,1,1,
2.023E+11,155 668 137,A01,3,7,0,2,2,19,1,
2.023E+11,155 668 128,Y01,2,1,0,2,1,17,5,
2.023E+11,155 668 130,A01,2,7,0,2,3,15,1,
2.023E+11,155 668 126,A01,1,30,0,2,2,17,1,
2.023E+11,155 668 129,B01,3,7,0,2,1,15,1,
2.023E+11,155 668 124,A01,2,7,0,2,3,1,0,
2.023E+11,155 668 127,B01,1,7,0,2,3,1,0,
2.023E+11,155 668 121,A01,1,7,0,2,7,14,1,
2.023E+11,155 668 125,B01,1,31,0,2,6,1,1,
2.023E+11,155 668 123,A01,0,7,0,1,1,16,1,
2.023E+11,155 668 120,B01,1,30,0,2,1,1,1,
2.023E+11,155 668 122,A01,1,7,0,2,6,16,2,
2.023E+11,155 668 119,A01,1,7,0,1,1,1,1,
2.023E+11,155 668 114,A01,1,10,0,1,4,4,1,
2.023E+11,155 668 112,B01,3,1,0,2,2,15,5,
2.023E+11,155 668 118,A01,1,7,0,2,3,9,1,
2.023E+11,155 668 111,A01,2,7,11,2,1,21,1,
2.023E+11,155 668 115,B01,2,1,0,2,7,19,5,
2.023E+11,155 668 117,C01,2,7,0,2,5,23,1,
2.023E+11,155 668 109,A01,1,7,0,1,1,16,0,
2.023E+11,155 668 110,A01,1,7,0,2,7,23,0,
2.023E+11,155 668 116,B01,1,1,14,2,7,1,5,
2.023E+11,155 668 108,B01,3,7,0,2,0,0,1,
2.023E+11,155 668 113,A01,3,7,1,1,0,0,0,
2.023E+11,155 668 107,A01,2,34,0,1,2,1,1,
2.023E+11,155 668 103,A01,2,7,0,1,1,0,1,
2.023E+11,155 668 100,A01,3,7,0,2,2,0,1,
2.023E+11,155 668 105,B01,3,50,0,2,1,1,3,
2.023E+11,155 668 101,A01,2,7,0,1,1,2,1,
2.023E+11,155 668 102,A01,3,7,0,0,5,19,1,
2.023E+11,155 668 106,B01,3,33,0,2,1,1,1,
2.023E+11,155 668 099,A01,1,50,12,0,1,14,3,
2.023E+11,155 668 098,A01,3,10,0,2,8,1,1,
2.023E+11,155 668 104,Z01,1,10,0,2,2,1,1,
2.023E+11,155 668 095,B01,2,7,0,2,6,1,1,
2.023E+11,155 668 097,A01,2,10,0,2,1,26,1,
2.023E+11,155 668 094,A01,1,7,6,0,6,1,1,
2.023E+11,155 668 091,B01,2,7,0,2,1,20,1,
2.023E+11,155 668 096,A01,2,33,0,0,9,21,1,
2.023E+11,155 668 093,A01,3,43,0,1,2,3,1,
2.023E+11,155 668 090,A01,2,7,0,1,3,15,1,
2.023E+11,155 668 089,B01,1,7,0,2,3,1,0,
2.023E+11,155 668 092,A01,1,33,0,2,5,3,0,
2.023E+11,155 668 087,A01,0,33,0,0,0,1,1,
2.023E+11,155 668 084,A01,2,1,0,2,8,1,5,
2.023E+11,155 668 088,B01,2,7,8,2,2,16,0,
2.023E+11,155 668 083,A01,1,50,0,2,3,15,3,
2.023E+11,155 668 085,B01,1,10,0,2,3,1,3,
2.023E+11,155 668 076,B01,1,7,0,2,5,12,1,
2.023E+11,155 668 079,A01,1,33,0,2,3,1,1,
2.023E+11,155 668 078,A01,1,7,0,2,3,13,1,
2.023E+11,155 668 082,B01,2,7,0,2,3,1,1,
2.023E+11,155 668 086,C01,1,33,0,2,1,1,1,
2.023E+11,155 668 077,A01,3,30,0,2,2,26,0,
2.023E+11,155 668 080,B01,3,30,0,2,6,21,2,
2.023E+11,155 668 073,A01,1,7,0,2,1,26,1,
2.023E+11,155 668 075,B01,1,7,0,2,4,0,1,
2.023E+11,155 668 081,C01,1,7,0,2,4,26,1,
2.023E+11,155 668 072,A01,1,7,0,1,1,1,1,
2.023E+11,155 668 069,A01,1,33,4,0,9,1,1,
2.023E+11,155 668 066,A01,1,7,0,2,6,11,1,
2.023E+11,155 668 070,B01,1,7,0,2,2,1,1,
2.023E+11,155 668 067,A01,1,7,0,2,1,1,1,
2.023E+11,155 668 071,B01,1,7,0,2,4,1,1,
2.023E+11,155 668 074,C01,1,7,0,2,4,1,0,
2.023E+11,155 668 065,B01,1,34,0,2,7,13,0,
2.023E+11,155 668 068,A01,1,99,0,2,3,10,0,
2.023E+11,155 668 063,A01,3,30,0,0,8,13,1,
2.023E+11,155 668 060,A01,1,7,0,0,1,1,1,
2.023E+11,155 668 064,B01,1,32,0,2,4,1,1,
2.023E+11,155 668 059,A01,2,7,0,0,8,15,1,
2.023E+11,155 668 062,B01,2,32,0,2,7,17,1,
2.023E+11,155 668 055,A01,1,7,0,2,1,0,1,
2.023E+11,155 668 057,B01,1,7,0,2,4,0,1,
2.023E+11,155 668 052,Y01,2,1,0,2,6,15,5,
2.023E+11,155 668 054,A01,2,33,0,2,5,1,0,
2.023E+11,155 668 049,A01,1,7,0,2,4,1,1,
2.023E+11,155 668 058,B01,1,7,0,2,4,2,1,
2.023E+11,155 668 061,C01,1,14,0,2,1,2,1,
2.023E+11,155 668 050,A01,2,33,-1,-1,-1,-1,-1,
2.023E+11,155 668 051,A01,1,10,0,2,2,1,1,
2.023E+11,155 668 056,B01,1,7,0,2,2,1,1,
2.023E+11,155 668 047,B01,2,10,0,2,7,1,1,
2.023E+11,155 668 053,A01,1,7,0,2,3,9,1,
2.023E+11,155 668 046,B01,3,1,0,2,0,0,5,
2.023E+11,155 668 048,A01,3,7,0,2,0,0,1,
2.023E+11,155 668 043,A01,2,7,0,2,1,1,1,
2.023E+11,155 668 045,B01,3,1,0,2,7,26,5,
2.023E+11,155 668 044,A01,2,7,6,2,4,1,1,
2.023E+11,155 668 042,A01,1,7,8,0,1,13,1,
2.023E+11,155 668 037,A01,2,7,0,2,8,22,1,
2.023E+11,155 668 040,B01,2,1,1,0,1,1,5,
2.023E+11,155 668 038,A01,2,14,0,2,5,15,1,
2.023E+11,155 668 041,B01,1,7,0,2,1,0,1,
2.023E+11,155 668 034,A01,2,7,0,1,1,1,1,
2.023E+11,155 668 032,A01,2,7,16,2,3,15,0,
2.023E+11,155 668 036,B01,2,50,9,2,2,21,3,
2.023E+11,155 668 035,A01,1,7,0,2,3,1,1,
2.023E+11,155 668 039,B01,2,7,0,2,2,15,2,
2.023E+11,155 668 030,A01,1,10,12,0,1,26,1,
2.023E+11,155 668 025,A01,1,33,0,0,7,16,1,
2.023E+11,155 668 024,A01,1,7,0,2,1,1,1,
2.023E+11,155 668 028,B01,2,7,0,2,3,1,1,
2.023E+11,155 668 021,A01,1,7,0,2,5,1,1,
2.023E+11,155 668 023,B01,1,7,0,2,3,2,1,
2.023E+11,155 668 031,Z01,1,0,0,2,0,0,0,
2.023E+11,155 668 033,C01,1,10,0,2,8,1,1,
2.023E+11,155 668 020,A01,2,10,0,2,1,1,1,
2.023E+11,155 668 026,B01,2,7,0,2,4,23,1,
2.023E+11,155 668 029,C01,2,7,0,2,4,1,3,
2.023E+11,155 668 022,A01,3,7,14,0,6,23,1,
2.023E+11,155 668 027,B01,3,7,0,2,3,0,0,
2.023E+11,155 668 017,A01,2,7,4,0,9,1,1,
2.023E+11,155 668 014,A01,3,33,0,2,1,1,1,
2.023E+11,155 668 019,B01,3,1,0,2,8,1,5,
2.023E+11,155 668 011,A01,1,7,0,2,1,13,1,
2.023E+11,155 668 016,B01,2,7,0,2,1,1,1,
2.023E+11,155 668 018,C01,1,7,0,2,3,1,0,
2.023E+11,155 668 010,A01,1,7,0,2,2,12,1,
2.023E+11,155 668 015,B01,1,33,0,2,8,3,1,
2.023E+11,155 668 007,A01,3,7,1,5,1,1,1,
2.023E+11,155 668 008,B01,0,3,0,2,1,0,0,
2.023E+11,155 668 012,A01,1,7,0,2,1,1,1,
2.023E+11,155 668 004,C01,3,7,0,2,1,1,0,
2.023E+11,155 668 009,A01,3,7,0,2,1,1,0,
2.023E+11,155 668 013,B01,3,7,0,2,1,0,0,
2.023E+11,155 668 003,A01,2,7,0,1,1,1,1,
2.023E+11,155 668 002,A01,2,15,0,2,0,16,1,
2.023E+11,155 668 005,B01,1,7,13,9,3,15,2,
2.023E+11,155 668 000,A01,2,33,0,2,1,21,1,
2.023E+11,155 668 006,B01,2,7,0,2,5,19,1,
2.023E+11,155 667 999,B01,1,1,0,2,3,16,5,
2.023E+11,155 668 001,A01,1,7,0,2,3,16,1,
2.023E+11,155 667 994,A01,1,7,0,2,3,13,1,
2.023E+11,155 667 996,B01,1,7,0,2,5,1,1,
2.023E+11,155 667 993,A01,1,7,14,0,4,2,1,
2.023E+11,155 667 998,B01,2,7,14,0,1,2,1,
2.023E+11,155 667 992,A01,2,7,0,2,1,17,1,
2.023E+11,155 667 995,B01,1,7,0,2,1,1,1,
2.023E+11,155 667 987,A01,2,2,0,2,1,17,1,
2.023E+11,155 667 990,B01,2,7,0,2,4,15,1,
2.023E+11,155 667 991,A01,1,10,0,2,1,1,1,
2.023E+11,155 667 997,B01,1,33,0,2,7,1,1,
2.023E+11,155 667 983,B01,1,7,0,2,3,1,1,
2.023E+11,155 667 989,A01,1,33,0,2,2,15,1,
2.023E+11,155 667 981,A01,2,7,0,2,1,13,1,
2.023E+11,155 667 985,B01,1,7,0,2,1,1,1,
2.023E+11,155 667 982,A01,1,30,0,2,1,1,1,
2.023E+11,155 667 986,B01,1,7,0,2,5,1,1,
2.023E+11,155 667 980,B01,2,7,3,2,8,13,1,
2.023E+11,155 667 984,C01,2,14,3,2,2,2,1,
2.023E+11,155 667 988,A01,2,7,3,2,2,1,1,
2.023E+11,155 667 973,B01,1,7,0,2,2,1,1,
2.023E+11,155 667 979,A01,1,10,4,2,3,13,1,