Num_Acc,id_vehicule,num_veh,senc,catv,obs,obsm,choc,manv,motor,occutc
2.023E+11,155 667 068,A01,3,7,0,2,3,16,1,
2.023E+11,155 667 065,A01,3,7,0,2,3,24,1,
2.023E+11,155 667 066,B01,3,30,1,0,1,0,1,
2.023E+11,155 667 063,A01,1,7,0,2,1,2,1,
2.023E+11,155 667 064,B01,1,7,0,2,4,17,1,
2.023E+11,155 667 061,A01,1,7,0,2,1,1,1,
2.023E+11,155 667 062,B01,1,1,0,2,4,19,5,
2.023E+11,155 667 059,B01,2,60,0,2,8,1,5,
2.023E+11,155 667 060,A01,1,7,0,2,1,15,1,
2.023E+11,155 667 057,A01,2,7,0,2,1,2,1,
2.023E+11,155 667 058,B01,2,7,0,2,7,2,1,
2.023E+11,155 667 056,A01,1,7,0,1,2,19,1,
2.023E+11,155 667 055,A01,0,7,15,0,0,14,1,
2.023E+11,155 667 053,A01,1,7,0,2,1,19,1,
2.023E+11,155 667 054,B01,1,3,0,2,3,0,1,
2.023E+11,155 667 052,A01,1,7,0,1,1,1,1,
2.023E+11,155 667 050,A01,1,10,0,2,3,15,0,
2.023E+11,155 667 051,B01,1,50,0,2,1,17,3,
2.023E+11,155 667 048,B01,2,10,0,2,2,0,1,
2.023E+11,155 667 049,A01,1,7,0,2,2,1,1,
2.023E+11,155 667 046,A01,1,7,0,2,1,5,1,
2.023E+11,155 667 047,B01,2,37,0,2,1,1,1,1
2.023E+11,155 667 043,A01,1,7,0,1,1,1,1,
2.023E+11,155 667 040,B01,1,2,0,2,7,1,1,
2.023E+11,155 667 041,Z01,2,7,0,2,8,26,1,
2.023E+11,155 667 039,A01,3,7,1,0,1,21,1,
2.023E+11,155 667 038,A01,2,10,0,1,7,1,1,
2.023E+11,155 667 036,A01,3,7,0,2,1,2,1,
2.023E+11,155 667 037,B01,1,7,16,0,4,0,1,
2.023E+11,155 667 034,B01,3,7,0,2,2,1,1,
2.023E+11,155 667 035,A01,3,7,1,2,3,26,1,
2.023E+11,155 667 033,A01,1,7,0,1,2,1,1,
2.023E+11,155 667 031,A01,2,30,0,2,6,16,1,
2.023E+11,155 667 032,B01,1,7,0,2,7,1,1,
2.023E+11,155 667 030,A01,2,7,0,1,3,16,1,
2.023E+11,155 667 028,B01,2,7,0,2,7,1,1,
2.023E+11,155 667 029,A01,2,7,0,2,1,19,1,
2.023E+11,155 667 026,A01,2,7,0,2,4,23,1,
2.023E+11,155 667 027,B01,2,7,0,2,1,2,1,
2.023E+11,155 667 024,A01,1,34,0,2,2,2,1,
2.023E+11,155 667 025,B01,1,7,0,2,6,16,1,
2.023E+11,155 667 023,A01,3,33,0,0,0,1,1,
2.023E+11,155 667 022,Z01,3,0,0,1,1,1,0,
2.023E+11,155 667 020,A01,3,7,0,2,1,1,1,
2.023E+11,155 667 021,B01,3,50,0,2,7,19,3,
2.023E+11,155 667 019,A01,3,7,8,0,0,26,1,
2.023E+11,155 667 017,Z01,0,10,0,2,0,0,0,
2.023E+11,155 667 018,A01,0,1,0,2,4,2,5,
2.023E+11,155 667 015,A01,2,7,0,2,2,15,1,
2.023E+11,155 667 016,B01,1,50,0,2,1,1,3,
2.023E+11,155 667 014,A01,0,31,6,0,1,1,1,
2.023E+11,155 667 013,A01,1,50,0,1,1,1,3,
2.023E+11,155 667 012,A01,1,7,8,0,3,1,1,
2.023E+11,155 667 011,A01,3,7,13,0,2,9,1,
2.023E+11,155 667 009,B01,2,7,0,0,0,1,1,
2.023E+11,155 667 010,A01,1,33,0,0,0,11,1,
2.023E+11,155 667 008,A01,1,7,0,1,4,20,1,
2.023E+11,155 667 006,B01,1,30,0,2,1,1,1,
2.023E+11,155 667 007,A01,2,7,0,2,5,15,1,
2.023E+11,155 667 003,A01,1,7,0,2,1,2,1,
2.023E+11,155 667 004,B01,1,32,0,2,4,2,1,
2.023E+11,155 667 005,C01,1,7,0,2,4,2,1,
2.023E+11,155 667 000,A01,2,7,0,2,1,26,1,
2.023E+11,155 667 001,C01,2,10,0,2,4,0,1,
2.023E+11,155 667 002,B01,2,10,0,2,1,26,1,
2.023E+11,155 666 998,B01,2,7,0,2,4,1,2,
2.023E+11,155 666 999,A01,2,7,0,2,1,2,1,
2.023E+11,155 666 997,A01,3,7,13,0,0,16,1,
2.023E+11,155 666 994,A01,2,7,0,2,5,17,1,
2.023E+11,155 666 995,B01,2,7,0,2,3,15,1,
2.023E+11,155 666 993,A01,3,7,0,1,3,20,1,
2.023E+11,155 666 991,B01,1,7,0,2,1,13,0,
2.023E+11,155 666 992,A01,2,30,0,2,1,9,1,
2.023E+11,155 666 990,A01,2,7,1,0,3,21,1,
2.023E+11,155 666 988,B01,1,7,8,2,2,2,1,
2.023E+11,155 666 989,A01,1,7,0,2,3,2,1,
2.023E+11,155 666 987,A01,1,33,8,0,1,26,1,
2.023E+11,155 666 985,A01,2,43,0,0,8,26,0,
2.023E+11,155 666 986,B01,2,43,0,0,8,26,0,
2.023E+11,155 666 984,Z01,3,33,0,1,1,1,0,
2.023E+11,155 666 982,A01,1,7,0,2,3,16,1,
2.023E+11,155 666 983,B01,2,2,0,2,1,21,1,
2.023E+11,155 666 980,B01,0,7,0,1,1,1,1,
2.023E+11,155 666 981,A01,0,7,0,1,1,1,1,
2.023E+11,155 666 977,B01,1,10,0,2,6,1,1,
2.023E+11,155 666 978,C01,1,7,0,2,7,1,1,
2.023E+11,155 666 979,A01,1,33,0,2,2,1,1,
2.023E+11,155 666 976,A01,1,30,0,1,1,1,3,
2.023E+11,155 666 974,A01,1,7,0,2,7,22,1,
2.023E+11,155 666 975,B01,1,1,0,2,1,1,5,
2.023E+11,155 666 972,A01,1,2,0,2,1,15,1,
2.023E+11,155 666 973,B01,1,50,0,2,1,1,3,
2.023E+11,155 666 970,A01,1,30,0,2,7,15,1,
2.023E+11,155 666 971,B01,2,7,0,2,1,2,1,
2.023E+11,155 666 968,A01,1,7,0,2,8,10,3,
2.023E+11,155 666 969,B01,1,2,0,2,7,17,3,
2.023E+11,155 666 967,B01,2,1,0,1,1,1,5,
2.023E+11,155 666 966,A01,2,30,0,1,1,1,1,
2.023E+11,155 666 965,A01,2,7,8,0,1,13,1,
2.023E+11,155 666 963,A01,1,7,0,2,4,1,1,
2.023E+11,155 666 964,Z01,1,7,0,2,1,1,0,
2.023E+11,155 666 962,A01,2,7,0,1,7,9,1,
2.023E+11,155 666 961,A01,1,2,0,0,0,1,3,
2.023E+11,155 666 959,A01,1,13,0,2,0,1,0,
2.023E+11,155 666 960,B01,1,7,0,2,4,1,1,
2.023E+11,155 666 957,A01,1,33,0,2,1,1,1,
2.023E+11,155 666 958,B01,1,1,0,2,4,1,5,
2.023E+11,155 666 955,A01,1,1,0,2,1,18,5,
2.023E+11,155 666 956,B01,1,7,0,2,7,16,1,
2.023E+11,155 666 954,A01,2,33,0,0,7,1,1,
2.023E+11,155 666 952,A01,1,7,0,2,3,15,1,
2.023E+11,155 666 953,B01,2,30,0,2,8,1,1,
2.023E+11,155 666 950,A01,1,32,0,2,8,3,0,
2.023E+11,155 666 951,B01,1,7,0,2,7,1,0,
2.023E+11,155 666 949,A01,3,7,1,0,1,5,1,
2.023E+11,155 666 948,A01,3,7,14,0,1,1,1,
2.023E+11,155 666 946,A01,2,7,0,2,1,1,1,
2.023E+11,155 666 947,B01,2,7,0,2,4,1,1,
2.023E+11,155 666 944,A01,1,33,0,2,1,1,1,
2.023E+11,155 666 945,B01,1,7,0,2,6,23,0,
2.023E+11,155 666 942,A01,1,10,0,2,8,9,1,
2.023E+11,155 666 943,B01,1,2,0,2,7,1,0,
2.023E+11,155 666 940,A01,1,1,0,2,1,1,5,
2.023E+11,155 666 941,B01,2,30,0,9,1,1,0,
2.023E+11,155 666 939,A01,3,7,11,1,1,15,2,
2.023E+11,155 666 936,B01,2,7,0,2,6,20,1,
2.023E+11,155 666 937,A01,0,34,0,0,0,0,1,
2.023E+11,155 666 934,A01,2,30,0,2,1,18,1,
2.023E+11,155 666 935,B01,2,7,0,2,2,14,2,
2.023E+11,155 666 932,A01,1,7,0,0,4,23,1,
2.023E+11,155 666 933,B01,1,7,1,0,1,9,1,
2.023E+11,155 666 929,C01,1,7,0,2,1,2,1,
2.023E+11,155 666 930,B01,1,7,0,2,1,1,1,
2.023E+11,155 666 931,A01,1,10,5,2,1,1,1,
2.023E+11,155 666 927,A01,1,34,0,2,1,17,1,
2.023E+11,155 666 928,B01,1,7,0,2,3,15,1,
2.023E+11,155 666 926,A01,2,7,0,1,3,1,1,
2.023E+11,155 666 924,A01,2,31,0,2,1,26,1,
2.023E+11,155 666 925,B01,1,7,0,2,1,1,1,
2.023E+11,155 666 923,A01,1,7,3,0,6,2,1,
2.023E+11,155 666 921,A01,2,7,0,2,3,13,1,
2.023E+11,155 666 922,B01,1,7,0,2,6,1,1,
2.023E+11,155 666 920,A01,1,7,8,0,1,1,1,
2.023E+11,155 666 919,A01,1,7,17,0,8,13,1,
2.023E+11,155 666 917,A01,1,7,0,0,5,15,3,
2.023E+11,155 666 918,B01,2,33,0,2,1,1,1,
2.023E+11,155 666 916,A01,1,7,0,1,2,1,1,
2.023E+11,155 666 915,A01,0,7,0,1,5,26,1,
2.023E+11,155 666 913,B01,1,7,0,2,3,1,1,
2.023E+11,155 666 914,A01,2,2,0,2,1,13,1,
2.023E+11,155 666 912,A01,2,7,17,0,1,1,1,
2.023E+11,155 666 910,B01,1,7,0,2,1,1,1,
2.023E+11,155 666 911,A01,2,7,0,2,3,9,1,
2.023E+11,155 666 908,B01,2,21,0,2,1,19,0,
2.023E+11,155 666 909,A01,1,7,0,2,8,1,0,
2.023E+11,155 666 904,A01,1,7,0,2,2,17,1,
2.023E+11,155 666 905,B01,1,21,0,0,8,15,1,
2.023E+11,155 666 902,A01,2,7,0,2,3,15,1,
2.023E+11,155 666 903,B01,1,1,0,2,8,1,5,
2.023E+11,155 666 901,A01,1,33,0,0,7,1,1,
2.023E+11,155 666 900,A01,2,33,13,0,1,1,1,
2.023E+11,155 666 898,B01,2,1,0,2,1,17,5,
2.023E+11,155 666 899,A01,2,7,0,9,3,15,0,
2.023E+11,155 666 896,A01,2,7,0,0,0,2,1,
2.023E+11,155 666 897,B01,2,33,12,0,8,14,1,
2.023E+11,155 666 895,A01,2,7,6,0,1,13,1,
2.023E+11,155 666 891,D01,2,7,0,9,3,1,1,
2.023E+11,155 666 892,C01,2,7,0,9,1,1,1,
2.023E+11,155 666 893,B01,1,7,13,2,3,1,1,
2.023E+11,155 666 894,A01,2,33,0,2,1,17,1,
2.023E+11,155 666 889,A01,2,7,0,2,3,13,2,
2.023E+11,155 666 890,B01,1,7,0,2,3,1,1,
2.023E+11,155 666 888,A01,1,7,8,1,2,1,2,
2.023E+11,155 666 886,B01,2,14,0,2,8,1,1,
2.023E+11,155 666 887,A01,1,33,0,2,4,1,1,
2.023E+11,155 666 885,A01,2,7,0,1,2,2,1,
2.023E+11,155 666 883,A01,0,7,13,2,2,19,1,
2.023E+11,155 666 884,B01,2,3,13,2,3,1,1,
2.023E+11,155 666 881,A01,2,7,0,0,1,1,1,
2.023E+11,155 666 882,B01,2,7,0,0,4,1,1,
2.023E+11,155 666 880,A01,2,33,0,0,7,0,1,
2.023E+11,155 666 878,A01,2,15,0,0,6,1,1,
2.023E+11,155 666 879,B01,2,7,0,2,2,12,2,
2.023E+11,155 666 876,B01,1,10,0,2,2,1,1,
2.023E+11,155 666 877,A01,2,2,0,2,1,5,1,
2.023E+11,155 666 875,A01,1,7,12,0,1,14,1,
2.023E+11,155 666 873,A01,1,7,0,2,3,1,1,
2.023E+11,155 666 874,B01,2,7,3,2,3,1,1,
2.023E+11,155 666 871,A01,3,7,0,2,2,13,1,
2.023E+11,155 666 872,B01,3,7,0,2,2,1,1,
2.023E+11,155 666 869,B01,1,7,0,2,2,1,1,
2.023E+11,155 666 870,A01,1,7,0,2,3,15,1,
2.023E+11,155 666 867,A01,3,7,0,2,1,1,1,
2.023E+11,155 666 868,B01,3,50,0,2,8,5,3,
2.023E+11,155 666 865,B01,2,1,0,0,8,1,5,
2.023E+11,155 666 866,A01,2,10,0,9,2,1,1,
2.023E+11,155 666 864,A01,0,3,8,0,1,14,1,
2.023E+11,155 666 863,A01,3,7,14,0,1,1,0,
2.023E+11,155 666 860,A01,2,10,0,2,5,1,1,
2.023E+11,155 666 861,B01,2,36,0,2,1,3,1,
2.023E+11,155 666 859,A01,1,7,0,1,2,1,1,
2.023E+11,155 666 857,A01,2,7,0,2,1,2,1,
2.023E+11,155 666 858,B01,2,7,0,2,4,2,1,
2.023E+11,155 666 855,B01,2,7,0,2,5,2,1,
2.023E+11,155 666 856,A01,2,33,0,2,1,1,1,
2.023E+11,155 666 852,C01,2,7,0,2,4,1,0,
2.023E+11,155 666 853,B01,2,7,0,2,4,1,0,
2.023E+11,155 666 854,A01,2,10,0,2,1,1,0,
2.023E+11,155 666 850,A01,2,7,0,2,2,12,1,
2.023E+11,155 666 851,B01,2,33,0,2,1,3,1,
2.023E+11,155 666 848,A01,2,7,0,2,5,1,1,
2.023E+11,155 666 849,B01,2,33,0,2,3,3,1,
2.023E+11,155 666 846,A01,1,7,0,2,1,1,1,
2.023E+11,155 666 847,B01,1,7,0,2,4,1,3,
2.023E+11,155 666 844,A01,2,7,0,2,1,1,1,
2.023E+11,155 666 845,B01,2,7,0,2,4,14,1,
2.023E+11,155 666 841,C01,2,7,0,0,4,0,1,
2.023E+11,155 666 842,B01,2,10,0,2,5,12,1,
2.023E+11,155 666 843,A01,2,33,0,2,2,1,1,
2.023E+11,155 666 839,A01,2,7,0,2,8,21,1,
2.023E+11,155 666 840,B01,2,15,1,0,7,23,1,
2.023E+11,155 666 836,C01,1,7,0,2,6,1,1,
2.023E+11,155 666 837,B01,1,33,0,2,5,0,1,
2.023E+11,155 666 838,A01,1,7,0,2,7,11,1,
2.023E+11,155 666 833,C01,2,7,0,2,0,0,0,
2.023E+11,155 666 834,B01,2,7,0,2,0,0,1,
2.023E+11,155 666 835,A01,2,7,0,2,1,0,1,
2.023E+11,155 666 832,A01,1,7,4,0,2,14,1,
2.023E+11,155 666 830,B01,2,33,0,2,0,0,1,
2.023E+11,155 666 831,A01,2,7,0,2,1,2,1,
2.023E+11,155 666 828,A01,2,7,0,2,8,1,2,
2.023E+11,155 666 829,B01,2,14,0,2,7,12,1,
2.023E+11,155 666 825,B01,1,7,0,2,4,1,1,
2.023E+11,155 666 826,C01,1,7,0,2,4,1,1,
2.023E+11,155 666 827,A01,1,7,0,2,1,1,1,
2.023E+11,155 666 823,B01,1,33,0,2,1,1,1,
2.023E+11,155 666 824,A01,1,7,0,2,3,11,1,
2.023E+11,155 666 821,A01,2,10,0,2,1,2,1,
2.023E+11,155 666 822,B01,1,7,0,2,4,2,1,
2.023E+11,155 666 819,A01,2,7,0,2,8,1,1,
2.023E+11,155 666 820,B01,2,43,0,2,2,3,1,
2.023E+11,155 666 816,A01,1,10,0,2,1,1,1,
2.023E+11,155 666 817,B01,1,7,0,2,4,1,2,
2.023E+11,155 666 818,C01,1,7,0,2,4,1,1,
2.023E+11,155 666 815,A01,2,7,3,0,1,26,1,
2.023E+11,155 666 811,A01,1,10,0,2,7,12,1,
2.023E+11,155 666 812,B01,1,33,0,2,1,3,1,
2.023E+11,155 666 813,C01,1,33,0,2,1,1,1,
2.023E+11,155 666 814,D01,1,7,0,2,4,1,1,
2.023E+11,155 666 808,A01,2,7,0,1,2,15,1,
2.023E+11,155 666 806,Y01,2,60,0,9,8,15,5,
2.023E+11,155 666 807,A01,2,80,0,2,2,1,3,
2.023E+11,155 666 804,B01,2,7,0,2,8,1,1,
2.023E+11,155 666 805,A01,2,33,0,2,2,17,1,
2.023E+11,155 666 802,A01,1,7,0,2,1,9,1,
2.023E+11,155 666 803,B01,1,7,0,2,6,1,1,
2.023E+11,155 666 800,A01,2,80,0,2,8,1,3,
2.023E+11,155 666 801,Z01,2,10,0,2,7,1,0,
2.023E+11,155 666 797,A01,1,7,0,2,4,14,1,
2.023E+11,155 666 798,B01,1,7,0,0,0,0,0,
2.023E+11,155 666 799,C01,1,7,0,9,6,1,1,
2.023E+11,155 666 795,B01,2,33,0,2,1,1,1,
2.023E+11,155 666 796,A01,1,7,0,2,2,15,1,
2.023E+11,155 666 794,A01,1,7,0,1,3,1,1,
2.023E+11,155 666 793,A01,0,7,0,1,3,1,1,
2.023E+11,155 666 791,B01,1,7,0,2,5,10,1,
2.023E+11,155 666 792,A01,1,7,0,2,1,1,1,
2.023E+11,155 666 789,A01,1,7,0,2,5,1,1,
2.023E+11,155 666 790,B01,1,80,0,2,0,1,3,
2.023E+11,155 666 787,B01,1,7,0,2,4,23,1,
2.023E+11,155 666 788,A01,1,10,0,2,1,2,1,
2.023E+11,155 666 784,A01,2,10,0,1,1,13,1,
2.023E+11,155 666 782,A01,0,7,0,0,2,17,0,
2.023E+11,155 666 783,B01,0,7,0,0,0,1,0,
2.023E+11,155 666 780,A01,3,7,0,1,2,16,2,
2.023E+11,155 666 778,A01,0,7,0,1,0,1,1,
2.023E+11,155 666 777,A01,3,7,9,0,3,5,1,
2.023E+11,155 666 775,B01,2,7,0,2,1,1,1,
2.023E+11,155 666 776,A01,2,7,0,2,4,1,1,
2.023E+11,155 666 774,A01,1,7,0,1,1,15,1,
2.023E+11,155 666 772,B01,2,7,0,2,3,0,1,
2.023E+11,155 666 773,A01,2,7,0,2,2,15,1,
2.023E+11,155 666 770,A01,2,50,0,2,1,17,3,
2.023E+11,155 666 771,B01,1,7,0,2,3,1,1,
2.023E+11,155 666 769,A01,2,7,1,0,1,1,1,
2.023E+11,155 666 768,A01,1,3,0,1,1,16,1,
2.023E+11,155 666 766,A01,3,7,0,2,5,1,1,
2.023E+11,155 666 767,B01,3,7,0,0,6,10,1,
2.023E+11,155 666 765,A01,1,7,0,1,3,1,0,
2.023E+11,155 666 764,A01,2,7,0,1,1,1,1,
2.023E+11,155 666 763,A01,3,7,0,1,1,1,1,
2.023E+11,155 666 761,A01,1,7,0,9,3,1,1,
2.023E+11,155 666 762,B01,3,1,0,2,7,19,5,
2.023E+11,155 666 760,A01,1,7,0,1,1,1,1,
2.023E+11,155 666 758,A01,3,7,16,0,8,19,1,
2.023E+11,155 666 759,B01,3,7,0,2,0,0,1,
2.023E+11,155 666 755,A01,2,7,0,1,2,1,1,
2.023E+11,155 666 754,A01,1,60,0,0,0,1,5,
2.023E+11,155 666 753,A01,2,7,0,1,1,9,1,
2.023E+11,155 666 752,A01,3,7,0,1,1,1,1,
2.023E+11,155 666 751,A01,1,7,8,0,1,13,1,
2.023E+11,155 666 749,B01,2,2,0,2,1,1,0,
2.023E+11,155 666 750,A01,1,7,0,2,7,19,1,
2.023E+11,155 666 746,Z01,0,7,0,0,0,0,0,
2.023E+11,155 666 744,B01,1,10,0,2,4,4,1,
2.023E+11,155 666 745,A01,1,7,0,2,4,4,1,
2.023E+11,155 666 742,A01,2,7,0,2,2,2,1,
2.023E+11,155 666 743,B01,2,7,0,2,2,2,1,
2.023E+11,155 666 739,A01,2,7,0,2,1,1,1,
2.023E+11,155 666 740,B01,2,7,0,2,4,1,1,
2.023E+11,155 666 741,C01,2,7,0,2,4,1,1,
2.023E+11,155 666 738,A01,1,7,0,1,1,1,1,
2.023E+11,155 666 737,A01,3,7,0,1,2,15,1,
2.023E+11,155 666 735,B01,1,33,0,2,3,1,1,
2.023E+11,155 666 736,A01,1,7,0,2,5,12,1,
2.023E+11,155 666 734,A01,2,7,0,1,1,15,1,
2.023E+11,155 666 733,B01,2,7,2,0,1,21,1,
2.023E+11,155 666 732,A01,0,7,0,1,1,19,1,
2.023E+11,155 666 730,A01,1,37,0,2,1,1,1,2
2.023E+11,155 666 731,Z01,1,7,0,2,4,18,1,
2.023E+11,155 666 728,B01,1,7,0,2,4,2,1,
2.023E+11,155 666 729,A01,1,37,0,2,1,2,2,1
2.023E+11,155 666 727,A01,2,7,0,1,1,1,1,
2.023E+11,155 666 725,B01,3,33,0,2,1,1,1,
2.023E+11,155 666 726,A01,3,7,0,2,8,10,1,
2.023E+11,155 666 723,B01,1,1,1,0,1,1,5,
2.023E+11,155 666 724,A01,1,7,0,2,8,22,1,
2.023E+11,155 666 722,A01,1,1,0,1,3,1,5,
2.023E+11,155 666 720,B01,1,33,0,2,8,20,1,
2.023E+11,155 666 721,A01,1,32,0,2,1,1,1,
2.023E+11,155 666 718,A01,2,10,0,2,2,1,1,
2.023E+11,155 666 719,B01,1,43,0,2,3,1,1,
2.023E+11,155 666 717,A01,2,1,0,1,1,1,5,
2.023E+11,155 666 716,A01,2,1,0,1,4,5,5,
2.023E+11,155 666 714,A01,1,7,0,2,2,1,1,
2.023E+11,155 666 715,B01,3,1,0,2,3,19,5,
2.023E+11,155 666 712,A01,1,1,0,2,7,11,5,
2.023E+11,155 666 713,B01,1,1,0,2,8,1,5,
2.023E+11,155 666 710,B01,2,31,0,2,1,1,1,
2.023E+11,155 666 711,A01,2,7,0,2,8,10,2,
2.023E+11,155 666 708,A01,2,7,0,2,1,1,1,
2.023E+11,155 666 709,B01,2,33,0,2,2,15,0,
2.023E+11,155 666 706,A01,0,33,0,2,1,1,0,
2.023E+11,155 666 707,B01,0,7,0,2,8,20,0,
2.023E+11,155 666 703,C01,1,37,0,2,4,23,0,1
2.023E+11,155 666 704,A01,1,7,0,2,1,1,0,
2.023E+11,155 666 705,B01,1,7,0,2,1,1,0,
2.023E+11,155 666 701,A01,1,40,0,2,1,1,3,
2.023E+11,155 666 702,B01,2,14,0,4,5,15,0,
2.023E+11,155 666 700,A01,2,7,0,1,1,1,1,
2.023E+11,155 666 699,A01,3,7,4,0,2,15,2,
2.023E+11,155 666 697,B01,3,1,0,2,1,1,5,
2.023E+11,155 666 698,A01,0,7,0,0,3,1,1,
2.023E+11,155 666 695,A01,2,7,0,2,8,0,1,
2.023E+11,155 666 696,B01,2,31,1,2,1,3,1,
2.023E+11,155 666 693,B01,2,7,0,2,1,1,1,
2.023E+11,155 666 694,A01,1,7,0,2,1,1,1,
2.023E+11,155 666 691,A01,1,37,0,2,1,2,2,1
2.023E+11,155 666 692,B01,2,7,0,2,0,0,0,
2.023E+11,155 666 689,B01,1,7,0,0,8,1,1,
2.023E+11,155 666 690,A01,2,7,0,2,1,1,1,
2.023E+11,155 666 688,A01,0,7,0,1,3,1,1,
2.023E+11,155 666 686,B01,1,7,0,2,2,16,1,
2.023E+11,155 666 687,A01,1,7,0,2,1,2,1,
2.023E+11,155 666 684,A01,3,7,0,2,0,9,1,
2.023E+11,155 666 685,B01,3,50,0,2,0,1,3,
2.023E+11,155 666 683,A01,0,7,0,1,0,0,1,
2.023E+11,155 666 682,A01,0,0,0,1,5,26,0,
2.023E+11,155 666 681,A01,1,10,0,1,3,16,1,
2.023E+11,155 666 679,A01,2,30,14,2,5,17,1,
2.023E+11,155 666 680,B01,2,7,0,2,6,2,1,
2.023E+11,155 666 678,A01,2,7,1,0,3,0,1,
2.023E+11,155 666 676,A01,2,7,1,9,8,0,1,
2.023E+11,155 666 677,B01,2,1,1,0,1,0,5,
2.023E+11,155 666 675,A01,2,7,0,1,1,1,1,
2.023E+11,155 666 673,A01,1,33,1,2,1,18,1,
2.023E+11,155 666 674,B01,1,7,16,0,2,20,1,
2.023E+11,155 666 672,A01,1,30,0,1,7,17,0,
2.023E+11,155 666 671,A01,2,7,0,1,1,1,0,
2.023E+11,155 666 670,A01,1,7,0,1,3,15,1,
2.023E+11,155 666 669,A01,1,50,0,0,1,1,3,
2.023E+11,155 666 667,A01,2,7,0,2,3,15,1,
2.023E+11,155 666 668,B01,2,33,0,2,1,1,1,
2.023E+11,155 666 663,B01,2,7,0,2,3,15,1,
2.023E+11,155 666 664,A01,2,33,0,2,2,17,1,
2.023E+11,155 666 662,A01,1,7,0,1,3,1,1,
2.023E+11,155 666 661,A01,3,34,12,0,7,1,1,
2.023E+11,155 666 659,B01,1,7,0,2,3,1,1,
2.023E+11,155 666 660,A01,2,7,0,2,3,1,1,
2.023E+11,155 666 657,A01,1,7,0,2,1,5,1,
2.023E+11,155 666 658,B01,2,7,0,2,3,1,1,
2.023E+11,155 666 656,A01,2,7,0,1,0,10,1,
2.023E+11,155 666 655,A01,2,7,2,0,9,17,1,
2.023E+11,155 666 654,A01,0,10,15,0,1,0,0,
2.023E+11,155 666 652,A01,0,31,0,2,1,2,1,
2.023E+11,155 666 653,B01,0,7,0,0,4,2,1,
2.023E+11,155 666 650,A01,1,7,0,2,1,13,0,
2.023E+11,155 666 651,B01,2,7,0,2,1,1,0,
2.023E+11,155 666 648,B01,2,7,0,2,1,1,1,
2.023E+11,155 666 649,A01,1,31,0,2,1,5,1,
2.023E+11,155 666 646,A01,1,7,0,2,7,15,1,
2.023E+11,155 666 647,B01,2,43,0,2,2,1,1,
2.023E+11,155 666 645,A01,3,10,0,1,1,1,1,
2.023E+11,155 666 644,A01,1,2,12,0,0,1,1,
2.023E+11,155 666 643,A01,1,7,13,0,0,1,1,
2.023E+11,155 666 641,A01,1,7,0,2,3,13,1,
2.023E+11,155 666 642,B01,2,7,0,2,3,1,1,
2.023E+11,155 666 639,A01,1,7,0,2,3,13,1,
2.023E+11,155 666 640,B01,2,7,0,2,3,1,1,
2.023E+11,155 666 637,A01,1,7,0,2,1,9,1,
2.023E+11,155 666 638,B01,1,50,0,2,7,0,3,
2.023E+11,155 666 635,A01,2,7,0,2,1,0,0,
2.023E+11,155 666 636,B01,1,7,0,2,1,1,0,
2.023E+11,155 666 634,A01,1,7,0,0,1,1,1,
2.023E+11,155 666 633,A01,2,2,0,0,0,0,0,
2.023E+11,155 666 632,A01,2,7,0,0,0,1,1,
2.023E+11,155 666 630,B01,2,7,0,2,1,1,1,
2.023E+11,155 666 631,A01,1,7,0,2,1,13,1,
2.023E+11,155 666 629,A01,2,7,0,1,3,1,1,
2.023E+11,155 666 628,A01,3,7,0,1,4,4,1,
2.023E+11,155 666 626,A01,1,7,0,2,7,14,1,
2.023E+11,155 666 627,B01,1,7,0,2,3,16,1,
2.023E+11,155 666 624,B01,1,7,0,2,0,17,0,
2.023E+11,155 666 625,A01,1,1,0,0,6,2,5,
2.023E+11,155 666 623,A01,2,32,3,0,2,1,1,
2.023E+11,155 666 621,B01,2,17,1,0,6,24,1,
2.023E+11,155 666 622,A01,2,7,1,0,2,14,1,
2.023E+11,155 666 620,A01,2,33,13,0,7,1,1,
2.023E+11,155 666 619,A01,0,7,0,1,2,2,1,
2.023E+11,155 666 617,B01,2,7,0,2,3,1,1,
2.023E+11,155 666 618,A01,1,7,0,2,2,17,1,
2.023E+11,155 666 615,A01,2,7,0,0,5,2,1,
2.023E+11,155 666 616,B01,2,33,0,2,1,2,1,
2.023E+11,155 666 614,A01,1,7,0,0,0,1,1,
2.023E+11,155 666 612,B01,2,7,0,2,7,19,1,
2.023E+11,155 666 613,A01,2,7,0,2,1,1,1,
2.023E+11,155 666 610,B01,2,7,0,2,2,0,1,
2.023E+11,155 666 611,A01,2,10,0,2,8,1,1,
2.023E+11,155 666 608,B01,2,7,0,2,4,1,1,
2.023E+11,155 666 609,A01,2,10,0,2,1,1,2,
2.023E+11,155 666 605,B01,1,10,0,2,4,2,1,
2.023E+11,155 666 606,C01,1,7,0,2,4,2,1,
2.023E+11,155 666 607,A01,1,7,0,2,1,1,1,
2.023E+11,155 666 603,A01,2,7,0,2,1,2,1,
2.023E+11,155 666 604,B01,2,7,0,2,4,2,1,
2.023E+11,155 666 600,A01,2,7,0,2,1,2,1,
2.023E+11,155 666 601,B01,2,7,0,2,4,2,1,
2.023E+11,155 666 602,C01,2,7,0,2,4,2,1,