Num_Acc,id_vehicule,num_veh,senc,catv,obs,obsm,choc,manv,motor,occutc
2.023E+11,155 665 674,C01,2,10,0,2,7,1,1,
2.023E+11,155 665 677,B01,2,7,0,2,6,1,1,
2.023E+11,155 665 680,A01,2,10,0,2,2,11,1,
2.023E+11,155 665 685,D01,2,10,0,2,2,1,1,
2.023E+11,155 665 671,A01,3,50,0,2,1,26,3,
2.023E+11,155 665 673,B01,3,3,0,2,1,26,3,
2.023E+11,155 665 672,A01,0,7,0,0,2,15,1,
2.023E+11,155 665 675,B01,0,50,0,2,2,0,3,
2.023E+11,155 665 668,A01,1,7,13,0,2,14,1,
2.023E+11,155 665 666,A01,1,7,1,0,2,0,1,
2.023E+11,155 665 664,B01,1,2,0,2,1,1,1,
2.023E+11,155 665 669,A01,1,7,0,2,2,9,1,
2.023E+11,155 665 663,A01,1,32,0,2,1,2,1,
2.023E+11,155 665 667,B01,1,7,0,2,4,2,1,
2.023E+11,155 665 665,A01,1,7,1,0,3,2,1,
2.023E+11,155 665 670,B01,1,10,0,0,5,23,1,
2.023E+11,155 665 660,A01,1,7,0,1,1,1,1,
2.023E+11,155 665 657,A01,1,7,0,2,3,19,1,
2.023E+11,155 665 662,B01,1,33,0,2,1,19,1,
2.023E+11,155 665 655,A01,1,10,0,2,1,1,1,
2.023E+11,155 665 658,B01,1,7,0,2,4,1,2,
2.023E+11,155 665 654,A01,2,7,0,2,7,15,1,
2.023E+11,155 665 659,B01,1,2,0,2,1,1,1,
2.023E+11,155 665 652,A01,1,33,0,1,3,19,1,
2.023E+11,155 665 650,A01,2,7,2,6,6,14,1,
2.023E+11,155 665 649,B01,1,7,0,2,1,1,2,
2.023E+11,155 665 653,A01,1,7,0,2,2,1,1,
2.023E+11,155 665 646,A01,1,7,0,1,1,1,1,
2.023E+11,155 665 643,B01,1,37,0,2,0,1,1,1
2.023E+11,155 665 647,A01,2,50,0,2,1,9,3,
2.023E+11,155 665 641,A01,3,15,9,0,2,1,1,
2.023E+11,155 665 642,B01,3,32,0,2,0,1,1,
2.023E+11,155 665 640,A01,2,7,0,2,1,13,1,
2.023E+11,155 665 644,B01,1,15,0,2,1,1,1,
2.023E+11,155 665 637,A01,3,7,4,0,1,2,1,
2.023E+11,155 665 638,D01,2,10,0,2,6,1,1,
2.023E+11,155 665 645,C01,2,7,0,2,4,23,1,
2.023E+11,155 665 648,B01,2,10,0,2,4,23,1,
2.023E+11,155 665 651,A01,2,10,0,2,1,1,1,
2.023E+11,155 665 635,B01,2,7,0,2,4,1,1,
2.023E+11,155 665 639,A01,2,10,0,2,1,1,1,
2.023E+11,155 665 632,A01,0,7,1,2,4,2,1,
2.023E+11,155 665 636,B01,0,10,1,2,4,1,1,
2.023E+11,155 665 629,A01,3,30,0,2,1,13,1,
2.023E+11,155 665 630,B01,3,7,0,2,1,1,1,
2.023E+11,155 665 628,A01,2,7,0,2,0,11,1,
2.023E+11,155 665 631,B01,2,33,0,2,1,3,1,
2.023E+11,155 665 627,B01,3,7,0,2,1,1,1,
2.023E+11,155 665 634,A01,3,7,0,2,3,9,1,
2.023E+11,155 665 626,B01,1,2,0,2,1,1,1,
2.023E+11,155 665 633,A01,1,10,0,2,3,15,1,
2.023E+11,155 665 625,A01,2,7,0,1,3,0,0,
2.023E+11,155 665 622,A01,3,7,0,2,3,1,2,
2.023E+11,155 665 623,B01,3,99,0,2,3,1,1,
2.023E+11,155 665 621,A01,1,42,0,9,3,15,1,
2.023E+11,155 665 624,B01,2,1,0,2,8,1,5,
2.023E+11,155 665 616,A01,2,7,0,9,1,1,1,
2.023E+11,155 665 619,B01,1,1,0,2,1,5,5,
2.023E+11,155 665 614,B01,3,7,0,2,1,1,1,
2.023E+11,155 665 620,A01,2,99,0,2,9,1,1,
2.023E+11,155 665 612,B01,1,7,0,2,3,1,1,
2.023E+11,155 665 618,A01,2,7,0,2,3,15,1,
2.023E+11,155 665 610,A01,1,7,13,0,9,1,1,
2.023E+11,155 665 611,C01,1,7,0,2,4,1,1,
2.023E+11,155 665 615,B01,1,7,0,2,4,1,1,
2.023E+11,155 665 617,A01,1,7,0,2,1,1,1,
2.023E+11,155 665 609,Z01,1,10,0,2,0,10,1,
2.023E+11,155 665 613,B01,1,31,0,2,1,1,1,
2.023E+11,155 665 608,A01,1,7,6,0,2,15,1,
2.023E+11,155 665 605,A01,1,33,0,2,7,0,1,
2.023E+11,155 665 607,B01,1,7,0,2,0,0,2,
2.023E+11,155 665 604,B01,3,1,0,2,8,19,5,
2.023E+11,155 665 606,A01,1,7,0,2,1,1,1,
2.023E+11,155 665 602,A01,2,3,6,0,1,2,1,
2.023E+11,155 665 600,A01,0,7,0,2,2,9,1,
2.023E+11,155 665 601,B01,0,33,0,2,3,1,1,
2.023E+11,155 665 598,A01,2,7,0,2,4,1,3,
2.023E+11,155 665 603,B01,2,15,0,2,1,1,1,
2.023E+11,155 665 596,A01,1,10,0,2,2,2,1,
2.023E+11,155 665 599,B01,1,1,0,2,6,1,5,
2.023E+11,155 665 594,B01,3,2,0,2,1,1,1,
2.023E+11,155 665 597,A01,3,7,0,2,3,9,1,
2.023E+11,155 665 591,B01,2,10,0,2,6,1,1,
2.023E+11,155 665 592,A01,1,34,0,2,2,26,1,
2.023E+11,155 665 588,A01,2,7,0,9,2,1,1,
2.023E+11,155 665 595,B01,3,2,0,2,8,19,1,
2.023E+11,155 665 589,B01,1,15,0,2,1,2,1,
2.023E+11,155 665 593,A01,1,15,3,2,4,23,1,
2.023E+11,155 665 585,A01,2,7,2,0,1,1,1,
2.023E+11,155 665 584,A01,3,34,0,1,1,26,1,
2.023E+11,155 665 583,C01,1,10,0,2,6,0,1,
2.023E+11,155 665 587,Z01,1,7,0,2,0,0,0,
2.023E+11,155 665 590,B01,1,33,0,2,1,2,1,
2.023E+11,155 665 582,A01,3,10,0,2,2,12,0,
2.023E+11,155 665 586,B01,2,2,0,2,8,7,1,
2.023E+11,155 665 577,A01,3,7,0,1,0,1,1,
2.023E+11,155 665 576,B01,2,32,0,2,1,15,1,
2.023E+11,155 665 579,A01,1,7,0,2,3,13,1,
2.023E+11,155 665 574,A01,2,7,0,2,0,1,1,
2.023E+11,155 665 580,B01,2,7,13,0,6,1,0,
2.023E+11,155 665 572,A01,0,10,0,2,1,15,1,
2.023E+11,155 665 581,B01,0,31,0,2,1,1,1,
2.023E+11,155 665 570,C01,2,10,0,2,1,2,1,
2.023E+11,155 665 573,B01,2,7,0,2,6,2,1,
2.023E+11,155 665 578,A01,2,13,0,2,2,1,1,
2.023E+11,155 665 567,B01,3,2,0,2,7,26,1,
2.023E+11,155 665 571,A01,3,7,0,2,2,20,1,
2.023E+11,155 665 566,A01,3,21,0,0,0,1,0,
2.023E+11,155 665 568,B01,1,33,0,2,1,1,1,
2.023E+11,155 665 575,A01,1,7,0,2,3,19,1,
2.023E+11,155 665 565,A01,1,7,9,2,2,15,1,
2.023E+11,155 665 569,B01,1,2,9,2,1,2,1,
2.023E+11,155 665 564,A01,1,7,2,0,1,13,1,
2.023E+11,155 665 561,A01,1,32,0,5,9,1,1,
2.023E+11,155 665 556,B01,3,7,0,2,6,2,1,
2.023E+11,155 665 562,A01,3,7,0,2,2,2,1,
2.023E+11,155 665 560,A01,1,1,0,2,8,1,5,
2.023E+11,155 665 558,Z01,1,10,0,2,-1,1,-1,
2.023E+11,155 665 563,A01,1,7,4,2,3,1,1,
2.023E+11,155 665 555,A01,3,33,0,2,1,1,1,
2.023E+11,155 665 559,B01,3,1,0,2,4,23,5,
2.023E+11,155 665 551,A01,1,7,0,2,1,17,1,
2.023E+11,155 665 553,B01,2,7,0,0,9,21,1,
2.023E+11,155 665 557,C01,2,7,0,2,1,1,1,
2.023E+11,155 665 549,B01,1,50,1,0,1,1,3,
2.023E+11,155 665 552,A01,1,14,0,0,0,23,1,
2.023E+11,155 665 548,B01,2,7,0,2,2,1,1,
2.023E+11,155 665 554,A01,1,32,0,2,1,13,1,
2.023E+11,155 665 547,A01,2,7,4,2,1,1,1,
2.023E+11,155 665 542,A01,1,7,0,1,4,20,1,
2.023E+11,155 665 545,A01,1,7,0,2,1,19,1,
2.023E+11,155 665 546,B01,2,1,0,2,1,1,5,
2.023E+11,155 665 543,A01,0,7,13,0,3,1,0,
2.023E+11,155 665 550,B01,0,7,0,2,1,9,0,
2.023E+11,155 665 539,B01,1,33,0,2,1,17,1,
2.023E+11,155 665 544,A01,1,7,0,2,6,15,1,
2.023E+11,155 665 531,A01,2,7,0,2,1,1,1,
2.023E+11,155 665 535,B01,2,10,0,2,4,23,1,
2.023E+11,155 665 533,A01,1,17,13,2,1,1,1,
2.023E+11,155 665 537,B01,1,7,4,2,2,17,1,
2.023E+11,155 665 532,A01,1,7,8,0,2,14,1,
2.023E+11,155 665 534,B01,2,7,0,2,4,1,1,
2.023E+11,155 665 538,A01,2,15,0,2,1,2,1,
2.023E+11,155 665 540,C01,2,7,0,2,4,1,1,
2.023E+11,155 665 528,A01,1,7,0,1,1,1,2,
2.023E+11,155 665 530,A01,1,7,0,2,1,13,1,
2.023E+11,155 665 536,B01,2,7,0,2,1,1,3,
2.023E+11,155 665 527,A01,0,30,8,0,1,1,1,
2.023E+11,155 665 525,A01,2,10,0,2,1,17,1,
2.023E+11,155 665 529,B01,2,7,8,2,6,15,1,
2.023E+11,155 665 524,A01,1,7,15,0,1,1,1,
2.023E+11,155 665 523,A01,1,2,0,2,1,5,1,
2.023E+11,155 665 526,B01,2,7,0,2,2,21,1,
2.023E+11,155 665 521,A01,2,1,0,2,1,19,5,
2.023E+11,155 665 522,B01,3,31,1,2,1,1,1,
2.023E+11,155 665 520,A01,2,7,2,0,1,1,1,
2.023E+11,155 665 517,A01,1,34,0,0,0,0,1,
2.023E+11,155 665 514,A01,1,7,0,2,4,1,1,
2.023E+11,155 665 518,B01,1,7,0,2,1,1,1,
2.023E+11,155 665 515,A01,3,2,0,2,2,1,3,
2.023E+11,155 665 519,B01,3,1,0,2,1,1,5,
2.023E+11,155 665 513,A01,3,50,12,0,0,13,3,
2.023E+11,155 665 516,B01,3,80,12,0,8,0,3,
2.023E+11,155 665 509,A01,2,14,0,2,7,16,1,
2.023E+11,155 665 512,B01,3,80,0,2,8,1,3,
2.023E+11,155 665 508,A01,1,80,0,0,0,0,3,
2.023E+11,155 665 506,A01,2,7,0,1,2,1,1,
2.023E+11,155 665 505,A01,2,7,0,2,7,1,2,
2.023E+11,155 665 511,B01,1,7,0,2,1,1,1,
2.023E+11,155 665 504,B01,0,7,0,1,0,11,1,
2.023E+11,155 665 502,A01,2,7,0,2,1,1,1,
2.023E+11,155 665 503,B01,3,99,0,2,7,19,3,
2.023E+11,155 665 500,A01,2,7,0,1,0,9,1,
2.023E+11,155 665 499,A01,0,7,0,1,3,20,1,
2.023E+11,155 665 496,A01,3,7,0,1,2,2,2,
2.023E+11,155 665 497,A01,2,7,0,2,2,15,1,
2.023E+11,155 665 498,B01,1,33,0,2,1,1,1,
2.023E+11,155 665 494,A01,2,7,1,0,2,14,1,
2.023E+11,155 665 495,B01,2,7,0,1,4,24,1,
2.023E+11,155 665 487,A01,2,7,8,0,8,0,1,
2.023E+11,155 665 488,B01,3,2,0,2,1,9,1,
2.023E+11,155 665 492,A01,2,7,0,2,3,1,1,
2.023E+11,155 665 485,A01,1,13,0,2,2,1,4,
2.023E+11,155 665 489,B01,1,7,0,2,4,23,1,
2.023E+11,155 665 484,A01,1,33,0,2,1,13,1,
2.023E+11,155 665 490,B01,1,33,0,2,1,13,1,
2.023E+11,155 665 491,C01,2,7,0,2,2,1,1,
2.023E+11,155 665 483,B01,1,7,0,2,3,15,1,
2.023E+11,155 665 493,A01,1,7,0,2,2,1,1,
2.023E+11,155 665 482,A01,3,7,0,2,2,16,1,
2.023E+11,155 665 486,B01,1,31,0,2,3,2,1,
2.023E+11,155 665 478,A01,1,10,0,2,2,16,1,
2.023E+11,155 665 480,B01,1,33,0,2,1,1,1,
2.023E+11,155 665 477,A01,1,50,13,0,1,19,3,
2.023E+11,155 665 475,A01,2,32,0,2,7,15,1,
2.023E+11,155 665 479,B01,1,1,0,2,1,1,5,
2.023E+11,155 665 473,A01,1,7,0,2,1,1,1,
2.023E+11,155 665 481,B01,2,7,0,2,7,13,1,
2.023E+11,155 665 469,A01,1,7,13,0,3,13,1,
2.023E+11,155 665 472,B01,2,7,0,2,2,1,1,
2.023E+11,155 665 476,A01,2,7,0,2,0,1,1,
2.023E+11,155 665 466,A01,1,10,0,2,3,22,1,
2.023E+11,155 665 471,B01,1,80,0,2,2,1,3,
2.023E+11,155 665 468,B01,2,1,0,2,1,1,5,
2.023E+11,155 665 474,A01,1,7,0,2,3,1,1,
2.023E+11,155 665 464,B01,1,7,3,2,4,1,1,
2.023E+11,155 665 470,A01,1,7,3,2,1,2,1,
2.023E+11,155 665 463,A01,1,7,8,0,1,21,1,
2.023E+11,155 665 461,A01,1,7,0,1,2,15,1,
2.023E+11,155 665 460,A01,2,43,0,2,7,1,1,
2.023E+11,155 665 462,B01,2,1,0,2,7,11,5,
2.023E+11,155 665 457,A01,1,2,0,0,0,1,1,
2.023E+11,155 665 455,A01,1,1,0,2,1,3,0,
2.023E+11,155 665 459,B01,2,7,0,2,5,23,1,
2.023E+11,155 665 454,A01,2,7,0,1,1,1,0,
2.023E+11,155 665 453,A01,1,7,0,2,4,1,1,
2.023E+11,155 665 458,B01,1,7,0,2,1,1,0,
2.023E+11,155 665 451,B01,1,2,0,2,1,1,1,
2.023E+11,155 665 456,A01,3,7,0,2,3,15,1,
2.023E+11,155 665 450,A01,1,7,13,0,1,1,1,
2.023E+11,155 665 447,A01,2,7,0,2,3,22,0,
2.023E+11,155 665 449,B01,2,1,1,2,2,17,5,
2.023E+11,155 665 444,A01,1,33,0,0,7,16,1,
2.023E+11,155 665 443,A01,1,50,0,2,1,15,3,
2.023E+11,155 665 448,B01,1,33,0,2,1,1,1,
2.023E+11,155 665 442,A01,2,15,0,2,6,26,1,
2.023E+11,155 665 446,B01,2,15,1,0,5,21,1,
2.023E+11,155 665 440,A01,2,7,0,2,3,13,1,
2.023E+11,155 665 445,B01,1,7,0,2,3,1,1,
2.023E+11,155 665 452,C01,2,7,0,2,3,2,1,
2.023E+11,155 665 439,A01,2,1,0,2,8,2,5,
2.023E+11,155 665 441,B01,2,15,0,2,7,17,1,
2.023E+11,155 665 438,A01,3,7,0,1,1,15,1,
2.023E+11,155 665 436,A01,2,21,13,0,7,1,1,
2.023E+11,155 665 434,A01,1,7,14,0,1,1,1,
2.023E+11,155 665 430,A01,1,33,1,1,3,1,1,
2.023E+11,155 665 435,B01,1,33,0,0,6,24,1,
2.023E+11,155 665 431,A01,3,2,0,2,5,0,1,
2.023E+11,155 665 433,Z01,3,10,0,0,0,0,0,
2.023E+11,155 665 429,A01,3,7,0,1,7,1,1,
2.023E+11,155 665 432,A01,2,7,0,0,8,15,1,
2.023E+11,155 665 437,B01,2,7,0,2,2,17,1,
2.023E+11,155 665 426,A01,1,7,13,0,0,14,1,
2.023E+11,155 665 421,A01,3,30,0,2,7,19,1,
2.023E+11,155 665 425,B01,3,7,0,2,3,1,1,
2.023E+11,155 665 423,A01,2,7,0,2,1,2,1,
2.023E+11,155 665 428,B01,2,7,0,2,4,2,1,
2.023E+11,155 665 422,A01,3,7,0,2,2,11,1,
2.023E+11,155 665 427,B01,3,7,1,0,3,20,1,
2.023E+11,155 665 420,A01,2,2,2,0,0,26,1,
2.023E+11,155 665 419,B01,2,99,0,2,4,1,1,
2.023E+11,155 665 424,A01,2,32,0,2,1,17,1,
2.023E+11,155 665 418,A01,1,7,0,0,0,0,1,
2.023E+11,155 665 415,A01,3,7,0,2,3,13,0,
2.023E+11,155 665 417,B01,3,7,0,2,3,2,0,
2.023E+11,155 665 413,A01,1,7,8,0,2,1,1,
2.023E+11,155 665 410,A01,2,37,0,1,1,1,1,1
2.023E+11,155 665 409,A01,1,7,0,2,1,19,1,
2.023E+11,155 665 414,B01,2,2,0,2,2,9,1,
2.023E+11,155 665 407,B01,1,7,0,2,1,0,1,
2.023E+11,155 665 412,A01,1,7,0,2,7,5,1,
2.023E+11,155 665 404,A01,1,7,0,2,1,2,0,
2.023E+11,155 665 408,B01,1,7,0,2,4,2,0,
2.023E+11,155 665 411,C01,1,7,0,2,4,2,0,
2.023E+11,155 665 416,D01,1,7,0,2,4,2,0,
2.023E+11,155 665 403,B01,2,7,0,2,2,1,1,
2.023E+11,155 665 406,A01,1,33,0,2,1,5,1,
2.023E+11,155 665 405,A01,2,50,0,1,1,1,3,
2.023E+11,155 665 400,A01,2,7,0,2,1,15,1,
2.023E+11,155 665 402,B01,1,33,0,2,8,1,1,
2.023E+11,155 665 399,A01,-1,7,6,0,1,1,1,
2.023E+11,155 665 395,A01,1,7,0,2,3,20,1,
2.023E+11,155 665 401,B01,1,33,1,0,2,1,1,
2.023E+11,155 665 394,A01,0,7,0,2,1,1,1,
2.023E+11,155 665 396,B01,0,80,0,2,2,15,3,
2.023E+11,155 665 390,A01,1,7,0,2,3,13,1,
2.023E+11,155 665 393,B01,2,7,0,2,6,2,1,
2.023E+11,155 665 398,C01,2,7,0,2,3,1,1,
2.023E+11,155 665 387,A01,1,7,0,2,7,1,1,
2.023E+11,155 665 391,B01,1,1,0,2,8,1,5,
2.023E+11,155 665 389,A01,2,7,0,2,8,11,0,
2.023E+11,155 665 392,B01,2,31,0,2,2,3,1,
2.023E+11,155 665 397,C01,2,7,0,2,4,2,1,
2.023E+11,155 665 385,A01,0,7,9,0,1,1,1,
2.023E+11,155 665 384,Z01,1,7,0,2,1,2,1,
2.023E+11,155 665 388,A01,1,7,0,2,4,1,1,
2.023E+11,155 665 382,A01,2,7,0,9,1,9,1,
2.023E+11,155 665 383,B01,2,1,0,2,7,1,5,
2.023E+11,155 665 378,A01,2,7,13,0,1,13,1,
2.023E+11,155 665 379,A01,2,2,13,0,1,13,1,
2.023E+11,155 665 380,A01,1,30,0,2,1,1,1,
2.023E+11,155 665 386,B01,1,7,0,2,5,1,1,
2.023E+11,155 665 376,A01,1,33,14,0,6,1,1,
2.023E+11,155 665 377,A01,2,10,0,2,2,12,1,
2.023E+11,155 665 381,B01,2,33,0,2,8,3,1,
2.023E+11,155 665 372,A01,3,7,0,2,1,15,1,
2.023E+11,155 665 375,B01,2,33,0,2,8,1,1,
2.023E+11,155 665 371,A01,3,7,13,0,1,1,1,
2.023E+11,155 665 370,A01,2,33,12,0,1,14,1,
2.023E+11,155 665 374,A01,1,7,6,0,0,0,1,
2.023E+11,155 665 368,B01,2,7,0,2,2,0,2,
2.023E+11,155 665 373,A01,1,7,0,2,1,1,1,
2.023E+11,155 665 367,A01,3,33,0,2,8,17,0,
2.023E+11,155 665 366,A01,1,33,0,2,1,3,1,
2.023E+11,155 665 369,B01,1,7,0,2,4,12,1,
2.023E+11,155 665 365,A01,1,7,6,0,8,13,1,
2.023E+11,155 665 362,B01,3,7,0,2,1,19,1,
2.023E+11,155 665 364,A01,1,33,0,0,3,1,1,
2.023E+11,155 665 359,A01,2,10,0,2,3,10,1,
2.023E+11,155 665 363,B01,2,43,0,2,2,1,1,
2.023E+11,155 665 361,A01,1,7,0,1,7,1,1,
2.023E+11,155 665 357,B01,1,14,0,2,4,2,1,
2.023E+11,155 665 360,A01,1,7,0,2,1,2,1,
2.023E+11,155 665 356,B01,1,33,0,2,2,17,1,
2.023E+11,155 665 358,A01,1,7,0,0,3,15,1,
2.023E+11,155 665 351,A01,2,7,4,0,3,1,1,
2.023E+11,155 665 349,A01,2,1,12,0,1,21,5,
2.023E+11,155 665 350,A01,0,7,0,2,6,19,1,
2.023E+11,155 665 354,B01,2,7,0,2,1,1,1,
2.023E+11,155 665 346,A01,2,7,0,2,2,17,1,
2.023E+11,155 665 353,B01,1,33,0,2,1,1,1,
2.023E+11,155 665 355,C01,2,15,0,2,2,1,1,
2.023E+11,155 665 347,B01,1,7,0,2,3,15,1,
2.023E+11,155 665 352,Z01,1,7,0,2,1,17,1,
2.023E+11,155 665 342,B01,2,7,0,2,1,1,0,
2.023E+11,155 665 348,A01,1,7,0,2,3,19,0,
2.023E+11,155 665 338,A01,3,7,0,2,1,0,1,
2.023E+11,155 665 344,B01,1,33,0,2,1,0,1,
2.023E+11,155 665 337,A01,3,1,0,9,1,1,5,
2.023E+11,155 665 341,B01,3,1,0,9,8,15,5,
2.023E+11,155 665 340,A01,2,31,0,2,1,16,1,
2.023E+11,155 665 343,B01,1,15,0,2,3,1,1,
2.023E+11,155 665 339,A01,1,10,0,2,8,11,1,
2.023E+11,155 665 345,B01,1,32,0,2,7,3,1,
2.023E+11,155 665 335,A01,2,7,0,2,1,26,1,
2.023E+11,155 665 336,B01,1,14,0,2,1,26,1,
2.023E+11,155 665 334,A01,2,33,0,6,1,19,1,
2.023E+11,155 665 328,A01,3,7,0,0,3,1,0,
2.023E+11,155 665 330,B01,3,2,0,2,1,19,1,
2.023E+11,155 665 326,A01,1,33,0,2,0,13,1,
2.023E+11,155 665 329,B01,2,7,0,0,8,1,1,
2.023E+11,155 665 333,C01,2,10,0,0,2,1,1,
2.023E+11,155 665 324,A01,1,2,0,2,1,0,3,
2.023E+11,155 665 332,B01,2,7,0,9,8,15,0,
2.023E+11,155 665 320,A01,1,33,0,2,8,1,1,
2.023E+11,155 665 323,B01,2,7,0,9,1,1,1,
2.023E+11,155 665 322,A01,2,7,0,2,3,13,1,
2.023E+11,155 665 327,B01,1,32,0,2,7,1,1,
2.023E+11,155 665 331,C01,1,7,0,2,3,14,1,
2.023E+11,155 665 316,A01,1,10,0,2,1,19,1,
2.023E+11,155 665 318,B01,1,7,0,2,2,1,1,
2.023E+11,155 665 315,B01,2,33,0,2,3,1,1,
2.023E+11,155 665 319,A01,1,7,0,2,6,15,1,
2.023E+11,155 665 317,A01,2,13,0,2,8,22,6,
2.023E+11,155 665 321,B01,2,33,0,2,1,2,1,
2.023E+11,155 665 325,C01,2,7,0,2,7,23,2,
2.023E+11,155 665 314,A01,1,1,12,0,1,0,5,
2.023E+11,155 665 312,A01,3,33,0,1,1,1,1,
2.023E+11,155 665 310,A01,2,33,6,0,9,1,1,
2.023E+11,155 665 313,A01,2,7,8,0,1,13,1,
2.023E+11,155 665 308,B01,1,15,0,2,3,1,1,
2.023E+11,155 665 311,A01,2,7,0,2,3,13,2,
2.023E+11,155 665 305,A01,1,7,0,2,3,0,1,
2.023E+11,155 665 307,B01,2,10,0,2,3,0,1,
2.023E+11,155 665 306,B01,2,7,0,2,3,5,1,
2.023E+11,155 665 309,A01,1,17,12,2,3,1,1,
2.023E+11,155 665 304,A01,3,37,0,1,2,26,1,1
2.023E+11,155 665 303,A01,2,33,15,9,1,1,0,
2.023E+11,155 665 302,A01,1,80,0,0,0,2,3,
2.023E+11,155 665 300,A01,2,7,8,0,1,13,1,
2.023E+11,155 665 299,B01,2,10,0,2,3,1,1,
2.023E+11,155 665 301,A01,1,7,0,2,3,13,1,
2.023E+11,155 665 294,A01,1,7,0,2,1,17,1,
2.023E+11,155 665 296,B01,1,7,0,2,1,2,1,
2.023E+11,155 665 292,A01,2,2,12,0,1,1,1,
2.023E+11,155 665 293,A01,1,21,0,2,5,17,1,
2.023E+11,155 665 295,B01,1,1,0,2,3,1,5,
2.023E+11,155 665 290,B01,1,1,0,2,8,1,5,
2.023E+11,155 665 297,A01,2,7,0,2,2,15,1,
2.023E+11,155 665 287,A01,3,33,0,0,1,0,1,
2.023E+11,155 665 286,A01,1,7,0,2,1,2,1,
2.023E+11,155 665 289,B01,1,17,0,0,4,2,1,
2.023E+11,155 665 288,A01,2,50,0,0,0,1,3,
2.023E+11,155 665 285,B01,1,10,0,2,4,2,1,
2.023E+11,155 665 291,C01,3,7,0,2,4,1,1,
2.023E+11,155 665 298,A01,1,7,0,2,1,2,1,
2.023E+11,155 665 282,A01,1,7,6,0,7,0,1,
2.023E+11,155 665 280,B01,1,10,0,2,1,9,1,
2.023E+11,155 665 283,A01,2,33,0,2,1,0,1,
2.023E+11,155 665 276,A01,1,7,0,2,1,17,1,
2.023E+11,155 665 281,B01,1,17,0,2,6,1,1,
2.023E+11,155 665 278,A01,2,30,0,9,7,1,1,
2.023E+11,155 665 279,A01,3,1,0,0,7,1,5,
2.023E+11,155 665 275,A01,1,7,0,4,8,1,1,
2.023E+11,155 665 284,B01,1,40,0,2,1,1,3,
2.023E+11,155 665 274,A01,2,33,0,2,1,1,1,
2.023E+11,155 665 277,B01,3,7,0,2,2,19,1,
2.023E+11,155 665 273,A01,1,7,6,0,3,13,1,
2.023E+11,155 665 271,A01,2,7,3,0,3,1,1,
2.023E+11,155 665 267,B01,2,7,0,2,1,1,1,
2.023E+11,155 665 272,A01,1,7,0,2,1,1,1,
2.023E+11,155 665 270,A01,1,7,2,9,1,0,6,
2.023E+11,155 665 264,A01,2,7,0,2,3,13,1,
2.023E+11,155 665 266,B01,1,17,6,2,2,1,1,
2.023E+11,155 665 265,A01,0,7,0,2,1,16,1,
2.023E+11,155 665 269,B01,0,1,0,2,7,2,5,
2.023E+11,155 665 263,A01,2,7,13,0,2,1,1,
2.023E+11,155 665 268,A01,1,7,0,1,1,15,1,
2.023E+11,155 665 262,A01,2,50,0,1,1,1,3,
2.023E+11,155 665 259,A01,1,7,0,2,2,17,1,
2.023E+11,155 665 261,B01,1,7,0,2,6,1,1,
2.023E+11,155 665 258,A01,2,33,0,2,1,1,0,
2.023E+11,155 665 260,B01,2,21,0,2,6,15,0,
2.023E+11,155 665 254,A01,2,33,0,2,4,4,1,
2.023E+11,155 665 257,B01,2,33,0,2,1,1,1,
2.023E+11,155 665 255,A01,2,7,0,1,3,1,1,
2.023E+11,155 665 253,A01,1,33,1,0,6,1,1,
2.023E+11,155 665 256,B01,1,7,0,0,6,0,1,
2.023E+11,155 665 251,A01,1,7,0,1,1,1,1,
2.023E+11,155 665 249,A01,1,1,0,2,7,16,5,
2.023E+11,155 665 252,B01,1,7,0,2,1,16,0,
2.023E+11,155 665 250,A01,1,10,2,0,1,19,1,
2.023E+11,155 665 247,A01,1,50,0,2,4,2,3,
2.023E+11,155 665 245,A01,2,33,0,2,3,13,1,
2.023E+11,155 665 248,B01,2,7,0,2,2,1,1,
2.023E+11,155 665 244,A01,3,2,0,0,0,1,1,
2.023E+11,155 665 242,B01,1,7,0,2,1,1,0,
2.023E+11,155 665 246,A01,2,7,0,2,1,13,1,
2.023E+11,155 665 239,A01,0,50,12,0,0,15,3,
2.023E+11,155 665 240,A01,2,10,0,2,2,17,1,
2.023E+11,155 665 243,B01,2,7,0,2,3,15,1,
2.023E+11,155 665 237,A01,2,10,0,2,1,15,1,
2.023E+11,155 665 241,B01,1,7,0,2,2,23,1,
2.023E+11,155 665 235,A01,2,7,0,0,2,1,1,
2.023E+11,155 665 234,B01,1,7,0,2,2,16,1,
2.023E+11,155 665 238,A01,1,31,0,2,1,18,1,
2.023E+11,155 665 232,B01,2,7,0,2,1,1,1,
2.023E+11,155 665 236,A01,1,1,0,2,1,1,5,
2.023E+11,155 665 228,A01,1,7,0,2,2,15,1,
2.023E+11,155 665 231,B01,2,33,0,2,1,1,1,
2.023E+11,155 665 229,A01,3,10,16,0,1,1,1,
2.023E+11,155 665 230,A01,2,10,0,1,2,16,1,
2.023E+11,155 665 226,B01,3,1,0,0,3,1,5,
2.023E+11,155 665 233,A01,1,10,0,9,2,16,1,
2.023E+11,155 665 225,A01,3,7,0,9,2,0,1,
2.023E+11,155 665 227,B01,3,1,0,2,3,0,5,
2.023E+11,155 665 223,A01,1,15,3,0,2,14,1,