Num_Acc,id_vehicule,num_veh,senc,catv,obs,obsm,choc,manv,motor,occutc
2.023E+11,155 664 294,B01,2,7,0,2,8,1,1,
2.023E+11,155 664 291,A01,3,7,0,0,1,9,6,
2.023E+11,155 664 293,B01,3,50,0,2,0,15,3,
2.023E+11,155 664 288,B01,1,7,0,0,3,13,1,
2.023E+11,155 664 290,A01,2,7,0,0,3,1,1,
2.023E+11,155 664 287,A01,1,7,0,2,1,2,1,
2.023E+11,155 664 289,B01,1,7,0,2,4,23,1,
2.023E+11,155 664 285,A01,1,7,0,1,2,15,1,
2.023E+11,155 664 284,A01,2,33,7,0,2,1,1,
2.023E+11,155 664 286,A01,1,7,0,1,1,1,1,
2.023E+11,155 664 283,A01,1,7,4,0,3,13,1,
2.023E+11,155 664 281,A01,2,2,17,0,1,1,1,
2.023E+11,155 664 279,A01,2,7,4,2,2,1,1,
2.023E+11,155 664 278,A01,2,7,0,2,2,15,1,
2.023E+11,155 664 282,B01,1,1,0,2,1,1,5,
2.023E+11,155 664 277,B01,3,30,0,2,8,2,1,
2.023E+11,155 664 280,A01,0,30,0,9,0,1,1,
2.023E+11,155 664 276,A01,1,2,0,0,2,1,1,
2.023E+11,155 664 273,A01,1,7,0,2,4,1,1,
2.023E+11,155 664 275,Z01,1,0,0,2,0,0,0,
2.023E+11,155 664 271,A01,3,7,8,0,1,15,1,
2.023E+11,155 664 270,B01,2,17,0,2,4,1,1,
2.023E+11,155 664 274,A01,2,10,0,2,1,1,1,
2.023E+11,155 664 265,C01,3,7,0,2,3,23,1,
2.023E+11,155 664 268,A01,3,7,0,2,3,1,1,
2.023E+11,155 664 269,B01,3,7,0,2,6,23,1,
2.023E+11,155 664 272,D01,3,7,0,2,3,1,1,
2.023E+11,155 664 263,A01,1,7,0,1,2,9,1,
2.023E+11,155 664 262,A01,1,7,0,2,1,2,1,
2.023E+11,155 664 267,B01,1,7,0,2,4,2,1,
2.023E+11,155 664 261,A01,3,7,0,2,1,1,1,
2.023E+11,155 664 264,C01,3,7,0,2,7,1,1,
2.023E+11,155 664 266,B01,3,33,0,2,4,1,1,
2.023E+11,155 664 259,A01,2,1,0,2,3,13,5,
2.023E+11,155 664 260,B01,1,33,0,9,3,1,1,
2.023E+11,155 664 256,PA01,2,30,0,0,7,1,1,
2.023E+11,155 664 255,A01,1,43,0,2,1,3,1,
2.023E+11,155 664 258,B01,1,7,0,2,7,12,1,
2.023E+11,155 664 254,A01,2,33,4,0,3,17,1,
2.023E+11,155 664 253,A01,2,7,8,1,2,14,1,
2.023E+11,155 664 248,A01,2,7,7,2,2,1,2,
2.023E+11,155 664 252,B01,2,34,0,2,1,1,1,
2.023E+11,155 664 249,A01,3,7,0,1,1,1,0,
2.023E+11,155 664 247,A01,1,33,0,2,1,3,1,
2.023E+11,155 664 250,B01,1,10,0,2,4,12,1,
2.023E+11,155 664 251,C01,1,7,0,2,5,23,1,
2.023E+11,155 664 246,A01,0,7,0,0,6,0,1,
2.023E+11,155 664 243,A01,1,7,0,1,4,4,1,
2.023E+11,155 664 241,A01,3,7,0,2,2,15,1,
2.023E+11,155 664 245,B01,0,7,0,2,1,1,1,
2.023E+11,155 664 240,A01,1,7,0,2,5,12,1,
2.023E+11,155 664 244,B01,1,33,0,2,1,1,1,
2.023E+11,155 664 239,A01,1,50,0,2,3,19,3,
2.023E+11,155 664 242,B01,1,7,0,2,2,1,1,
2.023E+11,155 664 238,A01,1,7,8,0,1,1,1,
2.023E+11,155 664 233,A01,2,7,0,1,1,1,1,
2.023E+11,155 664 232,A01,2,14,0,2,8,11,1,
2.023E+11,155 664 234,B01,2,33,0,2,7,3,1,
2.023E+11,155 664 236,C01,2,7,0,2,2,1,1,
2.023E+11,155 664 230,A01,1,7,0,2,3,1,1,
2.023E+11,155 664 235,B01,2,7,0,2,8,6,1,
2.023E+11,155 664 237,C01,2,7,0,2,2,23,1,
2.023E+11,155 664 228,A01,1,7,0,1,1,0,1,
2.023E+11,155 664 229,B01,1,7,0,2,3,21,1,
2.023E+11,155 664 231,A01,1,43,0,2,4,2,1,
2.023E+11,155 664 225,A01,3,37,0,1,2,16,1,1
2.023E+11,155 664 226,Z01,1,7,0,2,1,15,1,
2.023E+11,155 664 227,A01,1,1,0,2,1,26,5,
2.023E+11,155 664 222,A01,2,7,0,2,1,1,1,
2.023E+11,155 664 223,B01,1,7,0,2,3,1,1,
2.023E+11,155 664 221,A01,2,33,12,0,1,1,1,
2.023E+11,155 664 220,B01,1,30,0,2,1,17,1,
2.023E+11,155 664 224,A01,1,7,0,2,8,16,1,
2.023E+11,155 664 219,A01,1,7,0,1,2,1,1,
2.023E+11,155 664 218,A01,2,1,0,0,1,1,5,
2.023E+11,155 664 213,B01,3,1,0,2,7,9,5,
2.023E+11,155 664 217,A01,2,7,0,2,3,16,1,
2.023E+11,155 664 211,B01,1,1,0,2,6,1,5,
2.023E+11,155 664 215,A01,1,1,0,2,2,1,5,
2.023E+11,155 664 210,Z01,3,7,0,2,1,2,0,
2.023E+11,155 664 214,B01,2,30,0,2,4,2,1,
2.023E+11,155 664 209,A01,0,7,0,1,1,1,3,
2.023E+11,155 664 207,A01,2,2,0,2,1,1,1,
2.023E+11,155 664 208,B01,1,7,0,2,3,9,1,
2.023E+11,155 664 205,A01,1,7,13,0,9,14,1,
2.023E+11,155 664 204,A01,3,7,16,0,0,0,1,
2.023E+11,155 664 206,B01,3,7,0,2,3,1,1,
2.023E+11,155 664 203,A01,1,7,0,1,3,1,1,
2.023E+11,155 664 200,B01,1,60,0,2,8,1,5,
2.023E+11,155 664 202,A01,1,7,0,2,1,15,1,
2.023E+11,155 664 199,A01,3,31,8,0,2,21,1,
2.023E+11,155 664 198,B01,2,33,0,2,1,1,1,
2.023E+11,155 664 201,A01,2,7,0,2,8,10,1,
2.023E+11,155 664 190,D01,3,7,0,2,4,2,1,
2.023E+11,155 664 193,C01,3,7,0,2,4,2,1,
2.023E+11,155 664 196,B01,3,7,0,2,4,2,1,
2.023E+11,155 664 197,A01,3,7,0,2,1,2,1,
2.023E+11,155 664 189,A01,1,33,0,2,7,23,1,
2.023E+11,155 664 192,C01,1,1,0,0,3,19,5,
2.023E+11,155 664 195,B01,1,33,0,2,8,21,1,
2.023E+11,155 664 187,A01,1,2,8,0,2,2,1,
2.023E+11,155 664 186,A01,2,7,13,2,1,6,1,
2.023E+11,155 664 185,A01,2,7,0,2,2,26,1,
2.023E+11,155 664 188,B01,2,7,0,2,6,0,1,
2.023E+11,155 664 182,B01,3,1,0,2,4,1,5,
2.023E+11,155 664 184,A01,3,7,0,2,2,1,1,
2.023E+11,155 664 180,A01,1,7,15,0,4,20,1,
2.023E+11,155 664 181,A01,0,7,0,2,2,1,1,
2.023E+11,155 664 183,B01,0,7,0,2,3,1,1,
2.023E+11,155 664 179,A01,3,7,17,0,1,14,1,
2.023E+11,155 664 178,A01,2,7,4,0,1,26,1,
2.023E+11,155 664 177,A01,1,7,0,1,1,1,1,
2.023E+11,155 664 176,A01,0,7,6,0,1,1,1,
2.023E+11,155 664 170,C01,1,7,0,2,4,23,1,
2.023E+11,155 664 173,B01,1,7,0,2,4,1,1,
2.023E+11,155 664 175,A01,1,7,0,2,1,2,0,
2.023E+11,155 664 171,B01,1,7,0,2,2,1,1,
2.023E+11,155 664 172,A01,1,2,0,2,8,9,1,
2.023E+11,155 664 169,B01,1,7,0,9,3,9,1,
2.023E+11,155 664 174,A01,2,1,0,2,0,0,5,
2.023E+11,155 664 168,A01,1,7,1,0,3,1,1,
2.023E+11,155 664 167,A01,1,33,0,6,1,1,1,
2.023E+11,155 664 161,A01,1,7,0,2,2,15,1,
2.023E+11,155 664 163,B01,2,33,0,2,3,1,1,
2.023E+11,155 664 159,B01,3,7,0,2,4,2,1,
2.023E+11,155 664 162,C01,3,7,0,2,4,2,1,
2.023E+11,155 664 164,A01,3,7,0,2,1,2,1,
2.023E+11,155 664 157,A01,2,31,1,2,1,23,1,
2.023E+11,155 664 156,E01,2,7,0,2,4,2,0,
2.023E+11,155 664 158,D01,2,7,0,2,4,2,1,
2.023E+11,155 664 160,B01,2,7,0,2,4,0,1,
2.023E+11,155 664 165,A01,2,7,0,2,2,11,1,
2.023E+11,155 664 166,F01,2,7,0,2,4,2,1,
2.023E+11,155 664 154,A01,2,7,0,2,8,19,1,
2.023E+11,155 664 155,B01,2,32,0,2,2,1,1,
2.023E+11,155 664 153,A01,3,2,0,0,0,1,1,
2.023E+11,155 664 152,A01,1,1,0,1,8,19,5,
2.023E+11,155 664 150,A01,2,7,0,2,1,15,1,
2.023E+11,155 664 151,B01,2,33,0,0,0,0,1,
2.023E+11,155 664 147,A01,1,33,0,1,0,13,1,
2.023E+11,155 664 145,A01,1,7,2,0,2,1,1,
2.023E+11,155 664 144,B01,2,2,0,2,4,1,1,
2.023E+11,155 664 146,C01,2,7,0,2,4,23,1,
2.023E+11,155 664 148,D01,2,7,0,2,1,23,1,
2.023E+11,155 664 149,A01,2,7,0,2,1,2,1,
2.023E+11,155 664 143,A01,3,50,12,0,0,0,3,
2.023E+11,155 664 141,A01,1,10,0,1,3,1,1,
2.023E+11,155 664 140,A01,3,50,0,2,1,17,3,
2.023E+11,155 664 142,B01,3,7,0,2,3,15,3,
2.023E+11,155 664 138,B01,2,50,0,2,4,2,3,
2.023E+11,155 664 139,A01,2,33,0,2,1,2,1,
2.023E+11,155 664 136,B01,1,7,1,0,4,24,1,
2.023E+11,155 664 137,A01,1,7,1,0,1,1,1,
2.023E+11,155 664 134,B01,3,7,0,2,3,15,1,
2.023E+11,155 664 135,A01,3,30,0,2,2,5,1,
2.023E+11,155 664 133,A01,1,7,0,1,3,14,1,
2.023E+11,155 664 131,A01,3,7,0,9,2,16,1,
2.023E+11,155 664 132,B01,3,1,0,2,1,15,5,
2.023E+11,155 664 130,B01,1,31,0,2,1,21,1,
2.023E+11,155 664 128,A01,2,15,6,0,6,23,1,
2.023E+11,155 664 129,B01,2,7,0,2,5,17,1,
2.023E+11,155 664 125,B01,3,33,0,2,3,1,1,
2.023E+11,155 664 126,A01,1,32,0,2,1,26,1,
2.023E+11,155 664 122,A01,1,33,0,2,2,1,1,
2.023E+11,155 664 123,B01,2,7,0,2,3,19,1,
2.023E+11,155 664 119,A01,1,7,8,0,4,1,1,
2.023E+11,155 664 120,B01,1,15,0,2,1,1,1,
2.023E+11,155 664 121,C01,1,7,0,2,3,26,1,
2.023E+11,155 664 117,A01,1,32,0,2,1,26,1,
2.023E+11,155 664 118,B01,2,7,0,2,3,26,1,
2.023E+11,155 664 115,A01,2,33,0,2,3,17,1,
2.023E+11,155 664 116,B01,2,32,0,2,8,15,1,
2.023E+11,155 664 113,B01,1,7,0,2,3,1,1,
2.023E+11,155 664 114,A01,2,7,0,2,3,13,1,
2.023E+11,155 664 111,B01,3,33,0,2,0,0,0,
2.023E+11,155 664 112,A01,3,7,0,2,0,9,0,
2.023E+11,155 664 109,B01,2,33,0,2,1,1,1,
2.023E+11,155 664 110,A01,1,7,0,2,1,15,1,
2.023E+11,155 664 107,A01,1,33,0,2,7,3,1,
2.023E+11,155 664 108,B01,1,7,0,2,3,11,1,
2.023E+11,155 664 104,C01,2,7,0,2,1,1,1,
2.023E+11,155 664 105,A01,2,33,0,2,9,12,1,
2.023E+11,155 664 106,B01,2,33,0,2,4,3,1,
2.023E+11,155 664 102,A01,1,33,3,2,3,18,1,
2.023E+11,155 664 103,B01,1,7,0,2,2,16,2,
2.023E+11,155 664 101,A01,2,80,0,1,1,1,3,
2.023E+11,155 664 100,A01,2,7,0,1,2,1,1,
2.023E+11,155 664 099,A01,1,7,1,0,9,14,1,
2.023E+11,155 664 097,A01,1,1,16,2,1,25,5,
2.023E+11,155 664 098,B01,1,7,0,2,7,16,1,
2.023E+11,155 664 095,A01,3,32,0,2,1,17,1,
2.023E+11,155 664 096,B01,3,30,0,2,1,1,3,
2.023E+11,155 664 093,A01,2,31,0,2,3,2,1,
2.023E+11,155 664 094,B01,1,1,0,2,2,19,5,
2.023E+11,155 664 092,A01,2,7,1,0,3,1,1,
2.023E+11,155 664 090,B01,3,50,0,2,1,1,3,
2.023E+11,155 664 091,A01,3,14,0,2,7,16,1,
2.023E+11,155 664 088,A01,3,7,0,2,0,13,1,
2.023E+11,155 664 089,B01,3,33,0,2,1,1,1,
2.023E+11,155 664 086,A01,1,80,0,2,1,15,3,
2.023E+11,155 664 087,B01,2,80,0,2,1,1,3,
2.023E+11,155 664 084,A01,1,2,0,1,1,1,3,
2.023E+11,155 664 085,B01,2,7,0,0,3,1,1,
2.023E+11,155 664 082,B01,2,34,0,2,8,1,1,
2.023E+11,155 664 083,A01,2,10,0,2,7,9,1,
2.023E+11,155 664 081,A01,1,7,0,1,1,16,1,
2.023E+11,155 664 080,A01,2,7,0,1,8,1,1,
2.023E+11,155 664 078,B01,2,50,0,2,8,11,3,
2.023E+11,155 664 079,A01,2,10,0,2,1,1,1,
2.023E+11,155 664 077,A01,1,30,0,1,1,1,1,
2.023E+11,155 664 075,Y01,3,1,0,2,8,19,5,
2.023E+11,155 664 076,A01,2,34,14,2,1,1,1,
2.023E+11,155 664 073,A01,3,7,0,2,1,9,1,
2.023E+11,155 664 074,B01,1,2,0,2,7,1,1,
2.023E+11,155 664 071,A01,1,7,1,2,2,14,1,
2.023E+11,155 664 072,B01,1,50,1,2,1,0,3,
2.023E+11,155 664 070,A01,1,7,0,1,1,0,1,
2.023E+11,155 664 068,B01,3,1,0,2,8,19,5,
2.023E+11,155 664 069,A01,1,7,0,2,8,1,3,
2.023E+11,155 664 066,A01,0,7,0,2,1,1,0,
2.023E+11,155 664 067,B01,0,34,0,2,3,21,0,
2.023E+11,155 664 064,B01,0,7,0,2,3,0,1,
2.023E+11,155 664 065,A01,3,34,0,2,7,5,1,
2.023E+11,155 664 062,A01,1,3,1,9,3,2,1,
2.023E+11,155 664 063,B01,1,99,1,2,1,2,0,
2.023E+11,155 664 060,A01,2,7,0,2,1,10,1,
2.023E+11,155 664 061,B01,1,34,0,2,9,1,1,
2.023E+11,155 664 059,A01,1,3,0,1,2,1,1,
2.023E+11,155 664 057,A01,1,32,0,2,2,17,1,
2.023E+11,155 664 058,B01,1,7,0,2,6,1,1,
2.023E+11,155 664 056,A01,0,1,15,0,0,26,5,
2.023E+11,155 664 054,B01,2,10,0,0,0,0,1,
2.023E+11,155 664 055,A01,2,30,0,2,0,0,1,
2.023E+11,155 664 052,B01,1,10,0,0,6,15,1,
2.023E+11,155 664 053,A01,1,34,0,2,1,17,1,
2.023E+11,155 664 051,A01,2,10,0,1,1,1,1,
2.023E+11,155 664 050,A01,3,1,0,0,0,25,5,
2.023E+11,155 664 049,A01,2,34,0,0,1,21,1,
2.023E+11,155 664 047,A01,1,7,0,2,1,2,1,
2.023E+11,155 664 048,B01,1,7,0,2,4,2,2,
2.023E+11,155 664 045,A01,3,7,0,2,1,2,1,
2.023E+11,155 664 046,B01,3,30,0,2,4,2,1,
2.023E+11,155 664 043,B01,3,33,0,2,1,13,1,
2.023E+11,155 664 044,A01,3,7,0,2,3,1,1,
2.023E+11,155 664 041,B01,1,50,0,2,2,2,3,
2.023E+11,155 664 042,A01,2,7,14,2,1,26,1,
2.023E+11,155 664 039,B01,3,33,0,2,8,1,1,
2.023E+11,155 664 040,A01,3,7,0,2,2,26,1,
2.023E+11,155 664 035,B01,1,7,0,2,4,2,1,
2.023E+11,155 664 036,C01,1,7,0,2,4,2,1,
2.023E+11,155 664 037,D01,1,7,0,2,4,2,1,
2.023E+11,155 664 038,A01,1,7,0,2,1,2,1,
2.023E+11,155 664 034,A01,1,7,2,0,3,1,1,
2.023E+11,155 664 032,A01,2,7,0,2,1,5,1,
2.023E+11,155 664 033,B01,1,10,0,2,1,17,1,
2.023E+11,155 664 031,A01,1,7,1,0,1,14,1,
2.023E+11,155 664 029,B01,1,7,0,2,1,1,1,
2.023E+11,155 664 030,A01,3,2,0,2,7,19,1,
2.023E+11,155 664 027,A01,0,7,0,2,1,5,1,
2.023E+11,155 664 028,B01,0,7,0,0,2,1,1,
2.023E+11,155 664 024,A01,1,7,0,2,1,5,1,
2.023E+11,155 664 025,B01,2,7,0,2,1,1,1,
2.023E+11,155 664 026,C01,1,7,0,2,1,1,1,
2.023E+11,155 664 023,A01,2,7,0,1,8,2,0,
2.023E+11,155 664 022,A01,1,17,4,0,9,1,1,
2.023E+11,155 664 020,A01,3,7,0,2,7,14,0,
2.023E+11,155 664 021,B01,3,1,0,2,3,21,5,
2.023E+11,155 664 017,C01,2,14,0,2,6,15,1,
2.023E+11,155 664 018,A01,2,7,0,2,3,21,1,
2.023E+11,155 664 019,B01,1,7,0,2,3,1,1,
2.023E+11,155 664 016,A01,1,7,0,0,0,1,1,
2.023E+11,155 664 015,A01,3,7,0,1,2,1,1,
2.023E+11,155 664 014,A01,1,10,2,0,8,1,1,
2.023E+11,155 664 013,A01,2,32,12,0,2,1,1,
2.023E+11,155 664 012,A01,3,2,0,0,3,1,1,
2.023E+11,155 664 010,A01,2,7,0,2,1,13,1,
2.023E+11,155 664 011,B01,1,15,0,2,3,1,1,
2.023E+11,155 664 008,A01,2,7,0,2,2,9,1,
2.023E+11,155 664 009,B01,2,2,0,2,4,1,1,
2.023E+11,155 664 007,A01,1,10,0,1,2,1,1,
2.023E+11,155 664 005,A01,1,7,0,2,3,13,1,
2.023E+11,155 664 006,B01,2,7,0,2,3,1,1,
2.023E+11,155 664 003,A01,1,7,0,2,7,5,1,
2.023E+11,155 664 004,B01,2,7,0,2,7,1,1,
2.023E+11,155 664 001,A01,1,10,0,2,2,21,1,
2.023E+11,155 664 002,B01,2,7,0,2,2,1,1,
2.023E+11,155 663 999,A01,2,10,0,2,1,1,1,
2.023E+11,155 664 000,B01,2,17,0,0,4,1,1,
2.023E+11,155 663 997,A01,2,7,0,2,3,13,1,
2.023E+11,155 663 998,B01,1,7,0,2,2,0,1,
2.023E+11,155 663 994,A01,3,7,0,2,1,1,1,
2.023E+11,155 663 995,B01,2,7,12,2,7,0,1,
2.023E+11,155 663 992,A01,1,31,0,2,1,2,1,
2.023E+11,155 663 993,B01,1,10,0,0,4,2,1,
2.023E+11,155 663 990,B01,1,17,0,0,4,2,1,
2.023E+11,155 663 991,A01,1,7,0,2,1,2,1,
2.023E+11,155 663 988,A01,2,38,0,2,3,1,1,1
2.023E+11,155 663 989,B01,1,32,0,2,3,3,1,
2.023E+11,155 663 986,A01,2,17,0,2,2,1,1,
2.023E+11,155 663 987,B01,2,7,4,2,8,21,1,
2.023E+11,155 663 983,B01,0,2,0,2,8,19,1,
2.023E+11,155 663 984,A01,2,7,0,2,2,1,1,
2.023E+11,155 663 981,A01,1,7,0,2,2,1,1,
2.023E+11,155 663 982,B01,1,2,0,2,0,10,0,
2.023E+11,155 663 978,A01,1,7,0,9,2,1,3,
2.023E+11,155 663 979,B01,1,1,0,9,4,1,5,
2.023E+11,155 663 980,C01,1,1,0,0,4,1,5,
2.023E+11,155 663 976,A01,2,7,0,2,4,16,1,
2.023E+11,155 663 977,B01,2,7,0,2,1,1,1,
2.023E+11,155 663 975,A01,3,7,1,0,1,1,1,
2.023E+11,155 663 974,A01,1,33,2,0,1,2,1,
2.023E+11,155 663 971,B01,0,7,0,0,4,2,1,
2.023E+11,155 663 972,A01,3,7,0,0,4,2,1,
2.023E+11,155 663 973,C01,0,7,0,2,1,2,1,
2.023E+11,155 663 969,B01,1,7,0,2,8,2,1,
2.023E+11,155 663 970,A01,1,80,0,2,1,1,3,
2.023E+11,155 663 967,A01,2,7,0,2,3,9,1,
2.023E+11,155 663 968,B01,2,1,0,2,1,26,5,
2.023E+11,155 663 966,A01,2,7,0,1,1,1,1,
2.023E+11,155 663 965,A01,2,7,14,0,1,1,1,
2.023E+11,155 663 963,A01,1,7,0,2,3,15,1,
2.023E+11,155 663 964,B01,1,31,0,2,1,13,1,
2.023E+11,155 663 961,A01,2,7,0,2,1,1,0,
2.023E+11,155 663 962,B01,2,17,0,0,5,1,0,
2.023E+11,155 663 960,A01,1,43,14,0,1,17,1,
2.023E+11,155 663 957,B01,0,33,0,2,4,2,1,
2.023E+11,155 663 958,C01,0,7,0,2,1,2,1,
2.023E+11,155 663 959,A01,0,7,0,2,1,2,1,
2.023E+11,155 663 954,A01,1,17,0,2,2,12,1,
2.023E+11,155 663 955,B01,1,7,0,2,3,1,1,
2.023E+11,155 663 956,C01,1,34,0,2,1,1,1,
2.023E+11,155 663 952,A01,2,7,0,2,8,13,1,
2.023E+11,155 663 953,B01,2,33,4,2,2,3,1,
2.023E+11,155 663 951,A01,1,7,0,2,3,21,1,
2.023E+11,155 663 949,A01,2,33,0,2,1,3,1,
2.023E+11,155 663 950,B01,2,10,0,2,6,11,1,
2.023E+11,155 663 947,A01,1,7,0,2,1,13,1,
2.023E+11,155 663 948,B01,1,7,0,2,4,1,1,
2.023E+11,155 663 946,A01,1,7,3,0,0,0,1,
2.023E+11,155 663 945,A01,1,7,13,0,7,1,1,
2.023E+11,155 663 944,A01,1,7,8,0,1,1,1,
2.023E+11,155 663 943,A01,1,7,0,1,1,1,1,
2.023E+11,155 663 942,A01,1,7,0,1,1,19,1,
2.023E+11,155 663 940,A01,1,7,15,2,1,1,1,
2.023E+11,155 663 941,B01,1,7,0,2,3,1,1,
2.023E+11,155 663 938,A01,1,7,0,2,3,11,1,
2.023E+11,155 663 939,Z01,1,7,0,2,3,0,1,
2.023E+11,155 663 936,A01,2,50,0,2,1,15,3,
2.023E+11,155 663 937,B01,2,7,0,9,2,1,1,
2.023E+11,155 663 933,B01,1,7,0,2,3,19,1,
2.023E+11,155 663 934,A01,1,7,0,2,0,26,1,
2.023E+11,155 663 935,C01,1,7,1,2,4,23,1,
2.023E+11,155 663 932,Z01,0,0,0,1,0,0,-1,
2.023E+11,155 663 929,A01,1,7,0,2,1,23,1,
2.023E+11,155 663 930,B01,1,10,0,2,1,2,1,
2.023E+11,155 663 931,C01,1,10,0,2,4,2,1,
2.023E+11,155 663 928,A01,2,7,0,1,5,26,1,
2.023E+11,155 663 926,B01,2,37,0,2,2,1,3,8
2.023E+11,155 663 927,A01,1,7,0,2,3,19,1,
2.023E+11,155 663 924,A01,1,43,0,2,1,1,1,
2.023E+11,155 663 925,B01,1,7,0,2,5,9,1,
2.023E+11,155 663 922,A01,0,10,0,2,8,13,1,
2.023E+11,155 663 923,B01,3,7,0,2,6,0,1,
2.023E+11,155 663 920,A01,1,10,1,2,4,20,6,
2.023E+11,155 663 921,B01,1,10,0,2,1,2,6,
2.023E+11,155 663 919,A01,2,10,0,1,2,1,6,
2.023E+11,155 663 918,A01,2,7,0,1,1,1,1,
2.023E+11,155 663 917,A01,1,50,0,0,0,1,3,
2.023E+11,155 663 915,A01,3,7,0,2,8,9,2,
2.023E+11,155 663 916,B01,3,32,0,2,1,26,1,
2.023E+11,155 663 912,A01,1,7,0,2,3,1,1,
2.023E+11,155 663 913,B01,1,7,0,2,5,15,1,
2.023E+11,155 663 910,A01,1,7,0,2,2,2,1,
2.023E+11,155 663 911,B01,1,33,0,2,5,16,1,
2.023E+11,155 663 908,B01,2,33,0,2,7,16,1,
2.023E+11,155 663 909,A01,2,2,0,2,8,18,1,
2.023E+11,155 663 906,A01,0,10,0,2,3,13,1,
2.023E+11,155 663 907,B01,0,15,0,2,8,1,1,
2.023E+11,155 663 904,A01,2,7,0,2,3,9,1,
2.023E+11,155 663 905,B01,2,1,0,2,7,26,5,
2.023E+11,155 663 902,A01,1,7,0,2,3,9,1,
2.023E+11,155 663 903,B01,1,50,0,2,2,0,3,
2.023E+11,155 663 901,A01,3,7,13,0,9,1,1,
2.023E+11,155 663 900,A01,1,7,0,2,2,1,1,
2.023E+11,155 663 898,B01,2,34,0,2,1,1,1,
2.023E+11,155 663 899,A01,1,7,0,2,3,15,1,
2.023E+11,155 663 897,A01,1,7,0,1,1,1,1,
2.023E+11,155 663 895,B01,2,33,0,2,0,0,1,
2.023E+11,155 663 896,A01,3,10,0,2,2,19,1,
2.023E+11,155 663 893,B01,2,80,0,2,5,1,3,
2.023E+11,155 663 894,Z01,2,7,0,9,5,16,0,
2.023E+11,155 663 891,B01,3,1,0,2,2,1,5,
2.023E+11,155 663 892,A01,3,7,0,2,3,9,2,
2.023E+11,155 663 889,A01,1,10,0,2,1,9,1,
2.023E+11,155 663 890,B01,3,32,0,2,7,1,1,
2.023E+11,155 663 886,A01,3,37,0,2,3,19,1,3
2.023E+11,155 663 887,B01,1,7,0,2,1,1,1,
2.023E+11,155 663 884,A01,1,7,0,2,1,15,1,
2.023E+11,155 663 885,B01,1,33,0,2,1,1,1,
2.023E+11,155 663 882,A01,1,10,0,2,1,1,3,
2.023E+11,155 663 883,B01,2,30,0,2,1,1,0,
2.023E+11,155 663 881,A01,1,7,0,1,3,9,1,
2.023E+11,155 663 880,A01,2,7,9,0,1,1,1,
2.023E+11,155 663 878,A01,2,7,0,2,3,9,1,
2.023E+11,155 663 879,B01,1,1,0,2,1,1,5,
2.023E+11,155 663 876,B01,3,7,0,2,4,2,1,
2.023E+11,155 663 877,A01,3,7,0,2,1,2,0,
2.023E+11,155 663 874,B01,1,7,0,2,4,1,1,
2.023E+11,155 663 875,A01,1,3,0,2,1,2,1,
2.023E+11,155 663 873,A01,1,7,1,0,2,1,1,
2.023E+11,155 663 872,A01,1,1,0,1,1,19,5,
2.023E+11,155 663 870,A01,3,7,0,2,1,1,1,
2.023E+11,155 663 871,B01,3,33,0,2,3,1,1,
2.023E+11,155 663 868,A01,2,33,0,2,8,18,1,
2.023E+11,155 663 869,B01,2,1,0,2,7,2,5,
2.023E+11,155 663 866,A01,0,7,0,2,1,1,1,
2.023E+11,155 663 867,B01,0,1,0,2,1,0,5,
2.023E+11,155 663 865,A01,1,7,13,0,1,26,1,
2.023E+11,155 663 863,B01,1,33,0,2,1,1,1,
2.023E+11,155 663 864,A01,2,7,0,2,3,15,1,
2.023E+11,155 663 862,A01,1,7,2,0,9,1,1,
2.023E+11,155 663 860,B01,1,7,0,2,4,0,1,
2.023E+11,155 663 861,A01,1,10,0,2,1,2,1,
2.023E+11,155 663 858,A01,2,30,0,2,1,17,1,
2.023E+11,155 663 859,B01,2,7,0,2,3,15,1,
2.023E+11,155 663 857,A01,2,7,2,0,1,2,1,
2.023E+11,155 663 855,A01,1,13,0,2,3,15,1,
2.023E+11,155 663 856,B01,1,2,0,2,2,17,3,
2.023E+11,155 663 852,C01,2,7,0,2,4,2,1,
2.023E+11,155 663 853,A01,2,10,0,2,2,2,1,
2.023E+11,155 663 854,B01,2,7,0,2,4,2,1,
2.023E+11,155 663 851,A01,3,2,0,0,7,1,1,
2.023E+11,155 663 850,A01,1,7,2,0,1,13,1,
2.023E+11,155 663 848,A01,1,30,0,2,5,1,1,
2.023E+11,155 663 849,Z01,1,7,0,2,5,17,0,
2.023E+11,155 663 846,B01,0,2,0,2,7,1,1,
2.023E+11,155 663 847,A01,2,14,0,2,3,9,0,
2.023E+11,155 663 845,A01,1,10,0,1,1,2,1,
2.023E+11,155 663 843,A01,2,3,0,2,7,16,1,
2.023E+11,155 663 844,B01,1,37,0,2,1,1,1,1
2.023E+11,155 663 841,A01,3,7,0,2,1,1,0,
2.023E+11,155 663 842,B01,3,7,0,2,8,19,0,
2.023E+11,155 663 840,A01,3,2,0,0,6,1,1,
2.023E+11,155 663 838,A01,1,7,0,2,2,15,1,
2.023E+11,155 663 839,B01,2,30,0,2,1,1,1,
2.023E+11,155 663 837,A01,1,7,0,1,2,1,1,
2.023E+11,155 663 835,A01,1,31,0,2,8,3,1,
2.023E+11,155 663 836,Z01,0,7,0,2,7,12,0,