Num_Acc,id_vehicule,num_veh,senc,catv,obs,obsm,choc,manv,motor,occutc
2.023E+11,155 663 367,A01,1,7,15,0,2,1,1,
2.023E+11,155 663 365,B01,1,2,0,2,1,1,1,
2.023E+11,155 663 366,A01,1,80,0,2,6,15,3,
2.023E+11,155 663 361,A01,1,7,0,2,1,2,1,
2.023E+11,155 663 363,B01,1,7,0,2,5,1,1,
2.023E+11,155 663 362,B01,1,15,13,2,1,5,1,
2.023E+11,155 663 364,A01,2,7,0,2,1,1,1,
2.023E+11,155 663 358,B01,1,1,0,2,1,1,5,
2.023E+11,155 663 360,A01,2,2,0,9,1,1,1,
2.023E+11,155 663 357,A01,2,7,0,0,6,11,1,
2.023E+11,155 663 359,B01,2,2,0,2,2,17,1,
2.023E+11,155 663 355,B01,2,30,0,2,3,1,1,
2.023E+11,155 663 356,A01,1,7,0,2,3,15,1,
2.023E+11,155 663 353,A01,1,7,0,1,1,1,1,
2.023E+11,155 663 352,A01,2,7,0,2,3,13,1,
2.023E+11,155 663 354,B01,1,7,0,2,3,1,1,
2.023E+11,155 663 350,B01,3,10,0,2,2,15,1,
2.023E+11,155 663 351,A01,3,32,0,2,1,1,1,
2.023E+11,155 663 347,A01,1,7,0,2,1,2,1,
2.023E+11,155 663 348,B01,1,17,0,2,4,1,1,
2.023E+11,155 663 344,A01,2,30,0,2,3,17,3,
2.023E+11,155 663 346,B01,2,7,0,2,3,15,1,
2.023E+11,155 663 343,B01,2,33,0,2,1,1,1,
2.023E+11,155 663 345,A01,1,7,0,2,2,15,1,
2.023E+11,155 663 340,A01,1,7,0,2,1,1,1,
2.023E+11,155 663 341,B01,1,7,0,2,5,1,1,
2.023E+11,155 663 342,C01,1,10,0,2,4,1,1,
2.023E+11,155 663 336,A01,2,7,2,0,1,1,1,
2.023E+11,155 663 335,A01,1,7,0,2,1,1,1,
2.023E+11,155 663 337,C01,1,7,0,2,6,0,1,
2.023E+11,155 663 338,B01,1,7,0,2,5,6,1,
2.023E+11,155 663 333,A01,3,10,0,1,2,16,1,
2.023E+11,155 663 332,A01,1,7,0,9,1,1,1,
2.023E+11,155 663 334,B01,1,1,0,2,3,15,5,
2.023E+11,155 663 330,A01,1,7,0,2,1,1,1,
2.023E+11,155 663 331,B01,2,7,0,2,1,23,1,
2.023E+11,155 663 326,A01,2,7,0,2,2,5,1,
2.023E+11,155 663 328,B01,1,7,0,2,2,1,1,
2.023E+11,155 663 329,C01,2,7,0,2,1,1,1,
2.023E+11,155 663 325,B01,2,1,0,2,1,1,5,
2.023E+11,155 663 327,A01,1,7,0,2,2,15,1,
2.023E+11,155 663 323,A01,3,10,0,1,4,4,3,
2.023E+11,155 663 322,A01,2,7,0,2,1,15,1,
2.023E+11,155 663 324,B01,1,7,0,2,1,1,1,
2.023E+11,155 663 321,A01,2,3,0,1,1,16,3,
2.023E+11,155 663 320,A01,2,7,2,0,1,15,1,
2.023E+11,155 663 318,A01,3,33,0,2,7,1,1,
2.023E+11,155 663 319,B01,0,7,0,2,1,9,1,
2.023E+11,155 663 316,A01,3,7,14,0,1,1,1,
2.023E+11,155 663 317,A01,1,2,9,0,7,1,1,
2.023E+11,155 663 311,A01,3,7,0,2,1,13,1,
2.023E+11,155 663 313,B01,3,7,0,2,3,21,1,
2.023E+11,155 663 315,C01,3,7,0,2,1,1,1,
2.023E+11,155 663 312,B01,2,2,0,2,4,15,1,
2.023E+11,155 663 314,A01,1,7,0,2,3,9,1,
2.023E+11,155 663 310,A01,1,7,2,0,1,14,1,
2.023E+11,155 663 308,A01,2,7,0,1,3,15,1,
2.023E+11,155 663 307,A01,1,2,0,2,1,17,1,
2.023E+11,155 663 309,B01,1,7,0,9,8,15,1,
2.023E+11,155 663 304,A01,1,10,0,1,2,1,1,
2.023E+11,155 663 302,A01,1,43,13,0,1,0,1,
2.023E+11,155 663 301,Z01,0,7,0,1,1,26,1,
2.023E+11,155 663 299,A01,1,2,0,0,9,15,1,
2.023E+11,155 663 300,B01,1,7,0,2,2,17,1,
2.023E+11,155 663 297,A01,3,7,0,2,3,13,1,
2.023E+11,155 663 298,B01,3,7,0,2,3,1,1,
2.023E+11,155 663 295,A01,2,7,0,2,1,0,1,
2.023E+11,155 663 296,B01,1,7,0,2,1,1,1,
2.023E+11,155 663 293,B01,2,33,0,2,1,1,1,
2.023E+11,155 663 294,A01,2,10,0,2,2,1,1,
2.023E+11,155 663 289,B01,1,7,0,2,3,1,1,
2.023E+11,155 663 291,A01,1,2,0,2,1,1,1,
2.023E+11,155 663 288,B01,2,7,0,2,3,1,1,
2.023E+11,155 663 290,C01,2,7,0,2,2,2,1,
2.023E+11,155 663 292,A01,1,7,0,2,3,13,1,
2.023E+11,155 663 286,A01,1,10,0,2,4,23,1,
2.023E+11,155 663 287,B01,1,1,0,2,0,0,5,
2.023E+11,155 663 284,A01,1,7,0,0,6,1,1,
2.023E+11,155 663 285,B01,1,2,0,2,1,1,1,
2.023E+11,155 663 280,A01,1,7,0,2,1,13,1,
2.023E+11,155 663 282,B01,2,10,0,2,1,1,1,
2.023E+11,155 663 278,B01,1,7,0,2,3,23,1,
2.023E+11,155 663 279,C01,2,7,0,2,3,1,1,
2.023E+11,155 663 281,A01,2,7,0,2,3,15,1,
2.023E+11,155 663 276,A01,3,10,0,0,0,0,0,
2.023E+11,155 663 277,A01,3,2,8,0,1,14,1,
2.023E+11,155 663 273,A01,1,7,0,2,3,13,1,
2.023E+11,155 663 274,B01,2,7,0,2,3,1,1,
2.023E+11,155 663 275,C01,2,7,0,2,3,1,1,
2.023E+11,155 663 271,B01,2,31,0,2,7,1,3,
2.023E+11,155 663 272,A01,1,7,0,2,2,9,1,
2.023E+11,155 663 270,A01,1,7,0,1,3,15,1,
2.023E+11,155 663 268,A01,1,7,0,2,2,2,1,
2.023E+11,155 663 269,B01,1,10,0,2,6,2,1,
2.023E+11,155 663 265,A01,3,7,0,2,1,13,1,
2.023E+11,155 663 266,B01,3,7,0,2,3,0,1,
2.023E+11,155 663 267,C01,3,7,0,2,1,1,1,
2.023E+11,155 663 264,A01,3,7,0,1,1,1,1,
2.023E+11,155 663 263,A01,1,7,0,2,1,1,1,
2.023E+11,155 663 262,A01,2,7,8,1,3,21,1,
2.023E+11,155 663 260,A01,2,30,1,2,6,2,1,
2.023E+11,155 663 261,B01,1,7,1,0,0,0,1,
2.023E+11,155 663 259,A01,0,7,0,0,1,21,1,
2.023E+11,155 663 258,A01,2,7,0,1,1,1,0,
2.023E+11,155 663 257,A01,3,7,0,1,2,16,0,
2.023E+11,155 663 256,A01,1,7,0,1,1,19,1,
2.023E+11,155 663 255,AB01,0,41,1,0,1,2,-1,
2.023E+11,155 663 254,A01,1,7,5,0,2,14,1,
2.023E+11,155 663 253,A01,1,7,13,0,2,1,1,
2.023E+11,155 663 251,A01,1,2,0,2,1,1,1,
2.023E+11,155 663 252,B01,1,1,0,2,8,19,5,
2.023E+11,155 663 250,A01,1,7,0,1,1,1,1,
2.023E+11,155 663 248,A01,1,7,0,2,2,19,1,
2.023E+11,155 663 249,B01,2,7,0,2,6,1,1,
2.023E+11,155 663 246,B01,1,7,0,2,4,2,1,
2.023E+11,155 663 247,A01,1,10,0,2,1,2,1,
2.023E+11,155 663 244,B01,1,7,0,2,4,2,1,
2.023E+11,155 663 245,A01,1,7,0,2,1,2,1,
2.023E+11,155 663 243,A01,2,7,13,0,1,13,1,
2.023E+11,155 663 241,B01,2,33,0,2,1,2,1,
2.023E+11,155 663 242,A01,2,7,0,0,6,15,1,
2.023E+11,155 663 239,A01,1,7,0,2,2,15,1,
2.023E+11,155 663 240,B01,2,7,0,2,2,0,1,
2.023E+11,155 663 237,A01,3,99,0,2,1,1,1,
2.023E+11,155 663 238,B01,1,7,0,2,6,1,1,
2.023E+11,155 663 236,A01,1,7,0,1,7,1,1,
2.023E+11,155 663 234,B01,3,7,0,2,5,12,0,
2.023E+11,155 663 235,A01,3,7,0,2,3,17,1,
2.023E+11,155 663 233,A01,2,7,0,1,1,26,1,
2.023E+11,155 663 232,A01,1,7,0,1,1,16,1,
2.023E+11,155 663 231,A01,2,33,0,1,2,1,1,
2.023E+11,155 663 229,A01,2,7,0,2,1,9,1,
2.023E+11,155 663 230,B01,1,7,0,2,7,1,1,
2.023E+11,155 663 228,A01,0,50,0,0,1,1,3,
2.023E+11,155 663 226,A01,2,30,0,2,1,1,1,
2.023E+11,155 663 227,B01,2,10,0,2,4,1,0,
2.023E+11,155 663 225,A01,2,7,0,1,3,16,0,
2.023E+11,155 663 223,B01,3,7,0,2,5,9,2,
2.023E+11,155 663 224,A01,1,7,0,2,3,1,1,
2.023E+11,155 663 222,A01,2,7,0,1,1,2,1,
2.023E+11,155 663 220,B01,1,31,0,2,7,1,1,
2.023E+11,155 663 221,Z01,1,7,0,2,1,16,0,
2.023E+11,155 663 218,B01,1,7,0,0,4,1,1,
2.023E+11,155 663 219,A01,1,7,0,2,1,2,1,
2.023E+11,155 663 217,A01,1,7,8,0,1,13,1,
2.023E+11,155 663 215,B01,2,7,0,2,1,1,1,
2.023E+11,155 663 216,A01,1,33,0,2,1,13,1,
2.023E+11,155 663 213,B01,3,7,0,0,4,26,1,
2.023E+11,155 663 214,A01,0,7,0,2,1,1,1,
2.023E+11,155 663 211,B01,2,7,0,2,5,15,3,
2.023E+11,155 663 212,A01,1,33,14,0,7,1,1,
2.023E+11,155 663 209,B01,1,10,0,0,2,1,1,
2.023E+11,155 663 210,A01,2,30,0,2,1,1,1,
2.023E+11,155 663 207,A01,3,7,0,2,2,12,2,
2.023E+11,155 663 208,B01,3,32,12,2,9,1,1,
2.023E+11,155 663 205,A01,2,7,0,2,1,15,1,
2.023E+11,155 663 206,B01,1,7,5,2,7,0,1,
2.023E+11,155 663 203,A01,1,32,0,2,1,17,1,
2.023E+11,155 663 204,B01,1,7,0,2,3,15,1,
2.023E+11,155 663 202,A01,3,7,0,1,2,0,1,
2.023E+11,155 663 201,A01,0,7,0,1,1,26,1,
2.023E+11,155 663 199,A01,1,43,0,2,1,2,1,
2.023E+11,155 663 200,B01,1,10,0,2,6,2,1,
2.023E+11,155 663 197,B01,2,7,0,2,5,2,2,
2.023E+11,155 663 198,A01,2,10,0,2,3,2,1,
2.023E+11,155 663 195,B01,2,31,0,2,4,2,3,
2.023E+11,155 663 196,A01,2,7,0,2,2,2,1,
2.023E+11,155 663 194,A01,2,1,0,5,2,1,5,
2.023E+11,155 663 193,Z01,1,30,0,1,7,1,-1,
2.023E+11,155 663 191,Z01,2,33,0,2,1,1,0,
2.023E+11,155 663 192,A01,1,1,0,2,7,1,5,
2.023E+11,155 663 190,A01,2,50,0,1,1,1,3,
2.023E+11,155 663 188,A01,2,7,0,2,3,15,2,
2.023E+11,155 663 189,B01,2,50,0,2,1,1,3,
2.023E+11,155 663 186,B01,1,7,0,2,2,16,2,
2.023E+11,155 663 187,A01,2,1,0,2,1,19,5,
2.023E+11,155 663 185,A01,1,7,0,1,7,1,1,
2.023E+11,155 663 184,A01,1,1,0,1,1,1,5,
2.023E+11,155 663 182,B01,2,1,0,2,0,15,5,
2.023E+11,155 663 183,A01,2,10,0,2,0,17,1,
2.023E+11,155 663 181,A01,3,7,0,1,3,0,1,
2.023E+11,155 663 179,A01,2,33,0,2,1,17,1,
2.023E+11,155 663 180,B01,1,7,0,2,7,15,1,
2.023E+11,155 663 177,B01,1,50,0,2,1,1,3,
2.023E+11,155 663 178,A01,2,7,0,2,7,1,2,
2.023E+11,155 663 175,A01,2,7,0,2,7,20,1,
2.023E+11,155 663 176,B01,2,50,0,2,7,0,3,
2.023E+11,155 663 173,A01,0,7,0,2,1,2,1,
2.023E+11,155 663 174,B01,0,7,0,2,4,2,1,
2.023E+11,155 663 172,A01,1,7,0,2,0,0,1,
2.023E+11,155 663 171,A01,2,10,0,1,2,2,1,
2.023E+11,155 663 169,C01,2,50,0,2,1,1,3,
2.023E+11,155 663 170,A01,2,7,0,2,5,16,1,
2.023E+11,155 663 167,B01,1,2,0,2,1,17,1,
2.023E+11,155 663 168,A01,1,7,0,2,3,15,1,
2.023E+11,155 663 165,A01,2,7,0,2,2,1,1,
2.023E+11,155 663 166,B01,2,7,0,2,1,1,1,
2.023E+11,155 663 163,B01,3,7,0,2,3,16,1,
2.023E+11,155 663 164,A01,3,7,0,2,2,21,1,
2.023E+11,155 663 162,A01,2,7,0,1,2,1,0,
2.023E+11,155 663 160,A01,2,10,0,2,6,20,1,
2.023E+11,155 663 161,B01,2,33,0,2,3,21,1,
2.023E+11,155 663 157,B01,1,7,1,0,6,2,0,
2.023E+11,155 663 158,A01,1,10,1,0,1,2,3,
2.023E+11,155 663 159,C01,1,43,1,0,1,2,1,
2.023E+11,155 663 155,B01,2,50,0,2,2,1,3,
2.023E+11,155 663 156,A01,2,7,0,2,3,20,1,
2.023E+11,155 663 153,B01,2,7,0,2,3,15,0,
2.023E+11,155 663 154,A01,1,42,0,2,1,1,1,
2.023E+11,155 663 152,A01,2,10,0,1,1,1,1,
2.023E+11,155 663 150,A01,1,33,0,2,7,1,1,
2.023E+11,155 663 151,B01,1,7,0,2,1,15,1,
2.023E+11,155 663 149,A01,3,7,0,1,1,1,1,
2.023E+11,155 663 147,B01,1,39,0,2,1,1,3,
2.023E+11,155 663 148,A01,1,7,15,4,7,5,1,
2.023E+11,155 663 145,B01,1,7,0,2,8,1,1,
2.023E+11,155 663 146,A01,2,7,0,2,1,15,1,
2.023E+11,155 663 143,A01,1,10,13,2,6,24,1,
2.023E+11,155 663 144,B01,1,7,0,2,2,21,1,
2.023E+11,155 663 141,B01,1,7,0,2,4,1,1,
2.023E+11,155 663 142,A01,1,33,0,2,1,2,1,
2.023E+11,155 663 140,A01,1,7,4,0,3,0,1,
2.023E+11,155 663 138,A01,1,34,0,2,8,2,1,
2.023E+11,155 663 139,Z01,1,7,0,2,7,12,1,
2.023E+11,155 663 136,A01,2,7,0,2,7,12,1,
2.023E+11,155 663 137,B01,2,33,0,2,8,3,1,
2.023E+11,155 663 135,A01,1,10,0,1,3,15,1,
2.023E+11,155 663 133,A01,1,7,0,2,2,1,1,
2.023E+11,155 663 134,B01,1,32,-1,2,1,15,-1,
2.023E+11,155 663 131,B01,1,7,0,2,8,0,1,
2.023E+11,155 663 132,A01,2,7,0,2,1,19,1,
2.023E+11,155 663 129,A01,1,7,0,2,6,11,0,
2.023E+11,155 663 130,B01,1,7,0,2,2,1,1,
2.023E+11,155 663 128,A01,2,7,4,0,9,9,1,
2.023E+11,155 663 126,B01,1,7,0,2,4,1,1,
2.023E+11,155 663 127,A01,1,10,0,2,1,1,1,
2.023E+11,155 663 125,B01,2,50,0,0,7,21,3,
2.023E+11,155 663 123,A01,1,10,0,2,3,11,1,
2.023E+11,155 663 124,B01,1,7,0,2,2,1,1,
2.023E+11,155 663 122,A01,1,7,0,1,3,9,1,
2.023E+11,155 663 121,A01,2,7,0,1,1,1,1,
2.023E+11,155 663 119,A01,1,7,0,2,1,2,1,
2.023E+11,155 663 120,B01,1,7,0,2,4,15,1,
2.023E+11,155 663 117,B01,0,1,0,2,0,0,5,
2.023E+11,155 663 118,A01,3,7,0,9,1,26,0,
2.023E+11,155 663 115,A01,1,30,0,2,1,1,1,
2.023E+11,155 663 116,B01,1,7,0,2,4,1,1,
2.023E+11,155 663 114,A01,1,7,13,0,1,13,1,
2.023E+11,155 663 109,A01,2,7,0,2,1,2,1,
2.023E+11,155 663 110,B01,2,7,0,2,1,2,1,
2.023E+11,155 663 107,A01,1,7,0,2,3,15,1,
2.023E+11,155 663 108,B01,0,33,0,2,3,1,1,
2.023E+11,155 663 102,D01,3,7,0,2,1,26,1,
2.023E+11,155 663 103,A01,3,7,0,2,4,23,1,
2.023E+11,155 663 104,B01,3,7,0,2,4,26,1,
2.023E+11,155 663 105,C01,3,7,0,2,4,26,1,
2.023E+11,155 663 106,E01,3,7,0,2,0,10,1,
2.023E+11,155 663 100,B01,1,1,0,2,2,1,5,
2.023E+11,155 663 101,A01,1,7,0,2,6,24,1,
2.023E+11,155 663 098,B01,0,2,0,2,1,2,1,
2.023E+11,155 663 099,A01,3,7,0,2,8,10,1,
2.023E+11,155 663 096,B01,1,50,0,0,0,0,5,
2.023E+11,155 663 097,A01,1,7,0,0,1,16,1,
2.023E+11,155 663 094,B01,2,30,0,2,3,1,1,
2.023E+11,155 663 095,A01,1,7,0,2,2,15,1,
2.023E+11,155 663 092,B01,3,7,0,2,4,0,1,
2.023E+11,155 663 093,A01,3,10,0,2,1,26,0,
2.023E+11,155 663 090,A01,1,7,0,2,1,9,1,
2.023E+11,155 663 091,B01,1,2,0,2,7,1,1,
2.023E+11,155 663 088,B01,1,7,0,2,4,1,1,
2.023E+11,155 663 089,A01,1,7,0,2,1,1,1,
2.023E+11,155 663 087,A01,2,7,8,0,1,0,1,
2.023E+11,155 663 085,B01,3,30,1,0,8,1,3,
2.023E+11,155 663 086,A01,3,7,0,2,2,15,1,
2.023E+11,155 663 083,B01,2,7,0,2,3,1,1,
2.023E+11,155 663 084,A01,1,7,0,2,2,1,1,
2.023E+11,155 663 082,A01,3,7,0,1,2,1,0,
2.023E+11,155 663 080,A01,2,7,0,2,1,1,1,
2.023E+11,155 663 081,B01,0,1,0,2,3,1,5,
2.023E+11,155 663 078,A01,1,50,0,2,8,1,3,
2.023E+11,155 663 079,B01,2,7,0,2,2,1,1,
2.023E+11,155 663 076,A01,2,7,0,2,1,13,1,
2.023E+11,155 663 077,B01,1,10,0,2,1,1,1,
2.023E+11,155 663 074,A01,3,7,0,2,1,1,1,
2.023E+11,155 663 075,B01,3,99,0,2,1,1,0,
2.023E+11,155 663 073,A01,2,7,3,0,1,14,1,
2.023E+11,155 663 071,B01,1,7,0,2,8,1,1,
2.023E+11,155 663 072,A01,1,10,0,2,1,9,1,
2.023E+11,155 663 069,A01,3,7,0,2,1,2,1,
2.023E+11,155 663 070,B01,3,7,0,2,4,23,2,
2.023E+11,155 663 067,B01,2,7,0,2,2,2,1,
2.023E+11,155 663 068,A01,2,30,0,2,3,13,1,
2.023E+11,155 663 066,A01,2,7,0,1,0,26,1,
2.023E+11,155 663 064,A01,1,33,0,2,4,16,1,
2.023E+11,155 663 065,B01,1,7,0,2,3,9,1,
2.023E+11,155 663 062,B01,0,1,0,2,5,1,5,
2.023E+11,155 663 063,A01,0,7,0,2,1,9,1,
2.023E+11,155 663 061,A01,1,7,0,1,2,26,6,
2.023E+11,155 663 060,A01,3,7,0,0,9,1,1,
2.023E+11,155 663 058,A01,3,7,0,2,1,2,1,
2.023E+11,155 663 059,B01,3,7,0,2,4,2,1,
2.023E+11,155 663 056,B01,1,33,0,2,1,1,1,
2.023E+11,155 663 057,A01,2,7,0,2,3,15,1,
2.023E+11,155 663 054,B01,1,7,0,2,2,16,1,
2.023E+11,155 663 055,A01,1,2,0,2,3,16,1,
2.023E+11,155 663 052,A01,1,7,3,2,7,15,1,
2.023E+11,155 663 053,B01,2,7,0,2,1,2,1,
2.023E+11,155 663 050,Z01,2,7,0,2,1,2,1,
2.023E+11,155 663 051,A01,2,7,0,2,4,2,1,
2.023E+11,155 663 048,A01,1,37,0,2,5,1,1,1
2.023E+11,155 663 049,B01,1,1,0,2,0,1,5,
2.023E+11,155 663 046,A01,2,32,0,0,8,9,1,
2.023E+11,155 663 047,B01,2,31,0,2,1,1,1,
2.023E+11,155 663 044,B01,1,7,0,2,5,20,1,
2.023E+11,155 663 045,A01,1,30,0,2,1,18,1,
2.023E+11,155 663 042,A01,0,50,0,2,1,16,3,
2.023E+11,155 663 043,B01,0,7,0,2,1,1,3,
2.023E+11,155 663 041,A01,1,80,12,0,8,15,3,
2.023E+11,155 663 040,A01,2,30,12,0,1,13,1,
2.023E+11,155 663 038,B01,2,32,0,2,1,1,1,
2.023E+11,155 663 039,A01,1,7,0,2,2,15,1,
2.023E+11,155 663 036,A01,2,7,0,2,2,1,1,
2.023E+11,155 663 037,B01,3,33,0,2,2,1,1,
2.023E+11,155 663 033,A01,1,33,2,0,1,17,1,
2.023E+11,155 663 031,A01,1,30,1,2,1,1,1,
2.023E+11,155 663 032,B01,1,7,0,2,6,23,1,
2.023E+11,155 663 029,B01,1,7,4,0,4,2,2,
2.023E+11,155 663 030,A01,1,7,4,2,1,26,1,
2.023E+11,155 663 027,A01,2,7,0,2,2,16,0,
2.023E+11,155 663 028,B01,2,31,0,2,3,1,0,
2.023E+11,155 663 024,C01,1,7,0,2,0,0,1,
2.023E+11,155 663 025,B01,1,3,0,2,0,0,1,
2.023E+11,155 663 026,A01,1,7,0,2,4,0,1,
2.023E+11,155 663 022,A01,1,7,0,2,2,15,0,
2.023E+11,155 663 023,B01,2,32,0,2,3,1,3,
2.023E+11,155 663 021,A01,2,34,0,1,1,1,1,
2.023E+11,155 663 019,B01,2,10,0,2,3,1,1,
2.023E+11,155 663 020,A01,1,2,0,2,1,1,1,
2.023E+11,155 663 017,A01,1,7,0,2,1,1,0,
2.023E+11,155 663 018,B01,1,7,0,2,0,0,0,
2.023E+11,155 663 015,A01,1,7,0,2,1,15,1,
2.023E+11,155 663 016,B01,1,7,0,2,0,0,1,
2.023E+11,155 663 014,A01,1,33,1,0,1,1,1,
2.023E+11,155 663 011,A01,1,2,13,0,1,14,1,
2.023E+11,155 663 008,A01,0,7,0,2,4,9,0,
2.023E+11,155 663 009,B01,0,7,0,0,2,1,0,
2.023E+11,155 663 010,C01,0,7,0,2,1,9,0,
2.023E+11,155 663 006,B01,2,33,0,2,1,1,1,
2.023E+11,155 663 007,A01,1,7,0,2,5,15,1,
2.023E+11,155 663 004,B01,2,7,0,2,1,5,1,
2.023E+11,155 663 005,A01,1,10,0,2,1,5,1,
2.023E+11,155 663 002,B01,0,7,0,2,1,1,1,
2.023E+11,155 663 003,A01,0,7,0,2,3,1,0,
2.023E+11,155 663 001,A01,1,33,13,0,3,1,1,
2.023E+11,155 663 000,A01,2,7,13,0,9,1,0,
2.023E+11,155 662 998,A01,1,7,0,2,3,1,1,
2.023E+11,155 662 999,B01,2,7,0,2,3,1,1,
2.023E+11,155 662 997,A01,2,7,0,0,1,1,1,
2.023E+11,155 662 996,A01,2,33,13,0,1,1,1,
2.023E+11,155 662 994,A01,1,7,0,2,2,15,1,
2.023E+11,155 662 995,B01,2,33,0,2,1,1,1,
2.023E+11,155 662 993,A01,1,33,15,0,9,1,1,
2.023E+11,155 662 991,A01,1,1,0,0,7,14,5,
2.023E+11,155 662 988,C01,1,7,14,0,1,1,1,
2.023E+11,155 662 989,B01,1,7,0,2,3,1,1,
2.023E+11,155 662 990,A01,2,7,0,2,3,13,1,
2.023E+11,155 662 986,A01,3,7,0,2,3,15,0,
2.023E+11,155 662 987,B01,3,1,0,2,8,15,5,
2.023E+11,155 662 984,A01,1,7,0,2,7,17,1,
2.023E+11,155 662 985,B01,1,33,0,2,8,11,1,
2.023E+11,155 662 983,A01,1,7,0,0,9,1,1,
2.023E+11,155 662 982,A01,3,33,13,0,8,10,1,
2.023E+11,155 662 979,A01,2,2,13,0,1,1,1,
2.023E+11,155 662 978,A01,1,7,0,0,9,1,1,
2.023E+11,155 662 976,B01,2,7,1,0,1,1,1,
2.023E+11,155 662 977,A01,2,7,0,0,4,23,1,
2.023E+11,155 662 974,B01,2,33,0,0,1,0,1,
2.023E+11,155 662 975,A01,1,7,0,0,1,15,1,
2.023E+11,155 662 972,A01,3,2,14,0,0,1,1,
2.023E+11,155 662 971,A01,3,7,0,1,1,1,1,
2.023E+11,155 662 969,A01,1,33,0,2,1,13,1,
2.023E+11,155 662 970,B01,2,7,0,2,1,1,1,
2.023E+11,155 662 968,A01,3,7,0,0,1,1,0,
2.023E+11,155 662 966,A01,2,7,0,2,8,9,1,
2.023E+11,155 662 967,B01,2,33,0,2,1,1,1,
2.023E+11,155 662 964,B01,1,7,0,2,8,1,1,
2.023E+11,155 662 965,A01,2,7,8,2,8,13,1,
2.023E+11,155 662 962,A01,1,33,0,2,1,13,1,
2.023E+11,155 662 963,B01,2,7,0,2,1,1,1,
2.023E+11,155 662 960,A01,2,2,0,2,3,13,1,
2.023E+11,155 662 961,B01,1,10,0,2,8,1,1,
2.023E+11,155 662 957,B01,1,7,0,0,6,15,1,
2.023E+11,155 662 958,A01,1,7,0,2,1,1,1,
2.023E+11,155 662 956,A01,0,33,0,0,0,0,0,
2.023E+11,155 662 955,A01,1,36,0,0,0,1,1,
2.023E+11,155 662 952,B01,1,7,0,2,1,15,1,
2.023E+11,155 662 953,C01,1,7,0,2,1,1,1,
2.023E+11,155 662 954,A01,2,33,0,2,2,1,1,
2.023E+11,155 662 951,A01,3,31,13,0,0,0,1,
2.023E+11,155 662 949,A01,2,33,3,0,9,1,1,
2.023E+11,155 662 950,B01,2,33,0,0,9,1,1,
2.023E+11,155 662 947,A01,3,1,0,2,1,9,5,
2.023E+11,155 662 948,B01,2,7,0,9,2,1,0,
2.023E+11,155 662 946,A01,2,7,2,0,3,13,0,
2.023E+11,155 662 944,A01,3,7,0,2,6,9,1,
2.023E+11,155 662 945,B01,3,1,0,2,7,26,5,
2.023E+11,155 662 943,A01,1,32,1,0,1,1,1,
2.023E+11,155 662 942,A01,3,33,3,0,2,2,1,
2.023E+11,155 662 940,B01,2,7,0,2,1,1,1,
2.023E+11,155 662 941,A01,1,7,0,2,2,19,1,
2.023E+11,155 662 939,A01,1,33,12,0,1,0,1,
2.023E+11,155 662 938,A01,1,7,0,1,2,1,1,
2.023E+11,155 662 936,A01,1,7,0,2,9,1,1,
2.023E+11,155 662 937,B01,1,7,0,2,3,19,1,
2.023E+11,155 662 935,A01,2,7,0,0,9,21,1,
2.023E+11,155 662 933,Z01,1,7,0,2,1,17,0,
2.023E+11,155 662 934,A01,1,33,0,0,6,1,1,
2.023E+11,155 662 932,A01,1,7,3,0,5,2,1,
2.023E+11,155 662 929,A01,1,7,0,2,3,5,1,
2.023E+11,155 662 930,B01,2,7,0,2,3,1,1,
2.023E+11,155 662 931,C01,2,7,0,9,1,1,1,
2.023E+11,155 662 927,B01,2,7,0,2,4,26,0,
2.023E+11,155 662 928,A01,2,10,0,2,1,26,1,
2.023E+11,155 662 925,B01,2,7,0,2,6,13,1,
2.023E+11,155 662 926,A01,2,33,0,2,2,3,1,
2.023E+11,155 662 924,A01,1,7,0,1,2,1,1,
2.023E+11,155 662 923,A01,1,33,6,0,1,1,1,
2.023E+11,155 662 920,A01,2,7,0,2,1,2,1,
2.023E+11,155 662 921,C01,2,7,0,2,4,2,1,
2.023E+11,155 662 922,B01,2,7,0,2,4,2,1,
2.023E+11,155 662 918,A01,1,7,3,2,1,1,1,
2.023E+11,155 662 919,Z01,1,7,3,2,1,1,1,
2.023E+11,155 662 916,B01,1,7,4,2,1,11,1,
2.023E+11,155 662 917,A01,1,7,4,2,5,1,1,
2.023E+11,155 662 914,A01,2,33,0,2,3,3,1,
2.023E+11,155 662 915,B01,2,7,0,2,2,12,1,
2.023E+11,155 662 910,A01,1,7,0,2,8,10,1,
2.023E+11,155 662 911,B01,2,10,0,2,2,2,1,
2.023E+11,155 662 908,A01,1,32,0,2,2,1,1,
2.023E+11,155 662 909,B01,1,10,0,2,7,0,1,
2.023E+11,155 662 906,B01,1,7,1,2,5,1,1,
2.023E+11,155 662 907,A01,1,7,1,2,9,18,2,
2.023E+11,155 662 904,B01,1,33,0,2,1,1,1,
2.023E+11,155 662 905,A01,2,7,0,2,3,15,1,
2.023E+11,155 662 902,B01,3,80,0,2,8,2,3,
2.023E+11,155 662 903,A01,3,7,0,2,2,17,1,
2.023E+11,155 662 900,B01,1,7,0,2,4,23,1,
2.023E+11,155 662 901,A01,1,7,0,2,1,1,1,