Num_Acc,id_vehicule,num_veh,senc,catv,obs,obsm,choc,manv,motor,occutc
2.023E+11,155 662 899,A01,2,7,1,0,1,1,1,
2.023E+11,155 662 898,A01,1,33,13,0,1,1,1,
2.023E+11,155 662 896,B01,2,7,0,2,3,1,1,
2.023E+11,155 662 897,A01,2,50,0,2,7,9,3,
2.023E+11,155 662 895,A01,0,33,5,0,7,1,1,
2.023E+11,155 662 893,B01,1,1,0,2,1,16,0,
2.023E+11,155 662 894,A01,1,7,0,2,2,16,1,
2.023E+11,155 662 891,A01,1,2,0,2,8,19,1,
2.023E+11,155 662 892,B01,1,37,0,2,2,1,3,3
2.023E+11,155 662 890,A01,3,7,0,1,3,1,1,
2.023E+11,155 662 888,A01,1,7,0,2,1,1,1,
2.023E+11,155 662 889,B01,1,7,0,2,1,1,1,
2.023E+11,155 662 887,A01,1,7,3,0,1,9,1,
2.023E+11,155 662 886,A01,3,33,13,0,7,15,1,
2.023E+11,155 662 883,B01,0,10,0,0,0,0,1,
2.023E+11,155 662 885,A01,2,17,0,0,1,1,1,
2.023E+11,155 662 882,B01,3,7,0,2,3,21,1,
2.023E+11,155 662 884,A01,3,7,0,2,2,21,1,
2.023E+11,155 662 877,A01,1,7,0,2,3,9,1,
2.023E+11,155 662 879,B01,2,50,0,2,1,25,3,
2.023E+11,155 662 875,B01,2,7,0,2,6,1,1,
2.023E+11,155 662 876,A01,1,7,0,2,1,9,1,
2.023E+11,155 662 873,B01,2,7,0,2,7,1,1,
2.023E+11,155 662 874,A01,2,7,0,2,1,2,3,
2.023E+11,155 662 871,A01,1,7,0,2,2,16,1,
2.023E+11,155 662 872,B01,1,1,0,2,8,15,5,
2.023E+11,155 662 870,A01,3,7,1,0,2,14,1,
2.023E+11,155 662 868,A01,2,10,0,2,2,16,1,
2.023E+11,155 662 869,B01,2,2,0,2,8,18,1,
2.023E+11,155 662 866,B01,2,33,0,2,1,1,1,
2.023E+11,155 662 867,A01,2,7,0,9,1,15,1,
2.023E+11,155 662 864,B01,1,33,0,2,1,1,1,
2.023E+11,155 662 865,A01,1,7,0,2,1,15,1,
2.023E+11,155 662 863,A01,3,7,0,1,1,1,1,
2.023E+11,155 662 862,A01,3,7,0,1,3,1,1,
2.023E+11,155 662 861,A01,2,7,1,0,2,14,1,
2.023E+11,155 662 858,A01,3,7,0,2,1,2,1,
2.023E+11,155 662 859,B01,3,7,0,2,6,2,1,
2.023E+11,155 662 857,A01,3,7,15,0,7,14,0,
2.023E+11,155 662 852,A01,2,7,0,2,1,16,1,
2.023E+11,155 662 854,B01,1,32,0,2,3,5,1,
2.023E+11,155 662 853,A01,1,7,0,2,7,1,1,
2.023E+11,155 662 855,B01,1,7,0,2,1,1,1,
2.023E+11,155 662 849,A01,2,31,0,2,1,1,1,
2.023E+11,155 662 851,B01,1,7,0,2,1,15,1,
2.023E+11,155 662 848,B01,3,7,0,2,3,1,1,
2.023E+11,155 662 850,A01,3,10,0,2,7,15,1,
2.023E+11,155 662 845,A01,1,7,0,2,1,15,1,
2.023E+11,155 662 846,A01,1,33,0,2,1,1,1,
2.023E+11,155 662 847,B01,2,7,0,2,5,15,1,
2.023E+11,155 662 842,A01,2,7,0,2,1,15,1,
2.023E+11,155 662 843,B01,1,36,0,2,3,1,0,
2.023E+11,155 662 841,A01,1,7,0,2,1,16,1,
2.023E+11,155 662 844,B01,3,7,0,2,3,1,1,
2.023E+11,155 662 839,A01,0,2,0,2,1,17,1,
2.023E+11,155 662 840,B01,1,7,0,2,3,15,1,
2.023E+11,155 662 835,B01,3,43,0,2,3,17,1,
2.023E+11,155 662 837,A01,3,7,0,2,1,11,1,
2.023E+11,155 662 834,A01,1,7,0,2,2,2,0,
2.023E+11,155 662 836,C01,1,7,0,2,4,2,0,
2.023E+11,155 662 838,B01,1,7,0,2,4,2,0,
2.023E+11,155 662 831,A01,1,80,0,2,1,1,3,
2.023E+11,155 662 832,B01,1,7,0,9,5,1,1,
2.023E+11,155 662 830,B01,1,33,0,2,2,3,1,
2.023E+11,155 662 833,A01,1,7,0,2,8,11,1,
2.023E+11,155 662 829,A01,2,30,16,0,0,1,1,
2.023E+11,155 662 826,A01,1,7,0,1,1,1,1,
2.023E+11,155 662 827,B01,1,7,0,2,5,2,1,
2.023E+11,155 662 828,A01,1,7,0,2,3,2,1,
2.023E+11,155 662 823,A01,2,7,0,2,8,1,1,
2.023E+11,155 662 825,B01,1,2,0,2,1,1,1,
2.023E+11,155 662 822,A01,1,80,0,2,3,1,3,
2.023E+11,155 662 824,Z01,2,7,0,2,1,15,1,
2.023E+11,155 662 819,B01,2,80,0,2,7,1,3,
2.023E+11,155 662 821,A01,1,7,0,2,3,9,1,
2.023E+11,155 662 817,A01,1,50,0,0,0,15,3,
2.023E+11,155 662 818,B01,2,50,0,2,1,1,3,
2.023E+11,155 662 820,A01,1,7,0,2,3,1,2,
2.023E+11,155 662 814,B01,1,7,0,2,3,1,1,
2.023E+11,155 662 816,A01,2,3,0,2,1,13,1,
2.023E+11,155 662 813,A01,1,50,0,2,7,1,3,
2.023E+11,155 662 815,B01,2,7,0,2,3,1,1,
2.023E+11,155 662 811,A01,2,7,0,2,2,15,1,
2.023E+11,155 662 812,B01,1,30,0,2,3,1,1,
2.023E+11,155 662 807,B01,2,7,0,9,7,1,1,
2.023E+11,155 662 809,A01,2,33,0,2,3,13,1,
2.023E+11,155 662 808,B01,3,32,0,0,9,1,0,
2.023E+11,155 662 810,A01,3,7,0,2,3,10,1,
2.023E+11,155 662 805,Z01,2,50,0,1,7,25,3,
2.023E+11,155 662 804,B01,1,1,0,0,0,0,5,
2.023E+11,155 662 806,A01,1,7,0,2,0,1,1,
2.023E+11,155 662 802,A01,2,7,0,1,0,1,1,
2.023E+11,155 662 801,A01,2,7,0,2,1,15,1,
2.023E+11,155 662 803,B01,1,1,0,2,8,1,5,
2.023E+11,155 662 798,A01,1,7,0,2,1,1,1,
2.023E+11,155 662 799,B01,1,7,0,0,4,1,1,
2.023E+11,155 662 797,A01,1,7,0,2,1,11,1,
2.023E+11,155 662 800,B01,1,1,0,2,2,1,5,
2.023E+11,155 662 796,A01,2,7,1,0,1,14,1,
2.023E+11,155 662 795,A01,2,7,0,1,2,0,1,
2.023E+11,155 662 792,B01,2,43,16,0,3,15,1,
2.023E+11,155 662 794,A01,1,80,0,2,2,5,3,
2.023E+11,155 662 791,B01,3,1,0,2,7,1,5,
2.023E+11,155 662 793,A01,3,7,0,2,1,9,1,
2.023E+11,155 662 789,A01,2,7,0,1,2,1,1,
2.023E+11,155 662 788,A01,3,7,0,2,8,15,1,
2.023E+11,155 662 790,B01,3,34,0,2,7,1,1,
2.023E+11,155 662 786,A01,2,7,0,2,1,26,1,
2.023E+11,155 662 787,B01,2,7,0,2,1,15,1,
2.023E+11,155 662 782,B01,0,7,0,2,4,2,1,
2.023E+11,155 662 784,A01,0,7,0,2,1,1,1,
2.023E+11,155 662 783,B01,0,7,0,1,1,0,0,
2.023E+11,155 662 785,A01,0,7,0,1,3,0,0,
2.023E+11,155 662 779,B01,1,10,0,2,1,1,1,
2.023E+11,155 662 781,A01,1,10,0,2,4,1,1,
2.023E+11,155 662 778,A01,3,7,0,2,3,16,1,
2.023E+11,155 662 780,B01,3,7,0,2,1,1,1,
2.023E+11,155 662 776,B01,2,7,0,9,7,1,1,
2.023E+11,155 662 777,A01,2,1,0,2,8,26,5,
2.023E+11,155 662 773,A01,3,0,0,0,0,0,0,
2.023E+11,155 662 774,A01,1,7,0,2,2,15,1,
2.023E+11,155 662 775,B01,3,80,0,2,1,19,3,
2.023E+11,155 662 772,A01,3,10,0,1,1,0,0,
2.023E+11,155 662 771,A01,1,7,6,0,1,2,1,
2.023E+11,155 662 770,A01,3,10,0,1,1,1,1,
2.023E+11,155 662 769,A01,0,7,12,1,2,1,1,
2.023E+11,155 662 768,A01,1,2,8,0,1,13,1,
2.023E+11,155 662 766,A01,1,7,13,0,1,1,1,
2.023E+11,155 662 764,B01,0,7,0,2,4,23,1,
2.023E+11,155 662 765,A01,0,7,0,2,1,1,1,
2.023E+11,155 662 767,C01,0,7,0,2,4,23,1,
2.023E+11,155 662 763,A01,3,33,12,0,8,2,1,
2.023E+11,155 662 762,A01,2,7,6,0,9,2,1,
2.023E+11,155 662 761,A01,2,7,2,0,9,1,1,
2.023E+11,155 662 759,B01,1,7,0,2,2,2,1,
2.023E+11,155 662 760,A01,1,7,4,2,3,13,1,
2.023E+11,155 662 756,B01,1,7,0,2,2,2,2,
2.023E+11,155 662 757,A01,1,10,0,2,8,13,1,
2.023E+11,155 662 755,A01,3,2,0,0,0,0,0,
2.023E+11,155 662 758,B01,3,7,0,0,0,0,0,
2.023E+11,155 662 753,A01,2,43,0,2,3,3,1,
2.023E+11,155 662 754,B01,2,7,0,2,7,12,1,
2.023E+11,155 662 748,A01,1,31,0,2,1,3,1,
2.023E+11,155 662 750,B01,1,10,0,2,4,12,1,
2.023E+11,155 662 751,C01,1,7,4,0,8,1,1,
2.023E+11,155 662 749,B01,2,99,1,2,1,13,3,
2.023E+11,155 662 752,A01,2,7,1,2,4,17,1,
2.023E+11,155 662 744,A01,1,7,0,2,1,2,1,
2.023E+11,155 662 746,B01,1,10,0,2,4,2,1,
2.023E+11,155 662 747,C01,1,10,0,2,4,1,1,
2.023E+11,155 662 742,A01,3,30,0,0,7,16,1,
2.023E+11,155 662 743,A01,2,7,0,2,1,15,1,
2.023E+11,155 662 745,B01,1,50,0,2,8,0,3,
2.023E+11,155 662 741,A01,2,1,0,0,1,9,5,
2.023E+11,155 662 739,A01,1,34,0,0,1,1,1,
2.023E+11,155 662 738,A01,2,7,0,2,3,16,0,
2.023E+11,155 662 740,B01,0,2,0,2,0,0,-1,
2.023E+11,155 662 737,A01,3,7,0,1,1,1,1,
2.023E+11,155 662 735,A01,3,1,0,2,2,17,5,
2.023E+11,155 662 736,B01,3,1,0,2,3,1,5,
2.023E+11,155 662 733,A01,2,7,0,2,1,1,2,
2.023E+11,155 662 734,B01,2,7,0,2,8,1,1,
2.023E+11,155 662 730,Z01,1,7,0,2,0,13,0,
2.023E+11,155 662 731,A01,3,33,0,2,2,18,1,
2.023E+11,155 662 729,B01,3,7,0,2,1,1,1,
2.023E+11,155 662 732,A01,0,7,0,2,1,1,1,
2.023E+11,155 662 726,C01,1,1,1,2,9,1,5,
2.023E+11,155 662 727,A01,1,7,0,2,8,22,1,
2.023E+11,155 662 728,B01,1,1,1,0,9,1,5,
2.023E+11,155 662 724,A01,2,7,0,2,0,16,2,
2.023E+11,155 662 725,B01,2,1,0,2,1,1,5,
2.023E+11,155 662 721,B01,1,7,0,2,8,1,3,
2.023E+11,155 662 723,A01,1,30,0,2,1,1,1,
2.023E+11,155 662 722,A01,1,7,1,0,1,21,1,
2.023E+11,155 662 719,A01,1,31,0,2,1,2,1,
2.023E+11,155 662 720,B01,1,1,0,2,4,2,5,
2.023E+11,155 662 717,A01,1,33,0,2,8,3,1,
2.023E+11,155 662 718,B01,1,7,0,2,7,1,1,
2.023E+11,155 662 715,A01,2,7,0,2,3,10,1,
2.023E+11,155 662 716,B01,2,50,0,2,1,2,3,
2.023E+11,155 662 712,A01,1,7,0,2,5,1,1,
2.023E+11,155 662 713,B01,1,7,0,2,1,1,1,
2.023E+11,155 662 714,C01,1,7,0,2,1,1,1,
2.023E+11,155 662 709,A01,1,7,0,2,4,1,1,
2.023E+11,155 662 711,B01,1,7,0,2,1,1,4,
2.023E+11,155 662 708,B01,1,7,0,2,2,12,1,
2.023E+11,155 662 710,A01,1,32,0,2,8,2,1,
2.023E+11,155 662 704,A01,3,7,0,2,1,2,1,
2.023E+11,155 662 706,B01,3,7,0,0,4,0,1,
2.023E+11,155 662 703,C01,1,7,0,2,7,1,2,
2.023E+11,155 662 705,A01,1,15,0,2,2,12,1,
2.023E+11,155 662 707,B01,1,7,0,2,6,1,1,
2.023E+11,155 662 701,A01,1,7,9,0,5,15,1,
2.023E+11,155 662 702,B01,1,7,0,0,1,1,1,
2.023E+11,155 662 699,A01,1,33,0,2,1,3,1,
2.023E+11,155 662 700,B01,1,7,0,2,6,11,1,
2.023E+11,155 662 698,A01,2,33,0,0,8,1,0,
2.023E+11,155 662 696,A01,1,7,0,2,4,4,1,
2.023E+11,155 662 697,B01,1,2,0,2,1,2,1,
2.023E+11,155 662 694,A01,1,34,0,2,7,17,1,
2.023E+11,155 662 695,B01,1,7,0,2,8,13,1,
2.023E+11,155 662 692,A01,3,15,0,2,2,16,1,
2.023E+11,155 662 693,C01,3,80,0,2,4,1,3,
2.023E+11,155 662 691,A01,3,31,0,0,9,21,1,
2.023E+11,155 662 689,A01,2,7,0,2,2,1,2,
2.023E+11,155 662 690,B01,3,7,0,2,8,16,1,
2.023E+11,155 662 688,A01,1,43,0,6,1,1,1,
2.023E+11,155 662 686,A01,1,7,0,2,6,15,1,
2.023E+11,155 662 687,B01,1,31,0,2,1,21,3,
2.023E+11,155 662 685,A01,1,7,7,0,3,14,1,
2.023E+11,155 662 683,A01,1,7,0,2,3,10,2,
2.023E+11,155 662 684,B01,1,43,0,2,1,1,1,
2.023E+11,155 662 682,A01,1,33,13,0,7,1,1,
2.023E+11,155 662 681,A01,1,7,6,0,4,4,1,
2.023E+11,155 662 677,B01,2,37,0,2,8,1,1,1
2.023E+11,155 662 679,A01,1,30,0,2,8,13,3,
2.023E+11,155 662 678,A01,2,7,0,2,2,11,1,
2.023E+11,155 662 680,B01,1,2,0,2,1,1,1,
2.023E+11,155 662 676,A01,1,33,0,1,1,1,1,
2.023E+11,155 662 674,A01,3,1,0,0,1,1,5,
2.023E+11,155 662 673,A01,1,30,0,2,1,17,1,
2.023E+11,155 662 675,B01,3,7,0,0,3,15,1,
2.023E+11,155 662 669,A01,1,31,0,2,2,9,1,
2.023E+11,155 662 671,B01,1,7,0,2,3,1,1,
2.023E+11,155 662 672,C01,1,7,0,2,6,1,1,
2.023E+11,155 662 667,A01,1,7,0,1,5,20,1,
2.023E+11,155 662 666,C01,1,7,0,2,1,1,1,
2.023E+11,155 662 668,A01,1,7,0,2,3,11,1,
2.023E+11,155 662 670,B01,1,7,0,2,5,11,1,
2.023E+11,155 662 663,A01,2,10,0,2,5,22,1,
2.023E+11,155 662 665,B01,2,1,0,2,2,1,5,
2.023E+11,155 662 662,A01,2,7,0,2,7,12,1,
2.023E+11,155 662 664,B01,2,7,0,2,1,1,1,
2.023E+11,155 662 660,B01,1,15,0,2,5,1,1,
2.023E+11,155 662 661,A01,2,1,0,2,3,16,5,
2.023E+11,155 662 658,A01,3,32,12,0,7,16,1,
2.023E+11,155 662 657,B01,2,7,0,2,2,15,1,
2.023E+11,155 662 659,A01,2,7,0,0,3,1,1,
2.023E+11,155 662 655,A01,2,7,0,2,2,1,1,
2.023E+11,155 662 656,B01,1,34,0,2,1,1,3,
2.023E+11,155 662 653,A01,2,31,0,2,1,17,1,
2.023E+11,155 662 654,B01,1,7,0,2,1,1,1,
2.023E+11,155 662 650,A01,3,7,0,2,2,15,1,
2.023E+11,155 662 652,B01,2,10,0,2,3,1,1,
2.023E+11,155 662 649,A01,1,7,0,2,2,21,1,
2.023E+11,155 662 651,Z01,1,7,0,2,0,0,1,
2.023E+11,155 662 645,A01,1,7,0,2,3,17,1,
2.023E+11,155 662 648,B01,1,32,0,2,2,3,1,
2.023E+11,155 662 644,A01,3,7,0,2,0,0,0,
2.023E+11,155 662 646,B01,3,7,0,2,0,0,0,
2.023E+11,155 662 647,A01,2,7,13,0,1,0,1,
2.023E+11,155 662 641,B01,3,7,0,2,1,1,1,
2.023E+11,155 662 643,A01,3,31,0,2,8,1,1,
2.023E+11,155 662 640,B01,0,2,0,2,0,0,0,
2.023E+11,155 662 642,A01,1,33,0,2,0,0,0,
2.023E+11,155 662 638,A01,3,7,0,1,2,20,2,
2.023E+11,155 662 637,A01,1,7,0,1,7,1,2,
2.023E+11,155 662 639,A01,2,10,0,9,2,1,1,
2.023E+11,155 662 632,A01,3,7,1,2,3,14,1,
2.023E+11,155 662 634,B01,3,7,0,2,3,1,1,
2.023E+11,155 662 631,B01,2,7,0,2,4,2,1,
2.023E+11,155 662 633,C01,2,7,0,2,4,2,1,
2.023E+11,155 662 635,D01,2,7,0,2,4,2,1,
2.023E+11,155 662 636,A01,2,7,0,2,1,2,1,
2.023E+11,155 662 627,A01,3,7,15,0,0,0,1,
2.023E+11,155 662 628,B01,1,7,0,2,1,7,2,
2.023E+11,155 662 629,A01,1,50,0,2,7,13,3,
2.023E+11,155 662 624,A01,1,7,0,1,3,9,1,
2.023E+11,155 662 623,A01,1,7,0,2,1,13,1,
2.023E+11,155 662 625,C01,2,7,0,2,1,1,1,
2.023E+11,155 662 630,B01,2,7,0,2,1,1,1,
2.023E+11,155 662 622,A01,1,7,0,2,1,15,1,
2.023E+11,155 662 626,B01,2,32,0,2,3,1,1,
2.023E+11,155 662 620,A01,1,7,0,9,2,15,1,
2.023E+11,155 662 621,B01,2,1,0,2,1,1,5,
2.023E+11,155 662 618,A01,1,33,0,2,1,5,1,
2.023E+11,155 662 619,B01,1,7,0,2,6,15,2,
2.023E+11,155 662 616,A01,1,2,0,1,3,1,1,
2.023E+11,155 662 615,A01,2,1,0,2,1,1,5,
2.023E+11,155 662 617,Z01,1,7,0,2,5,15,0,
2.023E+11,155 662 611,A01,2,7,0,2,1,26,1,
2.023E+11,155 662 613,B01,1,30,0,2,8,15,1,
2.023E+11,155 662 610,A01,2,32,0,2,1,1,1,
2.023E+11,155 662 614,B01,2,7,0,2,2,15,1,
2.023E+11,155 662 609,A01,2,7,0,2,3,2,1,
2.023E+11,155 662 612,B01,2,17,0,0,5,0,1,
2.023E+11,155 662 608,A01,1,10,0,1,1,15,1,
2.023E+11,155 662 603,C01,2,10,0,2,1,1,1,
2.023E+11,155 662 605,B01,1,7,0,2,3,0,2,
2.023E+11,155 662 607,A01,2,7,0,2,1,1,1,
2.023E+11,155 662 602,B01,0,2,0,2,1,1,1,
2.023E+11,155 662 606,A01,0,7,0,2,5,9,1,
2.023E+11,155 662 600,A01,1,10,0,2,1,26,1,
2.023E+11,155 662 601,B01,1,10,0,2,4,0,1,
2.023E+11,155 662 595,A01,3,7,0,2,1,1,0,
2.023E+11,155 662 597,B01,3,7,0,2,0,16,0,
2.023E+11,155 662 593,A01,2,7,0,2,4,2,1,
2.023E+11,155 662 598,B01,2,7,0,2,1,2,3,
2.023E+11,155 662 599,C01,2,7,0,2,1,2,1,
2.023E+11,155 662 604,D01,2,7,0,2,1,2,1,
2.023E+11,155 662 592,B01,2,50,0,2,8,1,3,
2.023E+11,155 662 596,A01,1,10,0,2,1,15,1,
2.023E+11,155 662 591,A01,1,7,0,2,1,2,2,
2.023E+11,155 662 594,B01,1,7,0,2,4,15,1,
2.023E+11,155 662 589,A01,2,7,16,0,1,14,1,
2.023E+11,155 662 588,B01,1,1,0,2,2,0,5,
2.023E+11,155 662 590,A01,1,10,0,2,2,21,1,
2.023E+11,155 662 587,A01,1,7,0,0,9,1,1,
2.023E+11,155 662 585,A01,1,7,7,0,3,1,1,
2.023E+11,155 662 586,A01,1,7,0,1,3,1,1,
2.023E+11,155 662 582,A01,2,10,0,2,3,15,1,
2.023E+11,155 662 584,B01,1,33,0,2,3,1,1,
2.023E+11,155 662 581,A01,1,7,0,0,6,2,1,
2.023E+11,155 662 583,B01,1,7,0,2,2,2,1,
2.023E+11,155 662 579,B01,2,10,0,2,3,15,1,
2.023E+11,155 662 580,A01,2,33,0,2,1,17,1,
2.023E+11,155 662 578,B01,1,0,0,1,0,0,0,
2.023E+11,155 662 577,A01,2,7,9,0,1,16,1,
2.023E+11,155 662 575,A01,2,43,12,0,1,1,1,
2.023E+11,155 662 574,B01,2,7,0,2,3,15,1,
2.023E+11,155 662 576,A01,2,43,0,0,7,17,1,
2.023E+11,155 662 569,A01,1,7,0,2,8,9,0,
2.023E+11,155 662 573,B01,1,7,0,2,1,1,1,
2.023E+11,155 662 570,A01,1,33,10,0,1,0,1,
2.023E+11,155 662 568,A01,3,7,0,2,5,1,2,
2.023E+11,155 662 572,B01,3,43,0,2,1,0,1,
2.023E+11,155 662 566,A01,1,10,0,2,1,2,1,
2.023E+11,155 662 567,B01,1,7,0,2,4,2,1,
2.023E+11,155 662 571,C01,1,7,0,0,4,2,1,
2.023E+11,155 662 563,A01,3,7,0,1,8,4,1,
2.023E+11,155 662 562,B01,3,31,0,2,8,1,1,
2.023E+11,155 662 564,A01,3,7,0,2,3,19,1,
2.023E+11,155 662 560,A01,3,7,0,1,5,19,1,
2.023E+11,155 662 561,A01,2,7,0,2,8,23,1,
2.023E+11,155 662 565,B01,2,7,0,2,2,1,1,
2.023E+11,155 662 556,A01,1,33,15,0,1,0,1,
2.023E+11,155 662 552,A01,3,7,12,0,3,16,2,
2.023E+11,155 662 551,Z01,2,0,14,2,4,1,0,
2.023E+11,155 662 554,A01,2,7,0,2,4,0,1,
2.023E+11,155 662 555,B01,2,7,14,0,1,1,1,
2.023E+11,155 662 557,C01,2,7,14,0,1,1,1,
2.023E+11,155 662 550,A01,0,7,0,2,0,1,1,
2.023E+11,155 662 553,B01,0,14,0,0,8,1,1,
2.023E+11,155 662 548,A01,1,7,0,0,7,15,1,
2.023E+11,155 662 549,B01,2,33,0,2,1,1,1,
2.023E+11,155 662 546,A01,1,1,0,0,1,13,5,
2.023E+11,155 662 544,B01,3,33,0,2,1,1,1,
2.023E+11,155 662 547,A01,3,7,0,2,7,10,1,
2.023E+11,155 662 543,A01,1,2,0,2,1,5,1,
2.023E+11,155 662 545,B01,2,7,0,2,3,5,1,
2.023E+11,155 662 541,B01,1,99,0,2,1,1,1,
2.023E+11,155 662 542,A01,2,7,0,2,1,13,1,
2.023E+11,155 662 538,B01,3,31,0,2,3,1,0,
2.023E+11,155 662 540,A01,3,7,0,2,8,1,1,
2.023E+11,155 662 537,A01,3,15,2,0,1,26,1,
2.023E+11,155 662 535,A01,1,7,13,0,1,1,1,
2.023E+11,155 662 534,C01,1,7,1,2,4,2,1,
2.023E+11,155 662 536,A01,1,7,1,2,2,2,0,
2.023E+11,155 662 539,B01,1,7,1,2,5,2,1,
2.023E+11,155 662 529,A01,2,33,0,2,1,17,1,
2.023E+11,155 662 533,B01,2,7,0,2,6,15,1,
2.023E+11,155 662 527,A01,1,7,0,2,3,15,1,
2.023E+11,155 662 531,B01,2,2,0,2,3,1,1,
2.023E+11,155 662 526,A01,1,7,0,2,2,17,1,
2.023E+11,155 662 530,B01,1,7,0,2,3,1,1,
2.023E+11,155 662 525,A01,1,33,0,2,1,2,1,
2.023E+11,155 662 528,C01,1,7,0,0,4,2,1,
2.023E+11,155 662 532,B01,1,33,0,2,3,2,1,
2.023E+11,155 662 519,A01,2,31,0,1,1,17,1,
2.023E+11,155 662 517,C01,1,7,0,2,4,1,1,
2.023E+11,155 662 521,B01,1,7,0,2,1,1,1,
2.023E+11,155 662 523,A01,1,7,0,2,1,1,1,
2.023E+11,155 662 518,C01,2,7,0,2,1,1,1,
2.023E+11,155 662 522,A01,1,7,0,2,3,13,1,
2.023E+11,155 662 524,B01,2,7,0,2,1,1,1,
2.023E+11,155 662 516,B01,1,33,0,2,1,1,1,
2.023E+11,155 662 520,A01,2,7,0,2,8,16,1,
2.023E+11,155 662 512,A01,2,30,0,2,1,2,1,
2.023E+11,155 662 514,B01,2,7,0,0,5,1,1,
2.023E+11,155 662 513,A01,1,7,2,0,3,1,0,
2.023E+11,155 662 511,A01,2,7,0,2,1,2,1,
2.023E+11,155 662 515,B01,1,7,0,2,8,1,1,
2.023E+11,155 662 510,A01,1,7,4,0,9,1,1,
2.023E+11,155 662 507,A01,1,33,0,2,1,13,1,
2.023E+11,155 662 509,B01,2,7,0,2,1,1,1,
2.023E+11,155 662 506,A01,1,7,0,0,6,2,1,
2.023E+11,155 662 508,B01,1,2,1,0,2,17,1,
2.023E+11,155 662 504,A01,2,7,3,0,1,1,1,
2.023E+11,155 662 505,A01,1,7,2,0,1,1,1,
2.023E+11,155 662 503,A01,1,7,1,0,9,13,1,
2.023E+11,155 662 498,A01,2,7,0,0,4,23,1,
2.023E+11,155 662 500,B01,2,7,1,2,9,23,1,
2.023E+11,155 662 502,C01,2,7,1,2,1,1,1,
2.023E+11,155 662 497,B01,1,33,0,2,1,1,1,
2.023E+11,155 662 501,A01,0,7,0,0,5,0,1,
2.023E+11,155 662 496,A01,2,7,0,2,1,15,0,
2.023E+11,155 662 499,B01,1,34,0,2,1,1,0,
2.023E+11,155 662 494,A01,1,1,0,2,1,5,5,
2.023E+11,155 662 495,B01,3,7,0,9,2,16,1,
2.023E+11,155 662 493,A01,1,7,13,0,2,1,2,
2.023E+11,155 662 490,A01,1,33,13,0,0,14,1,
2.023E+11,155 662 488,A01,1,10,0,2,3,1,1,
2.023E+11,155 662 489,B01,2,33,0,2,3,17,1,
2.023E+11,155 662 486,A01,2,7,17,0,1,13,1,
2.023E+11,155 662 485,A01,1,33,0,2,8,1,1,
2.023E+11,155 662 487,B01,2,7,0,2,3,1,1,
2.023E+11,155 662 482,A01,1,7,2,0,1,1,1,
2.023E+11,155 662 480,B01,3,99,0,2,1,13,1,
2.023E+11,155 662 483,A01,3,31,0,2,1,21,1,
2.023E+11,155 662 479,A01,2,7,4,0,9,1,1,
2.023E+11,155 662 475,A01,2,7,0,2,5,5,0,
2.023E+11,155 662 477,B01,1,7,0,2,1,1,0,
2.023E+11,155 662 474,E01,3,7,0,2,4,0,1,
2.023E+11,155 662 478,A01,3,7,0,2,1,14,1,
2.023E+11,155 662 481,C01,3,7,0,2,4,0,0,
2.023E+11,155 662 484,D01,3,7,0,2,4,0,1,
2.023E+11,155 662 491,B01,3,7,0,2,4,0,0,
2.023E+11,155 662 476,A01,1,7,0,1,3,1,1,
2.023E+11,155 662 473,A01,1,7,13,0,1,1,0,
2.023E+11,155 662 471,A01,2,10,0,2,1,13,1,
2.023E+11,155 662 472,B01,1,7,0,2,1,1,1,
2.023E+11,155 662 470,A01,1,7,0,1,1,17,1,
2.023E+11,155 662 468,A01,3,7,7,0,1,0,1,
2.023E+11,155 662 466,A01,3,7,0,1,5,4,1,
2.023E+11,155 662 467,A01,3,7,8,2,1,1,1,
2.023E+11,155 662 469,B01,0,10,0,2,3,1,1,
2.023E+11,155 662 465,A01,2,7,0,1,3,15,1,
2.023E+11,155 662 460,A01,1,7,0,2,3,5,1,
2.023E+11,155 662 463,B01,1,7,0,2,8,5,1,
2.023E+11,155 662 457,A01,3,7,0,2,0,0,1,
2.023E+11,155 662 459,B01,3,50,0,2,1,25,3,
2.023E+11,155 662 455,B01,2,7,0,2,3,1,1,
2.023E+11,155 662 462,A01,1,10,0,2,2,1,1,
2.023E+11,155 662 456,A01,2,7,0,2,1,1,1,
2.023E+11,155 662 458,B01,2,7,0,2,4,15,1,
2.023E+11,155 662 461,C01,1,10,0,2,1,1,1,
2.023E+11,155 662 464,D01,1,7,0,2,1,1,1,
2.023E+11,155 662 454,A01,1,33,0,0,8,1,1,
2.023E+11,155 662 448,A01,1,33,0,6,1,1,1,
2.023E+11,155 662 451,B01,2,7,0,2,1,1,1,
2.023E+11,155 662 449,A01,1,7,0,2,3,26,1,
2.023E+11,155 662 452,B01,2,33,0,2,1,1,1,
2.023E+11,155 662 450,A01,2,7,0,2,2,14,1,
2.023E+11,155 662 453,B01,2,33,0,2,3,1,1,
2.023E+11,155 662 445,A01,0,7,0,2,3,1,1,
2.023E+11,155 662 447,B01,0,15,0,2,3,1,1,
2.023E+11,155 662 443,A01,2,2,0,2,1,5,1,
2.023E+11,155 662 444,B01,1,7,0,2,3,1,1,