Num_Acc,id_vehicule,num_veh,senc,catv,obs,obsm,choc,manv,motor,occutc
2.023E+11,155 661 523,B01,1,7,0,2,1,2,1,
2.023E+11,155 661 517,B01,2,1,0,2,1,1,5,
2.023E+11,155 661 521,A01,1,7,0,2,1,15,1,
2.023E+11,155 661 514,A01,2,33,0,0,0,2,1,
2.023E+11,155 661 511,A01,0,33,0,0,4,1,1,
2.023E+11,155 661 510,A01,1,10,0,2,1,2,1,
2.023E+11,155 661 513,B01,1,13,0,2,4,2,1,
2.023E+11,155 661 505,B01,1,1,0,2,3,1,5,
2.023E+11,155 661 509,A01,1,7,0,9,3,15,1,
2.023E+11,155 661 507,A01,3,7,0,1,1,2,1,
2.023E+11,155 661 504,A01,2,7,0,2,1,1,1,
2.023E+11,155 661 508,B01,1,7,0,2,1,1,1,
2.023E+11,155 661 503,A01,0,33,13,0,1,1,1,
2.023E+11,155 661 501,A01,3,7,2,2,1,14,1,
2.023E+11,155 661 500,A01,1,7,0,2,1,2,1,
2.023E+11,155 661 506,B01,1,7,0,2,1,23,1,
2.023E+11,155 661 512,C01,1,7,0,0,4,23,1,
2.023E+11,155 661 515,D01,1,7,0,2,3,21,1,
2.023E+11,155 661 522,E01,1,10,0,2,3,1,1,
2.023E+11,155 661 497,A01,2,7,0,2,1,1,1,
2.023E+11,155 661 502,B01,2,7,0,0,4,2,1,
2.023E+11,155 661 496,A01,1,33,0,2,1,1,1,
2.023E+11,155 661 499,B01,1,7,0,0,8,10,1,
2.023E+11,155 661 492,A01,1,7,0,1,1,1,1,
2.023E+11,155 661 493,A01,1,7,0,2,3,13,1,
2.023E+11,155 661 494,B01,2,7,4,2,3,1,1,
2.023E+11,155 661 491,B01,3,1,0,2,3,1,5,
2.023E+11,155 661 495,A01,3,7,0,2,2,19,1,
2.023E+11,155 661 486,A01,1,7,0,2,6,1,1,
2.023E+11,155 661 490,B01,1,33,0,2,1,1,1,
2.023E+11,155 661 484,A01,3,37,0,1,1,1,6,5
2.023E+11,155 661 489,A01,2,7,12,0,1,1,1,
2.023E+11,155 661 487,A01,3,7,2,0,3,1,1,
2.023E+11,155 661 483,A01,1,7,13,2,2,17,1,
2.023E+11,155 661 488,B01,1,14,0,0,3,1,1,
2.023E+11,155 661 482,A01,3,7,0,2,1,13,1,
2.023E+11,155 661 485,B01,3,7,0,2,1,1,1,
2.023E+11,155 661 481,A01,1,7,17,0,2,14,1,
2.023E+11,155 661 479,A01,1,7,11,0,2,1,1,
2.023E+11,155 661 477,A01,1,7,0,1,3,1,1,
2.023E+11,155 661 475,A01,1,7,12,2,7,26,1,
2.023E+11,155 661 476,B01,3,33,0,2,3,1,1,
2.023E+11,155 661 480,A01,3,7,0,2,1,19,1,
2.023E+11,155 661 474,B01,1,1,0,2,8,19,5,
2.023E+11,155 661 478,A01,1,10,0,9,3,1,1,
2.023E+11,155 661 472,A01,1,33,13,0,1,1,1,
2.023E+11,155 661 468,A01,2,7,0,2,1,13,1,
2.023E+11,155 661 473,B01,1,38,0,2,1,1,1,2
2.023E+11,155 661 467,A01,1,7,0,2,1,0,6,
2.023E+11,155 661 469,B01,1,7,0,2,4,0,0,
2.023E+11,155 661 466,A01,2,7,0,2,3,1,1,
2.023E+11,155 661 471,B01,1,7,0,2,8,1,1,
2.023E+11,155 661 465,A01,0,7,0,1,6,20,1,
2.023E+11,155 661 461,A01,2,7,0,2,6,10,1,
2.023E+11,155 661 470,B01,2,7,0,2,1,1,1,
2.023E+11,155 661 459,Z01,1,0,0,2,3,1,0,
2.023E+11,155 661 463,A01,1,34,0,2,6,1,1,
2.023E+11,155 661 462,A01,1,7,13,0,1,1,1,
2.023E+11,155 661 458,A01,2,7,0,2,1,17,1,
2.023E+11,155 661 464,B01,1,7,0,2,1,1,1,
2.023E+11,155 661 456,A01,1,7,0,2,3,13,1,
2.023E+11,155 661 460,B01,2,7,0,2,1,1,1,
2.023E+11,155 661 455,B01,1,15,0,2,1,1,1,
2.023E+11,155 661 457,A01,2,7,0,2,1,13,1,
2.023E+11,155 661 451,A01,2,7,0,1,1,1,1,
2.023E+11,155 661 450,A01,0,7,2,0,0,0,1,
2.023E+11,155 661 448,B01,3,7,0,2,1,1,1,
2.023E+11,155 661 453,A01,3,32,0,2,1,1,1,
2.023E+11,155 661 449,Z01,1,7,0,9,1,0,1,
2.023E+11,155 661 454,B01,2,60,0,2,1,1,5,
2.023E+11,155 661 447,A01,2,31,0,2,1,0,1,
2.023E+11,155 661 452,B01,1,7,0,2,3,19,2,
2.023E+11,155 661 442,A01,1,7,0,2,1,13,1,
2.023E+11,155 661 446,B01,2,7,0,2,1,1,1,
2.023E+11,155 661 440,A01,3,7,12,0,1,1,1,
2.023E+11,155 661 437,A01,2,7,0,2,1,17,1,
2.023E+11,155 661 443,B01,2,2,0,2,4,2,1,
2.023E+11,155 661 438,A01,1,7,0,2,1,2,1,
2.023E+11,155 661 441,B01,1,7,0,2,4,2,1,
2.023E+11,155 661 444,C01,1,7,0,0,4,1,1,
2.023E+11,155 661 436,A01,2,7,13,2,3,5,1,
2.023E+11,155 661 439,B01,1,7,0,2,3,1,1,
2.023E+11,155 661 445,C01,1,7,0,2,3,1,1,
2.023E+11,155 661 434,B01,2,33,0,2,1,1,1,
2.023E+11,155 661 435,A01,1,7,0,2,2,15,0,
2.023E+11,155 661 428,B01,0,7,0,2,3,1,1,
2.023E+11,155 661 432,A01,0,7,0,2,2,1,1,
2.023E+11,155 661 425,B01,1,7,0,2,2,9,1,
2.023E+11,155 661 431,A01,1,7,0,2,8,1,1,
2.023E+11,155 661 426,A01,2,7,0,2,1,1,1,
2.023E+11,155 661 433,B01,1,7,0,2,3,19,1,
2.023E+11,155 661 424,C01,2,7,0,2,4,2,1,
2.023E+11,155 661 427,B01,2,7,0,2,4,2,1,
2.023E+11,155 661 429,A01,2,7,0,2,1,2,1,
2.023E+11,155 661 422,A01,3,7,0,2,5,15,1,
2.023E+11,155 661 430,Z01,3,7,0,2,1,1,0,
2.023E+11,155 661 420,A01,2,7,9,0,1,1,1,
2.023E+11,155 661 419,B01,0,7,0,2,1,1,1,
2.023E+11,155 661 423,A01,0,7,0,2,1,1,1,
2.023E+11,155 661 417,A01,3,7,1,0,3,13,1,
2.023E+11,155 661 416,A01,1,33,0,2,1,13,1,
2.023E+11,155 661 418,B01,2,7,0,2,3,1,1,
2.023E+11,155 661 414,B01,1,7,0,2,2,1,1,
2.023E+11,155 661 421,A01,2,33,0,2,1,1,1,
2.023E+11,155 661 412,B01,3,10,0,2,0,16,1,
2.023E+11,155 661 415,A01,3,50,0,2,7,16,3,
2.023E+11,155 661 411,A01,1,15,0,2,3,13,1,
2.023E+11,155 661 413,B01,2,7,0,2,3,1,1,
2.023E+11,155 661 409,A01,0,7,1,1,1,1,1,
2.023E+11,155 661 407,A01,0,7,0,2,2,19,1,
2.023E+11,155 661 410,B01,3,7,0,2,8,19,1,
2.023E+11,155 661 406,A01,1,33,0,2,2,17,1,
2.023E+11,155 661 408,B01,2,33,0,2,1,1,1,
2.023E+11,155 661 405,A01,2,10,6,0,3,1,1,
2.023E+11,155 661 403,A01,2,2,2,0,1,1,1,
2.023E+11,155 661 402,B01,1,7,0,2,4,23,1,
2.023E+11,155 661 404,A01,1,7,0,2,1,2,1,
2.023E+11,155 661 400,A01,1,7,0,1,9,1,1,
2.023E+11,155 661 398,A01,1,7,0,9,2,2,0,
2.023E+11,155 661 401,B01,1,1,0,0,4,2,5,
2.023E+11,155 661 396,A01,1,7,0,2,8,13,1,
2.023E+11,155 661 399,B01,2,7,0,2,8,1,1,
2.023E+11,155 661 395,A01,3,33,0,0,7,2,1,
2.023E+11,155 661 393,A01,1,7,0,2,1,13,1,
2.023E+11,155 661 397,B01,2,7,0,2,1,1,1,
2.023E+11,155 661 390,A01,3,60,0,2,1,1,5,
2.023E+11,155 661 394,B01,3,7,0,9,1,1,1,
2.023E+11,155 661 389,B01,0,7,0,2,1,1,1,
2.023E+11,155 661 392,A01,3,7,0,2,3,16,1,
2.023E+11,155 661 387,A01,3,7,6,0,1,1,1,
2.023E+11,155 661 386,A01,2,7,6,0,2,1,1,
2.023E+11,155 661 385,A01,1,33,6,2,1,18,1,
2.023E+11,155 661 388,B01,2,7,0,2,6,15,1,
2.023E+11,155 661 391,C01,2,7,0,2,3,1,1,
2.023E+11,155 661 383,A01,3,7,0,1,3,1,0,
2.023E+11,155 661 384,A01,3,50,0,1,1,2,3,
2.023E+11,155 661 381,A01,1,7,2,0,3,0,2,
2.023E+11,155 661 380,A01,1,7,2,0,1,14,1,
2.023E+11,155 661 378,A01,2,7,0,2,1,13,1,
2.023E+11,155 661 382,B01,1,7,0,2,1,1,3,
2.023E+11,155 661 375,A01,2,33,0,2,1,1,1,
2.023E+11,155 661 379,B01,2,7,0,2,3,15,1,
2.023E+11,155 661 374,A01,0,7,2,0,2,0,1,
2.023E+11,155 661 373,A01,2,33,0,2,1,1,1,
2.023E+11,155 661 377,B01,2,7,0,2,7,10,0,
2.023E+11,155 661 372,A01,1,7,8,0,1,17,1,
2.023E+11,155 661 370,A01,2,32,8,0,1,15,1,
2.023E+11,155 661 367,A01,2,32,0,0,9,1,1,
2.023E+11,155 661 368,A01,0,7,15,0,1,0,1,
2.023E+11,155 661 364,A01,2,7,0,1,1,1,1,
2.023E+11,155 661 365,A01,1,7,0,2,1,5,1,
2.023E+11,155 661 369,B01,2,7,0,2,1,1,1,
2.023E+11,155 661 362,A01,1,7,0,2,3,9,0,
2.023E+11,155 661 366,B01,2,7,0,2,1,1,0,
2.023E+11,155 661 361,A01,2,7,0,2,2,17,1,
2.023E+11,155 661 363,B01,2,15,0,0,6,13,1,
2.023E+11,155 661 360,A01,2,7,3,0,1,0,1,
2.023E+11,155 661 357,A01,1,7,0,1,3,2,1,
2.023E+11,155 661 355,A01,2,7,0,9,1,9,1,
2.023E+11,155 661 358,B01,3,1,0,2,8,2,5,
2.023E+11,155 661 356,A01,0,7,0,2,1,17,1,
2.023E+11,155 661 359,B01,0,10,0,2,1,1,1,
2.023E+11,155 661 348,A01,2,15,8,0,2,14,1,
2.023E+11,155 661 347,Z01,1,10,0,2,1,5,1,
2.023E+11,155 661 350,B01,2,33,0,2,1,1,1,
2.023E+11,155 661 351,B01,3,7,0,2,5,1,2,
2.023E+11,155 661 354,A01,0,1,0,2,4,1,5,
2.023E+11,155 661 343,A01,2,7,0,0,3,15,1,
2.023E+11,155 661 346,B01,2,33,7,0,2,17,1,
2.023E+11,155 661 342,A01,2,7,3,0,1,1,1,
2.023E+11,155 661 340,A01,2,10,0,0,6,0,1,
2.023E+11,155 661 344,B01,2,7,0,2,2,0,1,
2.023E+11,155 661 352,C01,2,7,0,2,1,1,1,
2.023E+11,155 661 339,D01,2,7,0,2,6,1,1,
2.023E+11,155 661 345,C01,2,7,0,2,8,1,1,
2.023E+11,155 661 349,B01,2,7,0,2,1,1,1,
2.023E+11,155 661 353,A01,1,17,6,2,1,1,1,
2.023E+11,155 661 338,Z01,2,7,0,2,1,15,1,
2.023E+11,155 661 341,B01,2,2,0,2,1,1,1,
2.023E+11,155 661 337,A01,1,7,8,0,1,1,1,
2.023E+11,155 661 333,A01,3,7,0,9,2,16,1,
2.023E+11,155 661 336,B01,3,1,0,0,7,17,5,
2.023E+11,155 661 326,A01,1,7,4,2,3,17,1,
2.023E+11,155 661 331,B01,1,7,0,2,6,1,1,
2.023E+11,155 661 327,B01,1,7,0,0,6,1,1,
2.023E+11,155 661 334,A01,1,15,0,2,2,2,1,
2.023E+11,155 661 323,A01,2,7,0,2,1,13,1,
2.023E+11,155 661 325,B01,1,7,0,2,1,1,1,
2.023E+11,155 661 324,B01,1,1,0,2,1,1,5,
2.023E+11,155 661 329,A01,2,1,0,2,1,1,5,
2.023E+11,155 661 319,A01,1,7,0,2,8,22,3,
2.023E+11,155 661 321,B01,2,7,0,2,3,1,1,
2.023E+11,155 661 320,A01,2,7,0,2,2,1,1,
2.023E+11,155 661 322,B01,1,2,0,2,0,10,1,
2.023E+11,155 661 318,A01,3,7,17,0,3,1,1,
2.023E+11,155 661 315,A01,1,7,0,2,8,1,1,
2.023E+11,155 661 317,B01,2,7,0,2,3,5,1,
2.023E+11,155 661 312,A01,1,33,0,0,7,1,1,
2.023E+11,155 661 311,A01,1,33,0,2,1,17,1,
2.023E+11,155 661 316,B01,1,10,0,2,6,15,1,
2.023E+11,155 661 310,B01,0,33,0,2,3,1,1,
2.023E+11,155 661 314,A01,3,7,0,2,2,2,1,
2.023E+11,155 661 307,A01,1,7,13,0,7,1,1,
2.023E+11,155 661 306,A01,1,10,0,2,3,1,1,
2.023E+11,155 661 308,B01,1,33,0,2,8,1,1,
2.023E+11,155 661 304,A01,1,2,0,0,0,0,1,
2.023E+11,155 661 303,A01,2,7,0,9,2,15,1,
2.023E+11,155 661 305,B01,1,1,0,2,1,1,5,
2.023E+11,155 661 302,A01,2,7,0,1,1,1,1,
2.023E+11,155 661 297,A01,1,10,0,2,7,1,1,
2.023E+11,155 661 300,B01,1,34,0,2,1,1,1,
2.023E+11,155 661 295,C01,2,15,3,2,3,1,1,
2.023E+11,155 661 296,A01,1,7,0,2,3,13,1,
2.023E+11,155 661 298,B01,1,7,0,2,1,1,1,
2.023E+11,155 661 299,A01,2,7,0,2,1,15,1,
2.023E+11,155 661 301,B01,1,7,0,2,2,13,1,
2.023E+11,155 661 293,A01,1,7,0,1,1,1,1,
2.023E+11,155 661 290,A01,1,30,0,2,2,1,1,
2.023E+11,155 661 292,B01,1,7,0,2,3,15,1,
2.023E+11,155 661 289,C01,1,7,1,0,1,1,1,
2.023E+11,155 661 291,A01,1,7,4,0,3,1,1,
2.023E+11,155 661 294,B01,1,7,0,0,6,23,2,
2.023E+11,155 661 285,B01,3,7,0,2,4,1,1,
2.023E+11,155 661 287,A01,3,7,0,2,1,1,1,
2.023E+11,155 661 281,A01,3,7,0,0,2,9,1,
2.023E+11,155 661 288,B01,1,1,0,0,1,1,5,
2.023E+11,155 661 279,A01,1,1,0,2,1,5,5,
2.023E+11,155 661 283,B01,1,7,0,2,3,15,1,
2.023E+11,155 661 278,A01,2,7,0,0,4,1,1,
2.023E+11,155 661 282,B01,2,7,0,2,4,2,1,
2.023E+11,155 661 286,C01,2,7,0,2,1,2,1,
2.023E+11,155 661 277,A01,3,1,0,0,0,1,5,
2.023E+11,155 661 272,A01,1,7,0,2,6,11,1,
2.023E+11,155 661 274,B01,1,33,0,2,1,1,1,
2.023E+11,155 661 273,A01,1,7,0,2,4,1,1,
2.023E+11,155 661 276,B01,1,7,0,2,1,2,1,
2.023E+11,155 661 271,A01,2,7,0,2,2,9,3,
2.023E+11,155 661 275,B01,2,33,0,2,1,2,1,
2.023E+11,155 661 270,A01,2,50,0,0,7,2,3,
2.023E+11,155 661 269,A01,1,7,0,1,3,1,2,
2.023E+11,155 661 266,A01,2,33,0,2,1,1,1,
2.023E+11,155 661 268,B01,2,7,0,2,4,1,1,
2.023E+11,155 661 264,A01,1,30,0,1,2,1,1,
2.023E+11,155 661 263,B01,1,14,0,2,6,2,1,
2.023E+11,155 661 267,A01,1,7,0,2,1,2,1,
2.023E+11,155 661 265,A01,3,7,0,0,1,15,0,
2.023E+11,155 661 260,A01,1,30,14,0,8,11,3,
2.023E+11,155 661 257,A01,1,7,6,0,1,0,3,
2.023E+11,155 661 256,A01,2,33,0,2,8,1,1,
2.023E+11,155 661 262,Z01,2,7,0,2,5,12,1,
2.023E+11,155 661 258,A01,3,7,0,2,6,1,1,
2.023E+11,155 661 261,B01,3,31,0,2,1,2,1,
2.023E+11,155 661 250,A01,2,7,0,2,1,2,1,
2.023E+11,155 661 254,B01,2,7,0,2,1,2,1,
2.023E+11,155 661 255,C01,2,7,0,2,1,2,1,
2.023E+11,155 661 259,D01,2,7,0,2,4,2,1,
2.023E+11,155 661 249,A01,3,7,0,2,2,13,1,
2.023E+11,155 661 253,B01,3,7,0,2,1,1,1,
2.023E+11,155 661 248,A01,2,7,4,0,2,1,1,
2.023E+11,155 661 251,Z01,2,7,0,1,0,1,0,
2.023E+11,155 661 245,A01,2,10,4,0,3,13,1,
2.023E+11,155 661 247,A01,3,2,0,2,1,1,1,
2.023E+11,155 661 252,B01,3,7,0,2,5,15,1,
2.023E+11,155 661 244,A01,2,7,4,0,3,1,1,
2.023E+11,155 661 242,A01,1,10,4,0,1,14,1,
2.023E+11,155 661 241,A01,0,7,0,0,9,0,0,
2.023E+11,155 661 240,A01,3,7,0,2,3,26,1,
2.023E+11,155 661 243,B01,3,43,0,2,5,1,1,
2.023E+11,155 661 238,A01,2,7,13,0,0,13,1,
2.023E+11,155 661 232,C01,2,10,0,2,1,2,1,
2.023E+11,155 661 235,A01,2,7,0,2,4,2,2,
2.023E+11,155 661 237,B01,2,7,0,2,4,2,1,
2.023E+11,155 661 231,A01,1,7,0,2,1,2,1,
2.023E+11,155 661 234,B01,1,7,0,2,4,2,1,
2.023E+11,155 661 228,A01,2,7,0,9,1,15,1,
2.023E+11,155 661 233,B01,1,1,0,2,1,2,5,
2.023E+11,155 661 227,A01,1,7,0,2,6,1,1,
2.023E+11,155 661 230,B01,1,7,0,2,1,12,1,
2.023E+11,155 661 223,A01,1,7,0,2,1,1,1,
2.023E+11,155 661 226,B01,1,7,0,2,4,1,1,
2.023E+11,155 661 224,D01,1,2,0,0,0,2,0,
2.023E+11,155 661 229,C01,1,7,0,2,3,2,0,
2.023E+11,155 661 236,B01,1,2,0,0,4,2,1,
2.023E+11,155 661 239,A01,1,7,0,2,3,2,1,
2.023E+11,155 661 219,A01,3,7,8,1,2,1,1,
2.023E+11,155 661 220,A01,2,7,0,1,2,2,1,
2.023E+11,155 661 217,A01,2,7,0,2,1,2,1,
2.023E+11,155 661 221,B01,2,7,0,2,4,2,1,
2.023E+11,155 661 222,C01,2,7,0,0,4,2,1,
2.023E+11,155 661 225,D01,0,7,0,2,4,2,2,
2.023E+11,155 661 213,A01,1,31,1,0,0,1,1,
2.023E+11,155 661 210,A01,2,33,0,2,1,3,1,
2.023E+11,155 661 214,B01,2,7,0,2,2,2,3,
2.023E+11,155 661 215,C01,2,7,0,2,6,2,3,
2.023E+11,155 661 218,D01,2,7,0,2,2,0,1,
2.023E+11,155 661 211,A01,3,2,0,2,7,13,0,
2.023E+11,155 661 216,B01,3,7,0,0,7,1,1,
2.023E+11,155 661 208,A01,2,10,0,2,1,2,1,
2.023E+11,155 661 212,B01,2,7,0,2,4,1,1,
2.023E+11,155 661 209,A01,1,34,0,1,2,1,1,
2.023E+11,155 661 204,A01,1,7,3,0,3,1,1,
2.023E+11,155 661 205,A01,1,30,8,0,0,0,1,
2.023E+11,155 661 207,A01,3,10,0,1,2,15,1,
2.023E+11,155 661 202,A01,1,7,0,2,7,12,1,
2.023E+11,155 661 206,B01,1,43,0,2,8,3,1,
2.023E+11,155 661 203,A01,1,30,0,0,0,1,1,
2.023E+11,155 661 199,A01,2,10,6,0,1,15,1,
2.023E+11,155 661 196,B01,2,7,0,2,4,23,1,
2.023E+11,155 661 201,A01,2,7,0,2,1,1,1,
2.023E+11,155 661 194,A01,1,7,0,2,1,1,1,
2.023E+11,155 661 198,B01,1,7,0,2,4,1,1,
2.023E+11,155 661 193,B01,2,7,0,2,3,21,1,
2.023E+11,155 661 197,A01,2,7,0,2,5,14,1,
2.023E+11,155 661 189,B01,1,7,0,2,4,2,1,
2.023E+11,155 661 192,A01,1,10,0,2,1,2,1,
2.023E+11,155 661 195,D01,1,17,0,2,4,2,1,
2.023E+11,155 661 200,C01,1,10,0,2,4,2,1,
2.023E+11,155 661 190,A01,1,7,0,1,3,1,1,
2.023E+11,155 661 185,A01,2,7,1,2,2,1,1,
2.023E+11,155 661 188,B01,2,7,0,2,6,23,1,
2.023E+11,155 661 191,C01,2,7,0,2,6,2,2,
2.023E+11,155 661 183,B01,2,7,0,2,4,2,0,
2.023E+11,155 661 186,A01,2,15,0,2,1,2,0,
2.023E+11,155 661 182,C01,1,7,0,2,3,1,1,
2.023E+11,155 661 184,A01,1,33,0,2,8,3,1,
2.023E+11,155 661 187,B01,1,7,0,2,7,1,1,
2.023E+11,155 661 179,A01,2,10,0,2,2,16,1,
2.023E+11,155 661 181,B01,2,60,0,2,1,1,5,
2.023E+11,155 661 174,A01,2,33,0,2,1,3,1,
2.023E+11,155 661 177,B01,2,7,0,2,7,12,1,
2.023E+11,155 661 171,B01,3,1,0,2,0,1,5,
2.023E+11,155 661 175,A01,3,50,0,2,0,15,3,
2.023E+11,155 661 170,B01,1,32,0,2,7,1,1,
2.023E+11,155 661 173,A01,1,7,0,2,8,17,0,
2.023E+11,155 661 172,B01,2,7,0,2,9,1,1,
2.023E+11,155 661 178,A01,2,10,0,2,6,12,1,
2.023E+11,155 661 180,C01,2,7,0,2,2,0,1,
2.023E+11,155 661 169,A01,2,31,0,2,1,1,1,
2.023E+11,155 661 176,B01,2,7,0,2,2,1,1,
2.023E+11,155 661 167,A01,0,7,0,1,5,20,1,
2.023E+11,155 661 165,B01,2,7,0,2,4,2,1,
2.023E+11,155 661 168,A01,2,34,0,2,1,2,1,
2.023E+11,155 661 164,A01,2,30,0,1,1,1,1,
2.023E+11,155 661 161,A01,1,7,12,0,4,26,1,
2.023E+11,155 661 162,B01,2,7,0,9,4,26,1,
2.023E+11,155 661 160,B01,2,10,0,2,4,1,1,
2.023E+11,155 661 163,A01,2,10,0,2,1,1,1,
2.023E+11,155 661 166,C01,2,10,0,2,4,1,1,
2.023E+11,155 661 156,A01,2,7,0,2,1,1,1,
2.023E+11,155 661 159,B01,1,7,0,2,1,1,1,
2.023E+11,155 661 155,A01,2,7,0,2,2,20,1,
2.023E+11,155 661 158,B01,1,33,0,2,8,1,1,
2.023E+11,155 661 153,B01,1,7,0,2,1,1,1,
2.023E+11,155 661 157,A01,3,50,0,2,7,0,3,
2.023E+11,155 661 151,B01,1,2,11,2,7,12,1,
2.023E+11,155 661 154,A01,1,10,0,9,3,1,1,
2.023E+11,155 661 145,C01,2,7,0,2,4,2,2,
2.023E+11,155 661 149,B01,2,7,0,2,4,2,1,
2.023E+11,155 661 152,A01,2,10,0,2,1,2,1,
2.023E+11,155 661 146,B01,1,2,0,2,1,1,3,
2.023E+11,155 661 148,A01,2,10,0,2,3,15,1,
2.023E+11,155 661 147,A01,3,1,0,2,3,19,5,
2.023E+11,155 661 150,B01,2,7,0,2,1,1,2,
2.023E+11,155 661 143,Z01,1,30,0,0,0,2,1,
2.023E+11,155 661 140,B01,1,7,0,2,3,1,1,
2.023E+11,155 661 142,C01,1,10,0,2,4,2,1,
2.023E+11,155 661 144,A01,1,32,0,2,8,10,1,
2.023E+11,155 661 138,A01,1,33,0,2,0,17,1,
2.023E+11,155 661 139,B01,-1,7,0,1,1,1,-1,
2.023E+11,155 661 136,A01,2,31,0,2,8,3,1,
2.023E+11,155 661 141,B01,2,7,0,2,7,1,2,
2.023E+11,155 661 135,A01,1,30,0,2,1,0,1,
2.023E+11,155 661 137,B01,1,7,0,2,5,2,1,
2.023E+11,155 661 134,A01,1,60,8,0,1,25,5,
2.023E+11,155 661 128,A01,2,1,0,2,1,1,5,
2.023E+11,155 661 132,B01,1,7,0,2,3,1,3,
2.023E+11,155 661 127,A01,2,7,0,2,8,9,1,
2.023E+11,155 661 133,B01,1,7,0,2,3,13,1,
2.023E+11,155 661 125,B01,2,33,0,2,1,1,1,
2.023E+11,155 661 130,A01,2,7,0,2,6,11,1,
2.023E+11,155 661 122,A01,2,37,0,9,5,1,1,1
2.023E+11,155 661 126,B01,2,60,0,2,3,1,5,
2.023E+11,155 661 123,A01,2,7,0,2,3,9,1,
2.023E+11,155 661 129,B01,2,34,0,2,1,1,1,
2.023E+11,155 661 121,A01,1,7,0,2,1,1,1,
2.023E+11,155 661 124,B01,1,7,0,2,9,1,1,
2.023E+11,155 661 131,C01,1,7,0,2,4,9,1,
2.023E+11,155 661 119,A01,1,7,0,1,0,0,0,
2.023E+11,155 661 117,B01,1,7,0,2,8,1,3,
2.023E+11,155 661 120,A01,1,32,0,2,7,17,0,
2.023E+11,155 661 116,A01,2,7,1,0,2,1,1,
2.023E+11,155 661 110,D01,1,7,0,2,2,13,1,
2.023E+11,155 661 112,C01,1,7,14,2,1,23,1,
2.023E+11,155 661 115,A01,1,33,0,0,7,16,1,
2.023E+11,155 661 118,B01,1,7,14,2,4,23,1,
2.023E+11,155 661 109,B01,2,33,0,2,0,1,0,
2.023E+11,155 661 114,A01,3,7,0,2,6,19,1,
2.023E+11,155 661 108,A01,3,33,0,2,0,1,1,
2.023E+11,155 661 105,A01,1,2,0,2,1,17,3,
2.023E+11,155 661 111,B01,1,7,0,2,3,1,1,
2.023E+11,155 661 107,A01,1,7,0,2,3,15,0,
2.023E+11,155 661 113,B01,1,34,0,2,1,1,1,
2.023E+11,155 661 102,B01,1,7,0,2,1,1,1,
2.023E+11,155 661 103,A01,3,50,0,2,7,19,3,
2.023E+11,155 661 101,A01,1,13,0,1,2,16,0,
2.023E+11,155 661 100,B01,3,7,0,2,2,1,1,
2.023E+11,155 661 106,A01,3,34,0,2,1,19,1,
2.023E+11,155 661 098,A01,1,7,0,2,2,26,1,
2.023E+11,155 661 104,B01,2,1,0,2,1,1,5,
2.023E+11,155 661 096,A01,1,7,0,2,3,15,1,
2.023E+11,155 661 099,B01,2,7,0,2,2,1,1,
2.023E+11,155 661 097,A01,2,1,0,1,7,1,5,
2.023E+11,155 661 093,A01,1,7,0,1,1,1,1,
2.023E+11,155 661 092,B01,2,33,0,2,1,1,1,
2.023E+11,155 661 095,A01,2,7,0,2,6,19,1,
2.023E+11,155 661 091,B01,1,50,0,2,7,19,3,
2.023E+11,155 661 094,A01,1,7,0,9,1,16,1,
2.023E+11,155 661 088,B01,1,34,0,2,1,26,1,
2.023E+11,155 661 090,A01,2,10,0,2,3,15,1,
2.023E+11,155 661 085,A01,2,7,13,0,1,13,1,
2.023E+11,155 661 087,A01,1,1,0,1,1,21,5,
2.023E+11,155 661 084,B01,2,33,0,2,7,1,1,
2.023E+11,155 661 089,A01,2,7,0,2,2,9,1,
2.023E+11,155 661 082,B01,1,2,0,2,1,1,1,
2.023E+11,155 661 086,A01,1,7,0,2,1,16,1,
2.023E+11,155 661 080,B01,2,31,0,2,0,0,0,
2.023E+11,155 661 083,A01,1,7,0,2,0,0,0,
2.023E+11,155 661 079,A01,1,10,0,1,1,1,1,
2.023E+11,155 661 076,Z01,1,50,9,2,0,25,3,
2.023E+11,155 661 081,B01,2,1,9,2,0,25,5,
2.023E+11,155 661 078,A01,2,30,0,0,0,21,1,
2.023E+11,155 661 075,A01,1,7,0,2,3,1,2,
2.023E+11,155 661 077,B01,2,7,0,2,3,1,1,
2.023E+11,155 661 072,A01,1,32,0,2,8,7,1,
2.023E+11,155 661 074,B01,1,7,0,2,7,16,1,
2.023E+11,155 661 069,A01,1,33,0,2,1,1,1,
2.023E+11,155 661 073,B01,2,7,0,2,3,9,1,
2.023E+11,155 661 070,B01,2,32,0,2,2,1,1,
2.023E+11,155 661 071,A01,2,7,0,2,3,9,1,
2.023E+11,155 661 067,A01,2,7,15,0,1,0,3,
2.023E+11,155 661 066,A01,1,7,0,1,1,1,1,
2.023E+11,155 661 068,A01,2,80,0,1,1,1,3,
2.023E+11,155 661 064,B01,1,10,0,2,8,1,1,
2.023E+11,155 661 065,A01,1,7,0,2,1,19,1,
2.023E+11,155 661 063,A01,3,7,0,1,1,1,0,
2.023E+11,155 661 062,A01,1,7,15,1,1,25,1,
2.023E+11,155 661 055,B01,1,7,0,0,4,1,1,
2.023E+11,155 661 058,A01,1,7,0,2,1,1,1,
2.023E+11,155 661 059,A01,3,7,0,2,1,26,1,