Num_Acc,id_vehicule,num_veh,senc,catv,obs,obsm,choc,manv,motor,occutc
2.023E+11,155 660 595,B01,1,7,0,2,3,1,1,
2.023E+11,155 660 596,A01,1,7,0,2,1,1,1,
2.023E+11,155 660 593,A01,1,7,0,2,2,2,1,
2.023E+11,155 660 594,B01,1,7,0,2,6,2,1,
2.023E+11,155 660 591,A01,2,7,0,2,1,2,1,
2.023E+11,155 660 592,B01,2,7,0,2,4,2,1,
2.023E+11,155 660 589,A01,1,7,3,2,0,1,1,
2.023E+11,155 660 590,B01,1,7,0,2,1,1,1,
2.023E+11,155 660 588,A01,1,7,0,0,0,9,1,
2.023E+11,155 660 586,A01,1,7,0,2,2,14,2,
2.023E+11,155 660 587,B01,1,33,0,2,1,18,1,
2.023E+11,155 660 584,B01,1,7,0,2,4,1,1,
2.023E+11,155 660 585,A01,1,7,0,2,1,2,1,
2.023E+11,155 660 579,B01,2,7,0,2,4,1,1,
2.023E+11,155 660 581,A01,2,7,0,2,1,2,1,
2.023E+11,155 660 578,B01,1,7,0,2,4,2,1,
2.023E+11,155 660 580,C01,1,10,0,2,4,1,1,
2.023E+11,155 660 582,D01,1,10,0,0,0,0,1,
2.023E+11,155 660 583,A01,1,7,0,2,4,2,1,
2.023E+11,155 660 572,A01,2,7,6,0,2,1,1,
2.023E+11,155 660 569,A01,1,7,4,0,3,13,1,
2.023E+11,155 660 568,D01,2,7,0,2,4,1,1,
2.023E+11,155 660 570,E01,2,7,0,2,5,1,1,
2.023E+11,155 660 571,F01,2,33,3,2,1,3,1,
2.023E+11,155 660 573,A01,2,7,0,2,7,1,1,
2.023E+11,155 660 574,B01,2,34,0,2,4,3,1,
2.023E+11,155 660 575,C01,2,7,0,2,4,1,1,
2.023E+11,155 660 565,A01,2,7,0,2,1,13,1,
2.023E+11,155 660 567,B01,1,37,0,2,1,0,1,1
2.023E+11,155 660 564,A01,1,33,4,2,8,3,1,
2.023E+11,155 660 566,B01,1,7,4,2,5,14,1,
2.023E+11,155 660 562,A01,2,33,0,2,7,1,1,
2.023E+11,155 660 563,B01,2,7,0,2,3,11,1,
2.023E+11,155 660 559,A01,2,33,0,2,1,3,1,
2.023E+11,155 660 560,B01,2,7,0,2,8,13,1,
2.023E+11,155 660 561,C01,2,7,0,2,4,2,1,
2.023E+11,155 660 558,A01,1,33,3,0,8,12,1,
2.023E+11,155 660 555,A01,2,10,0,2,5,12,1,
2.023E+11,155 660 556,B01,1,33,0,2,8,1,1,
2.023E+11,155 660 557,C01,2,7,0,2,5,1,1,
2.023E+11,155 660 553,A01,2,33,0,2,3,3,1,
2.023E+11,155 660 554,B01,2,10,0,2,2,12,1,
2.023E+11,155 660 552,A01,2,7,4,0,1,1,1,
2.023E+11,155 660 551,Z01,1,7,0,1,0,0,0,
2.023E+11,155 660 550,A01,2,7,4,0,1,26,1,
2.023E+11,155 660 545,A01,1,33,0,2,1,3,1,
2.023E+11,155 660 546,B01,1,10,0,2,3,2,1,
2.023E+11,155 660 547,C01,1,7,0,2,2,2,1,
2.023E+11,155 660 548,D01,1,7,0,2,4,2,1,
2.023E+11,155 660 549,E01,1,7,0,2,4,2,1,
2.023E+11,155 660 543,A01,1,10,0,2,3,15,1,
2.023E+11,155 660 544,B01,1,1,0,2,2,13,5,
2.023E+11,155 660 541,B01,2,7,7,0,7,1,1,
2.023E+11,155 660 542,A01,2,7,0,2,1,1,1,
2.023E+11,155 660 538,A01,2,33,0,2,1,5,0,
2.023E+11,155 660 539,B01,1,7,0,2,1,1,0,
2.023E+11,155 660 540,C01,1,7,0,2,1,1,0,
2.023E+11,155 660 536,A01,2,80,0,2,1,1,3,
2.023E+11,155 660 537,B01,1,1,0,2,1,1,5,
2.023E+11,155 660 534,A01,1,80,0,2,1,21,3,
2.023E+11,155 660 535,B01,1,7,0,0,5,23,1,
2.023E+11,155 660 533,Y01,1,1,0,1,1,1,5,
2.023E+11,155 660 532,A01,1,50,12,0,0,2,3,
2.023E+11,155 660 530,A01,1,1,0,2,1,2,5,
2.023E+11,155 660 531,B01,1,7,0,2,4,1,2,
2.023E+11,155 660 528,B01,3,7,0,2,2,23,1,
2.023E+11,155 660 529,A01,3,43,0,2,1,1,1,
2.023E+11,155 660 526,A01,1,7,0,2,5,22,1,
2.023E+11,155 660 527,B01,1,2,0,2,3,18,3,
2.023E+11,155 660 525,A01,1,10,0,1,3,1,6,
2.023E+11,155 660 523,A01,2,7,0,2,3,10,1,
2.023E+11,155 660 524,B01,2,50,0,2,1,17,3,
2.023E+11,155 660 522,Z01,2,7,0,1,7,1,1,
2.023E+11,155 660 520,A01,1,50,0,2,4,2,3,
2.023E+11,155 660 521,Z01,1,1,0,0,0,2,5,
2.023E+11,155 660 519,A01,1,13,0,1,3,1,1,
2.023E+11,155 660 518,A01,1,14,0,1,1,2,1,
2.023E+11,155 660 517,A01,1,31,0,0,3,16,1,
2.023E+11,155 660 516,A01,2,7,0,1,3,1,1,
2.023E+11,155 660 514,A01,1,7,0,2,1,15,2,
2.023E+11,155 660 515,C01,1,33,0,2,1,15,1,
2.023E+11,155 660 512,A01,0,7,0,2,1,1,1,
2.023E+11,155 660 513,B01,0,31,0,2,4,1,1,
2.023E+11,155 660 511,A01,1,7,0,1,1,15,1,
2.023E+11,155 660 509,B01,1,31,0,2,6,1,1,
2.023E+11,155 660 510,A01,1,30,0,2,1,2,1,
2.023E+11,155 660 508,A01,3,50,0,1,0,1,3,
2.023E+11,155 660 507,A01,2,31,0,1,1,1,1,
2.023E+11,155 660 505,A01,3,33,0,2,0,13,1,
2.023E+11,155 660 506,B01,3,1,0,2,0,1,5,
2.023E+11,155 660 504,A01,1,80,0,1,1,1,3,
2.023E+11,155 660 502,B01,1,7,0,2,4,1,1,
2.023E+11,155 660 503,A01,1,32,0,2,1,1,1,
2.023E+11,155 660 500,A01,0,1,0,0,1,1,5,
2.023E+11,155 660 501,Z01,0,7,0,0,1,5,3,
2.023E+11,155 660 499,Z01,2,7,0,1,7,1,1,
2.023E+11,155 660 498,A01,1,10,0,1,6,4,1,
2.023E+11,155 660 497,A01,1,1,0,0,0,9,5,
2.023E+11,155 660 495,B01,1,7,0,2,3,2,2,
2.023E+11,155 660 496,A01,1,43,0,2,6,1,1,
2.023E+11,155 660 493,B01,2,7,0,2,4,15,2,
2.023E+11,155 660 494,A01,2,7,0,2,3,23,2,
2.023E+11,155 660 491,B01,3,7,0,2,0,1,1,
2.023E+11,155 660 492,A01,1,33,0,2,0,1,1,
2.023E+11,155 660 489,A01,3,33,0,2,7,1,1,
2.023E+11,155 660 490,B01,3,7,0,2,3,1,1,
2.023E+11,155 660 488,A01,2,1,0,0,0,1,5,
2.023E+11,155 660 487,A01,1,1,0,1,7,1,5,
2.023E+11,155 660 485,A01,1,50,0,2,1,1,3,
2.023E+11,155 660 486,B01,2,1,0,2,8,1,5,
2.023E+11,155 660 482,A01,1,1,0,0,0,1,5,
2.023E+11,155 660 481,A01,2,30,0,0,7,1,3,
2.023E+11,155 660 479,B01,2,32,0,2,3,16,1,
2.023E+11,155 660 480,A01,2,7,0,2,2,1,3,
2.023E+11,155 660 477,A01,2,80,0,2,7,1,3,
2.023E+11,155 660 478,B01,1,7,0,2,3,1,2,
2.023E+11,155 660 476,A01,1,30,0,0,1,1,1,
2.023E+11,155 660 474,A01,0,7,0,2,2,15,0,
2.023E+11,155 660 475,B01,0,1,0,2,8,15,5,
2.023E+11,155 660 473,A01,0,60,0,0,0,1,5,
2.023E+11,155 660 472,A01,1,32,12,0,0,1,1,
2.023E+11,155 660 470,B01,2,1,0,2,8,1,5,
2.023E+11,155 660 471,A01,1,7,0,2,3,15,1,
2.023E+11,155 660 468,B01,2,60,0,2,1,1,5,
2.023E+11,155 660 469,A01,2,7,0,2,2,15,1,
2.023E+11,155 660 467,A01,1,10,0,1,1,1,1,
2.023E+11,155 660 466,A01,2,7,0,0,0,12,1,
2.023E+11,155 660 464,B01,1,60,0,2,0,0,5,
2.023E+11,155 660 465,A01,1,7,0,2,3,15,1,
2.023E+11,155 660 463,A01,3,7,0,1,1,2,1,
2.023E+11,155 660 462,A01,2,7,12,0,8,0,1,
2.023E+11,155 660 460,B01,2,31,0,2,1,18,1,
2.023E+11,155 660 461,A01,2,7,0,2,5,14,1,
2.023E+11,155 660 458,A01,2,7,0,2,2,1,1,
2.023E+11,155 660 459,B01,2,7,0,2,6,1,1,
2.023E+11,155 660 456,B01,3,3,0,2,2,19,1,
2.023E+11,155 660 457,A01,3,7,0,2,3,19,1,
2.023E+11,155 660 454,B01,2,1,0,2,8,19,5,
2.023E+11,155 660 455,A01,1,7,0,2,3,19,1,
2.023E+11,155 660 453,A01,2,7,6,0,1,14,1,
2.023E+11,155 660 451,A01,3,43,0,2,2,19,1,
2.023E+11,155 660 452,B01,3,7,0,2,3,0,1,
2.023E+11,155 660 450,A01,0,7,0,1,4,7,1,
2.023E+11,155 660 448,B01,0,50,0,2,0,1,3,
2.023E+11,155 660 449,A01,3,7,0,9,0,0,1,
2.023E+11,155 660 443,A01,0,2,0,0,8,15,1,
2.023E+11,155 660 442,A01,0,7,0,1,1,16,1,
2.023E+11,155 660 440,B01,0,7,0,0,0,0,1,
2.023E+11,155 660 441,A01,0,33,0,0,1,1,1,
2.023E+11,155 660 439,A01,3,7,0,1,3,1,1,
2.023E+11,155 660 437,A01,0,7,9,2,1,9,1,
2.023E+11,155 660 438,B01,0,33,0,2,1,1,1,
2.023E+11,155 660 436,A01,3,7,0,1,1,1,1,
2.023E+11,155 660 434,A01,1,34,0,2,8,13,1,
2.023E+11,155 660 435,B01,1,33,0,2,7,1,1,
2.023E+11,155 660 432,B01,1,1,0,2,1,19,5,
2.023E+11,155 660 433,A01,2,7,0,2,5,21,1,
2.023E+11,155 660 431,A01,1,7,6,0,1,1,1,
2.023E+11,155 660 429,B01,2,50,0,2,7,1,3,
2.023E+11,155 660 430,A01,1,7,0,2,3,19,1,
2.023E+11,155 660 428,A01,2,7,0,1,2,19,1,
2.023E+11,155 660 426,A01,2,50,0,2,1,18,3,
2.023E+11,155 660 427,B01,2,7,0,2,2,16,1,
2.023E+11,155 660 425,A01,1,7,6,0,0,13,1,
2.023E+11,155 660 424,A01,1,33,16,0,1,1,1,
2.023E+11,155 660 423,A01,2,7,0,1,1,1,1,
2.023E+11,155 660 422,A01,0,50,0,0,0,1,3,
2.023E+11,155 660 421,A01,1,7,1,0,2,14,2,
2.023E+11,155 660 419,A01,1,7,1,0,1,1,1,
2.023E+11,155 660 420,B01,1,7,0,2,4,16,1,
2.023E+11,155 660 417,A01,2,7,0,2,1,15,1,
2.023E+11,155 660 418,B01,2,50,0,2,7,19,3,
2.023E+11,155 660 415,A01,1,1,0,2,4,15,5,
2.023E+11,155 660 416,B01,1,7,0,2,1,1,1,
2.023E+11,155 660 414,A01,2,33,0,0,0,1,1,
2.023E+11,155 660 412,A01,1,7,0,2,5,23,1,
2.023E+11,155 660 413,B01,1,7,0,2,3,1,1,
2.023E+11,155 660 410,A01,3,7,0,2,3,1,1,
2.023E+11,155 660 411,B01,3,1,0,2,1,1,5,
2.023E+11,155 660 409,A01,2,7,1,1,1,13,1,
2.023E+11,155 660 407,A01,3,7,0,2,1,19,1,
2.023E+11,155 660 408,B01,3,7,0,2,1,0,1,
2.023E+11,155 660 405,A01,0,33,0,2,1,2,1,
2.023E+11,155 660 406,B01,0,7,0,2,4,1,1,
2.023E+11,155 660 403,A01,2,7,0,2,1,1,1,
2.023E+11,155 660 404,B01,1,7,0,2,1,15,1,
2.023E+11,155 660 401,B01,2,7,0,2,8,1,1,
2.023E+11,155 660 402,A01,1,7,0,2,1,1,1,
2.023E+11,155 660 399,A01,1,2,0,2,1,2,1,
2.023E+11,155 660 400,B01,1,7,0,2,2,10,1,
2.023E+11,155 660 398,A01,1,7,1,0,2,0,2,
2.023E+11,155 660 397,A01,1,7,0,1,2,1,1,
2.023E+11,155 660 395,B01,1,33,0,2,3,3,1,
2.023E+11,155 660 396,A01,1,7,0,2,7,12,2,
2.023E+11,155 660 392,C01,1,7,0,2,2,1,1,
2.023E+11,155 660 393,A01,1,31,0,2,1,3,1,
2.023E+11,155 660 394,B01,1,10,0,2,6,1,1,
2.023E+11,155 660 390,B01,1,7,0,2,8,1,1,
2.023E+11,155 660 391,A01,1,7,0,2,3,1,1,
2.023E+11,155 660 387,B01,1,33,0,2,1,1,1,
2.023E+11,155 660 388,Z01,1,7,0,2,5,12,0,
2.023E+11,155 660 389,A01,1,33,0,2,2,1,1,
2.023E+11,155 660 386,A01,1,7,0,1,3,15,2,
2.023E+11,155 660 385,A01,1,7,0,0,3,11,1,
2.023E+11,155 660 384,A01,1,7,2,0,0,13,1,
2.023E+11,155 660 382,B01,2,7,0,2,2,1,1,
2.023E+11,155 660 383,A01,1,7,0,2,2,13,1,
2.023E+11,155 660 380,A01,1,7,0,2,1,13,3,
2.023E+11,155 660 381,B01,2,7,0,2,1,13,1,
2.023E+11,155 660 378,A01,2,7,13,2,3,13,1,
2.023E+11,155 660 379,B01,1,7,13,2,3,1,1,
2.023E+11,155 660 377,A01,1,7,0,1,2,1,0,
2.023E+11,155 660 375,A01,1,33,0,2,7,17,1,
2.023E+11,155 660 376,B01,1,7,0,2,8,15,1,
2.023E+11,155 660 373,B01,3,13,0,2,1,1,1,
2.023E+11,155 660 374,A01,3,2,0,2,2,13,1,
2.023E+11,155 660 372,A01,2,7,13,0,9,13,1,
2.023E+11,155 660 371,A01,3,7,2,0,1,13,1,
2.023E+11,155 660 369,B01,2,7,0,2,2,1,0,
2.023E+11,155 660 370,A01,2,7,2,2,6,17,0,
2.023E+11,155 660 368,A01,2,7,2,0,1,1,1,
2.023E+11,155 660 367,A01,1,33,5,0,1,1,1,
2.023E+11,155 660 366,A01,1,7,2,0,2,1,0,
2.023E+11,155 660 365,A01,2,10,0,1,3,1,1,
2.023E+11,155 660 363,A01,2,7,13,2,5,26,1,
2.023E+11,155 660 364,B01,2,10,4,0,6,0,1,
2.023E+11,155 660 354,C01,1,7,0,0,8,0,0,
2.023E+11,155 660 355,D01,1,10,0,2,1,0,0,
2.023E+11,155 660 356,E01,1,10,0,2,1,0,0,
2.023E+11,155 660 357,A01,1,7,0,0,1,1,0,
2.023E+11,155 660 358,B01,1,7,0,0,7,0,0,
2.023E+11,155 660 352,A01,1,7,4,2,7,1,1,
2.023E+11,155 660 353,B01,1,7,4,2,8,11,1,
2.023E+11,155 660 351,A01,1,10,2,0,2,14,1,
2.023E+11,155 660 349,A01,1,13,0,0,4,15,0,
2.023E+11,155 660 350,B01,1,31,0,0,3,17,0,
2.023E+11,155 660 348,A01,1,7,8,0,1,1,1,
2.023E+11,155 660 346,A01,1,10,1,1,1,2,1,
2.023E+11,155 660 347,B01,1,13,0,2,4,24,1,
2.023E+11,155 660 345,A01,1,7,16,0,8,13,1,
2.023E+11,155 660 344,A01,0,36,6,1,3,26,1,
2.023E+11,155 660 342,A01,3,37,0,2,3,1,1,1
2.023E+11,155 660 343,B01,3,7,0,2,3,1,1,
2.023E+11,155 660 340,A01,2,7,8,2,1,5,1,
2.023E+11,155 660 341,B01,1,7,0,0,1,1,1,
2.023E+11,155 660 339,A01,3,2,0,0,7,0,1,
2.023E+11,155 660 338,A01,2,7,13,0,0,0,1,
2.023E+11,155 660 337,A01,1,7,0,1,2,16,1,
2.023E+11,155 660 335,A01,2,7,0,2,3,1,1,
2.023E+11,155 660 336,B01,1,1,0,2,7,9,5,
2.023E+11,155 660 334,A01,1,7,0,1,2,1,1,
2.023E+11,155 660 332,A01,0,7,0,2,4,1,1,
2.023E+11,155 660 333,B01,0,7,0,0,3,1,1,
2.023E+11,155 660 331,A01,0,7,8,0,1,2,1,
2.023E+11,155 660 330,A01,1,7,3,0,2,1,1,
2.023E+11,155 660 328,A01,1,99,0,2,2,1,1,
2.023E+11,155 660 329,B01,2,7,0,2,3,1,1,
2.023E+11,155 660 327,A01,2,7,4,0,1,1,1,
2.023E+11,155 660 326,A01,2,7,3,0,3,13,1,
2.023E+11,155 660 324,A01,2,7,0,2,3,11,1,
2.023E+11,155 660 325,B01,2,7,0,2,2,1,1,
2.023E+11,155 660 322,A01,1,7,0,2,2,12,1,
2.023E+11,155 660 323,B01,1,7,0,2,3,1,1,
2.023E+11,155 660 320,A01,2,33,0,2,1,3,1,
2.023E+11,155 660 321,B01,2,7,0,2,5,1,1,
2.023E+11,155 660 316,B01,1,7,13,2,3,13,1,
2.023E+11,155 660 318,A01,2,7,13,2,1,2,1,
2.023E+11,155 660 319,C01,1,7,13,2,3,1,1,
2.023E+11,155 660 315,B01,1,31,0,2,4,3,1,
2.023E+11,155 660 317,A01,1,7,0,2,1,12,1,
2.023E+11,155 660 314,A01,2,31,1,9,1,1,1,
2.023E+11,155 660 312,A01,3,7,0,1,3,16,1,
2.023E+11,155 660 311,A01,2,7,0,1,2,1,1,
2.023E+11,155 660 309,A01,2,7,0,2,1,2,1,
2.023E+11,155 660 310,B01,2,7,0,2,4,2,1,
2.023E+11,155 660 313,C01,2,7,0,2,4,2,1,
2.023E+11,155 660 307,B01,1,7,0,2,1,0,0,
2.023E+11,155 660 308,A01,2,17,0,2,6,26,0,
2.023E+11,155 660 304,B01,2,7,0,2,5,1,1,
2.023E+11,155 660 306,A01,2,31,0,2,1,1,1,
2.023E+11,155 660 305,A01,1,7,8,0,3,13,0,
2.023E+11,155 660 302,A01,2,10,4,0,1,26,1,
2.023E+11,155 660 301,B01,2,10,0,2,3,1,1,
2.023E+11,155 660 303,A01,1,7,0,2,3,1,1,
2.023E+11,155 660 299,A01,0,7,2,0,3,13,1,
2.023E+11,155 660 297,B01,2,7,0,2,2,2,1,
2.023E+11,155 660 300,A01,2,7,0,2,6,11,1,
2.023E+11,155 660 296,B01,2,33,0,2,1,1,1,
2.023E+11,155 660 298,A01,1,7,0,2,7,15,1,
2.023E+11,155 660 295,A01,1,7,14,0,3,12,1,
2.023E+11,155 660 293,A01,2,7,0,2,3,1,3,
2.023E+11,155 660 294,B01,1,7,0,2,3,1,1,
2.023E+11,155 660 290,A01,1,1,1,0,1,1,5,
2.023E+11,155 660 289,B01,1,7,4,2,6,1,0,
2.023E+11,155 660 291,C01,1,7,0,2,1,2,0,
2.023E+11,155 660 292,A01,1,17,0,2,2,12,0,
2.023E+11,155 660 285,A01,0,2,0,0,3,25,1,
2.023E+11,155 660 283,A01,1,7,12,0,3,1,1,
2.023E+11,155 660 284,A01,2,10,0,2,4,1,1,
2.023E+11,155 660 286,B01,2,7,4,2,9,1,1,
2.023E+11,155 660 287,C01,2,10,0,2,4,0,1,
2.023E+11,155 660 282,A01,1,7,0,1,1,1,0,
2.023E+11,155 660 280,A01,3,7,10,0,0,24,1,
2.023E+11,155 660 278,A01,1,15,0,2,1,1,1,
2.023E+11,155 660 279,B01,1,15,0,2,4,1,1,
2.023E+11,155 660 281,C01,1,15,0,2,4,1,1,
2.023E+11,155 660 277,A01,2,2,0,0,0,1,1,
2.023E+11,155 660 275,A01,1,33,0,0,6,1,1,
2.023E+11,155 660 274,A01,2,33,0,2,2,3,1,
2.023E+11,155 660 276,B01,2,7,0,2,3,11,1,
2.023E+11,155 660 271,A01,2,7,0,0,4,23,1,
2.023E+11,155 660 272,B01,2,7,0,2,1,2,1,
2.023E+11,155 660 273,C01,2,10,0,2,1,2,0,
2.023E+11,155 660 270,A01,2,38,10,0,1,1,1,16
2.023E+11,155 660 267,A01,1,7,0,1,4,4,1,
2.023E+11,155 660 268,A01,1,7,0,2,5,2,1,
2.023E+11,155 660 269,B01,1,31,0,2,1,18,1,
2.023E+11,155 660 264,A01,1,7,0,2,1,13,1,
2.023E+11,155 660 266,B01,2,7,0,2,1,1,1,
2.023E+11,155 660 260,A01,1,7,0,2,3,13,1,
2.023E+11,155 660 262,B01,2,2,0,2,1,1,1,
2.023E+11,155 660 259,A01,1,7,9,0,8,1,1,
2.023E+11,155 660 261,A01,2,10,0,2,4,23,1,
2.023E+11,155 660 263,B01,2,7,0,2,4,1,1,
2.023E+11,155 660 265,C01,2,10,0,2,1,1,1,
2.023E+11,155 660 257,A01,1,7,15,0,3,13,1,
2.023E+11,155 660 254,A01,1,7,0,2,1,1,1,
2.023E+11,155 660 255,B01,1,7,3,2,4,1,1,
2.023E+11,155 660 256,C01,1,7,3,2,4,1,1,
2.023E+11,155 660 258,D01,1,7,3,2,7,1,1,
2.023E+11,155 660 252,A01,2,17,0,2,1,1,1,
2.023E+11,155 660 253,B01,1,10,0,0,7,1,1,
2.023E+11,155 660 249,A01,1,10,3,2,2,2,1,
2.023E+11,155 660 250,B01,1,15,0,2,6,2,1,
2.023E+11,155 660 245,A01,1,7,3,0,8,0,1,
2.023E+11,155 660 247,B01,1,7,14,0,1,1,1,
2.023E+11,155 660 246,A01,1,10,0,2,6,1,3,
2.023E+11,155 660 248,B01,1,7,14,0,3,1,1,
2.023E+11,155 660 251,C01,1,33,0,2,1,0,1,
2.023E+11,155 660 242,A01,2,7,0,2,2,14,1,
2.023E+11,155 660 244,B01,2,17,0,2,8,1,1,
2.023E+11,155 660 238,A01,1,7,0,2,4,23,1,
2.023E+11,155 660 241,B01,1,7,0,2,1,2,1,
2.023E+11,155 660 243,C01,1,10,0,2,3,1,1,
2.023E+11,155 660 234,B01,3,10,0,2,3,1,1,
2.023E+11,155 660 236,A01,3,14,3,2,2,19,1,
2.023E+11,155 660 230,B01,1,7,14,0,2,1,1,
2.023E+11,155 660 232,C01,1,7,14,0,1,1,1,
2.023E+11,155 660 233,A01,1,7,0,0,0,0,1,
2.023E+11,155 660 229,A01,2,7,0,2,1,1,1,
2.023E+11,155 660 231,B01,1,7,0,2,1,9,1,
2.023E+11,155 660 227,A01,2,10,0,2,2,1,1,
2.023E+11,155 660 228,B01,2,2,0,2,3,10,1,
2.023E+11,155 660 225,A01,2,7,13,0,2,14,1,
2.023E+11,155 660 224,A01,2,50,0,2,1,1,3,
2.023E+11,155 660 226,B01,1,7,0,2,7,1,1,
2.023E+11,155 660 222,A01,1,7,0,2,1,13,3,
2.023E+11,155 660 223,B01,2,7,0,2,3,1,1,
2.023E+11,155 660 218,C01,2,7,0,2,1,1,1,
2.023E+11,155 660 219,B01,2,7,0,2,1,1,1,
2.023E+11,155 660 220,A01,2,7,0,2,2,13,1,
2.023E+11,155 660 217,B01,0,7,0,2,1,1,1,
2.023E+11,155 660 221,A01,0,3,0,2,1,16,1,
2.023E+11,155 660 216,A01,3,35,12,0,5,2,1,
2.023E+11,155 660 213,A01,1,7,3,0,1,26,1,
2.023E+11,155 660 214,A01,1,7,0,2,3,1,0,
2.023E+11,155 660 215,B01,2,7,0,2,2,15,0,
2.023E+11,155 660 211,A01,2,7,0,2,1,17,1,
2.023E+11,155 660 212,B01,1,10,0,2,1,1,1,
2.023E+11,155 660 207,B01,2,7,0,2,1,0,1,
2.023E+11,155 660 210,A01,2,7,0,2,2,1,1,
2.023E+11,155 660 205,C01,2,7,0,2,1,1,1,
2.023E+11,155 660 206,B01,1,7,0,2,1,1,1,
2.023E+11,155 660 208,A01,2,7,0,2,1,5,1,
2.023E+11,155 660 209,D01,1,7,0,2,1,1,1,
2.023E+11,155 660 204,A01,2,7,0,1,1,1,1,
2.023E+11,155 660 202,A01,1,7,0,2,1,13,1,
2.023E+11,155 660 203,B01,2,7,0,2,1,1,1,
2.023E+11,155 660 199,B01,3,33,0,2,7,1,1,
2.023E+11,155 660 201,A01,0,80,12,2,1,2,3,
2.023E+11,155 660 198,A01,1,7,7,2,1,2,1,
2.023E+11,155 660 200,B01,1,7,7,2,1,2,1,
2.023E+11,155 660 195,B01,3,50,0,2,7,19,3,
2.023E+11,155 660 196,A01,3,7,0,2,1,9,1,
2.023E+11,155 660 194,A01,1,7,0,2,1,2,1,
2.023E+11,155 660 197,B01,1,7,0,2,0,0,1,
2.023E+11,155 660 193,A01,3,7,0,1,8,1,0,
2.023E+11,155 660 191,A01,1,17,0,2,2,1,1,
2.023E+11,155 660 192,B01,1,7,0,2,3,9,1,
2.023E+11,155 660 187,A01,1,15,0,2,5,12,1,
2.023E+11,155 660 189,B01,1,7,0,2,7,1,1,
2.023E+11,155 660 188,A01,1,7,0,2,1,13,1,
2.023E+11,155 660 190,B01,2,7,0,2,1,1,1,
2.023E+11,155 660 185,B01,1,7,0,2,4,23,1,
2.023E+11,155 660 186,A01,1,15,1,0,1,2,1,
2.023E+11,155 660 182,A01,1,7,4,2,1,2,1,
2.023E+11,155 660 183,B01,1,7,4,2,4,2,0,
2.023E+11,155 660 184,A01,2,32,12,0,6,13,1,
2.023E+11,155 660 177,D01,2,7,0,2,4,23,2,
2.023E+11,155 660 178,C01,2,7,0,2,1,23,1,
2.023E+11,155 660 179,B01,2,7,0,2,4,23,1,
2.023E+11,155 660 181,A01,2,10,0,2,1,2,1,
2.023E+11,155 660 176,A01,2,3,0,2,2,0,1,
2.023E+11,155 660 180,B01,2,1,0,2,0,0,5,
2.023E+11,155 660 174,A01,1,17,0,2,7,12,1,
2.023E+11,155 660 175,B01,1,7,4,2,8,1,1,
2.023E+11,155 660 171,A01,1,7,0,2,7,11,1,
2.023E+11,155 660 172,B01,1,43,0,2,5,26,1,
2.023E+11,155 660 169,A01,1,31,0,0,0,1,1,
2.023E+11,155 660 168,A01,1,50,0,2,1,5,3,
2.023E+11,155 660 170,B01,2,7,0,2,2,9,1,
2.023E+11,155 660 166,A01,1,31,14,0,1,1,1,
2.023E+11,155 660 164,C01,1,7,0,2,4,2,1,
2.023E+11,155 660 165,B01,1,7,0,2,0,2,1,
2.023E+11,155 660 167,A01,1,7,0,2,1,2,1,
2.023E+11,155 660 162,B01,1,50,0,2,2,1,3,
2.023E+11,155 660 163,A01,1,7,0,2,1,19,1,
2.023E+11,155 660 161,A01,1,7,0,1,2,1,2,
2.023E+11,155 660 159,A01,2,1,0,1,1,1,5,
2.023E+11,155 660 158,A01,0,30,0,2,3,17,1,
2.023E+11,155 660 160,B01,0,7,0,9,3,15,1,
2.023E+11,155 660 156,A01,2,7,0,2,7,22,2,
2.023E+11,155 660 157,B01,2,80,0,2,1,1,3,
2.023E+11,155 660 155,A01,1,7,0,1,1,1,1,
2.023E+11,155 660 152,B01,1,14,0,2,0,23,1,
2.023E+11,155 660 154,A01,1,7,0,2,2,17,1,
2.023E+11,155 660 153,A01,1,10,4,0,1,26,1,
2.023E+11,155 660 150,A01,1,30,0,1,1,1,3,
2.023E+11,155 660 149,A01,1,7,0,2,5,15,1,
2.023E+11,155 660 151,B01,2,2,0,2,1,1,1,
2.023E+11,155 660 147,A01,0,7,0,1,4,4,1,
2.023E+11,155 660 145,A01,1,30,0,2,2,17,1,
2.023E+11,155 660 146,B01,1,7,0,2,0,16,1,
2.023E+11,155 660 148,C01,1,10,0,2,0,16,1,
2.023E+11,155 660 143,A01,1,7,5,0,3,0,0,
2.023E+11,155 660 144,B01,1,50,3,0,0,0,3,
2.023E+11,155 660 141,A01,1,7,0,2,3,15,1,
2.023E+11,155 660 142,B01,2,50,0,2,1,1,3,
2.023E+11,155 660 140,A01,3,7,0,1,3,0,3,
2.023E+11,155 660 138,Z01,3,7,0,2,0,15,0,
2.023E+11,155 660 139,A01,3,34,0,2,1,1,1,
2.023E+11,155 660 135,A01,3,7,0,2,4,2,1,
2.023E+11,155 660 137,B01,3,7,0,2,1,2,1,
2.023E+11,155 660 134,A01,2,7,0,2,7,16,2,
2.023E+11,155 660 136,B01,2,50,0,2,2,1,3,
2.023E+11,155 660 131,B01,1,7,0,2,6,15,1,
2.023E+11,155 660 133,A01,3,32,0,2,1,2,1,
2.023E+11,155 660 132,A01,1,7,0,1,1,1,1,