Num_Acc,id_vehicule,num_veh,senc,catv,obs,obsm,choc,manv,motor,occutc
2.023E+11,155 659 650,A01,2,7,6,2,1,1,1,
2.023E+11,155 659 648,A01,0,36,0,0,0,1,1,
2.023E+11,155 659 647,A01,2,7,2,0,2,1,1,
2.023E+11,155 659 645,A01,2,32,0,2,1,5,1,
2.023E+11,155 659 646,B01,1,7,0,2,3,1,1,
2.023E+11,155 659 644,A01,1,7,13,0,1,1,1,
2.023E+11,155 659 643,A01,1,7,6,0,1,1,1,
2.023E+11,155 659 641,A01,1,7,0,2,7,13,1,
2.023E+11,155 659 642,B01,2,1,0,2,1,1,5,
2.023E+11,155 659 640,A01,2,7,15,0,1,1,1,
2.023E+11,155 659 637,A01,1,7,0,0,1,0,1,
2.023E+11,155 659 636,A01,1,7,6,0,3,13,2,
2.023E+11,155 659 633,A01,1,31,0,0,0,1,1,
2.023E+11,155 659 634,B01,1,33,0,0,5,1,1,
2.023E+11,155 659 635,C01,1,33,0,2,3,1,1,
2.023E+11,155 659 631,B01,1,7,0,2,4,15,1,
2.023E+11,155 659 632,A01,1,7,0,2,1,2,1,
2.023E+11,155 659 630,A01,2,33,0,0,9,14,1,
2.023E+11,155 659 628,A01,2,7,0,2,3,15,0,
2.023E+11,155 659 629,B01,1,7,0,2,3,1,0,
2.023E+11,155 659 627,A01,1,7,8,0,2,0,1,
2.023E+11,155 659 625,B01,2,7,0,2,1,1,1,
2.023E+11,155 659 626,A01,1,7,0,2,1,5,1,
2.023E+11,155 659 624,A01,1,33,13,0,9,1,1,
2.023E+11,155 659 622,A01,1,7,0,2,1,13,1,
2.023E+11,155 659 623,B01,2,7,3,2,1,21,1,
2.023E+11,155 659 621,A01,2,33,8,0,1,14,1,
2.023E+11,155 659 620,A01,1,7,13,0,0,2,1,
2.023E+11,155 659 618,A01,3,7,0,2,2,15,1,
2.023E+11,155 659 619,B01,3,2,0,2,1,1,1,
2.023E+11,155 659 617,A01,3,7,8,0,7,0,1,
2.023E+11,155 659 612,B01,1,7,0,0,4,2,1,
2.023E+11,155 659 613,A01,1,10,0,2,1,2,1,
2.023E+11,155 659 611,A01,2,33,3,0,8,13,1,
2.023E+11,155 659 609,A01,1,7,0,2,3,19,1,
2.023E+11,155 659 610,B01,2,32,0,2,1,17,1,
2.023E+11,155 659 608,A01,1,7,4,0,3,13,3,
2.023E+11,155 659 607,A01,1,2,8,0,1,14,1,
2.023E+11,155 659 604,C01,1,15,0,0,8,24,1,
2.023E+11,155 659 605,B01,1,15,0,0,5,24,1,
2.023E+11,155 659 606,A01,1,7,1,0,1,9,2,
2.023E+11,155 659 603,A01,1,7,6,0,0,1,1,
2.023E+11,155 659 602,A01,0,32,13,0,1,14,1,
2.023E+11,155 659 600,B01,2,33,0,2,1,1,1,
2.023E+11,155 659 601,A01,1,10,0,2,7,15,1,
2.023E+11,155 659 597,A01,1,31,0,0,4,9,1,
2.023E+11,155 659 598,B01,1,7,0,2,1,2,1,
2.023E+11,155 659 596,A01,2,7,2,0,0,19,1,
2.023E+11,155 659 594,A01,2,33,0,2,1,19,1,
2.023E+11,155 659 595,B01,1,7,0,2,1,1,1,
2.023E+11,155 659 593,A01,2,33,3,0,7,1,1,
2.023E+11,155 659 591,A01,3,7,0,2,3,15,1,
2.023E+11,155 659 592,B01,3,33,0,2,1,17,1,
2.023E+11,155 659 589,B01,0,31,0,2,1,1,1,
2.023E+11,155 659 590,A01,0,10,0,2,6,10,1,
2.023E+11,155 659 587,B01,1,7,0,2,2,1,1,
2.023E+11,155 659 588,A01,2,7,13,2,7,1,1,
2.023E+11,155 659 585,B01,0,7,0,0,1,1,1,
2.023E+11,155 659 586,A01,0,7,0,0,3,1,1,
2.023E+11,155 659 583,A01,3,7,2,0,1,0,0,
2.023E+11,155 659 581,A01,1,7,0,2,3,13,1,
2.023E+11,155 659 582,B01,2,7,0,2,3,1,1,
2.023E+11,155 659 580,A01,1,30,2,0,1,1,1,
2.023E+11,155 659 576,B01,1,10,0,2,4,2,1,
2.023E+11,155 659 577,A01,1,7,0,2,1,2,1,
2.023E+11,155 659 578,C01,1,7,0,2,1,2,1,
2.023E+11,155 659 579,D01,1,7,0,2,6,2,1,
2.023E+11,155 659 574,A01,1,15,0,2,7,12,1,
2.023E+11,155 659 575,B01,1,7,0,2,8,1,1,
2.023E+11,155 659 571,A01,2,7,0,2,5,14,1,
2.023E+11,155 659 572,B01,2,33,0,2,1,3,1,
2.023E+11,155 659 573,C01,2,7,0,2,3,2,1,
2.023E+11,155 659 568,C01,1,10,0,2,4,1,1,
2.023E+11,155 659 569,A01,1,7,0,2,1,1,1,
2.023E+11,155 659 570,B01,1,7,0,2,4,1,1,
2.023E+11,155 659 566,B01,2,7,0,2,4,1,1,
2.023E+11,155 659 567,A01,2,7,0,2,1,1,1,
2.023E+11,155 659 564,A01,2,7,4,2,1,21,1,
2.023E+11,155 659 565,B01,2,10,0,2,8,1,1,
2.023E+11,155 659 562,B01,2,7,0,2,7,12,1,
2.023E+11,155 659 563,A01,2,43,0,2,8,3,1,
2.023E+11,155 659 561,A01,1,7,1,0,1,1,1,
2.023E+11,155 659 559,B01,1,7,3,0,4,1,1,
2.023E+11,155 659 560,A01,1,7,1,2,1,1,1,
2.023E+11,155 659 557,A01,1,7,0,2,6,15,1,
2.023E+11,155 659 558,B01,2,32,0,2,6,1,1,
2.023E+11,155 659 555,A01,3,2,0,2,1,17,1,
2.023E+11,155 659 556,B01,3,7,0,2,3,15,1,
2.023E+11,155 659 554,A01,3,33,15,0,3,26,1,
2.023E+11,155 659 553,A01,3,7,0,1,2,0,0,
2.023E+11,155 659 552,A01,3,7,3,0,1,0,1,
2.023E+11,155 659 550,B01,1,50,0,2,1,1,3,
2.023E+11,155 659 551,A01,1,7,0,2,5,15,1,
2.023E+11,155 659 548,A01,3,10,0,9,3,0,1,
2.023E+11,155 659 549,B01,3,34,0,2,7,15,1,
2.023E+11,155 659 546,A01,3,7,0,2,3,0,1,
2.023E+11,155 659 547,B01,3,1,0,2,0,0,5,
2.023E+11,155 659 544,B01,3,50,0,2,7,1,3,
2.023E+11,155 659 545,A01,1,10,0,2,1,9,1,
2.023E+11,155 659 542,A01,3,7,0,2,1,1,1,
2.023E+11,155 659 543,B01,3,7,0,2,3,1,1,
2.023E+11,155 659 541,A01,1,10,0,1,0,16,1,
2.023E+11,155 659 539,B01,3,7,0,2,1,1,1,
2.023E+11,155 659 540,A01,3,7,0,1,1,1,1,
2.023E+11,155 659 537,A01,1,7,0,0,6,13,1,
2.023E+11,155 659 538,B01,2,33,0,2,1,13,1,
2.023E+11,155 659 536,A01,2,7,0,1,4,4,1,
2.023E+11,155 659 535,A01,0,7,0,1,0,1,1,
2.023E+11,155 659 533,A01,2,50,0,2,1,1,3,
2.023E+11,155 659 534,B01,2,7,0,9,3,19,1,
2.023E+11,155 659 531,A01,1,7,0,2,0,15,1,
2.023E+11,155 659 532,B01,2,34,0,2,8,1,1,
2.023E+11,155 659 530,A01,1,7,0,1,1,2,1,
2.023E+11,155 659 528,B01,2,7,0,2,3,15,1,
2.023E+11,155 659 529,A01,2,33,0,2,5,11,1,
2.023E+11,155 659 527,A01,0,50,0,0,0,14,3,
2.023E+11,155 659 525,B01,1,7,0,2,2,1,1,
2.023E+11,155 659 526,A01,1,7,0,9,3,16,1,
2.023E+11,155 659 524,A01,3,7,1,0,2,0,1,
2.023E+11,155 659 522,B01,2,7,0,2,2,15,1,
2.023E+11,155 659 523,A01,1,7,0,2,1,1,1,
2.023E+11,155 659 519,A01,1,7,1,2,1,26,1,
2.023E+11,155 659 520,C01,3,1,0,2,1,1,5,
2.023E+11,155 659 521,D01,3,1,0,2,1,1,5,
2.023E+11,155 659 517,A01,2,7,0,2,8,1,1,
2.023E+11,155 659 518,B01,2,7,0,2,1,1,1,
2.023E+11,155 659 513,B01,1,7,0,2,4,2,2,
2.023E+11,155 659 514,A01,1,7,0,2,4,2,1,
2.023E+11,155 659 515,D01,1,7,0,2,4,2,1,
2.023E+11,155 659 516,C01,1,7,0,2,4,2,1,
2.023E+11,155 659 512,A01,3,7,0,2,1,2,1,
2.023E+11,155 659 510,B01,1,50,0,2,5,4,3,
2.023E+11,155 659 511,A01,1,7,0,2,5,20,1,
2.023E+11,155 659 509,A01,1,0,0,1,1,1,0,
2.023E+11,155 659 507,B01,1,31,0,2,7,1,1,
2.023E+11,155 659 508,A01,1,7,0,2,8,15,1,
2.023E+11,155 659 505,A01,1,7,0,2,3,9,1,
2.023E+11,155 659 506,B01,2,33,0,2,5,1,1,
2.023E+11,155 659 504,A01,1,7,0,1,7,15,1,
2.023E+11,155 659 503,A01,2,7,0,1,1,1,1,
2.023E+11,155 659 501,A01,1,7,0,2,1,19,1,
2.023E+11,155 659 502,B01,1,1,0,2,8,1,5,
2.023E+11,155 659 500,A01,2,2,0,0,3,17,3,
2.023E+11,155 659 498,B01,2,7,0,2,4,2,1,
2.023E+11,155 659 499,A01,2,10,0,2,1,2,1,
2.023E+11,155 659 496,A01,2,10,0,2,1,1,1,
2.023E+11,155 659 497,B01,2,7,0,2,4,1,1,
2.023E+11,155 659 495,A01,1,7,0,1,2,5,1,
2.023E+11,155 659 493,B01,1,33,0,2,1,1,1,
2.023E+11,155 659 494,A01,1,7,0,2,8,10,1,
2.023E+11,155 659 491,B01,1,30,0,0,8,7,0,
2.023E+11,155 659 492,A01,1,7,0,0,2,20,0,
2.023E+11,155 659 489,B01,0,1,0,2,8,1,5,
2.023E+11,155 659 490,A01,0,7,0,9,2,14,1,
2.023E+11,155 659 488,B01,1,1,0,0,8,15,5,
2.023E+11,155 659 486,A01,1,7,0,2,1,2,1,
2.023E+11,155 659 487,B01,1,7,0,0,5,1,1,
2.023E+11,155 659 485,A01,1,31,12,0,1,1,1,
2.023E+11,155 659 483,B01,1,7,0,2,3,1,1,
2.023E+11,155 659 484,A01,2,7,0,2,3,13,1,
2.023E+11,155 659 482,A01,1,7,0,2,1,1,1,
2.023E+11,155 659 480,A01,3,7,0,2,4,4,1,
2.023E+11,155 659 481,B01,3,80,0,2,5,1,3,
2.023E+11,155 659 479,A01,3,7,6,0,1,15,1,
2.023E+11,155 659 476,A01,1,7,1,0,1,1,1,
2.023E+11,155 659 477,B01,1,7,0,2,6,24,1,
2.023E+11,155 659 478,C01,1,7,0,2,4,23,1,
2.023E+11,155 659 473,C01,1,7,0,2,4,1,1,
2.023E+11,155 659 474,B01,1,2,0,2,1,2,1,
2.023E+11,155 659 475,A01,1,10,0,2,1,1,1,
2.023E+11,155 659 471,A01,0,7,0,2,1,1,1,
2.023E+11,155 659 472,B01,0,1,0,2,7,1,5,
2.023E+11,155 659 469,B01,1,1,0,2,6,1,5,
2.023E+11,155 659 470,A01,1,7,0,2,1,16,1,
2.023E+11,155 659 467,A01,1,7,0,2,7,19,1,
2.023E+11,155 659 468,B01,2,37,0,2,2,1,1,9
2.023E+11,155 659 466,Z01,1,7,0,1,0,1,1,
2.023E+11,155 659 464,Z01,2,7,0,2,3,13,0,
2.023E+11,155 659 465,A01,1,7,0,2,3,1,1,
2.023E+11,155 659 462,B01,1,32,0,2,1,1,1,
2.023E+11,155 659 463,A01,1,7,0,2,7,15,1,
2.023E+11,155 659 460,A01,1,7,0,2,1,2,1,
2.023E+11,155 659 461,B01,1,7,0,2,4,2,1,
2.023E+11,155 659 458,B01,3,10,0,2,1,1,1,
2.023E+11,155 659 459,A01,3,7,0,2,5,13,1,
2.023E+11,155 659 456,B01,3,7,0,2,1,13,1,
2.023E+11,155 659 457,A01,3,7,0,2,1,1,1,
2.023E+11,155 659 454,B01,1,10,0,2,1,1,1,
2.023E+11,155 659 455,A01,2,7,0,2,1,17,1,
2.023E+11,155 659 452,A01,3,7,0,2,2,19,1,
2.023E+11,155 659 453,B01,3,2,0,2,1,0,1,
2.023E+11,155 659 451,A01,2,7,1,1,1,16,1,
2.023E+11,155 659 450,A01,3,7,0,1,1,1,1,
2.023E+11,155 659 449,A01,1,7,0,2,1,1,1,
2.023E+11,155 659 447,A01,2,7,0,2,3,15,1,
2.023E+11,155 659 448,B01,1,2,0,2,1,1,0,
2.023E+11,155 659 445,B01,2,7,0,2,2,0,1,
2.023E+11,155 659 446,A01,1,7,14,2,6,26,1,
2.023E+11,155 659 443,A01,1,7,0,2,1,2,1,
2.023E+11,155 659 444,B01,3,7,0,2,4,2,1,
2.023E+11,155 659 441,B01,1,34,0,2,1,1,1,
2.023E+11,155 659 442,A01,2,7,0,2,3,15,1,
2.023E+11,155 659 439,A01,1,7,0,2,2,1,1,
2.023E+11,155 659 440,B01,2,33,0,2,1,1,1,
2.023E+11,155 659 438,A01,3,40,0,1,1,1,3,
2.023E+11,155 659 434,A01,3,7,0,2,1,17,0,
2.023E+11,155 659 435,B01,3,7,0,2,1,13,0,
2.023E+11,155 659 433,A01,2,7,0,1,2,1,1,
2.023E+11,155 659 431,B01,3,7,0,2,3,1,1,
2.023E+11,155 659 432,A01,3,10,0,2,1,1,1,
2.023E+11,155 659 428,A01,2,7,0,2,1,1,1,
2.023E+11,155 659 429,B01,2,7,0,2,4,1,1,
2.023E+11,155 659 430,C01,2,7,0,2,4,15,3,
2.023E+11,155 659 426,B01,2,7,0,2,0,1,1,
2.023E+11,155 659 427,A01,1,10,0,2,1,15,1,
2.023E+11,155 659 424,A01,3,7,0,2,3,15,1,
2.023E+11,155 659 425,B01,3,30,0,2,1,1,1,
2.023E+11,155 659 422,B01,0,7,0,2,8,15,1,
2.023E+11,155 659 423,A01,1,33,0,2,1,17,1,
2.023E+11,155 659 420,A01,1,43,0,2,1,2,1,
2.023E+11,155 659 421,B01,1,10,0,2,4,2,1,
2.023E+11,155 659 417,A01,2,7,0,2,1,2,2,
2.023E+11,155 659 418,B01,2,7,0,2,4,2,1,
2.023E+11,155 659 419,C01,2,7,0,2,4,2,2,
2.023E+11,155 659 414,A01,3,33,12,2,1,1,1,
2.023E+11,155 659 415,B01,3,7,0,2,8,23,1,
2.023E+11,155 659 416,C01,3,7,0,2,8,23,1,
2.023E+11,155 659 412,Z01,1,2,0,0,0,1,0,
2.023E+11,155 659 413,A01,1,30,0,1,0,1,1,
2.023E+11,155 659 410,A01,2,7,0,2,0,13,1,
2.023E+11,155 659 411,B01,1,1,0,2,1,1,5,
2.023E+11,155 659 408,A01,3,7,0,2,8,11,1,
2.023E+11,155 659 409,B01,3,34,0,2,2,3,1,
2.023E+11,155 659 406,A01,2,10,0,2,2,1,3,
2.023E+11,155 659 407,B01,0,1,0,2,0,13,5,
2.023E+11,155 659 404,A01,1,50,0,2,8,1,3,
2.023E+11,155 659 405,Z01,1,7,0,2,2,14,3,
2.023E+11,155 659 403,A01,2,1,0,0,0,1,5,
2.023E+11,155 659 401,B01,1,1,0,2,7,15,5,
2.023E+11,155 659 402,A01,2,33,0,2,1,7,1,
2.023E+11,155 659 399,A01,2,10,0,2,2,1,1,
2.023E+11,155 659 400,B01,2,7,0,0,6,23,1,
2.023E+11,155 659 397,A01,3,80,0,2,3,15,3,
2.023E+11,155 659 398,B01,3,31,0,2,1,1,3,
2.023E+11,155 659 396,Z01,1,1,0,1,1,1,5,
2.023E+11,155 659 394,A01,1,32,0,2,1,21,1,
2.023E+11,155 659 395,B01,2,7,0,2,3,1,2,
2.023E+11,155 659 393,A01,1,1,0,1,1,1,5,
2.023E+11,155 659 391,B01,1,80,0,2,1,1,3,
2.023E+11,155 659 392,A01,1,7,0,2,8,22,1,
2.023E+11,155 659 389,A01,3,34,0,2,1,26,1,
2.023E+11,155 659 390,B01,3,10,0,2,4,0,1,
2.023E+11,155 659 387,B01,2,2,0,2,5,17,1,
2.023E+11,155 659 388,A01,2,7,0,2,3,20,1,
2.023E+11,155 659 385,A01,1,10,0,2,2,1,1,
2.023E+11,155 659 386,B01,1,7,0,2,3,1,1,
2.023E+11,155 659 384,A01,3,40,0,1,1,1,3,
2.023E+11,155 659 382,B01,1,7,0,2,8,1,1,
2.023E+11,155 659 383,A01,2,7,6,2,1,15,1,
2.023E+11,155 659 380,A01,1,30,0,2,2,15,0,
2.023E+11,155 659 381,B01,1,3,0,2,2,2,0,
2.023E+11,155 659 379,A01,1,2,0,0,7,1,1,
2.023E+11,155 659 378,A01,0,60,1,0,1,1,5,
2.023E+11,155 659 377,A01,2,43,0,1,7,5,1,
2.023E+11,155 659 375,B01,1,50,0,2,1,1,3,
2.023E+11,155 659 376,A01,1,7,0,2,2,1,1,
2.023E+11,155 659 373,A01,3,7,0,2,1,2,1,
2.023E+11,155 659 374,B01,0,34,0,2,4,2,1,
2.023E+11,155 659 372,A01,2,7,0,1,2,1,1,
2.023E+11,155 659 370,A01,3,10,0,2,0,0,1,
2.023E+11,155 659 371,B01,3,7,0,2,0,0,1,
2.023E+11,155 659 368,A01,2,7,0,2,2,15,0,
2.023E+11,155 659 369,B01,1,33,0,2,1,1,1,
2.023E+11,155 659 367,A01,1,7,12,0,2,1,1,
2.023E+11,155 659 365,A01,3,7,0,2,6,15,1,
2.023E+11,155 659 366,B01,3,31,0,2,1,1,1,
2.023E+11,155 659 363,A01,2,7,6,2,1,1,1,
2.023E+11,155 659 364,B01,1,10,15,2,7,1,1,
2.023E+11,155 659 362,A01,1,2,0,0,0,1,1,
2.023E+11,155 659 360,A01,1,7,0,2,8,5,1,
2.023E+11,155 659 361,B01,2,7,0,2,3,1,1,
2.023E+11,155 659 359,A01,1,36,6,0,2,1,1,
2.023E+11,155 659 357,A01,2,7,0,2,4,2,1,
2.023E+11,155 659 358,B01,2,7,0,2,1,2,1,
2.023E+11,155 659 355,A01,3,1,1,2,8,19,5,
2.023E+11,155 659 356,B01,1,7,0,2,2,1,1,
2.023E+11,155 659 354,A01,1,7,0,9,2,1,1,
2.023E+11,155 659 352,A01,1,7,0,2,1,13,1,
2.023E+11,155 659 353,B01,2,7,0,2,1,1,1,
2.023E+11,155 659 351,A01,1,31,7,0,1,15,1,
2.023E+11,155 659 349,A01,1,10,0,0,3,19,1,
2.023E+11,155 659 350,B01,2,33,0,0,1,1,0,
2.023E+11,155 659 348,A01,1,31,0,6,1,1,1,
2.023E+11,155 659 346,B01,1,32,0,2,1,21,6,
2.023E+11,155 659 347,A01,1,7,0,2,3,16,6,
2.023E+11,155 659 345,A01,3,33,2,0,1,0,1,
2.023E+11,155 659 344,A01,1,7,13,0,3,0,1,
2.023E+11,155 659 342,B01,3,30,0,2,6,2,0,
2.023E+11,155 659 343,A01,3,7,0,2,3,2,1,
2.023E+11,155 659 340,A01,2,50,12,0,1,26,3,
2.023E+11,155 659 339,A01,1,33,0,2,3,13,1,
2.023E+11,155 659 341,B01,2,7,0,2,3,14,1,
2.023E+11,155 659 337,A01,2,33,0,0,9,1,1,
2.023E+11,155 659 336,B01,1,2,0,2,1,9,1,
2.023E+11,155 659 338,A01,3,7,0,2,7,1,1,
2.023E+11,155 659 332,A01,2,10,0,2,2,15,1,
2.023E+11,155 659 334,B01,1,33,0,2,1,1,1,
2.023E+11,155 659 330,A01,1,7,0,2,0,1,1,
2.023E+11,155 659 331,B01,1,37,0,2,4,1,4,1
2.023E+11,155 659 333,C01,1,34,0,2,0,1,1,
2.023E+11,155 659 335,D01,1,7,0,2,0,1,1,
2.023E+11,155 659 328,A01,3,80,0,2,1,0,3,
2.023E+11,155 659 329,B01,3,7,0,9,1,0,1,
2.023E+11,155 659 326,A01,3,7,0,2,5,15,1,
2.023E+11,155 659 327,B01,1,32,0,2,1,1,1,
2.023E+11,155 659 324,A01,2,7,5,0,1,6,1,
2.023E+11,155 659 322,B01,1,7,0,2,3,21,1,
2.023E+11,155 659 325,A01,3,7,0,2,8,19,1,
2.023E+11,155 659 321,A01,1,7,0,0,0,26,1,
2.023E+11,155 659 319,A01,2,7,6,0,1,2,1,
2.023E+11,155 659 320,A01,2,7,0,2,2,1,1,
2.023E+11,155 659 323,B01,2,7,0,2,3,15,1,
2.023E+11,155 659 316,A01,2,33,0,2,3,1,1,
2.023E+11,155 659 317,B01,1,7,0,2,3,3,1,
2.023E+11,155 659 315,A01,1,7,0,2,2,15,1,
2.023E+11,155 659 318,B01,1,7,0,2,2,1,1,
2.023E+11,155 659 311,A01,1,7,17,0,1,1,3,
2.023E+11,155 659 310,A01,3,7,0,2,6,15,1,
2.023E+11,155 659 312,B01,2,7,0,2,3,1,1,
2.023E+11,155 659 313,A01,1,7,0,2,1,13,1,
2.023E+11,155 659 314,B01,2,7,0,2,1,1,1,
2.023E+11,155 659 308,B01,1,7,13,2,8,1,1,
2.023E+11,155 659 309,A01,2,10,0,2,1,19,1,
2.023E+11,155 659 306,A01,3,7,0,2,3,1,0,
2.023E+11,155 659 307,B01,0,2,0,2,1,3,1,
2.023E+11,155 659 304,A01,0,7,0,2,1,1,1,
2.023E+11,155 659 305,B01,0,7,0,0,4,23,1,
2.023E+11,155 659 302,A01,3,7,0,1,1,1,1,
2.023E+11,155 659 300,A01,0,2,0,2,9,1,1,
2.023E+11,155 659 301,B01,0,21,0,2,3,1,1,
2.023E+11,155 659 296,A01,2,7,0,2,1,1,1,
2.023E+11,155 659 298,B01,1,1,0,2,7,19,5,
2.023E+11,155 659 294,A01,1,33,0,2,1,1,1,
2.023E+11,155 659 297,B01,2,7,0,2,2,15,1,
2.023E+11,155 659 293,B01,3,1,0,2,8,0,5,
2.023E+11,155 659 295,A01,1,7,0,0,3,0,1,
2.023E+11,155 659 290,A01,2,33,2,0,1,1,1,
2.023E+11,155 659 289,A01,3,50,0,2,1,5,3,
2.023E+11,155 659 291,B01,0,7,0,0,3,1,3,
2.023E+11,155 659 299,A01,2,32,6,2,6,17,1,
2.023E+11,155 659 303,B01,2,7,0,2,6,16,1,
2.023E+11,155 659 288,A01,1,7,0,2,1,9,1,
2.023E+11,155 659 292,B01,1,7,0,0,0,0,1,
2.023E+11,155 659 285,A01,1,7,0,1,1,1,1,
2.023E+11,155 659 283,A01,1,7,0,2,2,1,1,
2.023E+11,155 659 286,B01,1,1,0,2,1,19,5,
2.023E+11,155 659 279,A01,1,31,14,0,1,1,1,
2.023E+11,155 659 278,A01,0,7,0,1,1,17,1,
2.023E+11,155 659 277,A01,1,7,0,2,3,1,1,
2.023E+11,155 659 280,B01,2,2,0,2,1,13,1,
2.023E+11,155 659 281,B01,2,7,0,0,3,5,1,
2.023E+11,155 659 282,A01,1,10,0,0,3,1,1,
2.023E+11,155 659 275,A01,1,7,6,0,1,1,1,
2.023E+11,155 659 273,A01,1,33,0,2,1,1,1,
2.023E+11,155 659 276,B01,1,7,0,2,3,9,1,
2.023E+11,155 659 272,B01,2,20,0,2,1,24,1,
2.023E+11,155 659 274,A01,1,10,14,0,1,1,1,
2.023E+11,155 659 271,A01,1,7,16,0,9,13,1,
2.023E+11,155 659 270,A01,1,7,0,1,1,1,1,
2.023E+11,155 659 264,B01,3,7,0,2,6,1,1,
2.023E+11,155 659 266,A01,3,7,14,0,1,1,1,
2.023E+11,155 659 262,B01,2,7,0,2,2,1,1,
2.023E+11,155 659 269,A01,1,10,0,2,3,9,1,
2.023E+11,155 659 259,A01,3,7,8,0,1,15,1,
2.023E+11,155 659 260,A01,1,15,0,0,5,1,1,
2.023E+11,155 659 261,C01,1,33,0,0,1,1,1,
2.023E+11,155 659 263,D01,1,7,4,0,3,1,1,
2.023E+11,155 659 268,B01,1,10,0,2,1,12,1,
2.023E+11,155 659 265,A01,1,7,0,2,3,13,1,
2.023E+11,155 659 267,B01,2,7,0,2,8,1,1,
2.023E+11,155 659 257,A01,1,7,0,2,1,0,1,
2.023E+11,155 659 258,B01,2,14,0,0,8,1,1,
2.023E+11,155 659 253,A01,1,7,0,2,3,17,1,
2.023E+11,155 659 256,B01,2,33,0,2,3,1,1,
2.023E+11,155 659 252,B01,2,33,0,2,2,13,1,
2.023E+11,155 659 254,A01,1,7,0,2,3,13,1,
2.023E+11,155 659 251,A01,3,7,0,1,1,1,1,
2.023E+11,155 659 248,B01,1,31,0,2,1,1,1,
2.023E+11,155 659 249,A01,2,7,0,2,7,15,1,
2.023E+11,155 659 246,A01,3,21,0,1,7,1,1,
2.023E+11,155 659 244,A01,1,10,0,2,1,1,1,
2.023E+11,155 659 247,B01,1,7,0,2,4,1,1,
2.023E+11,155 659 250,C01,1,7,0,2,4,2,1,
2.023E+11,155 659 255,D01,1,7,0,2,1,2,1,
2.023E+11,155 659 243,A01,0,7,0,1,1,1,1,
2.023E+11,155 659 245,A01,1,7,6,1,2,14,1,
2.023E+11,155 659 240,A01,2,7,0,2,2,9,1,
2.023E+11,155 659 242,B01,1,1,0,2,7,16,5,
2.023E+11,155 659 239,A01,1,1,0,2,1,0,5,
2.023E+11,155 659 241,B01,2,7,0,2,7,1,1,
2.023E+11,155 659 236,A01,1,7,0,2,2,15,1,
2.023E+11,155 659 238,B01,2,33,0,2,1,1,1,
2.023E+11,155 659 234,B01,2,7,0,2,1,21,1,
2.023E+11,155 659 237,A01,1,13,0,2,2,13,1,
2.023E+11,155 659 232,A01,3,7,0,2,3,13,0,
2.023E+11,155 659 235,B01,3,7,0,2,3,0,0,
2.023E+11,155 659 231,B01,1,32,0,2,1,1,1,
2.023E+11,155 659 233,A01,3,7,0,2,8,23,1,
2.023E+11,155 659 229,A01,2,7,1,2,1,5,1,
2.023E+11,155 659 225,A01,1,7,0,2,2,2,1,
2.023E+11,155 659 228,B01,1,7,0,6,9,1,1,
2.023E+11,155 659 226,A01,1,33,0,2,1,1,1,
2.023E+11,155 659 230,B01,2,7,0,0,6,16,1,
2.023E+11,155 659 223,A01,2,7,0,2,7,10,1,
2.023E+11,155 659 227,B01,1,31,0,2,1,1,1,
2.023E+11,155 659 222,A01,1,33,0,2,1,17,1,
2.023E+11,155 659 224,B01,1,7,0,0,8,15,1,
2.023E+11,155 659 221,A01,1,21,0,1,1,1,1,
2.023E+11,155 659 219,A01,2,7,6,0,2,0,1,
2.023E+11,155 659 218,A01,3,7,0,2,3,1,1,
2.023E+11,155 659 220,B01,3,1,0,2,1,13,5,
2.023E+11,155 659 214,A01,1,7,4,0,3,0,1,
2.023E+11,155 659 210,A01,1,15,0,2,3,1,1,
2.023E+11,155 659 212,B01,2,7,0,2,3,13,1,
2.023E+11,155 659 208,A01,1,7,0,1,1,16,1,
2.023E+11,155 659 206,C01,1,10,0,2,4,2,1,
2.023E+11,155 659 209,D01,1,17,0,2,4,2,1,
2.023E+11,155 659 211,E01,1,14,0,0,4,1,1,
2.023E+11,155 659 213,A01,1,17,0,2,2,2,1,
2.023E+11,155 659 216,B01,1,7,0,2,4,2,1,
2.023E+11,155 659 205,A01,1,2,0,0,4,0,1,
2.023E+11,155 659 207,B01,1,7,0,2,1,14,1,
2.023E+11,155 659 203,B01,1,50,0,2,1,1,3,
2.023E+11,155 659 204,A01,2,7,0,2,7,15,1,
2.023E+11,155 659 201,A01,2,7,0,2,4,2,1,
2.023E+11,155 659 200,A01,3,33,0,2,2,17,1,
2.023E+11,155 659 202,B01,3,7,0,2,5,13,1,
2.023E+11,155 659 199,A01,2,7,13,0,9,1,1,
2.023E+11,155 659 195,A01,2,7,0,2,4,2,0,
2.023E+11,155 659 197,B01,2,7,0,2,1,2,0,
2.023E+11,155 659 193,A01,1,7,0,2,2,1,1,
2.023E+11,155 659 196,B01,1,7,0,2,3,1,1,
2.023E+11,155 659 194,A01,1,7,0,1,1,15,0,
2.023E+11,155 659 192,A01,2,7,3,0,1,21,1,
2.023E+11,155 659 190,A01,2,7,0,2,3,10,1,
2.023E+11,155 659 198,B01,2,7,0,2,1,1,1,
2.023E+11,155 659 188,B01,1,2,0,2,1,1,1,
2.023E+11,155 659 191,A01,2,7,0,2,3,19,1,