Num_Acc,id_vehicule,num_veh,senc,catv,obs,obsm,choc,manv,motor,occutc
2.023E+11,155 659 186,A01,1,7,0,2,3,13,1,
2.023E+11,155 659 189,B01,2,7,0,2,3,1,1,
2.023E+11,155 659 180,A01,1,1,0,2,1,13,5,
2.023E+11,155 659 182,B01,2,80,0,2,1,13,3,
2.023E+11,155 659 183,A01,1,7,0,2,3,1,1,
2.023E+11,155 659 185,B01,1,1,0,2,6,26,5,
2.023E+11,155 659 177,A01,1,7,0,2,2,2,2,
2.023E+11,155 659 179,B01,1,1,0,2,4,1,5,
2.023E+11,155 659 175,A01,1,33,0,0,3,1,1,
2.023E+11,155 659 170,E01,1,7,0,2,4,2,1,
2.023E+11,155 659 173,C01,1,7,0,2,9,0,1,
2.023E+11,155 659 176,F01,1,7,0,2,9,2,1,
2.023E+11,155 659 178,G01,1,7,0,2,1,2,1,
2.023E+11,155 659 181,D01,1,7,0,2,9,2,1,
2.023E+11,155 659 184,A01,1,7,0,2,9,1,1,
2.023E+11,155 659 187,B01,1,7,0,2,4,2,1,
2.023E+11,155 659 169,B01,1,7,0,9,2,9,1,
2.023E+11,155 659 172,A01,1,50,0,2,4,1,3,
2.023E+11,155 659 168,B01,2,7,0,2,3,15,1,
2.023E+11,155 659 174,A01,1,2,0,2,3,1,3,
2.023E+11,155 659 167,A01,3,14,12,0,2,16,1,
2.023E+11,155 659 171,B01,1,7,12,0,3,16,1,
2.023E+11,155 659 162,A01,1,43,14,0,1,13,1,
2.023E+11,155 659 161,Z01,2,0,0,2,0,0,0,
2.023E+11,155 659 164,A01,2,7,0,2,4,2,1,
2.023E+11,155 659 166,B01,2,7,0,2,4,2,1,
2.023E+11,155 659 160,A01,2,31,0,2,1,21,1,
2.023E+11,155 659 165,B01,0,7,0,2,1,21,1,
2.023E+11,155 659 159,B01,3,32,0,2,2,12,0,
2.023E+11,155 659 163,A01,3,7,0,0,6,1,0,
2.023E+11,155 659 157,A01,2,33,16,0,9,14,1,
2.023E+11,155 659 153,A01,2,7,0,2,2,15,1,
2.023E+11,155 659 156,B01,0,7,0,2,3,1,1,
2.023E+11,155 659 152,B01,2,7,3,0,6,1,1,
2.023E+11,155 659 155,A01,2,10,0,2,2,13,1,
2.023E+11,155 659 150,A01,1,7,0,2,4,1,1,
2.023E+11,155 659 151,B01,1,7,0,0,0,0,1,
2.023E+11,155 659 154,C01,1,7,0,2,4,1,1,
2.023E+11,155 659 158,D01,1,7,0,2,1,1,1,
2.023E+11,155 659 148,A01,3,7,0,2,2,26,1,
2.023E+11,155 659 149,B01,3,7,0,0,6,23,1,
2.023E+11,155 659 147,A01,2,7,1,0,3,1,1,
2.023E+11,155 659 144,A01,1,7,3,2,6,12,1,
2.023E+11,155 659 146,B01,1,7,0,2,2,2,1,
2.023E+11,155 659 143,A01,1,7,0,2,6,11,1,
2.023E+11,155 659 145,B01,1,34,0,2,1,1,1,
2.023E+11,155 659 141,A01,2,33,0,1,8,21,1,
2.023E+11,155 659 142,A01,0,50,0,0,0,1,3,
2.023E+11,155 659 139,A01,1,7,0,0,8,19,1,
2.023E+11,155 659 140,B01,1,33,0,2,1,1,1,
2.023E+11,155 659 135,A01,1,7,0,2,3,1,1,
2.023E+11,155 659 137,B01,1,80,0,2,3,1,3,
2.023E+11,155 659 133,B01,0,7,1,0,2,1,5,
2.023E+11,155 659 132,C01,1,7,0,2,8,1,1,
2.023E+11,155 659 134,A01,2,7,0,2,1,13,1,
2.023E+11,155 659 136,B01,1,7,0,2,1,1,1,
2.023E+11,155 659 129,A01,1,7,1,0,3,0,0,
2.023E+11,155 659 130,A01,1,33,1,0,1,13,0,
2.023E+11,155 659 131,A01,1,7,13,0,1,13,1,
2.023E+11,155 659 125,A01,2,10,0,2,6,13,1,
2.023E+11,155 659 127,B01,2,33,0,2,1,17,1,
2.023E+11,155 659 124,A01,1,7,0,1,1,16,1,
2.023E+11,155 659 123,A01,1,1,0,2,4,2,5,
2.023E+11,155 659 126,B01,1,0,0,9,2,1,0,
2.023E+11,155 659 119,A01,0,7,0,1,0,26,1,
2.023E+11,155 659 121,Z01,2,7,0,2,8,0,0,
2.023E+11,155 659 122,A01,2,7,0,2,7,1,1,
2.023E+11,155 659 118,A01,1,7,13,0,1,1,1,
2.023E+11,155 659 117,B01,2,1,0,2,8,1,5,
2.023E+11,155 659 120,Z01,1,7,0,2,1,15,2,
2.023E+11,155 659 112,A01,3,7,0,2,1,0,1,
2.023E+11,155 659 116,B01,3,7,0,2,3,26,1,
2.023E+11,155 659 110,A01,1,50,0,2,1,5,3,
2.023E+11,155 659 114,B01,1,7,0,2,7,15,1,
2.023E+11,155 659 108,A01,3,7,0,2,7,26,1,
2.023E+11,155 659 113,B01,1,7,0,2,1,1,1,
2.023E+11,155 659 107,A01,1,7,0,2,8,1,1,
2.023E+11,155 659 109,B01,1,7,0,2,1,1,1,
2.023E+11,155 659 105,A01,1,7,15,0,8,1,1,
2.023E+11,155 659 111,A01,2,7,0,2,1,2,0,
2.023E+11,155 659 115,B01,2,7,0,2,4,2,0,
2.023E+11,155 659 104,A01,1,7,0,2,6,9,1,
2.023E+11,155 659 106,B01,1,30,0,2,1,1,1,
2.023E+11,155 659 102,B01,1,10,0,2,1,1,1,
2.023E+11,155 659 103,A01,2,10,0,2,1,5,1,
2.023E+11,155 659 098,B01,1,2,0,0,5,1,1,
2.023E+11,155 659 101,A01,2,7,0,2,3,9,1,
2.023E+11,155 659 097,B01,1,1,0,2,7,13,5,
2.023E+11,155 659 100,A01,2,14,0,2,2,16,1,
2.023E+11,155 659 094,A01,1,7,0,2,3,9,1,
2.023E+11,155 659 096,B01,1,33,0,2,2,15,1,
2.023E+11,155 659 090,B01,1,7,0,2,3,1,1,
2.023E+11,155 659 093,A01,1,7,0,2,2,1,1,
2.023E+11,155 659 091,A01,1,7,0,2,2,2,0,
2.023E+11,155 659 095,B01,1,7,0,2,6,0,0,
2.023E+11,155 659 099,C01,1,7,0,2,4,0,0,
2.023E+11,155 659 088,A01,2,7,0,2,3,13,1,
2.023E+11,155 659 092,B01,1,7,0,2,3,1,1,
2.023E+11,155 659 086,A01,3,7,0,2,2,19,1,
2.023E+11,155 659 089,B01,1,7,0,2,3,1,1,
2.023E+11,155 659 083,A01,2,7,0,2,3,13,1,
2.023E+11,155 659 087,B01,1,32,0,2,3,1,1,
2.023E+11,155 659 082,A01,2,7,0,2,8,12,1,
2.023E+11,155 659 084,B01,2,15,0,2,7,11,1,
2.023E+11,155 659 077,A01,1,33,0,2,7,0,1,
2.023E+11,155 659 081,B01,3,7,0,2,3,0,1,
2.023E+11,155 659 075,A01,2,30,0,2,1,18,1,
2.023E+11,155 659 079,B01,2,7,0,2,0,0,1,
2.023E+11,155 659 076,A01,2,33,0,2,2,13,0,
2.023E+11,155 659 080,B01,2,7,0,2,6,1,0,
2.023E+11,155 659 085,C01,2,7,0,2,2,1,0,
2.023E+11,155 659 074,A01,1,7,0,2,1,2,1,
2.023E+11,155 659 078,B01,1,7,0,2,4,2,1,
2.023E+11,155 659 071,A01,3,7,0,2,3,15,1,
2.023E+11,155 659 072,B01,3,33,0,2,7,2,1,
2.023E+11,155 659 069,B01,1,7,0,0,4,2,1,
2.023E+11,155 659 073,A01,1,7,4,2,3,2,3,
2.023E+11,155 659 067,B01,2,33,0,2,8,1,1,
2.023E+11,155 659 070,A01,2,10,0,2,7,12,1,
2.023E+11,155 659 066,A01,2,7,0,1,1,26,1,
2.023E+11,155 659 064,A01,1,7,0,2,1,14,1,
2.023E+11,155 659 068,B01,1,7,0,2,4,0,1,
2.023E+11,155 659 063,A01,2,7,0,2,1,13,1,
2.023E+11,155 659 065,B01,1,30,0,2,1,1,3,
2.023E+11,155 659 059,A01,2,33,0,2,1,3,1,
2.023E+11,155 659 061,B01,2,33,0,2,4,3,1,
2.023E+11,155 659 062,C01,2,7,0,2,4,12,1,
2.023E+11,155 659 058,CB01,1,2,0,2,1,2,0,
2.023E+11,155 659 060,A01,1,7,0,2,5,23,1,
2.023E+11,155 659 056,A01,1,33,0,2,2,1,1,
2.023E+11,155 659 057,B01,2,7,0,2,3,15,1,
2.023E+11,155 659 053,A01,2,7,0,2,1,2,1,
2.023E+11,155 659 055,B01,2,7,0,2,4,2,0,
2.023E+11,155 659 050,A01,1,7,4,0,1,1,1,
2.023E+11,155 659 049,A01,1,7,8,2,1,16,1,
2.023E+11,155 659 054,B01,3,50,0,2,7,26,3,
2.023E+11,155 659 048,A01,3,7,0,2,5,16,1,
2.023E+11,155 659 051,B01,3,32,0,2,1,5,1,
2.023E+11,155 659 044,B01,1,7,0,2,2,10,2,
2.023E+11,155 659 046,A01,1,32,0,2,1,1,1,
2.023E+11,155 659 047,A01,2,7,0,2,2,12,1,
2.023E+11,155 659 052,B01,2,7,0,2,6,1,1,
2.023E+11,155 659 039,A01,2,10,0,2,1,2,0,
2.023E+11,155 659 040,B01,2,7,0,2,4,2,0,
2.023E+11,155 659 042,C01,2,7,0,2,4,2,0,
2.023E+11,155 659 045,D01,2,7,0,2,4,2,0,
2.023E+11,155 659 038,A01,1,7,0,1,2,20,1,
2.023E+11,155 659 033,A01,2,31,14,0,2,0,1,
2.023E+11,155 659 034,A01,1,7,0,2,1,1,1,
2.023E+11,155 659 036,B01,1,7,0,2,4,1,1,
2.023E+11,155 659 032,A01,2,1,0,0,0,2,5,
2.023E+11,155 659 026,A01,2,43,0,2,7,3,1,
2.023E+11,155 659 028,B01,2,7,0,2,8,0,1,
2.023E+11,155 659 025,C01,2,7,0,2,2,1,1,
2.023E+11,155 659 030,A01,2,7,0,2,4,1,1,
2.023E+11,155 659 031,B01,2,7,0,2,1,1,1,
2.023E+11,155 659 022,A01,1,33,0,2,8,15,1,
2.023E+11,155 659 027,B01,3,33,0,2,1,17,1,
2.023E+11,155 659 020,A01,3,7,0,9,2,17,0,
2.023E+11,155 659 023,B01,3,1,0,2,8,19,5,
2.023E+11,155 659 013,A01,0,7,0,2,1,3,1,
2.023E+11,155 659 018,B01,0,7,0,2,1,3,1,
2.023E+11,155 659 015,A01,3,30,12,0,1,1,3,
2.023E+11,155 659 014,C01,1,7,0,2,4,1,1,
2.023E+11,155 659 017,D01,1,7,0,2,4,1,1,
2.023E+11,155 659 021,E01,1,7,0,2,4,1,1,
2.023E+11,155 659 024,A01,1,7,0,2,1,1,1,
2.023E+11,155 659 029,B01,1,7,0,2,4,1,1,
2.023E+11,155 659 012,A01,1,34,0,2,1,3,1,
2.023E+11,155 659 016,B01,1,10,0,2,4,2,1,
2.023E+11,155 659 019,C01,1,10,0,2,4,2,1,
2.023E+11,155 659 011,A01,0,7,0,1,8,1,1,
2.023E+11,155 659 008,A01,2,7,4,0,1,1,1,
2.023E+11,155 659 006,A01,0,1,0,2,1,5,5,
2.023E+11,155 659 010,B01,0,7,0,2,2,1,1,
2.023E+11,155 659 007,A01,3,7,0,9,1,15,2,
2.023E+11,155 659 009,B01,3,1,0,2,1,1,5,
2.023E+11,155 659 003,B01,1,7,0,2,1,2,1,
2.023E+11,155 659 005,A01,1,7,0,2,4,2,1,
2.023E+11,155 659 001,A01,2,10,0,2,7,13,1,
2.023E+11,155 659 002,B01,2,15,0,2,2,1,1,
2.023E+11,155 658 997,A01,1,37,0,2,4,2,1,6
2.023E+11,155 659 004,B01,2,7,0,2,1,1,1,
2.023E+11,155 658 995,B01,1,2,0,2,7,1,1,
2.023E+11,155 658 999,A01,1,7,0,2,2,15,1,
2.023E+11,155 658 993,A01,3,7,0,9,2,1,1,
2.023E+11,155 658 998,B01,0,1,0,2,1,1,5,
2.023E+11,155 658 994,B01,1,7,0,2,1,1,1,
2.023E+11,155 659 000,A01,1,7,0,2,3,16,1,
2.023E+11,155 658 992,A01,2,7,0,2,6,1,1,
2.023E+11,155 658 996,Z01,2,7,0,2,2,11,1,
2.023E+11,155 658 989,A01,1,7,0,1,3,16,1,
2.023E+11,155 658 988,A01,2,33,0,0,9,1,1,
2.023E+11,155 658 991,B01,2,33,0,0,9,1,1,
2.023E+11,155 658 984,A01,1,10,0,2,1,1,1,
2.023E+11,155 658 986,B01,1,7,0,2,4,1,1,
2.023E+11,155 658 983,A01,1,34,0,2,1,2,-1,
2.023E+11,155 658 985,B01,1,7,0,0,6,23,0,
2.023E+11,155 658 990,C01,1,3,0,0,0,23,1,
2.023E+11,155 658 982,A01,3,43,0,2,1,18,0,
2.023E+11,155 658 987,B01,3,7,0,2,5,16,0,
2.023E+11,155 658 981,A01,2,7,0,0,9,13,1,
2.023E+11,155 658 977,A01,1,7,0,2,3,15,0,
2.023E+11,155 658 980,B01,2,7,0,2,3,1,0,
2.023E+11,155 658 975,A01,1,2,0,0,0,1,1,
2.023E+11,155 658 976,A01,0,7,0,1,2,0,1,
2.023E+11,155 658 974,A01,2,7,0,2,3,1,0,
2.023E+11,155 658 979,B01,1,7,0,2,3,1,0,
2.023E+11,155 658 973,B01,2,7,0,2,1,1,1,
2.023E+11,155 658 978,A01,1,3,0,2,7,19,1,
2.023E+11,155 658 972,A01,2,7,0,1,3,1,1,
2.023E+11,155 658 968,A01,3,2,12,0,0,0,1,
2.023E+11,155 658 966,A01,1,2,0,0,7,1,1,
2.023E+11,155 658 969,B01,0,7,0,2,1,20,1,
2.023E+11,155 658 965,A01,1,7,13,0,9,14,1,
2.023E+11,155 658 967,A01,2,7,0,2,2,16,1,
2.023E+11,155 658 971,B01,2,50,0,2,1,1,3,
2.023E+11,155 658 964,A01,3,7,0,1,1,19,1,
2.023E+11,155 658 963,A01,3,7,0,1,2,15,1,
2.023E+11,155 658 959,A01,1,7,0,1,1,1,1,
2.023E+11,155 658 957,A01,2,7,0,2,6,2,1,
2.023E+11,155 658 960,B01,2,33,0,2,1,2,1,
2.023E+11,155 658 956,A01,2,2,0,1,1,21,1,
2.023E+11,155 658 955,A01,2,1,15,0,1,1,5,
2.023E+11,155 658 953,A01,1,7,2,0,2,1,1,
2.023E+11,155 658 949,A01,2,7,2,0,2,1,1,
2.023E+11,155 658 952,B01,1,7,0,2,1,1,1,
2.023E+11,155 658 954,A01,2,7,0,2,7,15,1,
2.023E+11,155 658 945,A01,1,7,0,2,1,13,1,
2.023E+11,155 658 947,B01,1,7,0,2,6,1,2,
2.023E+11,155 658 950,C01,1,7,0,2,5,1,1,
2.023E+11,155 658 937,A01,3,7,8,0,1,1,1,
2.023E+11,155 658 938,A01,1,7,0,2,1,2,1,
2.023E+11,155 658 941,C01,1,7,0,2,4,0,1,
2.023E+11,155 658 944,B01,1,10,0,2,4,2,1,
2.023E+11,155 658 939,B01,1,33,0,2,1,1,1,
2.023E+11,155 658 943,A01,2,7,0,0,7,15,1,
2.023E+11,155 658 936,A01,2,7,0,2,3,9,1,
2.023E+11,155 658 940,B01,2,2,0,2,7,1,1,
2.023E+11,155 658 933,B01,0,37,0,0,6,0,1,1
2.023E+11,155 658 935,A01,0,7,0,2,2,17,1,
2.023E+11,155 658 932,A01,1,7,1,0,2,1,1,
2.023E+11,155 658 934,B01,3,7,0,2,3,24,1,
2.023E+11,155 658 928,A01,3,7,0,1,2,1,1,
2.023E+11,155 658 929,A01,2,7,0,2,1,1,1,
2.023E+11,155 658 931,B01,2,7,0,2,4,1,1,
2.023E+11,155 658 926,A01,2,7,6,0,1,0,1,
2.023E+11,155 658 925,B01,1,7,0,2,8,15,1,
2.023E+11,155 658 930,A01,1,33,0,2,7,2,1,
2.023E+11,155 658 923,A01,1,40,0,1,7,1,3,
2.023E+11,155 658 924,A01,0,7,0,2,7,16,1,
2.023E+11,155 658 927,B01,0,1,0,2,8,1,5,
2.023E+11,155 658 922,A01,1,33,12,0,0,0,1,
2.023E+11,155 658 920,A01,2,2,0,2,1,1,1,
2.023E+11,155 658 921,B01,2,7,0,2,4,1,1,
2.023E+11,155 658 915,A01,2,2,0,2,7,1,1,
2.023E+11,155 658 919,Z01,3,7,0,2,1,0,0,
2.023E+11,155 658 916,B01,1,7,0,2,4,2,1,
2.023E+11,155 658 917,A01,1,33,0,2,5,21,1,
2.023E+11,155 658 914,A01,1,7,0,2,8,19,0,
2.023E+11,155 658 918,B01,1,7,0,2,1,1,0,
2.023E+11,155 658 912,A01,2,37,2,0,2,1,1,5
2.023E+11,155 658 911,B01,1,33,0,2,0,15,0,
2.023E+11,155 658 913,RA01,2,7,0,2,2,1,1,
2.023E+11,155 658 909,A01,3,7,0,2,3,1,1,
2.023E+11,155 658 910,B01,3,7,1,2,4,20,1,
2.023E+11,155 658 908,A01,2,2,10,0,7,1,1,
2.023E+11,155 658 906,A01,1,50,0,0,0,1,3,
2.023E+11,155 658 905,A01,1,33,0,2,1,1,1,
2.023E+11,155 658 907,B01,2,7,0,2,7,15,2,
2.023E+11,155 658 900,A01,1,7,0,2,1,15,0,
2.023E+11,155 658 904,B01,2,80,0,2,7,1,3,
2.023E+11,155 658 899,A01,1,7,13,2,1,13,1,
2.023E+11,155 658 903,B01,2,7,0,2,5,1,1,
2.023E+11,155 658 898,A01,1,7,0,0,0,23,1,
2.023E+11,155 658 897,B01,1,0,-1,-1,-1,-1,-1,
2.023E+11,155 658 901,A01,1,50,0,2,5,0,3,
2.023E+11,155 658 896,A01,1,30,0,2,1,17,1,
2.023E+11,155 658 902,B01,1,7,0,2,3,15,1,
2.023E+11,155 658 893,A01,1,33,2,0,1,1,1,
2.023E+11,155 658 891,A01,0,31,0,2,7,0,1,
2.023E+11,155 658 892,B01,0,7,0,2,2,0,1,
2.023E+11,155 658 889,A01,1,7,8,2,1,2,1,
2.023E+11,155 658 894,B01,1,7,8,0,4,2,1,
2.023E+11,155 658 888,A01,1,7,0,2,1,15,1,
2.023E+11,155 658 895,B01,2,1,0,2,8,1,5,
2.023E+11,155 658 890,A01,1,32,10,0,2,0,1,
2.023E+11,155 658 887,A01,2,33,0,0,0,26,1,
2.023E+11,155 658 885,A01,1,10,2,0,1,1,1,
2.023E+11,155 658 884,A01,0,7,2,0,1,1,1,
2.023E+11,155 658 883,B01,2,7,0,2,2,1,1,
2.023E+11,155 658 886,A01,2,7,0,2,3,9,1,
2.023E+11,155 658 881,A01,2,50,0,0,7,1,3,
2.023E+11,155 658 880,A01,2,30,14,0,7,1,1,
2.023E+11,155 658 879,A01,2,7,0,2,3,1,1,
2.023E+11,155 658 882,B01,1,1,0,2,1,0,5,
2.023E+11,155 658 875,A01,3,7,6,0,1,1,0,
2.023E+11,155 658 873,A01,1,2,0,2,1,1,1,
2.023E+11,155 658 877,B01,2,7,0,2,3,1,1,
2.023E+11,155 658 874,A01,3,7,0,1,2,15,1,
2.023E+11,155 658 871,A01,1,7,2,0,2,1,1,
2.023E+11,155 658 870,A01,2,7,0,2,2,1,6,
2.023E+11,155 658 872,B01,2,7,0,2,3,9,6,
2.023E+11,155 658 866,A01,3,1,0,2,4,1,5,
2.023E+11,155 658 867,Z01,2,0,0,2,1,1,0,
2.023E+11,155 658 865,A01,0,33,16,0,0,0,1,
2.023E+11,155 658 863,B01,1,1,0,2,1,1,5,
2.023E+11,155 658 868,A01,1,10,0,2,7,16,1,
2.023E+11,155 658 864,B01,2,1,0,2,4,1,5,
2.023E+11,155 658 869,A01,1,7,0,9,1,1,1,
2.023E+11,155 658 861,A01,1,7,0,1,3,1,1,
2.023E+11,155 658 856,A01,1,7,0,2,3,1,1,
2.023E+11,155 658 859,B01,1,7,0,2,1,1,2,
2.023E+11,155 658 854,A01,2,7,0,2,3,9,1,
2.023E+11,155 658 858,B01,2,1,0,2,7,1,5,
2.023E+11,155 658 855,B01,2,7,0,2,1,17,1,
2.023E+11,155 658 857,A01,1,33,0,2,1,0,1,
2.023E+11,155 658 862,C01,3,7,1,0,0,23,1,
2.023E+11,155 658 851,A01,2,33,0,2,3,3,1,
2.023E+11,155 658 853,B01,2,10,0,2,7,1,1,
2.023E+11,155 658 850,A01,1,33,13,0,2,1,1,
2.023E+11,155 658 849,A01,2,99,14,2,3,13,1,
2.023E+11,155 658 852,B01,1,7,0,2,0,1,1,
2.023E+11,155 658 847,A01,1,7,0,2,1,2,1,
2.023E+11,155 658 848,B01,1,7,1,0,6,23,1,
2.023E+11,155 658 846,A01,3,33,14,0,8,19,6,
2.023E+11,155 658 842,A01,1,1,0,2,2,11,5,
2.023E+11,155 658 845,B01,1,7,0,2,3,17,1,
2.023E+11,155 658 843,B01,1,33,0,2,1,21,1,
2.023E+11,155 658 844,A01,1,7,0,2,5,19,1,
2.023E+11,155 658 840,B01,0,7,0,2,0,0,1,
2.023E+11,155 658 841,A01,0,2,0,2,8,17,1,
2.023E+11,155 658 839,A01,3,7,0,1,1,2,1,
2.023E+11,155 658 835,B01,2,2,0,2,2,1,1,
2.023E+11,155 658 837,A01,2,7,0,2,3,9,1,
2.023E+11,155 658 836,A01,1,33,13,0,1,19,1,
2.023E+11,155 658 833,A01,1,7,0,2,2,1,6,
2.023E+11,155 658 838,B01,1,7,0,2,3,15,6,
2.023E+11,155 658 832,A01,1,7,0,2,1,19,2,
2.023E+11,155 658 834,B01,2,7,16,0,7,15,1,
2.023E+11,155 658 829,A01,1,7,0,1,3,1,1,
2.023E+11,155 658 827,A01,2,7,0,2,1,2,1,
2.023E+11,155 658 831,B01,2,7,0,2,4,2,1,
2.023E+11,155 658 828,A01,2,7,0,0,5,6,1,
2.023E+11,155 658 830,B01,1,1,0,0,5,1,5,
2.023E+11,155 658 826,A01,3,7,0,9,1,12,1,
2.023E+11,155 658 824,A01,1,33,3,0,0,21,1,
2.023E+11,155 658 823,A01,1,10,0,1,8,1,1,
2.023E+11,155 658 821,A01,1,50,0,2,1,1,3,
2.023E+11,155 658 822,B01,1,7,0,2,2,1,1,
2.023E+11,155 658 820,A01,2,10,0,2,3,1,1,
2.023E+11,155 658 825,B01,1,7,0,2,8,1,1,
2.023E+11,155 658 817,A01,1,7,0,1,0,1,0,
2.023E+11,155 658 816,A01,1,7,0,9,7,16,2,
2.023E+11,155 658 819,B01,1,50,0,2,1,1,3,
2.023E+11,155 658 815,A01,2,7,0,2,1,13,1,
2.023E+11,155 658 818,B01,1,10,0,2,1,1,1,
2.023E+11,155 658 812,A01,1,10,0,2,7,16,1,
2.023E+11,155 658 814,Y01,2,1,0,2,8,1,5,
2.023E+11,155 658 808,A01,1,7,0,2,3,9,1,
2.023E+11,155 658 813,B01,2,7,0,2,1,1,1,
2.023E+11,155 658 807,A01,1,7,0,2,7,19,1,
2.023E+11,155 658 811,B01,3,30,0,2,1,16,1,
2.023E+11,155 658 806,A01,0,7,0,0,5,9,1,
2.023E+11,155 658 810,B01,0,30,0,2,1,1,1,
2.023E+11,155 658 805,A01,3,7,0,2,7,16,1,
2.023E+11,155 658 809,B01,1,34,0,2,8,1,1,
2.023E+11,155 658 801,A01,2,33,0,2,7,1,1,
2.023E+11,155 658 804,B01,1,7,0,2,1,9,0,
2.023E+11,155 658 799,A01,0,1,0,2,1,1,5,
2.023E+11,155 658 802,B01,1,7,0,2,7,1,1,
2.023E+11,155 658 798,A01,1,1,0,2,5,19,5,
2.023E+11,155 658 803,B01,2,7,0,2,1,1,1,
2.023E+11,155 658 796,A01,1,10,0,2,7,17,1,
2.023E+11,155 658 800,B01,1,7,0,2,3,13,1,
2.023E+11,155 658 794,A01,1,30,9,0,1,26,0,
2.023E+11,155 658 792,A01,2,50,0,2,1,5,3,
2.023E+11,155 658 795,B01,1,7,0,2,3,16,1,
2.023E+11,155 658 791,A01,2,7,0,2,3,1,1,
2.023E+11,155 658 797,B01,1,32,0,2,1,1,1,
2.023E+11,155 658 789,A01,1,7,1,0,3,17,1,
2.023E+11,155 658 793,B01,2,32,0,0,1,2,1,
2.023E+11,155 658 788,A01,0,7,0,2,7,1,6,
2.023E+11,155 658 790,B01,0,1,0,2,0,19,5,
2.023E+11,155 658 785,A01,1,7,2,0,2,2,1,
2.023E+11,155 658 787,A01,3,7,1,1,2,16,1,
2.023E+11,155 658 784,A01,2,7,0,1,1,1,1,
2.023E+11,155 658 782,B01,1,1,0,2,7,1,5,
2.023E+11,155 658 786,Z01,1,10,0,2,1,16,1,
2.023E+11,155 658 777,A01,1,7,0,2,8,11,1,
2.023E+11,155 658 780,B01,1,33,4,2,7,21,1,
2.023E+11,155 658 779,B01,3,7,0,2,3,15,1,
2.023E+11,155 658 781,A01,3,1,0,2,1,1,5,
2.023E+11,155 658 775,B01,3,2,0,2,1,1,1,
2.023E+11,155 658 778,A01,3,7,0,2,7,15,1,
2.023E+11,155 658 773,A01,2,7,0,2,2,1,1,
2.023E+11,155 658 774,B01,1,7,0,2,2,15,1,
2.023E+11,155 658 770,A01,3,7,0,1,4,20,1,
2.023E+11,155 658 771,A01,2,10,0,1,2,10,0,
2.023E+11,155 658 765,A01,1,7,0,2,2,20,1,
2.023E+11,155 658 767,B01,1,1,0,2,8,1,5,
2.023E+11,155 658 766,B01,2,7,0,2,1,2,1,
2.023E+11,155 658 769,C01,2,7,0,2,1,2,1,
2.023E+11,155 658 772,D01,2,7,0,2,1,2,3,
2.023E+11,155 658 776,A01,2,7,0,2,4,1,2,
2.023E+11,155 658 761,A01,1,2,1,0,6,10,1,
2.023E+11,155 658 763,B01,1,33,0,2,1,2,1,
2.023E+11,155 658 762,A01,3,7,0,2,5,2,1,
2.023E+11,155 658 768,B01,3,30,0,2,1,2,1,
2.023E+11,155 658 760,A01,2,7,0,2,3,13,1,
2.023E+11,155 658 764,B01,1,7,0,2,2,1,1,
2.023E+11,155 658 756,B01,1,7,16,2,1,2,1,
2.023E+11,155 658 758,A01,1,1,0,2,1,13,5,
2.023E+11,155 658 752,B01,0,7,0,2,8,15,1,
2.023E+11,155 658 754,A01,0,31,0,2,7,17,1,
2.023E+11,155 658 751,A01,1,7,0,2,1,14,1,
2.023E+11,155 658 759,B01,2,10,0,2,2,23,1,
2.023E+11,155 658 753,A01,1,7,1,0,1,14,1,
2.023E+11,155 658 757,B01,1,7,0,2,4,23,1,
2.023E+11,155 658 750,B01,3,7,0,2,8,1,0,
2.023E+11,155 658 755,A01,3,10,0,2,1,19,0,
2.023E+11,155 658 749,A01,3,7,15,1,2,17,1,
2.023E+11,155 658 748,A01,3,7,6,0,1,1,1,
2.023E+11,155 658 745,A01,0,7,0,2,7,26,1,
2.023E+11,155 658 747,B01,0,7,0,2,8,26,1,
2.023E+11,155 658 743,A01,2,1,0,2,0,15,5,
2.023E+11,155 658 746,B01,2,7,0,2,5,17,0,
2.023E+11,155 658 742,A01,1,7,4,0,1,1,1,
2.023E+11,155 658 740,A01,1,7,2,0,3,13,0,
2.023E+11,155 658 737,A01,3,7,0,2,1,16,1,
2.023E+11,155 658 741,B01,3,50,0,2,8,1,3,
2.023E+11,155 658 734,A01,2,7,0,2,3,15,1,
2.023E+11,155 658 738,B01,1,1,0,2,1,1,5,
2.023E+11,155 658 732,A01,2,7,0,2,1,1,1,
2.023E+11,155 658 736,C01,2,7,0,2,4,2,1,
2.023E+11,155 658 739,B01,2,7,0,2,4,2,1,
2.023E+11,155 658 733,A01,2,7,8,9,1,17,1,
2.023E+11,155 658 729,A01,0,10,0,1,4,26,0,
2.023E+11,155 658 728,A01,1,7,2,0,8,1,1,
2.023E+11,155 658 724,C01,1,7,0,0,6,2,0,
2.023E+11,155 658 726,A01,1,7,0,0,4,2,0,
2.023E+11,155 658 730,B01,1,7,0,0,4,2,0,
2.023E+11,155 658 731,D01,1,7,0,0,2,17,0,
2.023E+11,155 658 735,E01,2,7,0,0,2,1,3,
2.023E+11,155 658 727,A01,1,7,1,2,3,0,1,
2.023E+11,155 658 722,B01,1,2,0,2,0,1,1,
2.023E+11,155 658 725,A01,1,7,0,2,1,1,1,
2.023E+11,155 658 720,A01,2,7,1,2,1,5,1,