Num_Acc,id_vehicule,num_veh,senc,catv,obs,obsm,choc,manv,motor,occutc
2.023E+11,155 658 723,B01,2,7,0,2,1,1,0,
2.023E+11,155 658 719,A01,1,7,0,2,3,0,1,
2.023E+11,155 658 721,B01,2,7,0,2,3,0,1,
2.023E+11,155 658 718,A01,3,7,2,0,1,1,1,
2.023E+11,155 658 717,A01,1,7,9,0,1,26,1,
2.023E+11,155 658 716,A01,2,33,13,0,2,1,1,
2.023E+11,155 658 712,A01,1,7,0,2,3,20,1,
2.023E+11,155 658 714,B01,1,33,9,2,2,1,1,
2.023E+11,155 658 709,B01,2,30,0,2,3,15,1,
2.023E+11,155 658 713,A01,2,7,0,2,5,17,1,
2.023E+11,155 658 708,A01,0,7,13,0,2,1,1,
2.023E+11,155 658 706,A01,1,33,0,2,0,1,1,
2.023E+11,155 658 711,B01,1,7,0,0,0,19,1,
2.023E+11,155 658 702,A01,1,33,0,0,3,2,1,
2.023E+11,155 658 700,A01,1,7,0,2,3,10,1,
2.023E+11,155 658 704,B01,1,7,0,2,2,2,0,
2.023E+11,155 658 699,A01,1,7,0,2,1,2,1,
2.023E+11,155 658 701,B01,1,7,4,0,4,23,1,
2.023E+11,155 658 697,A01,2,7,0,1,3,16,1,
2.023E+11,155 658 696,B01,1,2,0,2,1,1,1,
2.023E+11,155 658 698,A01,2,10,0,2,7,15,1,
2.023E+11,155 658 693,A01,1,7,1,0,1,1,1,
2.023E+11,155 658 691,B01,3,7,0,2,3,1,1,
2.023E+11,155 658 694,A01,3,7,0,2,1,13,1,
2.023E+11,155 658 692,A01,3,34,0,2,1,1,1,
2.023E+11,155 658 695,B01,3,7,0,2,7,15,2,
2.023E+11,155 658 689,A01,2,7,8,0,1,14,1,
2.023E+11,155 658 688,A01,2,1,0,2,1,19,5,
2.023E+11,155 658 690,B01,1,7,0,0,6,1,1,
2.023E+11,155 658 683,B01,2,7,0,0,6,0,1,
2.023E+11,155 658 686,A01,1,33,0,2,1,1,1,
2.023E+11,155 658 685,A01,3,33,0,1,3,1,0,
2.023E+11,155 658 684,A01,1,7,0,2,2,15,2,
2.023E+11,155 658 687,B01,2,7,0,2,1,1,1,
2.023E+11,155 658 681,A01,2,7,2,0,3,0,1,
2.023E+11,155 658 680,A01,0,7,0,2,1,16,1,
2.023E+11,155 658 682,B01,0,30,0,2,1,0,1,
2.023E+11,155 658 676,A01,1,33,0,2,1,17,1,
2.023E+11,155 658 679,B01,1,7,0,2,8,15,1,
2.023E+11,155 658 675,A01,2,7,0,9,7,15,1,
2.023E+11,155 658 677,B01,1,1,0,2,1,1,5,
2.023E+11,155 658 674,A01,2,17,0,1,2,1,1,
2.023E+11,155 658 672,A01,2,7,2,0,3,13,0,
2.023E+11,155 658 673,B01,3,14,0,2,6,13,1,
2.023E+11,155 658 678,A01,3,10,0,2,1,15,1,
2.023E+11,155 658 669,A01,1,7,0,2,7,9,1,
2.023E+11,155 658 671,B01,2,1,0,2,7,1,5,
2.023E+11,155 658 667,A01,1,7,0,1,1,16,1,
2.023E+11,155 658 664,B01,1,7,0,2,6,24,1,
2.023E+11,155 658 665,A01,1,7,1,0,2,14,1,
2.023E+11,155 658 663,A01,1,31,0,2,7,1,1,
2.023E+11,155 658 668,B01,1,7,0,2,1,1,1,
2.023E+11,155 658 661,A01,1,7,0,1,2,1,1,
2.023E+11,155 658 662,A01,2,7,0,1,2,1,2,
2.023E+11,155 658 660,A01,2,7,6,0,1,1,1,
2.023E+11,155 658 659,A01,2,7,0,1,3,1,1,
2.023E+11,155 658 658,A01,1,2,12,0,1,1,1,
2.023E+11,155 658 657,A01,0,7,6,0,1,1,0,
2.023E+11,155 658 656,A01,3,7,1,0,1,14,1,
2.023E+11,155 658 652,A01,0,7,0,2,1,15,1,
2.023E+11,155 658 654,B01,3,31,0,2,7,2,1,
2.023E+11,155 658 651,B01,2,33,0,2,8,1,1,
2.023E+11,155 658 655,A01,2,7,0,2,7,12,1,
2.023E+11,155 658 650,A01,1,7,2,0,1,14,1,
2.023E+11,155 658 649,A01,1,7,0,1,2,1,2,
2.023E+11,155 658 648,A01,2,7,13,0,1,14,1,
2.023E+11,155 658 644,B01,0,7,0,2,1,26,2,
2.023E+11,155 658 647,A01,0,7,0,2,7,26,1,
2.023E+11,155 658 642,A01,2,7,8,0,1,13,2,
2.023E+11,155 658 643,A01,2,32,0,2,3,3,1,
2.023E+11,155 658 646,B01,1,10,0,2,8,1,1,
2.023E+11,155 658 641,A01,1,80,0,2,1,13,3,
2.023E+11,155 658 645,B01,2,7,0,9,1,1,3,
2.023E+11,155 658 637,A01,0,33,0,0,1,17,1,
2.023E+11,155 658 635,A01,2,7,0,1,1,1,1,
2.023E+11,155 658 632,A01,1,7,0,2,2,1,2,
2.023E+11,155 658 638,B01,1,1,0,2,1,1,5,
2.023E+11,155 658 629,A01,1,7,0,2,1,19,1,
2.023E+11,155 658 634,B01,2,31,0,2,7,1,1,
2.023E+11,155 658 631,A01,1,33,0,2,4,2,1,
2.023E+11,155 658 633,Z01,1,33,0,2,1,2,0,
2.023E+11,155 658 636,B01,1,10,0,2,4,2,1,
2.023E+11,155 658 628,A01,1,7,0,0,4,2,1,
2.023E+11,155 658 630,B01,1,7,0,0,1,2,1,
2.023E+11,155 658 626,A01,1,37,0,1,2,1,1,1
2.023E+11,155 658 625,A01,1,32,0,2,1,5,1,
2.023E+11,155 658 627,B01,1,7,0,2,3,9,2,
2.023E+11,155 658 622,A01,2,7,0,1,2,1,1,
2.023E+11,155 658 621,A01,0,7,2,0,0,1,1,
2.023E+11,155 658 623,B01,2,10,0,2,5,1,1,
2.023E+11,155 658 624,A01,2,43,0,2,3,3,1,
2.023E+11,155 658 616,A01,3,7,2,0,1,1,0,
2.023E+11,155 658 617,B01,2,50,0,2,1,1,3,
2.023E+11,155 658 620,A01,1,7,0,2,1,15,1,
2.023E+11,155 658 618,A01,1,7,0,2,5,22,3,
2.023E+11,155 658 619,B01,1,33,0,2,1,1,1,
2.023E+11,155 658 615,A01,1,1,0,1,0,1,5,
2.023E+11,155 658 612,B01,2,10,0,2,2,1,1,
2.023E+11,155 658 614,A01,2,31,0,2,6,13,1,
2.023E+11,155 658 608,B01,0,2,0,2,7,17,1,
2.023E+11,155 658 613,A01,0,7,0,2,3,15,1,
2.023E+11,155 658 607,A01,0,3,0,2,2,15,1,
2.023E+11,155 658 610,B01,0,2,0,2,1,0,1,
2.023E+11,155 658 605,A01,2,7,0,2,1,15,1,
2.023E+11,155 658 606,B01,1,7,0,2,1,1,3,
2.023E+11,155 658 609,C01,2,10,0,2,1,1,1,
2.023E+11,155 658 604,A01,2,7,0,4,5,19,1,
2.023E+11,155 658 611,B01,2,40,0,2,1,19,3,
2.023E+11,155 658 597,A01,1,31,7,0,1,0,0,
2.023E+11,155 658 599,B01,2,7,0,2,8,1,1,
2.023E+11,155 658 603,A01,2,31,0,2,7,5,1,
2.023E+11,155 658 595,B01,0,7,0,2,4,23,1,
2.023E+11,155 658 600,C01,0,7,0,2,4,23,1,
2.023E+11,155 658 602,A01,0,7,0,2,1,1,1,
2.023E+11,155 658 592,A01,2,7,0,0,1,1,1,
2.023E+11,155 658 594,B01,1,2,0,2,1,26,1,
2.023E+11,155 658 596,A01,1,15,0,2,2,1,1,
2.023E+11,155 658 591,A01,2,7,0,2,1,2,1,
2.023E+11,155 658 593,B01,2,7,0,2,4,23,1,
2.023E+11,155 658 598,C01,2,10,0,2,4,2,1,
2.023E+11,155 658 601,D01,2,7,0,2,4,2,1,
2.023E+11,155 658 590,A01,1,7,0,1,1,1,2,
2.023E+11,155 658 589,A01,2,10,2,0,1,0,1,
2.023E+11,155 658 587,A01,1,7,1,0,6,14,1,
2.023E+11,155 658 586,A01,1,33,0,2,7,1,1,
2.023E+11,155 658 588,B01,1,7,0,2,3,15,1,
2.023E+11,155 658 582,A01,3,7,2,0,1,1,1,
2.023E+11,155 658 581,A01,2,7,0,2,1,1,1,
2.023E+11,155 658 583,B01,2,7,0,2,0,1,1,
2.023E+11,155 658 585,C01,2,7,0,2,4,0,1,
2.023E+11,155 658 578,B01,3,37,0,0,0,1,0,3
2.023E+11,155 658 584,A01,3,10,0,0,0,10,1,
2.023E+11,155 658 577,A01,1,33,5,0,3,14,1,
2.023E+11,155 658 580,B01,1,33,0,2,3,1,1,
2.023E+11,155 658 579,A01,1,7,0,1,1,15,3,
2.023E+11,155 658 574,B01,2,17,0,2,4,24,1,
2.023E+11,155 658 575,A01,2,7,1,0,1,0,1,
2.023E+11,155 658 571,A01,2,7,0,2,2,1,0,
2.023E+11,155 658 576,B01,2,15,0,2,6,14,1,
2.023E+11,155 658 569,A01,2,33,0,2,1,16,1,
2.023E+11,155 658 572,B01,1,7,0,0,8,1,0,
2.023E+11,155 658 568,A01,3,2,0,2,1,9,5,
2.023E+11,155 658 573,B01,3,33,0,0,8,2,1,
2.023E+11,155 658 567,B01,2,1,0,2,1,1,5,
2.023E+11,155 658 570,A01,1,7,0,2,1,1,1,
2.023E+11,155 658 565,A01,2,33,0,2,1,3,1,
2.023E+11,155 658 566,B01,2,7,0,2,4,11,1,
2.023E+11,155 658 563,A01,1,7,0,0,1,2,1,
2.023E+11,155 658 562,A01,2,13,0,0,4,1,0,
2.023E+11,155 658 564,B01,2,7,0,2,1,1,0,
2.023E+11,155 658 560,A01,0,1,12,0,1,19,5,
2.023E+11,155 658 559,A01,1,7,0,2,2,1,1,
2.023E+11,155 658 561,B01,1,1,0,2,8,15,5,
2.023E+11,155 658 555,A01,1,7,0,0,2,0,0,
2.023E+11,155 658 557,B01,1,33,8,0,2,0,0,
2.023E+11,155 658 552,A01,2,7,6,0,1,1,1,
2.023E+11,155 658 550,B01,1,7,0,2,7,1,0,
2.023E+11,155 658 554,C01,1,7,0,2,5,2,1,
2.023E+11,155 658 556,D01,1,7,0,9,0,1,1,
2.023E+11,155 658 558,A01,1,7,0,2,1,1,2,
2.023E+11,155 658 553,A01,1,50,0,1,1,1,3,
2.023E+11,155 658 547,A01,0,7,0,2,3,1,1,
2.023E+11,155 658 549,B01,0,2,0,2,3,1,1,
2.023E+11,155 658 548,B01,2,33,0,2,1,1,1,
2.023E+11,155 658 551,A01,1,7,0,2,1,15,1,
2.023E+11,155 658 546,A01,2,33,13,0,0,2,1,
2.023E+11,155 658 544,A01,2,33,4,0,1,1,1,
2.023E+11,155 658 543,A01,3,31,0,2,2,17,1,
2.023E+11,155 658 545,B01,3,7,0,2,3,15,1,
2.023E+11,155 658 539,A01,1,7,0,2,3,17,1,
2.023E+11,155 658 541,B01,1,33,0,0,0,1,1,
2.023E+11,155 658 537,A01,1,7,0,2,4,2,2,
2.023E+11,155 658 542,B01,1,7,0,2,4,2,1,
2.023E+11,155 658 536,B01,1,10,0,2,4,11,1,
2.023E+11,155 658 538,A01,1,33,0,2,1,3,1,
2.023E+11,155 658 535,A01,1,7,0,2,8,1,1,
2.023E+11,155 658 540,B01,2,7,0,2,8,1,1,
2.023E+11,155 658 534,A01,1,2,7,0,2,0,0,
2.023E+11,155 658 532,A01,1,7,0,1,3,23,2,
2.023E+11,155 658 530,A01,1,7,0,2,1,9,1,
2.023E+11,155 658 533,B01,1,1,0,2,4,1,5,
2.023E+11,155 658 528,A01,2,33,0,2,1,3,1,
2.023E+11,155 658 531,Z01,2,7,0,2,4,0,0,
2.023E+11,155 658 527,A01,2,7,17,0,1,21,0,
2.023E+11,155 658 526,B01,2,33,0,2,8,1,1,
2.023E+11,155 658 529,A01,2,7,0,0,8,9,1,
2.023E+11,155 658 523,A01,1,1,0,1,2,1,5,
2.023E+11,155 658 520,A01,1,10,0,2,1,2,1,
2.023E+11,155 658 521,B01,1,10,0,2,4,2,1,
2.023E+11,155 658 522,C01,1,7,0,2,4,2,1,
2.023E+11,155 658 525,D01,1,7,0,2,4,2,1,
2.023E+11,155 658 519,A01,2,7,13,0,5,14,1,
2.023E+11,155 658 518,A01,1,43,1,0,3,0,1,
2.023E+11,155 658 517,A01,0,7,14,0,2,1,1,
2.023E+11,155 658 515,A01,2,17,0,2,1,1,1,
2.023E+11,155 658 516,B01,2,7,0,2,4,12,1,
2.023E+11,155 658 510,A01,1,7,6,0,2,14,1,
2.023E+11,155 658 509,Z01,1,30,0,1,0,1,0,
2.023E+11,155 658 508,A01,2,7,0,2,2,13,1,
2.023E+11,155 658 513,B01,1,7,0,2,2,21,1,
2.023E+11,155 658 507,A01,1,7,0,2,8,15,1,
2.023E+11,155 658 512,B01,1,31,0,2,1,17,1,
2.023E+11,155 658 506,A01,2,7,0,2,1,2,1,
2.023E+11,155 658 511,B01,2,7,0,2,4,2,3,
2.023E+11,155 658 514,C01,2,7,0,2,4,2,1,
2.023E+11,155 658 505,A01,3,7,0,1,1,15,1,
2.023E+11,155 658 501,A01,2,7,6,0,1,1,1,
2.023E+11,155 658 500,B01,2,1,12,2,6,1,5,
2.023E+11,155 658 503,A01,2,14,0,2,2,26,1,
2.023E+11,155 658 502,A01,2,30,0,0,0,9,1,
2.023E+11,155 658 499,A01,1,7,0,2,2,1,1,
2.023E+11,155 658 504,B01,1,7,12,2,1,19,1,
2.023E+11,155 658 494,A01,3,10,0,1,1,1,1,
2.023E+11,155 658 495,A01,0,7,0,2,1,1,1,
2.023E+11,155 658 498,B01,0,50,0,2,8,19,3,
2.023E+11,155 658 491,A01,1,33,0,0,9,21,1,
2.023E+11,155 658 490,A01,1,7,0,2,1,0,1,
2.023E+11,155 658 493,B01,1,7,0,2,4,0,1,
2.023E+11,155 658 489,A01,2,7,1,0,1,1,1,
2.023E+11,155 658 486,A01,2,33,4,0,1,0,1,
2.023E+11,155 658 485,B01,3,7,0,2,8,1,1,
2.023E+11,155 658 488,A01,1,13,0,2,1,1,0,
2.023E+11,155 658 484,A01,1,7,0,0,1,1,1,
2.023E+11,155 658 487,B01,1,60,0,2,4,15,5,
2.023E+11,155 658 483,A01,2,7,0,1,1,1,1,
2.023E+11,155 658 482,A01,1,7,0,1,1,1,1,
2.023E+11,155 658 481,A01,2,13,0,1,2,1,1,
2.023E+11,155 658 478,A01,3,7,0,1,1,2,1,
2.023E+11,155 658 477,A01,1,7,0,2,1,0,0,
2.023E+11,155 658 480,B01,1,7,0,2,4,0,0,
2.023E+11,155 658 476,A01,1,2,0,1,2,1,1,
2.023E+11,155 658 475,B01,1,99,0,2,1,1,1,
2.023E+11,155 658 479,A01,2,7,0,2,8,19,1,
2.023E+11,155 658 473,A01,3,7,0,1,1,1,0,
2.023E+11,155 658 472,B01,1,7,0,2,4,2,1,
2.023E+11,155 658 474,A01,1,7,0,2,1,2,1,
2.023E+11,155 658 471,A01,1,7,0,1,1,1,0,
2.023E+11,155 658 470,A01,1,30,0,2,8,21,1,
2.023E+11,155 658 468,A01,2,7,2,0,8,1,0,
2.023E+11,155 658 469,A01,2,7,3,0,8,2,1,
2.023E+11,155 658 467,A01,3,7,0,1,1,0,1,
2.023E+11,155 658 464,A01,1,7,0,2,6,21,1,
2.023E+11,155 658 466,B01,2,33,0,2,7,2,1,
2.023E+11,155 658 462,A01,0,7,0,1,7,1,1,
2.023E+11,155 658 460,B01,2,10,0,2,3,1,1,
2.023E+11,155 658 465,A01,1,21,0,2,5,1,1,
2.023E+11,155 658 461,A01,2,7,0,0,0,1,1,
2.023E+11,155 658 456,D01,1,10,0,2,4,2,1,
2.023E+11,155 658 458,A01,1,10,0,2,4,2,1,
2.023E+11,155 658 459,C01,1,7,0,2,1,2,1,
2.023E+11,155 658 463,B01,1,7,0,2,4,1,1,
2.023E+11,155 658 454,A01,1,7,0,2,1,15,1,
2.023E+11,155 658 457,B01,2,7,0,2,1,1,1,
2.023E+11,155 658 452,B01,3,7,0,2,2,1,1,
2.023E+11,155 658 455,A01,3,7,0,2,1,15,1,
2.023E+11,155 658 451,A01,2,7,13,0,9,26,1,
2.023E+11,155 658 450,A01,1,37,0,2,2,15,0,1
2.023E+11,155 658 453,B01,2,80,0,2,0,0,3,
2.023E+11,155 658 448,A01,2,7,0,2,7,14,0,
2.023E+11,155 658 449,B01,2,33,0,2,3,1,1,
2.023E+11,155 658 446,A01,2,7,0,2,7,16,1,
2.023E+11,155 658 447,B01,2,33,0,2,7,7,1,
2.023E+11,155 658 440,A01,2,2,0,2,2,1,1,
2.023E+11,155 658 445,B01,2,7,0,2,4,16,1,
2.023E+11,155 658 441,A01,2,30,8,0,4,15,1,
2.023E+11,155 658 443,Z01,2,7,8,2,1,0,1,
2.023E+11,155 658 439,A01,2,7,0,2,2,1,1,
2.023E+11,155 658 444,B01,2,50,0,2,7,1,3,
2.023E+11,155 658 438,B01,2,7,0,2,4,2,1,
2.023E+11,155 658 442,A01,2,7,0,2,1,2,1,
2.023E+11,155 658 432,A01,2,2,0,2,1,1,1,
2.023E+11,155 658 436,B01,1,7,0,2,1,1,1,
2.023E+11,155 658 433,A01,1,10,0,1,2,16,1,
2.023E+11,155 658 430,A01,1,2,0,2,1,13,1,
2.023E+11,155 658 435,B01,2,7,0,2,3,15,1,
2.023E+11,155 658 428,B01,2,7,0,2,6,1,0,
2.023E+11,155 658 431,A01,2,31,0,2,1,1,1,
2.023E+11,155 658 429,A01,2,7,0,2,1,2,1,
2.023E+11,155 658 434,C01,2,7,0,2,4,23,1,
2.023E+11,155 658 437,B01,2,7,0,2,1,2,1,
2.023E+11,155 658 422,A01,1,7,0,2,6,11,2,
2.023E+11,155 658 426,B01,1,33,0,2,1,3,1,
2.023E+11,155 658 423,A01,2,10,0,1,1,1,1,
2.023E+11,155 658 425,A01,2,30,0,2,1,13,1,
2.023E+11,155 658 427,B01,2,50,0,2,8,15,3,
2.023E+11,155 658 420,A01,0,7,0,2,0,0,-1,
2.023E+11,155 658 424,B01,0,50,0,0,4,0,3,
2.023E+11,155 658 419,B01,1,43,0,2,1,1,1,
2.023E+11,155 658 421,A01,3,7,0,2,8,16,1,
2.023E+11,155 658 414,A01,1,30,0,2,1,18,1,
2.023E+11,155 658 418,B01,1,7,0,2,5,2,1,
2.023E+11,155 658 413,A01,1,14,0,2,4,1,1,
2.023E+11,155 658 417,B01,1,7,0,2,0,12,1,
2.023E+11,155 658 412,A01,2,33,14,9,8,17,1,
2.023E+11,155 658 411,B01,2,7,0,2,8,1,1,
2.023E+11,155 658 416,A01,2,10,0,2,2,1,1,
2.023E+11,155 658 410,A01,3,7,0,2,3,1,1,
2.023E+11,155 658 415,B01,3,7,0,2,1,1,1,
2.023E+11,155 658 405,A01,1,30,0,2,1,2,1,
2.023E+11,155 658 409,B01,1,37,0,2,3,1,1,1
2.023E+11,155 658 404,A01,1,10,0,2,2,17,1,
2.023E+11,155 658 407,B01,1,7,0,2,8,15,1,
2.023E+11,155 658 401,A01,2,7,0,2,1,2,1,
2.023E+11,155 658 403,B01,2,10,0,2,4,23,1,
2.023E+11,155 658 400,A01,1,33,0,0,0,0,1,
2.023E+11,155 658 402,B01,1,7,0,2,2,0,1,
2.023E+11,155 658 397,B01,2,7,0,2,6,2,1,
2.023E+11,155 658 398,C01,2,7,0,2,4,2,1,
2.023E+11,155 658 406,D01,2,7,0,2,4,2,1,
2.023E+11,155 658 408,A01,2,7,0,2,1,2,1,
2.023E+11,155 658 395,B01,1,7,0,2,3,1,1,
2.023E+11,155 658 399,A01,1,1,0,2,1,1,5,
2.023E+11,155 658 393,A01,1,7,0,2,2,20,1,
2.023E+11,155 658 396,B01,1,1,0,2,1,1,5,
2.023E+11,155 658 392,A01,1,50,0,0,0,2,3,
2.023E+11,155 658 391,A01,1,7,0,2,4,1,1,
2.023E+11,155 658 394,B01,1,7,0,2,1,1,1,
2.023E+11,155 658 388,A01,3,7,0,2,8,15,1,
2.023E+11,155 658 390,B01,3,31,6,2,1,17,1,
2.023E+11,155 658 386,B01,1,7,0,2,3,15,1,
2.023E+11,155 658 389,A01,1,30,0,2,1,3,1,
2.023E+11,155 658 387,A01,2,7,6,0,2,14,1,
2.023E+11,155 658 384,A01,2,31,15,0,1,13,1,
2.023E+11,155 658 382,A01,1,32,0,2,2,0,3,
2.023E+11,155 658 385,B01,3,1,0,2,3,19,5,
2.023E+11,155 658 381,A01,0,30,0,0,0,0,0,
2.023E+11,155 658 383,B01,3,7,0,0,0,0,1,
2.023E+11,155 658 377,A01,1,10,17,0,2,1,1,
2.023E+11,155 658 378,B01,1,10,0,2,1,2,1,
2.023E+11,155 658 380,A01,1,7,0,2,4,0,1,
2.023E+11,155 658 376,A01,1,7,0,1,3,1,1,
2.023E+11,155 658 379,B01,2,10,0,1,8,23,1,
2.023E+11,155 658 374,A01,2,14,0,1,1,1,-1,
2.023E+11,155 658 371,A01,2,7,0,2,5,1,1,
2.023E+11,155 658 375,B01,2,34,0,2,1,1,1,
2.023E+11,155 658 368,A01,3,33,0,2,2,1,1,
2.023E+11,155 658 372,B01,0,7,0,0,3,15,1,
2.023E+11,155 658 366,A01,3,7,16,0,1,14,1,
2.023E+11,155 658 363,A01,2,7,0,0,3,1,1,
2.023E+11,155 658 369,B01,1,7,0,0,1,15,1,
2.023E+11,155 658 361,B01,3,1,0,2,3,13,5,
2.023E+11,155 658 362,A01,3,15,0,2,5,17,1,
2.023E+11,155 658 360,B01,2,33,0,2,3,1,0,
2.023E+11,155 658 364,A01,1,7,0,2,3,15,0,
2.023E+11,155 658 355,A01,1,31,14,0,9,26,1,
2.023E+11,155 658 358,B01,3,31,0,2,0,0,0,
2.023E+11,155 658 353,A01,2,7,0,2,3,15,1,
2.023E+11,155 658 359,B01,3,1,0,2,1,1,5,
2.023E+11,155 658 352,A01,1,7,0,0,2,16,1,
2.023E+11,155 658 356,B01,2,7,0,0,1,1,1,
2.023E+11,155 658 349,B01,2,7,0,2,0,1,0,
2.023E+11,155 658 351,A01,2,50,0,2,4,2,3,
2.023E+11,155 658 346,A01,0,7,0,2,3,15,0,
2.023E+11,155 658 348,B01,3,31,0,2,0,0,0,
2.023E+11,155 658 344,A01,3,31,13,0,1,1,1,
2.023E+11,155 658 343,A01,1,30,0,2,4,9,1,
2.023E+11,155 658 347,B01,1,7,0,2,1,9,1,
2.023E+11,155 658 338,A01,1,60,0,2,3,1,5,
2.023E+11,155 658 341,Z01,1,7,0,2,0,1,0,
2.023E+11,155 658 337,A01,1,7,10,0,1,1,1,
2.023E+11,155 658 336,A01,3,7,0,0,1,15,1,
2.023E+11,155 658 335,C01,2,7,0,2,0,0,1,
2.023E+11,155 658 340,B01,2,7,0,2,1,1,1,
2.023E+11,155 658 342,A01,2,7,0,2,4,1,1,
2.023E+11,155 658 334,A01,3,7,0,2,2,15,1,
2.023E+11,155 658 339,B01,1,7,0,2,1,2,1,
2.023E+11,155 658 333,A01,3,21,13,0,0,14,1,
2.023E+11,155 658 330,A01,0,10,0,2,0,0,1,
2.023E+11,155 658 332,B01,3,1,0,2,0,0,5,
2.023E+11,155 658 329,A01,1,7,0,0,3,2,1,
2.023E+11,155 658 326,A01,0,7,0,1,1,1,1,
2.023E+11,155 658 324,A01,2,7,0,2,2,0,1,
2.023E+11,155 658 328,B01,2,7,0,2,1,2,1,
2.023E+11,155 658 331,C01,2,7,0,0,6,23,1,
2.023E+11,155 658 325,A01,2,7,0,2,6,13,1,
2.023E+11,155 658 327,B01,1,33,0,2,3,2,1,
2.023E+11,155 658 323,A01,3,33,0,1,1,17,1,
2.023E+11,155 658 322,A01,1,7,0,1,2,12,1,
2.023E+11,155 658 319,A01,1,1,9,0,7,16,5,
2.023E+11,155 658 316,A01,2,15,0,2,6,11,1,
2.023E+11,155 658 318,B01,2,7,0,2,7,9,1,
2.023E+11,155 658 314,B01,2,2,0,2,1,26,1,
2.023E+11,155 658 320,A01,2,10,0,2,3,15,1,
2.023E+11,155 658 313,A01,1,7,0,2,1,1,1,
2.023E+11,155 658 321,B01,3,7,0,2,8,0,0,
2.023E+11,155 658 312,A01,2,7,0,2,6,17,1,
2.023E+11,155 658 315,B01,2,33,0,2,7,17,1,
2.023E+11,155 658 317,C01,2,7,0,2,6,1,1,
2.023E+11,155 658 308,A01,3,50,15,0,1,1,3,
2.023E+11,155 658 306,B01,2,7,0,2,2,12,2,
2.023E+11,155 658 310,A01,2,32,0,2,3,3,1,
2.023E+11,155 658 307,A01,3,7,0,9,0,1,1,
2.023E+11,155 658 311,B01,0,2,0,2,0,1,1,
2.023E+11,155 658 304,B01,1,7,0,2,1,0,1,
2.023E+11,155 658 309,A01,2,7,0,2,1,0,1,
2.023E+11,155 658 302,A01,3,7,0,2,1,15,1,
2.023E+11,155 658 305,B01,3,50,0,2,8,19,3,
2.023E+11,155 658 301,A01,1,7,0,1,1,15,1,
2.023E+11,155 658 298,B01,1,7,0,2,1,1,1,
2.023E+11,155 658 299,A01,1,7,0,2,4,1,1,
2.023E+11,155 658 296,B01,1,7,0,2,4,23,1,
2.023E+11,155 658 300,C01,1,10,0,2,4,23,1,
2.023E+11,155 658 303,A01,1,10,0,2,1,1,1,
2.023E+11,155 658 294,A01,1,7,0,2,1,1,1,
2.023E+11,155 658 297,B01,1,7,4,2,9,11,1,
2.023E+11,155 658 293,A01,1,7,0,2,5,15,1,
2.023E+11,155 658 295,B01,2,2,0,2,1,1,1,
2.023E+11,155 658 292,A01,3,34,6,0,1,15,1,
2.023E+11,155 658 290,A01,0,7,0,1,3,1,1,
2.023E+11,155 658 284,A01,1,34,0,2,2,17,1,
2.023E+11,155 658 287,B01,1,7,0,2,8,15,1,
2.023E+11,155 658 285,A01,1,7,0,2,1,2,1,
2.023E+11,155 658 289,C01,1,7,0,2,4,2,1,
2.023E+11,155 658 291,B01,1,7,0,2,4,2,1,
2.023E+11,155 658 282,A01,1,7,0,2,1,2,0,
2.023E+11,155 658 283,B01,1,7,0,2,4,2,1,
2.023E+11,155 658 288,C01,1,7,0,2,4,2,1,
2.023E+11,155 658 278,A01,1,7,0,2,7,1,0,
2.023E+11,155 658 281,B01,1,31,0,2,8,1,0,
2.023E+11,155 658 274,A01,3,7,0,2,1,26,1,
2.023E+11,155 658 277,B01,3,7,0,2,8,1,1,
2.023E+11,155 658 273,A01,3,7,0,2,1,0,1,
2.023E+11,155 658 279,B01,3,7,0,2,4,0,1,
2.023E+11,155 658 275,A01,0,30,0,2,1,17,1,
2.023E+11,155 658 280,B01,3,7,0,2,3,15,1,
2.023E+11,155 658 270,C01,2,7,0,2,1,2,0,
2.023E+11,155 658 272,A01,2,7,0,2,3,11,0,
2.023E+11,155 658 276,B01,2,32,0,2,2,3,0,
2.023E+11,155 658 268,A01,1,10,0,2,2,17,1,
2.023E+11,155 658 271,B01,1,31,0,2,4,1,1,
2.023E+11,155 658 267,A01,0,31,0,5,1,1,1,
2.023E+11,155 658 266,A01,3,7,0,2,1,13,1,
2.023E+11,155 658 269,B01,3,7,0,2,1,1,1,
2.023E+11,155 658 265,A01,3,7,0,1,2,16,1,
2.023E+11,155 658 264,A01,0,2,12,0,1,1,1,
2.023E+11,155 658 263,A01,1,7,2,0,9,1,1,
2.023E+11,155 658 260,A01,3,20,0,2,2,1,1,
2.023E+11,155 658 262,B01,0,80,0,2,0,1,3,
2.023E+11,155 658 259,A01,1,7,0,2,1,1,1,
2.023E+11,155 658 261,B01,1,31,0,2,4,23,1,
2.023E+11,155 658 257,A01,1,1,3,0,1,1,5,
2.023E+11,155 658 255,B01,3,1,0,2,4,2,5,
2.023E+11,155 658 258,A01,3,1,0,2,1,2,5,
2.023E+11,155 658 254,A01,1,7,4,2,1,2,1,
2.023E+11,155 658 256,B01,1,7,4,2,4,3,1,
2.023E+11,155 658 253,A01,2,7,0,1,1,1,1,
2.023E+11,155 658 251,A01,3,7,0,1,3,1,0,
2.023E+11,155 658 250,A01,1,3,0,2,0,5,0,