Num_Acc,id_vehicule,num_veh,senc,catv,obs,obsm,choc,manv,motor,occutc
2.023E+11,155 657 790,A01,1,7,9,0,1,1,1,
2.023E+11,155 657 789,B01,3,50,0,2,0,0,3,
2.023E+11,155 657 791,A01,3,7,0,2,1,1,1,
2.023E+11,155 657 787,A01,2,7,0,2,1,15,3,
2.023E+11,155 657 792,B01,1,7,0,2,1,1,1,
2.023E+11,155 657 786,A01,2,7,6,0,1,14,1,
2.023E+11,155 657 782,A01,2,15,0,2,5,17,1,
2.023E+11,155 657 784,B01,2,1,0,2,3,1,5,
2.023E+11,155 657 785,A01,2,50,0,2,1,7,3,
2.023E+11,155 657 788,B01,2,99,0,2,3,16,0,
2.023E+11,155 657 781,B01,3,10,0,2,3,1,1,
2.023E+11,155 657 783,A01,3,7,0,2,1,1,1,
2.023E+11,155 657 779,A01,1,7,8,0,1,14,0,
2.023E+11,155 657 775,A01,1,7,0,1,2,15,1,
2.023E+11,155 657 778,A01,1,7,0,2,1,17,1,
2.023E+11,155 657 780,B01,2,33,0,2,1,1,1,
2.023E+11,155 657 774,A01,1,33,0,2,6,17,1,
2.023E+11,155 657 777,B01,1,7,0,9,8,15,2,
2.023E+11,155 657 776,A01,1,7,0,1,1,1,1,
2.023E+11,155 657 770,A01,0,10,0,2,4,23,0,
2.023E+11,155 657 772,B01,1,7,0,2,1,1,0,
2.023E+11,155 657 768,Z01,2,7,0,2,1,1,1,
2.023E+11,155 657 773,B01,1,2,6,2,7,1,1,
2.023E+11,155 657 766,A01,3,7,0,2,2,15,1,
2.023E+11,155 657 769,B01,3,99,0,2,1,1,3,
2.023E+11,155 657 767,A01,0,7,0,2,8,22,1,
2.023E+11,155 657 771,B01,0,80,1,0,5,1,3,
2.023E+11,155 657 762,A01,1,7,0,2,3,1,1,
2.023E+11,155 657 764,B01,3,1,0,2,6,26,5,
2.023E+11,155 657 761,A01,1,7,0,2,1,13,1,
2.023E+11,155 657 763,B01,2,7,0,2,1,1,1,
2.023E+11,155 657 760,A01,1,33,0,2,1,1,1,
2.023E+11,155 657 765,B01,1,7,0,2,2,15,1,
2.023E+11,155 657 757,A01,3,33,0,2,1,2,1,
2.023E+11,155 657 758,B01,3,7,0,2,3,15,1,
2.023E+11,155 657 756,A01,3,7,0,2,3,13,1,
2.023E+11,155 657 759,B01,3,7,0,2,3,1,1,
2.023E+11,155 657 751,A01,3,7,0,2,1,13,1,
2.023E+11,155 657 754,B01,3,30,0,2,1,13,1,
2.023E+11,155 657 747,B01,1,7,0,2,4,23,1,
2.023E+11,155 657 752,C01,1,7,0,2,4,2,1,
2.023E+11,155 657 755,A01,1,10,0,2,1,2,1,
2.023E+11,155 657 748,A01,2,7,0,2,3,13,1,
2.023E+11,155 657 750,B01,1,10,0,2,3,1,1,
2.023E+11,155 657 746,A01,2,7,3,0,1,26,1,
2.023E+11,155 657 749,A01,0,7,1,0,4,10,1,
2.023E+11,155 657 753,B01,0,7,0,2,2,24,1,
2.023E+11,155 657 744,A01,2,32,0,2,2,17,1,
2.023E+11,155 657 745,B01,2,7,0,2,3,15,1,
2.023E+11,155 657 741,A01,3,7,8,0,2,13,1,
2.023E+11,155 657 740,B01,3,32,0,2,8,2,1,
2.023E+11,155 657 743,A01,3,7,0,2,1,19,1,
2.023E+11,155 657 739,A01,0,10,0,1,1,15,1,
2.023E+11,155 657 736,A01,2,43,0,2,8,15,1,
2.023E+11,155 657 737,Z01,2,30,0,2,0,17,0,
2.023E+11,155 657 735,B01,1,31,0,2,1,9,1,
2.023E+11,155 657 738,A01,2,7,0,2,7,1,1,
2.023E+11,155 657 732,A01,2,7,0,2,5,16,1,
2.023E+11,155 657 734,B01,2,37,0,2,1,0,1,1
2.023E+11,155 657 733,A01,2,7,8,0,8,13,1,
2.023E+11,155 657 731,A01,1,10,0,1,3,1,1,
2.023E+11,155 657 729,A01,1,7,15,0,1,14,1,
2.023E+11,155 657 728,B01,1,7,0,2,4,1,1,
2.023E+11,155 657 730,A01,1,7,0,2,1,1,1,
2.023E+11,155 657 727,A01,1,34,0,9,0,1,1,
2.023E+11,155 657 724,A01,2,7,0,2,1,13,1,
2.023E+11,155 657 726,B01,1,7,0,2,1,1,1,
2.023E+11,155 657 723,A01,2,7,0,0,9,13,1,
2.023E+11,155 657 721,A01,3,7,0,2,0,1,1,
2.023E+11,155 657 725,B01,3,7,0,2,1,0,1,
2.023E+11,155 657 720,B01,2,50,0,2,1,9,3,
2.023E+11,155 657 722,A01,2,7,0,2,3,16,1,
2.023E+11,155 657 717,A01,0,10,0,2,4,4,1,
2.023E+11,155 657 719,B01,0,2,0,2,1,23,1,
2.023E+11,155 657 715,A01,1,7,2,0,7,1,1,
2.023E+11,155 657 716,A01,1,7,0,1,1,16,0,
2.023E+11,155 657 713,A01,2,7,0,0,0,0,1,
2.023E+11,155 657 714,A01,3,7,0,2,2,1,1,
2.023E+11,155 657 718,B01,3,7,0,2,3,1,1,
2.023E+11,155 657 712,A01,1,7,1,1,4,20,1,
2.023E+11,155 657 711,A01,1,7,0,1,3,1,1,
2.023E+11,155 657 709,A01,1,32,12,0,1,1,1,
2.023E+11,155 657 707,A01,3,7,0,2,1,1,1,
2.023E+11,155 657 710,B01,3,1,0,2,7,1,5,
2.023E+11,155 657 706,B01,3,1,0,2,5,0,5,
2.023E+11,155 657 708,A01,3,3,0,9,3,15,1,
2.023E+11,155 657 704,A01,3,7,0,1,4,16,1,
2.023E+11,155 657 702,B01,3,1,0,2,0,0,5,
2.023E+11,155 657 705,A01,1,7,0,2,3,1,1,
2.023E+11,155 657 701,B01,1,37,0,2,4,23,1,1
2.023E+11,155 657 703,A01,1,30,0,2,1,1,3,
2.023E+11,155 657 700,A01,1,7,13,0,1,26,0,
2.023E+11,155 657 696,A01,2,7,0,2,3,13,6,
2.023E+11,155 657 699,B01,1,10,0,2,3,21,6,
2.023E+11,155 657 695,A01,3,7,0,2,3,15,0,
2.023E+11,155 657 698,B01,3,31,0,2,7,17,1,
2.023E+11,155 657 694,B01,3,1,0,2,7,1,5,
2.023E+11,155 657 697,A01,1,3,0,2,3,9,0,
2.023E+11,155 657 689,A01,2,10,0,2,1,1,1,
2.023E+11,155 657 691,B01,2,7,0,2,4,1,1,
2.023E+11,155 657 693,C01,2,7,0,2,4,1,1,
2.023E+11,155 657 690,A01,0,7,0,1,1,0,1,
2.023E+11,155 657 688,A01,2,7,0,2,3,13,1,
2.023E+11,155 657 692,B01,1,7,0,2,3,1,1,
2.023E+11,155 657 686,A01,1,7,9,0,1,9,2,
2.023E+11,155 657 685,A01,1,7,0,2,1,1,1,
2.023E+11,155 657 687,B01,1,7,0,2,4,1,1,
2.023E+11,155 657 682,A01,2,7,0,2,1,15,0,
2.023E+11,155 657 684,B01,1,7,0,2,4,1,0,
2.023E+11,155 657 681,A01,1,33,0,2,1,13,1,
2.023E+11,155 657 683,B01,2,7,0,2,1,1,1,
2.023E+11,155 657 680,A01,1,7,0,1,2,2,1,
2.023E+11,155 657 678,A01,3,32,0,0,7,1,1,
2.023E+11,155 657 677,A01,1,7,8,0,5,19,1,
2.023E+11,155 657 679,B01,1,1,8,0,1,19,5,
2.023E+11,155 657 675,A01,2,7,0,1,1,1,1,
2.023E+11,155 657 674,A01,3,7,8,0,1,14,1,
2.023E+11,155 657 671,A01,1,7,0,2,3,24,1,
2.023E+11,155 657 672,B01,1,50,1,0,1,1,3,
2.023E+11,155 657 670,A01,1,10,0,1,3,15,1,
2.023E+11,155 657 669,B01,1,7,0,2,3,1,1,
2.023E+11,155 657 673,A01,2,7,0,2,1,1,1,
2.023E+11,155 657 668,A01,1,7,2,0,2,1,1,
2.023E+11,155 657 666,A01,1,10,0,2,8,15,1,
2.023E+11,155 657 667,B01,1,32,0,2,7,17,1,
2.023E+11,155 657 665,A01,2,10,0,1,3,20,1,
2.023E+11,155 657 663,B01,3,7,0,2,8,15,1,
2.023E+11,155 657 664,A01,3,30,0,2,7,1,1,
2.023E+11,155 657 662,A01,1,7,0,1,1,26,1,
2.023E+11,155 657 655,A01,3,10,2,2,3,1,1,
2.023E+11,155 657 659,B01,3,7,0,2,1,1,1,
2.023E+11,155 657 654,B01,1,1,0,0,4,1,5,
2.023E+11,155 657 657,A01,1,7,0,9,2,2,1,
2.023E+11,155 657 656,A01,2,7,0,2,2,16,1,
2.023E+11,155 657 658,B01,2,50,0,2,1,1,3,
2.023E+11,155 657 651,B01,1,7,0,2,3,1,0,
2.023E+11,155 657 653,A01,1,7,7,2,2,26,0,
2.023E+11,155 657 650,A01,2,7,0,2,3,15,1,
2.023E+11,155 657 652,B01,1,32,0,2,3,1,1,
2.023E+11,155 657 645,A01,0,31,0,2,1,1,1,
2.023E+11,155 657 649,B01,0,7,0,2,2,15,1,
2.023E+11,155 657 646,A01,3,7,0,2,1,15,1,
2.023E+11,155 657 648,B01,3,32,0,2,1,1,1,
2.023E+11,155 657 644,B01,1,15,0,2,3,21,1,
2.023E+11,155 657 647,A01,2,2,0,2,1,13,1,
2.023E+11,155 657 643,A01,3,30,1,0,1,14,1,
2.023E+11,155 657 639,A01,1,7,0,2,1,1,1,
2.023E+11,155 657 642,B01,1,7,0,2,4,1,1,
2.023E+11,155 657 637,A01,1,30,0,2,8,13,3,
2.023E+11,155 657 640,B01,1,32,0,2,7,14,1,
2.023E+11,155 657 635,A01,2,10,0,2,2,15,1,
2.023E+11,155 657 638,B01,1,7,0,2,1,1,1,
2.023E+11,155 657 636,A01,1,7,0,2,3,13,1,
2.023E+11,155 657 641,B01,2,7,0,2,3,1,1,
2.023E+11,155 657 631,A01,1,7,2,0,2,1,1,
2.023E+11,155 657 630,A01,2,7,0,2,1,1,1,
2.023E+11,155 657 633,B01,2,7,0,2,4,23,2,
2.023E+11,155 657 628,A01,2,14,0,2,1,1,1,
2.023E+11,155 657 629,B01,2,7,0,2,4,2,1,
2.023E+11,155 657 632,C01,2,7,0,2,4,2,1,
2.023E+11,155 657 634,D01,2,14,0,2,4,2,1,
2.023E+11,155 657 625,A01,1,33,0,2,1,1,1,
2.023E+11,155 657 627,B01,0,10,0,2,8,10,1,
2.023E+11,155 657 624,A01,3,7,0,2,3,9,1,
2.023E+11,155 657 626,B01,3,32,0,2,1,5,1,
2.023E+11,155 657 620,A01,1,7,0,2,1,2,1,
2.023E+11,155 657 623,B01,1,10,0,2,4,2,1,
2.023E+11,155 657 618,A01,2,7,0,2,3,9,2,
2.023E+11,155 657 621,B01,2,50,0,2,2,1,3,
2.023E+11,155 657 619,A01,2,31,0,2,7,17,1,
2.023E+11,155 657 622,B01,2,7,0,2,8,15,1,
2.023E+11,155 657 616,A01,1,7,4,0,3,26,1,
2.023E+11,155 657 614,Z01,1,7,0,2,2,1,0,
2.023E+11,155 657 617,A01,3,1,0,2,1,1,5,
2.023E+11,155 657 613,B01,1,2,0,2,1,1,1,
2.023E+11,155 657 615,A01,2,7,0,9,3,15,1,
2.023E+11,155 657 611,A01,2,1,0,1,1,1,5,
2.023E+11,155 657 608,A01,2,7,0,0,3,17,0,
2.023E+11,155 657 610,B01,2,7,0,0,1,0,0,
2.023E+11,155 657 612,C01,2,7,0,0,4,0,0,
2.023E+11,155 657 607,A01,1,7,0,2,5,0,1,
2.023E+11,155 657 609,B01,1,33,0,2,1,0,1,
2.023E+11,155 657 605,A01,2,7,0,2,2,15,2,
2.023E+11,155 657 606,B01,1,43,0,2,1,1,1,
2.023E+11,155 657 604,A01,1,7,2,0,3,13,1,
2.023E+11,155 657 602,A01,2,7,0,2,2,1,1,
2.023E+11,155 657 603,B01,2,2,0,0,4,1,1,
2.023E+11,155 657 600,A01,1,7,0,2,1,14,0,
2.023E+11,155 657 601,B01,2,7,0,2,1,1,0,
2.023E+11,155 657 599,A01,2,2,1,9,1,1,1,
2.023E+11,155 657 596,A01,2,7,0,1,1,1,1,
2.023E+11,155 657 595,A01,1,7,0,2,8,11,1,
2.023E+11,155 657 598,B01,2,33,0,2,7,3,1,
2.023E+11,155 657 589,B01,3,7,0,2,6,0,0,
2.023E+11,155 657 592,A01,3,34,0,2,3,5,0,
2.023E+11,155 657 588,B01,2,33,0,2,2,1,1,
2.023E+11,155 657 590,A01,1,7,0,2,2,15,1,
2.023E+11,155 657 591,A01,2,7,0,2,3,13,1,
2.023E+11,155 657 593,B01,1,7,0,2,3,1,1,
2.023E+11,155 657 587,A01,1,7,0,1,2,1,0,
2.023E+11,155 657 585,A01,2,32,0,2,4,23,1,
2.023E+11,155 657 586,Z01,2,7,0,2,1,1,1,
2.023E+11,155 657 582,B01,3,7,0,2,5,1,1,
2.023E+11,155 657 583,A01,3,2,0,2,3,11,1,
2.023E+11,155 657 581,A01,1,7,5,0,0,0,1,
2.023E+11,155 657 584,B01,1,10,5,0,3,1,1,
2.023E+11,155 657 580,A01,1,1,0,1,1,1,5,
2.023E+11,155 657 579,A01,3,2,0,0,7,1,1,
2.023E+11,155 657 574,B01,1,1,0,2,7,1,5,
2.023E+11,155 657 577,A01,2,7,0,2,1,1,1,
2.023E+11,155 657 573,A01,2,7,0,2,2,15,1,
2.023E+11,155 657 576,B01,1,31,0,2,3,2,1,
2.023E+11,155 657 575,A01,1,31,0,2,1,26,1,
2.023E+11,155 657 578,B01,2,7,0,2,3,15,1,
2.023E+11,155 657 572,A01,1,7,0,1,1,1,3,
2.023E+11,155 657 571,A01,3,10,0,1,1,15,0,
2.023E+11,155 657 570,A01,3,10,0,1,1,9,1,
2.023E+11,155 657 568,A01,2,7,0,2,6,15,1,
2.023E+11,155 657 569,B01,2,32,0,2,1,17,1,
2.023E+11,155 657 567,A01,2,7,2,0,3,1,1,
2.023E+11,155 657 566,A01,1,7,0,1,1,1,1,
2.023E+11,155 657 563,B01,2,14,0,2,3,2,1,
2.023E+11,155 657 565,A01,2,7,0,0,5,2,1,
2.023E+11,155 657 564,A01,3,7,1,0,3,15,1,
2.023E+11,155 657 558,A01,1,34,0,2,9,3,1,
2.023E+11,155 657 561,B01,1,14,0,2,8,1,1,
2.023E+11,155 657 562,C01,0,7,0,2,7,1,1,
2.023E+11,155 657 556,A01,1,7,0,2,5,1,3,
2.023E+11,155 657 560,B01,1,2,0,2,1,1,1,
2.023E+11,155 657 557,A01,2,33,0,2,1,1,1,
2.023E+11,155 657 559,Z01,1,1,0,2,1,5,5,
2.023E+11,155 657 554,A01,2,7,13,0,9,1,1,
2.023E+11,155 657 553,B01,1,1,0,2,8,15,5,
2.023E+11,155 657 555,A01,2,7,0,2,1,1,1,
2.023E+11,155 657 552,A01,2,2,7,0,1,13,1,
2.023E+11,155 657 551,A01,3,2,0,0,0,0,1,
2.023E+11,155 657 550,Z01,2,34,0,1,2,7,0,
2.023E+11,155 657 549,A01,1,7,0,1,3,9,1,
2.023E+11,155 657 547,A01,1,34,0,1,1,0,0,
2.023E+11,155 657 548,A01,2,30,0,2,1,21,2,
2.023E+11,155 657 543,B01,0,7,0,2,4,2,6,
2.023E+11,155 657 545,A01,0,10,0,2,1,2,6,
2.023E+11,155 657 542,A01,0,7,0,2,1,1,1,
2.023E+11,155 657 546,B01,0,99,0,2,1,1,1,
2.023E+11,155 657 541,B01,1,7,14,2,3,1,1,
2.023E+11,155 657 544,A01,3,10,0,2,3,1,1,
2.023E+11,155 657 539,A01,2,7,3,0,1,26,1,
2.023E+11,155 657 538,A01,1,7,0,2,1,2,1,
2.023E+11,155 657 540,B01,1,10,0,2,5,2,1,
2.023E+11,155 657 534,A01,2,33,0,2,1,13,1,
2.023E+11,155 657 537,B01,1,7,0,2,3,1,1,
2.023E+11,155 657 533,A01,3,7,0,2,0,0,0,
2.023E+11,155 657 536,B01,3,7,0,2,0,0,0,
2.023E+11,155 657 531,A01,1,7,2,0,3,1,1,
2.023E+11,155 657 532,A01,2,7,0,2,3,1,1,
2.023E+11,155 657 535,B01,2,7,0,2,2,0,1,
2.023E+11,155 657 530,A01,3,50,12,0,0,0,3,
2.023E+11,155 657 529,A01,1,7,0,1,3,13,1,
2.023E+11,155 657 527,A01,3,7,0,5,1,1,1,
2.023E+11,155 657 526,A01,3,7,0,2,1,1,1,
2.023E+11,155 657 528,B01,3,7,0,2,5,26,1,
2.023E+11,155 657 525,A01,3,7,6,0,2,14,1,
2.023E+11,155 657 520,A01,1,7,0,2,1,19,2,
2.023E+11,155 657 523,Z01,2,13,0,2,1,26,1,
2.023E+11,155 657 522,B01,1,50,0,2,1,1,3,
2.023E+11,155 657 524,A01,2,7,0,2,3,1,1,
2.023E+11,155 657 519,B01,3,1,0,0,8,26,5,
2.023E+11,155 657 521,A01,3,7,0,9,1,15,1,
2.023E+11,155 657 517,A01,3,7,12,0,1,25,2,
2.023E+11,155 657 515,B01,1,32,0,2,1,1,1,
2.023E+11,155 657 518,A01,1,1,0,2,8,26,5,
2.023E+11,155 657 514,A01,1,10,0,2,1,13,1,
2.023E+11,155 657 516,B01,2,7,0,2,1,13,1,
2.023E+11,155 657 511,A01,1,10,13,0,2,26,1,
2.023E+11,155 657 510,A01,2,10,0,2,8,1,1,
2.023E+11,155 657 513,B01,2,7,0,2,7,14,1,
2.023E+11,155 657 509,A01,0,7,0,2,5,15,1,
2.023E+11,155 657 512,B01,0,50,0,2,1,1,3,
2.023E+11,155 657 506,A01,0,7,0,2,2,1,1,
2.023E+11,155 657 508,B01,0,50,0,2,8,19,3,
2.023E+11,155 657 507,A01,1,7,0,2,1,1,1,
2.023E+11,155 657 505,A01,0,50,0,0,0,14,3,
2.023E+11,155 657 503,A01,1,1,0,1,7,13,5,
2.023E+11,155 657 502,A01,2,7,0,0,7,14,1,
2.023E+11,155 657 500,C01,2,7,0,0,1,23,1,
2.023E+11,155 657 501,A01,1,7,0,2,2,15,1,
2.023E+11,155 657 504,B01,1,7,0,2,1,1,1,
2.023E+11,155 657 497,A01,3,2,0,2,4,1,1,
2.023E+11,155 657 499,B01,3,0,0,2,1,1,0,
2.023E+11,155 657 495,A01,2,7,13,0,2,1,1,
2.023E+11,155 657 496,A01,0,50,0,2,7,1,3,
2.023E+11,155 657 498,Z01,0,7,0,2,1,16,0,
2.023E+11,155 657 493,A01,1,43,0,2,1,1,1,
2.023E+11,155 657 494,B01,2,50,0,2,5,1,3,
2.023E+11,155 657 491,A01,1,7,0,2,1,13,1,
2.023E+11,155 657 492,B01,2,7,0,2,2,1,1,
2.023E+11,155 657 489,A01,3,33,14,0,2,11,1,
2.023E+11,155 657 488,B01,2,7,0,2,2,1,1,
2.023E+11,155 657 490,A01,3,7,0,2,1,9,1,
2.023E+11,155 657 484,B01,2,2,0,2,3,18,0,
2.023E+11,155 657 486,A01,1,7,0,2,1,15,1,
2.023E+11,155 657 481,A01,1,7,2,0,1,14,1,
2.023E+11,155 657 483,A01,2,30,0,5,1,1,1,
2.023E+11,155 657 479,A01,1,7,0,2,1,1,1,
2.023E+11,155 657 480,B01,1,7,0,2,4,1,1,
2.023E+11,155 657 482,C01,1,7,0,2,4,1,1,
2.023E+11,155 657 478,A01,3,7,0,1,3,15,1,
2.023E+11,155 657 477,A01,3,7,2,0,2,1,1,
2.023E+11,155 657 475,A01,1,1,0,2,4,2,5,
2.023E+11,155 657 476,B01,1,7,0,2,0,0,0,
2.023E+11,155 657 472,A01,0,7,0,2,1,0,1,
2.023E+11,155 657 474,B01,0,7,0,2,1,0,1,
2.023E+11,155 657 470,A01,1,7,1,0,1,2,1,
2.023E+11,155 657 473,B01,1,7,0,0,4,2,1,
2.023E+11,155 657 469,A01,2,7,0,2,3,1,1,
2.023E+11,155 657 471,B01,1,15,0,2,3,1,1,
2.023E+11,155 657 468,A01,1,7,0,1,2,1,1,
2.023E+11,155 657 466,B01,2,30,0,2,1,1,1,
2.023E+11,155 657 467,A01,1,7,0,2,3,13,1,
2.023E+11,155 657 465,A01,1,7,0,0,3,1,0,
2.023E+11,155 657 462,A01,3,7,13,0,1,1,1,
2.023E+11,155 657 460,A01,1,7,2,0,8,10,1,
2.023E+11,155 657 463,B01,2,7,15,2,1,1,1,
2.023E+11,155 657 457,A01,1,7,13,0,3,1,1,
2.023E+11,155 657 458,C01,2,7,0,2,1,1,0,
2.023E+11,155 657 461,A01,2,7,0,2,1,1,0,
2.023E+11,155 657 464,B01,2,7,0,2,4,1,0,
2.023E+11,155 657 455,A01,2,10,0,1,2,1,1,
2.023E+11,155 657 454,A01,1,7,4,2,2,12,1,
2.023E+11,155 657 456,B01,1,7,4,2,6,1,1,
2.023E+11,155 657 453,A01,3,7,0,1,2,1,1,
2.023E+11,155 657 451,B01,2,15,0,0,4,2,0,
2.023E+11,155 657 452,A01,2,10,0,2,1,2,0,
2.023E+11,155 657 450,A01,2,10,16,0,0,26,6,
2.023E+11,155 657 449,A01,2,33,0,0,8,1,1,
2.023E+11,155 657 446,A01,2,7,0,2,1,1,1,
2.023E+11,155 657 448,B01,2,7,0,2,4,23,1,
2.023E+11,155 657 443,A01,1,7,0,2,2,16,0,
2.023E+11,155 657 444,B01,1,33,0,2,3,1,0,
2.023E+11,155 657 440,B01,1,7,0,2,7,15,1,
2.023E+11,155 657 442,A01,1,7,7,2,1,1,1,
2.023E+11,155 657 438,A01,1,7,0,2,3,1,1,
2.023E+11,155 657 441,B01,1,7,0,2,5,15,1,
2.023E+11,155 657 437,A01,1,7,0,2,3,1,1,
2.023E+11,155 657 439,B01,2,33,0,2,1,17,1,
2.023E+11,155 657 436,A01,1,7,13,0,9,1,1,
2.023E+11,155 657 433,A01,2,10,2,0,3,0,1,
2.023E+11,155 657 432,A01,2,7,0,2,5,11,2,
2.023E+11,155 657 434,B01,1,33,0,2,1,1,1,
2.023E+11,155 657 431,A01,3,7,9,2,3,9,1,
2.023E+11,155 657 435,B01,3,7,0,2,2,1,1,
2.023E+11,155 657 428,A01,2,7,0,2,1,1,1,
2.023E+11,155 657 430,B01,1,2,0,2,1,1,1,
2.023E+11,155 657 426,A01,1,7,0,2,1,1,1,
2.023E+11,155 657 429,B01,2,7,0,2,1,17,1,
2.023E+11,155 657 424,A01,1,33,0,2,1,13,1,
2.023E+11,155 657 425,B01,2,7,0,2,1,23,1,
2.023E+11,155 657 423,B01,2,7,0,2,1,1,1,
2.023E+11,155 657 427,A01,1,7,0,2,1,13,1,
2.023E+11,155 657 420,A01,2,21,0,2,1,19,1,
2.023E+11,155 657 422,B01,2,7,0,2,8,1,1,
2.023E+11,155 657 421,A01,1,7,6,0,3,0,1,
2.023E+11,155 657 419,A01,3,36,13,0,2,1,1,
2.023E+11,155 657 417,A01,3,10,0,0,7,19,1,
2.023E+11,155 657 418,B01,1,7,7,2,1,1,1,
2.023E+11,155 657 416,A01,1,2,0,0,9,1,1,
2.023E+11,155 657 415,A01,1,33,0,0,0,1,1,
2.023E+11,155 657 414,A01,0,33,0,0,0,0,1,
2.023E+11,155 657 413,A01,2,7,0,1,3,1,1,
2.023E+11,155 657 412,A01,1,7,16,0,1,14,1,
2.023E+11,155 657 411,A01,2,7,0,1,1,24,1,
2.023E+11,155 657 410,A01,0,10,6,0,1,0,1,
2.023E+11,155 657 408,A01,2,2,0,2,1,1,1,
2.023E+11,155 657 409,B01,2,7,0,2,8,15,1,
2.023E+11,155 657 407,A01,2,10,2,0,1,14,1,
2.023E+11,155 657 406,A01,2,7,6,0,1,0,0,
2.023E+11,155 657 404,B01,1,7,0,9,3,9,0,
2.023E+11,155 657 405,A01,1,80,0,2,2,0,6,
2.023E+11,155 657 403,A01,1,33,0,0,0,0,1,
2.023E+11,155 657 402,A01,3,7,1,0,1,15,1,
2.023E+11,155 657 399,B01,0,1,0,2,8,16,5,
2.023E+11,155 657 401,A01,0,7,0,9,7,16,1,
2.023E+11,155 657 398,A01,1,33,0,2,1,17,1,
2.023E+11,155 657 400,B01,1,7,0,2,8,1,1,
2.023E+11,155 657 397,A01,2,33,0,0,8,14,0,
2.023E+11,155 657 393,A01,1,7,3,0,9,17,1,
2.023E+11,155 657 392,C01,1,7,0,2,4,2,1,
2.023E+11,155 657 394,B01,1,7,0,2,4,2,1,
2.023E+11,155 657 395,D01,1,7,0,0,4,15,1,
2.023E+11,155 657 396,A01,1,7,0,2,1,2,1,
2.023E+11,155 657 387,A01,3,7,0,0,9,1,0,
2.023E+11,155 657 384,F01,2,7,0,2,4,26,1,
2.023E+11,155 657 385,B01,2,7,0,2,5,1,1,
2.023E+11,155 657 386,C01,2,7,0,2,4,1,1,
2.023E+11,155 657 388,D01,2,7,0,2,4,1,1,
2.023E+11,155 657 389,E01,2,10,0,2,4,1,1,
2.023E+11,155 657 391,A01,2,38,0,2,1,1,1,2
2.023E+11,155 657 383,A01,1,33,15,0,1,1,1,
2.023E+11,155 657 380,A01,2,10,0,2,7,2,1,
2.023E+11,155 657 382,B01,1,34,0,2,3,3,1,
2.023E+11,155 657 379,A01,2,2,0,2,1,2,1,
2.023E+11,155 657 381,B01,2,7,0,0,4,2,1,
2.023E+11,155 657 377,B01,2,14,0,2,1,2,0,
2.023E+11,155 657 378,A01,2,7,0,2,4,2,1,
2.023E+11,155 657 375,A01,-1,33,0,0,9,26,1,
2.023E+11,155 657 376,B01,-1,7,0,0,-1,15,1,
2.023E+11,155 657 374,A01,1,31,0,0,0,1,1,
2.023E+11,155 657 373,A01,1,7,2,0,3,0,1,
2.023E+11,155 657 371,A01,2,7,0,0,9,13,1,
2.023E+11,155 657 370,A01,1,7,0,2,3,1,1,
2.023E+11,155 657 372,B01,2,7,0,2,2,1,1,
2.023E+11,155 657 369,A01,2,7,3,0,0,0,1,
2.023E+11,155 657 367,A01,1,7,0,2,6,15,1,
2.023E+11,155 657 368,B01,1,33,0,2,2,17,1,
2.023E+11,155 657 366,A01,1,7,0,0,1,1,1,
2.023E+11,155 657 362,B01,1,7,3,0,6,11,1,
2.023E+11,155 657 364,A01,1,33,3,2,2,3,1,
2.023E+11,155 657 363,A01,2,7,0,2,2,15,1,
2.023E+11,155 657 365,B01,1,31,0,2,1,1,1,
2.023E+11,155 657 361,A01,1,7,4,0,1,1,1,
2.023E+11,155 657 358,A01,1,7,0,2,3,13,1,
2.023E+11,155 657 359,B01,2,38,0,2,3,1,1,1
2.023E+11,155 657 360,C01,1,7,0,9,8,1,1,
2.023E+11,155 657 354,B01,0,33,0,2,8,1,1,
2.023E+11,155 657 355,A01,0,7,0,2,2,9,3,
2.023E+11,155 657 356,A01,2,7,0,2,1,2,1,
2.023E+11,155 657 357,B01,2,7,0,2,4,1,1,
2.023E+11,155 657 352,A01,1,10,3,2,2,17,1,
2.023E+11,155 657 353,B01,1,17,0,2,4,1,1,
2.023E+11,155 657 351,A01,1,7,3,0,1,1,1,
2.023E+11,155 657 347,A01,1,7,3,2,3,2,1,
2.023E+11,155 657 350,B01,1,7,0,2,5,2,0,
2.023E+11,155 657 346,B01,1,7,0,2,4,2,1,
2.023E+11,155 657 348,A01,1,14,0,2,1,2,1,
2.023E+11,155 657 349,C01,1,37,0,2,4,23,1,1
2.023E+11,155 657 342,B01,1,10,3,0,4,23,1,
2.023E+11,155 657 343,A01,1,10,4,2,3,1,1,
2.023E+11,155 657 345,C01,1,7,3,0,8,1,3,
2.023E+11,155 657 341,A01,1,7,3,0,5,1,1,
2.023E+11,155 657 344,B01,2,7,0,0,1,1,1,
2.023E+11,155 657 338,A01,2,33,0,2,2,17,1,
2.023E+11,155 657 340,B01,2,7,0,2,3,15,1,
2.023E+11,155 657 337,B01,2,7,0,2,4,2,1,
2.023E+11,155 657 339,A01,2,7,0,2,1,1,1,
2.023E+11,155 657 335,A01,0,33,1,2,2,1,1,
2.023E+11,155 657 336,B01,1,7,0,0,2,13,1,
2.023E+11,155 657 334,A01,1,7,4,0,1,12,1,
2.023E+11,155 657 333,A01,1,7,0,1,1,1,1,