Num_Acc,id_vehicule,num_veh,senc,catv,obs,obsm,choc,manv,motor,occutc
2.023E+11,155 656 867,A01,1,7,0,0,0,14,1,
2.023E+11,155 656 866,A01,0,2,15,0,1,0,1,
2.023E+11,155 656 864,B01,2,7,0,2,8,15,1,
2.023E+11,155 656 865,A01,2,33,0,2,1,1,1,
2.023E+11,155 656 863,A01,2,7,0,1,2,1,1,
2.023E+11,155 656 862,A01,2,7,0,1,1,1,1,
2.023E+11,155 656 860,B01,2,10,0,0,7,10,1,
2.023E+11,155 656 861,A01,2,7,0,2,3,1,0,
2.023E+11,155 656 858,A01,1,7,0,2,8,1,1,
2.023E+11,155 656 859,B01,1,7,0,2,2,12,1,
2.023E+11,155 656 856,B01,2,33,4,2,1,0,1,
2.023E+11,155 656 857,A01,2,32,4,2,7,12,1,
2.023E+11,155 656 855,A01,2,7,3,0,1,13,1,
2.023E+11,155 656 852,B01,2,7,0,2,4,0,1,
2.023E+11,155 656 853,A01,2,7,3,2,2,1,1,
2.023E+11,155 656 854,C01,2,7,0,2,4,1,1,
2.023E+11,155 656 844,A01,2,7,0,2,4,2,1,
2.023E+11,155 656 845,F01,2,7,0,2,1,2,1,
2.023E+11,155 656 847,E01,2,7,0,2,4,2,1,
2.023E+11,155 656 848,B01,2,7,0,2,4,2,1,
2.023E+11,155 656 849,C01,2,7,0,2,4,2,1,
2.023E+11,155 656 850,D01,2,7,0,2,4,2,1,
2.023E+11,155 656 851,G01,2,7,0,2,1,2,1,
2.023E+11,155 656 843,B01,2,1,0,2,1,1,5,
2.023E+11,155 656 846,A01,2,10,0,9,8,24,1,
2.023E+11,155 656 841,A01,1,7,0,2,1,2,1,
2.023E+11,155 656 842,B01,1,7,0,2,6,2,1,
2.023E+11,155 656 840,A01,1,7,4,0,9,1,1,
2.023E+11,155 656 839,A01,1,7,0,1,1,1,1,
2.023E+11,155 656 837,B01,1,7,0,2,5,1,1,
2.023E+11,155 656 838,A01,1,33,0,2,3,3,1,
2.023E+11,155 656 833,B01,2,7,0,2,5,12,2,
2.023E+11,155 656 835,A01,1,32,0,2,1,3,1,
2.023E+11,155 656 834,B01,2,30,0,2,2,21,1,
2.023E+11,155 656 836,A01,2,7,0,0,0,1,1,
2.023E+11,155 656 831,B01,2,7,0,9,2,2,1,
2.023E+11,155 656 832,A01,2,10,0,0,0,2,1,
2.023E+11,155 656 829,B01,1,7,0,9,1,1,1,
2.023E+11,155 656 830,A01,1,50,0,2,8,19,3,
2.023E+11,155 656 827,A01,1,7,4,2,1,2,1,
2.023E+11,155 656 828,B01,1,7,4,2,4,2,1,
2.023E+11,155 656 824,A01,1,33,0,2,1,1,1,
2.023E+11,155 656 825,B01,1,7,0,2,2,11,1,
2.023E+11,155 656 823,A01,1,14,0,2,6,15,1,
2.023E+11,155 656 826,B01,1,33,14,2,7,1,1,
2.023E+11,155 656 821,B01,2,7,0,2,4,23,1,
2.023E+11,155 656 822,A01,1,7,0,2,1,1,1,
2.023E+11,155 656 816,A01,2,7,0,2,3,0,0,
2.023E+11,155 656 819,B01,1,7,0,2,1,0,0,
2.023E+11,155 656 820,C01,1,7,0,0,0,0,0,
2.023E+11,155 656 817,A01,1,1,0,2,7,1,5,
2.023E+11,155 656 818,Z01,1,7,0,2,1,14,0,
2.023E+11,155 656 813,A01,2,7,0,2,3,4,1,
2.023E+11,155 656 815,B01,2,1,0,2,8,1,5,
2.023E+11,155 656 812,A01,0,50,0,0,4,2,3,
2.023E+11,155 656 814,B01,0,7,0,2,1,2,6,
2.023E+11,155 656 811,A01,2,30,0,0,0,1,1,
2.023E+11,155 656 808,B01,2,7,0,2,3,1,1,
2.023E+11,155 656 810,A01,1,7,0,2,2,1,1,
2.023E+11,155 656 807,B01,1,7,0,2,3,1,1,
2.023E+11,155 656 809,A01,2,7,0,2,1,1,2,
2.023E+11,155 656 804,B01,2,7,0,0,1,9,1,
2.023E+11,155 656 805,A01,1,10,0,0,1,1,1,
2.023E+11,155 656 803,A01,1,7,0,2,1,13,1,
2.023E+11,155 656 806,B01,2,7,0,2,1,1,1,
2.023E+11,155 656 801,A01,1,30,0,2,1,2,1,
2.023E+11,155 656 802,B01,1,7,0,2,4,2,1,
2.023E+11,155 656 798,A01,1,7,0,2,1,2,2,
2.023E+11,155 656 800,B01,1,7,4,2,4,1,2,
2.023E+11,155 656 797,B01,2,1,0,2,2,1,5,
2.023E+11,155 656 799,A01,2,7,0,2,2,15,1,
2.023E+11,155 656 793,B01,2,13,0,2,3,15,1,
2.023E+11,155 656 795,A01,1,7,0,2,3,1,1,
2.023E+11,155 656 794,A01,3,10,0,2,2,15,1,
2.023E+11,155 656 796,B01,3,2,0,2,1,1,1,
2.023E+11,155 656 792,A01,2,7,0,1,1,17,1,
2.023E+11,155 656 789,A01,3,7,0,1,4,4,0,
2.023E+11,155 656 790,A01,2,7,0,2,1,15,1,
2.023E+11,155 656 791,B01,1,7,0,2,1,1,2,
2.023E+11,155 656 788,A01,0,10,0,1,1,1,3,
2.023E+11,155 656 787,A01,1,2,14,0,1,16,1,
2.023E+11,155 656 785,B01,3,33,0,2,1,0,1,
2.023E+11,155 656 786,A01,0,7,0,2,1,15,1,
2.023E+11,155 656 784,A01,1,7,0,1,2,1,1,
2.023E+11,155 656 783,A01,2,7,13,0,3,16,1,
2.023E+11,155 656 779,A01,2,7,0,2,3,13,1,
2.023E+11,155 656 781,B01,1,7,0,2,1,13,1,
2.023E+11,155 656 782,C01,2,7,0,2,1,1,1,
2.023E+11,155 656 780,A01,2,10,0,1,2,1,1,
2.023E+11,155 656 777,A01,2,2,0,0,6,15,0,
2.023E+11,155 656 778,B01,2,2,0,2,1,1,0,
2.023E+11,155 656 776,A01,2,36,0,0,1,0,0,
2.023E+11,155 656 773,B01,1,10,0,2,2,17,0,
2.023E+11,155 656 774,A01,1,7,4,2,8,1,1,
2.023E+11,155 656 771,A01,2,7,13,0,2,1,0,
2.023E+11,155 656 772,A01,2,7,0,2,3,13,1,
2.023E+11,155 656 775,B01,1,7,0,2,3,1,1,
2.023E+11,155 656 770,A01,3,2,8,0,1,1,1,
2.023E+11,155 656 768,A01,2,36,13,0,2,15,1,
2.023E+11,155 656 767,A01,1,7,0,2,3,13,1,
2.023E+11,155 656 769,B01,2,7,0,2,3,1,1,
2.023E+11,155 656 766,A01,1,7,2,0,4,1,1,
2.023E+11,155 656 765,A01,2,7,6,0,8,1,1,
2.023E+11,155 656 764,A01,2,7,2,0,8,1,1,
2.023E+11,155 656 762,B01,2,2,0,2,1,1,1,
2.023E+11,155 656 763,A01,1,7,0,2,2,15,1,
2.023E+11,155 656 761,A01,1,7,0,1,3,15,0,
2.023E+11,155 656 760,A01,1,2,3,0,8,1,1,
2.023E+11,155 656 759,A01,1,7,2,0,1,0,1,
2.023E+11,155 656 758,A01,2,7,2,0,3,1,2,
2.023E+11,155 656 754,A01,1,7,0,2,7,14,1,
2.023E+11,155 656 755,B01,2,7,0,2,1,1,1,
2.023E+11,155 656 756,A01,0,7,0,9,7,17,1,
2.023E+11,155 656 757,B01,0,80,0,2,8,15,3,
2.023E+11,155 656 752,B01,2,7,0,2,1,1,1,
2.023E+11,155 656 753,A01,1,7,0,2,3,13,1,
2.023E+11,155 656 751,A01,2,33,2,0,1,1,1,
2.023E+11,155 656 749,A01,2,7,2,0,2,26,0,
2.023E+11,155 656 747,A01,2,33,0,2,1,13,1,
2.023E+11,155 656 748,B01,1,7,0,2,1,1,1,
2.023E+11,155 656 746,B01,3,10,0,2,3,26,1,
2.023E+11,155 656 750,A01,2,7,0,2,2,1,1,
2.023E+11,155 656 745,A01,2,7,13,0,3,1,1,
2.023E+11,155 656 744,A01,2,7,10,0,1,1,0,
2.023E+11,155 656 743,A01,2,7,13,0,1,1,1,
2.023E+11,155 656 742,A01,2,7,6,0,1,1,1,
2.023E+11,155 656 741,A01,3,7,0,1,1,1,1,
2.023E+11,155 656 739,A01,3,33,0,2,1,13,1,
2.023E+11,155 656 740,B01,3,7,0,2,3,1,1,
2.023E+11,155 656 737,A01,2,99,3,0,1,1,1,
2.023E+11,155 656 736,B01,2,7,0,2,4,1,1,
2.023E+11,155 656 738,A01,2,7,0,2,1,15,1,
2.023E+11,155 656 734,B01,1,7,0,2,1,1,1,
2.023E+11,155 656 735,A01,2,10,0,2,1,14,1,
2.023E+11,155 656 731,A01,1,7,16,0,1,13,1,
2.023E+11,155 656 732,A01,2,7,0,2,2,1,1,
2.023E+11,155 656 733,B01,1,33,0,2,8,1,1,
2.023E+11,155 656 730,A01,1,7,4,0,3,13,1,
2.023E+11,155 656 726,B01,1,7,0,2,9,1,1,
2.023E+11,155 656 728,A01,2,7,0,2,3,13,1,
2.023E+11,155 656 729,C01,1,7,0,2,1,1,1,
2.023E+11,155 656 725,A01,1,33,5,0,9,1,1,
2.023E+11,155 656 723,A01,1,33,13,0,9,2,1,
2.023E+11,155 656 724,A01,2,7,0,2,1,9,1,
2.023E+11,155 656 727,B01,2,7,0,2,1,1,1,
2.023E+11,155 656 721,A01,1,1,0,0,4,1,5,
2.023E+11,155 656 722,B01,1,7,0,2,2,1,1,
2.023E+11,155 656 720,A01,1,2,13,0,2,1,1,
2.023E+11,155 656 717,A01,2,7,0,2,1,17,1,
2.023E+11,155 656 719,B01,1,7,0,2,1,1,1,
2.023E+11,155 656 716,A01,2,15,0,2,3,1,1,
2.023E+11,155 656 718,B01,1,1,0,2,1,11,5,
2.023E+11,155 656 714,A01,2,30,0,2,2,17,1,
2.023E+11,155 656 715,B01,2,10,0,2,3,15,1,
2.023E+11,155 656 712,A01,1,7,2,0,9,16,0,
2.023E+11,155 656 709,A01,1,7,0,2,1,1,1,
2.023E+11,155 656 710,B01,1,10,0,2,4,1,1,
2.023E+11,155 656 707,A01,1,7,0,1,2,1,1,
2.023E+11,155 656 705,A01,3,7,0,0,2,1,1,
2.023E+11,155 656 706,B01,1,31,0,2,3,21,1,
2.023E+11,155 656 708,A01,2,7,0,2,3,15,1,
2.023E+11,155 656 701,B01,2,33,7,2,1,1,1,
2.023E+11,155 656 703,A01,1,2,0,2,1,15,1,
2.023E+11,155 656 704,C01,1,7,0,2,1,2,1,
2.023E+11,155 656 700,A01,1,7,0,2,2,1,1,
2.023E+11,155 656 702,B01,3,7,0,2,1,19,3,
2.023E+11,155 656 699,A01,0,7,13,0,1,1,1,
2.023E+11,155 656 698,A01,0,7,8,0,1,1,1,
2.023E+11,155 656 694,A01,3,7,0,2,3,5,1,
2.023E+11,155 656 695,B01,3,7,0,2,3,2,1,
2.023E+11,155 656 696,B01,2,10,0,2,2,2,1,
2.023E+11,155 656 697,A01,2,1,0,2,6,13,5,
2.023E+11,155 656 692,A01,0,10,0,2,1,2,1,
2.023E+11,155 656 693,B01,0,3,0,2,4,11,1,
2.023E+11,155 656 691,A01,2,7,16,0,0,13,1,
2.023E+11,155 656 689,A01,1,7,0,2,3,0,1,
2.023E+11,155 656 690,B01,2,7,0,2,1,15,1,
2.023E+11,155 656 688,A01,2,7,0,1,1,1,2,
2.023E+11,155 656 685,C01,1,7,0,2,1,0,1,
2.023E+11,155 656 686,A01,1,7,0,2,4,2,1,
2.023E+11,155 656 687,B01,1,7,0,2,4,2,1,
2.023E+11,155 656 682,A01,1,7,0,2,4,1,1,
2.023E+11,155 656 683,C01,1,7,0,2,1,1,1,
2.023E+11,155 656 684,B01,1,7,0,2,4,1,1,
2.023E+11,155 656 680,B01,1,10,0,2,5,2,0,
2.023E+11,155 656 681,A01,1,33,4,2,1,2,1,
2.023E+11,155 656 679,A01,2,10,0,1,2,1,1,
2.023E+11,155 656 677,B01,2,7,0,2,8,11,1,
2.023E+11,155 656 678,A01,2,33,0,2,7,2,1,
2.023E+11,155 656 672,C01,2,7,4,2,6,2,1,
2.023E+11,155 656 674,B01,2,10,4,2,4,2,1,
2.023E+11,155 656 675,A01,2,10,4,2,1,1,1,
2.023E+11,155 656 673,B01,1,17,0,2,2,1,1,
2.023E+11,155 656 676,A01,2,17,0,2,3,15,1,
2.023E+11,155 656 671,A01,1,7,4,0,1,1,1,
2.023E+11,155 656 670,B01,1,7,0,9,8,1,1,
2.023E+11,155 656 666,A01,2,7,0,2,1,2,1,
2.023E+11,155 656 668,B01,2,7,0,2,4,2,1,
2.023E+11,155 656 669,C01,2,7,0,2,4,2,1,
2.023E+11,155 656 661,A01,1,7,0,2,1,2,1,
2.023E+11,155 656 662,B01,1,7,0,2,4,2,1,
2.023E+11,155 656 663,C01,1,7,0,2,9,1,1,
2.023E+11,155 656 664,D01,1,7,0,2,4,2,1,
2.023E+11,155 656 659,C01,1,10,0,2,1,1,1,
2.023E+11,155 656 660,D01,1,7,0,2,1,21,1,
2.023E+11,155 656 665,A01,1,7,3,2,4,23,1,
2.023E+11,155 656 667,B01,1,15,0,2,1,21,1,
2.023E+11,155 656 656,A01,1,7,0,2,1,1,1,
2.023E+11,155 656 657,B01,1,7,0,2,4,2,1,
2.023E+11,155 656 658,C01,1,7,0,2,4,2,1,
2.023E+11,155 656 654,A01,1,7,3,0,1,2,1,
2.023E+11,155 656 653,B01,2,7,0,2,1,13,1,
2.023E+11,155 656 655,A01,1,7,0,2,1,21,1,
2.023E+11,155 656 651,B01,2,7,0,2,2,1,1,
2.023E+11,155 656 652,A01,2,7,0,2,6,23,1,
2.023E+11,155 656 648,A01,1,2,0,2,1,17,1,
2.023E+11,155 656 650,B01,1,7,0,2,3,1,1,
2.023E+11,155 656 646,A01,1,7,0,2,1,1,1,
2.023E+11,155 656 647,C01,1,7,0,2,4,2,1,
2.023E+11,155 656 649,B01,1,7,0,2,4,2,1,
2.023E+11,155 656 644,A01,3,7,0,1,1,1,0,
2.023E+11,155 656 643,A01,1,7,0,2,5,17,1,
2.023E+11,155 656 645,B01,1,7,0,2,3,15,1,
2.023E+11,155 656 642,A01,2,7,0,1,2,1,1,
2.023E+11,155 656 640,B01,2,7,0,2,4,23,1,
2.023E+11,155 656 641,A01,2,37,0,2,1,9,1,1
2.023E+11,155 656 638,A01,2,33,0,2,1,13,1,
2.023E+11,155 656 639,B01,1,10,0,2,1,1,1,
2.023E+11,155 656 636,B01,3,7,0,2,3,2,1,
2.023E+11,155 656 637,A01,3,33,0,2,2,14,1,
2.023E+11,155 656 632,B01,1,37,0,2,2,1,1,5
2.023E+11,155 656 634,A01,1,10,0,2,3,9,1,
2.023E+11,155 656 633,A01,3,7,0,2,2,1,1,
2.023E+11,155 656 635,B01,3,1,0,2,8,1,5,
2.023E+11,155 656 630,A01,2,7,0,2,1,1,1,
2.023E+11,155 656 631,B01,2,7,0,2,4,1,1,
2.023E+11,155 656 629,A01,2,37,0,1,5,1,0,1
2.023E+11,155 656 627,A01,1,2,0,2,7,17,1,
2.023E+11,155 656 628,B01,1,7,0,2,8,15,1,
2.023E+11,155 656 624,A01,2,7,0,2,2,1,1,
2.023E+11,155 656 622,A01,1,7,0,2,3,1,1,
2.023E+11,155 656 625,B01,1,7,0,2,6,11,1,
2.023E+11,155 656 626,C01,1,7,0,0,3,1,1,
2.023E+11,155 656 620,C01,3,80,0,2,1,12,3,
2.023E+11,155 656 621,A01,1,7,0,2,2,2,1,
2.023E+11,155 656 623,B01,1,33,0,2,3,1,1,
2.023E+11,155 656 615,B01,1,7,0,2,2,1,1,
2.023E+11,155 656 618,A01,2,10,0,2,3,2,1,
2.023E+11,155 656 614,A01,1,7,0,1,1,19,1,
2.023E+11,155 656 616,A01,1,7,0,0,4,2,1,
2.023E+11,155 656 617,C01,1,7,0,2,1,2,1,
2.023E+11,155 656 619,B01,1,10,0,2,4,2,1,
2.023E+11,155 656 613,A01,3,7,12,0,0,1,1,
2.023E+11,155 656 610,A01,1,7,0,1,2,13,1,
2.023E+11,155 656 609,B01,2,7,0,2,4,1,1,
2.023E+11,155 656 611,C01,2,7,0,2,4,1,1,
2.023E+11,155 656 612,A01,2,7,0,2,1,1,1,
2.023E+11,155 656 608,A01,3,7,0,1,3,15,1,
2.023E+11,155 656 607,A01,1,33,0,0,7,1,1,
2.023E+11,155 656 603,A01,2,7,0,2,8,15,0,
2.023E+11,155 656 604,B01,2,50,0,2,1,0,3,
2.023E+11,155 656 599,A01,1,7,0,2,2,15,1,
2.023E+11,155 656 601,B01,2,31,0,2,1,1,1,
2.023E+11,155 656 600,A01,3,7,0,9,2,1,1,
2.023E+11,155 656 602,B01,3,1,0,2,4,2,5,
2.023E+11,155 656 597,A01,2,33,0,2,1,2,1,
2.023E+11,155 656 598,B01,2,7,0,2,4,2,1,
2.023E+11,155 656 594,B01,2,7,0,2,1,1,1,
2.023E+11,155 656 596,A01,1,7,0,2,3,9,1,
2.023E+11,155 656 595,A01,3,7,0,1,7,13,1,
2.023E+11,155 656 592,A01,3,7,0,2,1,1,1,
2.023E+11,155 656 593,B01,0,30,0,2,1,13,1,
2.023E+11,155 656 590,A01,1,7,13,2,3,13,1,
2.023E+11,155 656 591,B01,2,14,13,2,3,21,1,
2.023E+11,155 656 589,A01,3,7,0,1,1,19,1,
2.023E+11,155 656 587,A01,1,34,0,2,1,8,1,
2.023E+11,155 656 588,B01,2,37,0,2,3,8,1,2
2.023E+11,155 656 585,A01,1,2,0,1,1,1,1,
2.023E+11,155 656 583,A01,1,7,8,0,2,1,1,
2.023E+11,155 656 584,A01,1,7,0,0,1,1,1,
2.023E+11,155 656 586,B01,1,7,0,0,8,9,1,
2.023E+11,155 656 581,A01,2,7,0,0,1,1,1,
2.023E+11,155 656 582,B01,2,10,0,2,8,9,3,
2.023E+11,155 656 577,A01,3,41,6,2,8,14,1,
2.023E+11,155 656 578,B01,3,7,0,2,7,1,1,
2.023E+11,155 656 579,A01,2,7,0,2,1,19,1,
2.023E+11,155 656 580,B01,1,33,4,2,7,17,1,
2.023E+11,155 656 575,B01,1,33,0,2,4,1,1,
2.023E+11,155 656 576,A01,1,7,0,2,1,12,1,
2.023E+11,155 656 573,B01,2,7,0,2,3,13,1,
2.023E+11,155 656 574,A01,1,7,0,2,3,14,1,
2.023E+11,155 656 571,A01,1,33,0,0,0,1,1,
2.023E+11,155 656 572,A01,2,7,0,1,1,15,1,
2.023E+11,155 656 570,A01,1,7,13,0,2,14,1,
2.023E+11,155 656 568,A01,3,10,0,1,1,1,0,
2.023E+11,155 656 564,A01,2,7,0,2,1,13,3,
2.023E+11,155 656 566,B01,0,7,0,2,1,9,2,
2.023E+11,155 656 565,A01,2,7,0,2,3,13,1,
2.023E+11,155 656 567,B01,1,15,0,2,1,1,1,
2.023E+11,155 656 569,C01,2,7,0,2,1,1,1,
2.023E+11,155 656 562,A01,2,7,0,2,1,1,1,
2.023E+11,155 656 563,B01,1,7,0,2,4,23,1,
2.023E+11,155 656 560,A01,2,7,0,2,1,13,1,
2.023E+11,155 656 561,B01,1,7,0,2,2,1,1,
2.023E+11,155 656 559,Z01,1,7,0,1,1,1,1,
2.023E+11,155 656 558,A01,1,7,13,0,0,1,1,
2.023E+11,155 656 556,B01,1,10,0,2,2,15,1,
2.023E+11,155 656 557,A01,1,30,0,2,1,9,1,
2.023E+11,155 656 554,A01,1,7,0,2,5,11,1,
2.023E+11,155 656 555,B01,1,2,0,2,1,2,1,
2.023E+11,155 656 552,A01,1,1,1,0,1,14,5,
2.023E+11,155 656 551,A01,2,7,0,2,1,13,1,
2.023E+11,155 656 553,B01,1,10,0,2,1,1,1,
2.023E+11,155 656 550,A01,1,33,8,0,1,1,1,
2.023E+11,155 656 548,A01,1,7,5,0,3,1,1,
2.023E+11,155 656 549,A01,1,7,13,0,9,1,1,
2.023E+11,155 656 546,A01,1,7,0,9,7,26,2,
2.023E+11,155 656 547,B01,1,99,0,2,7,26,6,
2.023E+11,155 656 543,A01,0,40,1,2,1,1,3,
2.023E+11,155 656 544,B01,0,7,0,4,5,1,1,
2.023E+11,155 656 541,A01,3,7,0,1,1,1,0,
2.023E+11,155 656 540,A01,1,7,1,0,1,17,1,
2.023E+11,155 656 542,A01,1,7,0,2,2,1,2,
2.023E+11,155 656 545,B01,1,2,0,2,1,1,1,
2.023E+11,155 656 539,A01,1,7,1,1,1,1,1,
2.023E+11,155 656 538,A01,1,7,0,1,3,1,1,
2.023E+11,155 656 536,A01,1,10,0,2,7,16,1,
2.023E+11,155 656 537,B01,2,37,0,2,1,1,4,1
2.023E+11,155 656 533,Z01,1,10,0,2,1,1,1,
2.023E+11,155 656 534,B01,1,1,0,2,4,15,5,
2.023E+11,155 656 532,B01,1,7,0,2,1,1,1,
2.023E+11,155 656 535,A01,2,7,0,2,1,1,1,
2.023E+11,155 656 530,B01,2,43,0,2,1,1,0,
2.023E+11,155 656 531,A01,1,7,0,2,1,15,1,
2.023E+11,155 656 528,A01,2,7,0,2,9,0,1,
2.023E+11,155 656 529,B01,2,7,0,2,9,0,1,
2.023E+11,155 656 527,A01,1,7,0,1,3,15,1,
2.023E+11,155 656 525,A01,2,7,13,0,9,17,1,
2.023E+11,155 656 524,B01,1,7,0,2,9,26,1,
2.023E+11,155 656 526,A01,1,7,0,2,7,12,2,
2.023E+11,155 656 522,B01,2,30,0,2,1,1,1,
2.023E+11,155 656 523,A01,1,7,0,2,1,15,1,
2.023E+11,155 656 518,B01,2,7,0,2,6,1,1,
2.023E+11,155 656 519,A01,2,10,0,2,2,2,1,
2.023E+11,155 656 514,C01,2,7,0,2,3,2,1,
2.023E+11,155 656 516,D01,2,7,0,2,4,2,1,
2.023E+11,155 656 517,A01,2,7,0,2,1,2,1,
2.023E+11,155 656 520,B01,2,10,0,2,4,2,1,
2.023E+11,155 656 521,E01,2,7,0,2,8,2,1,
2.023E+11,155 656 512,B01,2,7,0,2,1,2,1,
2.023E+11,155 656 513,A01,2,43,0,2,2,3,1,
2.023E+11,155 656 515,A01,0,33,12,0,0,17,1,
2.023E+11,155 656 510,A01,2,7,0,2,7,12,1,
2.023E+11,155 656 511,B01,2,7,0,2,8,1,1,
2.023E+11,155 656 507,A01,1,7,0,1,3,1,1,
2.023E+11,155 656 508,A01,1,7,0,2,5,12,1,
2.023E+11,155 656 509,B01,1,33,0,2,8,3,1,
2.023E+11,155 656 505,A01,1,7,0,2,6,13,1,
2.023E+11,155 656 506,B01,1,2,0,2,1,3,0,
2.023E+11,155 656 504,A01,1,7,4,0,1,1,1,
2.023E+11,155 656 503,A01,1,10,3,0,1,0,2,
2.023E+11,155 656 498,E01,1,10,0,2,4,2,1,
2.023E+11,155 656 499,A01,1,7,0,2,3,2,1,
2.023E+11,155 656 500,B01,1,7,0,2,5,2,1,
2.023E+11,155 656 501,C01,1,7,0,2,4,2,1,
2.023E+11,155 656 502,D01,1,7,0,2,4,2,1,
2.023E+11,155 656 496,A01,2,7,0,2,5,1,1,
2.023E+11,155 656 497,B01,2,7,0,2,5,1,1,
2.023E+11,155 656 494,A01,1,10,0,2,1,18,1,
2.023E+11,155 656 495,B01,1,43,0,2,7,14,1,
2.023E+11,155 656 490,B01,1,10,0,2,7,1,1,
2.023E+11,155 656 491,C01,1,7,0,2,4,1,1,
2.023E+11,155 656 492,D01,1,10,0,2,1,2,1,
2.023E+11,155 656 493,A01,1,15,0,2,8,13,1,
2.023E+11,155 656 489,A01,3,7,4,0,3,1,1,
2.023E+11,155 656 487,B01,1,7,0,2,6,1,1,
2.023E+11,155 656 488,A01,1,7,0,2,2,2,1,
2.023E+11,155 656 485,A01,2,50,0,2,1,1,3,
2.023E+11,155 656 486,B01,2,7,0,2,2,1,1,
2.023E+11,155 656 483,A01,1,7,0,2,1,13,1,
2.023E+11,155 656 484,B01,1,7,0,2,1,0,1,
2.023E+11,155 656 482,A01,3,7,0,0,1,16,1,
2.023E+11,155 656 480,A01,1,7,0,2,8,15,1,
2.023E+11,155 656 481,B01,1,1,0,2,1,1,5,
2.023E+11,155 656 479,A01,2,14,12,0,7,9,1,
2.023E+11,155 656 477,B01,3,7,0,9,1,26,1,
2.023E+11,155 656 478,A01,3,50,0,2,2,26,3,
2.023E+11,155 656 476,A01,2,50,0,2,0,5,3,
2.023E+11,155 656 475,A01,1,2,0,0,8,15,1,
2.023E+11,155 656 474,A01,1,7,0,1,2,15,0,
2.023E+11,155 656 472,A01,1,2,1,2,7,1,1,
2.023E+11,155 656 473,B01,1,7,0,2,1,1,1,
2.023E+11,155 656 471,A01,1,33,1,1,8,21,1,
2.023E+11,155 656 469,A01,2,1,0,2,4,1,5,
2.023E+11,155 656 470,Z01,2,0,0,2,4,0,0,
2.023E+11,155 656 467,A01,2,7,0,2,3,15,1,
2.023E+11,155 656 468,B01,1,34,0,2,1,25,1,
2.023E+11,155 656 465,A01,1,7,0,2,1,2,1,
2.023E+11,155 656 466,B01,1,7,0,2,4,0,1,
2.023E+11,155 656 461,A01,2,50,0,0,0,1,3,
2.023E+11,155 656 460,A01,2,33,0,0,7,26,1,
2.023E+11,155 656 458,B01,0,7,0,2,4,23,1,
2.023E+11,155 656 459,A01,0,7,1,0,1,1,1,
2.023E+11,155 656 456,A01,1,10,0,2,3,5,1,
2.023E+11,155 656 457,B01,1,7,0,2,3,1,1,
2.023E+11,155 656 454,B01,3,7,3,2,1,26,3,
2.023E+11,155 656 455,A01,3,10,3,0,0,15,1,
2.023E+11,155 656 452,B01,1,30,0,2,1,1,1,
2.023E+11,155 656 453,A01,3,7,0,2,3,15,1,
2.023E+11,155 656 451,A01,0,1,0,0,0,1,5,
2.023E+11,155 656 449,B01,1,34,0,2,2,1,1,
2.023E+11,155 656 450,A01,1,7,0,2,8,10,1,
2.023E+11,155 656 448,A01,0,10,0,1,0,2,1,
2.023E+11,155 656 446,B01,3,50,0,2,1,26,3,
2.023E+11,155 656 447,A01,3,7,0,2,1,26,1,
2.023E+11,155 656 444,B01,3,50,0,2,8,1,3,
2.023E+11,155 656 445,A01,3,10,0,2,7,16,1,
2.023E+11,155 656 442,B01,1,21,0,2,8,1,0,
2.023E+11,155 656 443,A01,2,38,0,2,8,1,1,3
2.023E+11,155 656 441,A01,1,33,0,0,8,0,1,
2.023E+11,155 656 439,B01,1,50,0,2,1,1,3,
2.023E+11,155 656 440,A01,1,7,0,2,2,14,1,
2.023E+11,155 656 437,B01,2,1,0,2,2,19,0,
2.023E+11,155 656 438,A01,1,7,0,2,2,2,1,
2.023E+11,155 656 435,A01,1,7,0,9,2,26,1,
2.023E+11,155 656 436,B01,2,1,0,2,4,15,5,
2.023E+11,155 656 433,A01,1,7,0,2,5,9,0,
2.023E+11,155 656 434,B01,1,30,0,2,1,2,0,
2.023E+11,155 656 431,A01,3,7,0,2,1,9,1,
2.023E+11,155 656 432,B01,1,2,0,2,4,1,1,
2.023E+11,155 656 430,A01,0,10,0,1,3,1,1,
2.023E+11,155 656 429,A01,3,7,-1,1,3,1,1,
2.023E+11,155 656 428,A01,3,7,0,1,4,4,0,
2.023E+11,155 656 427,A01,0,7,0,1,2,1,1,
2.023E+11,155 656 425,B01,1,80,0,2,1,15,3,
2.023E+11,155 656 426,A01,2,7,0,2,3,9,1,
2.023E+11,155 656 424,A01,1,7,0,1,3,1,1,
2.023E+11,155 656 422,A01,0,7,0,2,1,13,0,
2.023E+11,155 656 423,B01,0,7,0,2,3,0,1,
2.023E+11,155 656 420,B01,1,10,0,2,2,15,1,
2.023E+11,155 656 421,A01,2,2,0,2,1,1,1,
2.023E+11,155 656 418,B01,3,50,0,2,1,1,3,
2.023E+11,155 656 419,A01,3,14,0,2,5,16,1,
2.023E+11,155 656 416,A01,3,7,0,2,3,15,1,
2.023E+11,155 656 417,B01,3,33,0,2,8,1,1,
2.023E+11,155 656 414,A01,1,7,0,2,4,10,1,
2.023E+11,155 656 415,B01,2,33,0,2,0,0,1,
2.023E+11,155 656 410,B01,1,7,0,2,3,1,1,
2.023E+11,155 656 411,A01,2,17,0,2,8,13,1,