Num_Acc,id_vehicule,num_veh,senc,catv,obs,obsm,choc,manv,motor,occutc
2.023E+11,155 656 408,B01,3,7,0,2,1,1,1,
2.023E+11,155 656 409,A01,3,7,0,2,7,9,1,
2.023E+11,155 656 406,B01,3,7,0,2,2,1,1,
2.023E+11,155 656 407,A01,3,7,0,2,5,15,1,
2.023E+11,155 656 405,A01,3,7,0,1,5,1,1,
2.023E+11,155 656 403,B01,1,7,0,2,3,1,1,
2.023E+11,155 656 404,A01,2,7,0,2,2,15,3,
2.023E+11,155 656 401,B01,2,31,0,2,1,1,1,
2.023E+11,155 656 402,A01,1,10,0,2,2,15,1,
2.023E+11,155 656 399,B01,1,7,0,2,5,1,1,
2.023E+11,155 656 400,A01,1,7,0,2,1,16,1,
2.023E+11,155 656 397,B01,2,10,0,2,1,1,1,
2.023E+11,155 656 398,A01,2,1,12,2,9,1,5,
2.023E+11,155 656 395,A01,1,37,0,9,1,15,1,1
2.023E+11,155 656 396,B01,2,1,0,2,1,1,5,
2.023E+11,155 656 394,A01,2,10,0,1,3,15,1,
2.023E+11,155 656 392,B01,0,7,0,2,3,0,0,
2.023E+11,155 656 393,A01,0,33,0,2,1,0,0,
2.023E+11,155 656 390,B01,2,7,0,2,4,23,1,
2.023E+11,155 656 391,A01,2,7,0,2,1,2,1,
2.023E+11,155 656 389,A01,2,37,0,1,2,1,1,1
2.023E+11,155 656 387,A01,2,7,0,2,3,13,1,
2.023E+11,155 656 388,B01,1,10,0,2,6,21,1,
2.023E+11,155 656 384,A01,1,10,0,2,4,1,1,
2.023E+11,155 656 385,B01,1,7,0,2,4,23,1,
2.023E+11,155 656 386,C01,1,7,0,0,4,23,1,
2.023E+11,155 656 383,A01,1,7,0,1,6,20,3,
2.023E+11,155 656 381,AC01,-1,7,-1,-1,-1,-1,-1,
2.023E+11,155 656 382,B01,3,1,0,2,8,1,5,
2.023E+11,155 656 379,A01,2,33,0,2,1,1,1,
2.023E+11,155 656 380,B01,2,7,0,2,4,0,1,
2.023E+11,155 656 378,A01,3,1,0,1,8,1,5,
2.023E+11,155 656 376,A01,1,7,0,2,3,4,2,
2.023E+11,155 656 377,B01,3,1,0,2,8,19,5,
2.023E+11,155 656 374,A01,2,7,0,2,3,15,2,
2.023E+11,155 656 375,B01,2,30,0,2,7,1,1,
2.023E+11,155 656 373,Z01,2,1,0,1,1,25,5,
2.023E+11,155 656 372,A01,1,1,0,1,2,16,5,
2.023E+11,155 656 371,Z01,1,30,0,1,1,1,1,
2.023E+11,155 656 370,Z01,2,1,0,1,1,1,5,
2.023E+11,155 656 368,A01,1,7,0,2,5,22,1,
2.023E+11,155 656 369,B01,1,1,0,2,1,1,5,
2.023E+11,155 656 366,B01,1,1,0,2,1,1,5,
2.023E+11,155 656 367,A01,1,7,0,2,3,15,2,
2.023E+11,155 656 365,A01,2,32,0,1,1,18,1,
2.023E+11,155 656 364,A01,1,7,0,1,3,1,0,
2.023E+11,155 656 363,A01,2,7,0,1,1,15,1,
2.023E+11,155 656 360,A01,1,37,0,2,1,1,1,1
2.023E+11,155 656 361,B01,1,10,0,2,4,23,1,
2.023E+11,155 656 362,C01,1,7,0,2,4,23,1,
2.023E+11,155 656 358,A01,3,13,0,2,1,2,1,
2.023E+11,155 656 359,B01,3,13,0,2,4,2,1,
2.023E+11,155 656 356,A01,1,15,0,2,5,1,1,
2.023E+11,155 656 357,B01,1,37,0,2,6,9,1,1
2.023E+11,155 656 354,A01,3,7,0,2,1,2,1,
2.023E+11,155 656 355,B01,3,7,0,2,4,1,1,
2.023E+11,155 656 353,A01,2,1,0,1,1,13,5,
2.023E+11,155 656 351,A01,3,10,0,2,2,2,1,
2.023E+11,155 656 352,B01,3,7,0,2,6,23,1,
2.023E+11,155 656 350,A01,3,7,6,0,3,13,1,
2.023E+11,155 656 348,A01,0,7,0,2,2,15,1,
2.023E+11,155 656 349,B01,3,7,0,2,1,1,1,
2.023E+11,155 656 345,B01,1,17,0,0,4,2,1,
2.023E+11,155 656 347,A01,1,7,0,2,1,2,1,
2.023E+11,155 656 342,A01,1,10,0,2,3,2,1,
2.023E+11,155 656 344,B01,1,7,0,2,4,2,1,
2.023E+11,155 656 346,C01,1,7,0,2,4,2,1,
2.023E+11,155 656 341,B01,2,7,0,2,1,1,1,
2.023E+11,155 656 343,A01,3,7,0,2,8,19,1,
2.023E+11,155 656 338,A01,0,32,0,2,2,1,1,
2.023E+11,155 656 339,B01,0,7,0,2,6,1,1,
2.023E+11,155 656 340,C01,0,7,0,2,3,5,1,
2.023E+11,155 656 337,A01,2,7,3,0,1,1,1,
2.023E+11,155 656 336,A01,1,7,9,0,2,1,1,
2.023E+11,155 656 335,A01,3,7,0,0,0,1,1,
2.023E+11,155 656 332,A01,0,33,0,9,3,9,1,
2.023E+11,155 656 334,Z01,0,1,0,2,1,25,5,
2.023E+11,155 656 331,B01,3,2,0,2,1,19,1,
2.023E+11,155 656 333,A01,2,7,0,0,7,1,1,
2.023E+11,155 656 329,A01,1,7,0,2,1,1,1,
2.023E+11,155 656 330,B01,1,1,0,2,1,1,5,
2.023E+11,155 656 328,A01,3,36,0,0,0,10,0,
2.023E+11,155 656 326,A01,2,7,0,2,5,11,1,
2.023E+11,155 656 327,B01,1,33,0,2,6,2,1,
2.023E+11,155 656 324,B01,2,33,0,2,4,2,1,
2.023E+11,155 656 325,A01,2,33,0,2,1,2,1,
2.023E+11,155 656 322,A01,2,2,0,2,1,2,1,
2.023E+11,155 656 323,B01,2,7,0,2,4,23,1,
2.023E+11,155 656 320,A01,1,7,0,2,1,15,1,
2.023E+11,155 656 321,B01,2,33,0,2,1,1,1,
2.023E+11,155 656 318,A01,3,3,0,9,3,13,0,
2.023E+11,155 656 319,B01,3,1,0,2,3,1,5,
2.023E+11,155 656 317,A01,2,7,13,0,1,1,1,
2.023E+11,155 656 314,A01,1,7,2,0,1,13,1,
2.023E+11,155 656 313,A01,0,7,0,2,7,2,1,
2.023E+11,155 656 315,B01,0,32,0,2,7,3,3,
2.023E+11,155 656 316,C01,0,10,0,0,8,1,0,
2.023E+11,155 656 312,A01,2,34,2,0,1,1,1,
2.023E+11,155 656 309,A01,1,7,0,2,1,0,2,
2.023E+11,155 656 311,B01,1,7,0,0,4,1,2,
2.023E+11,155 656 308,A01,1,1,13,0,1,16,5,
2.023E+11,155 656 306,B01,3,7,0,2,2,9,0,
2.023E+11,155 656 307,A01,3,31,0,2,1,2,1,
2.023E+11,155 656 304,A01,2,7,0,2,1,17,1,
2.023E+11,155 656 305,B01,2,1,0,2,6,15,5,
2.023E+11,155 656 302,A01,2,31,0,2,2,1,1,
2.023E+11,155 656 303,B01,1,7,0,2,1,2,1,
2.023E+11,155 656 301,A01,1,31,2,0,2,1,1,
2.023E+11,155 656 299,A01,2,10,0,2,1,1,1,
2.023E+11,155 656 300,B01,2,7,0,2,4,23,1,
2.023E+11,155 656 297,B01,2,7,0,2,2,1,1,
2.023E+11,155 656 298,A01,2,3,0,2,3,1,1,
2.023E+11,155 656 295,B01,2,7,14,0,6,2,1,
2.023E+11,155 656 296,A01,1,43,0,2,3,2,1,
2.023E+11,155 656 293,B01,3,32,0,2,1,1,1,
2.023E+11,155 656 294,A01,3,7,0,2,3,15,1,
2.023E+11,155 656 289,A01,1,32,0,2,8,18,1,
2.023E+11,155 656 291,C01,1,10,0,2,0,0,1,
2.023E+11,155 656 292,B01,2,7,0,2,1,15,0,
2.023E+11,155 656 288,B01,3,7,0,2,2,19,1,
2.023E+11,155 656 290,A01,2,7,0,2,3,1,1,
2.023E+11,155 656 285,B01,1,33,0,2,1,3,1,
2.023E+11,155 656 287,A01,1,7,0,2,5,11,1,
2.023E+11,155 656 284,A01,2,7,0,2,1,15,1,
2.023E+11,155 656 286,B01,1,7,0,2,1,1,1,
2.023E+11,155 656 281,B01,2,7,1,2,8,20,1,
2.023E+11,155 656 283,A01,2,7,8,2,1,1,1,
2.023E+11,155 656 279,C01,1,33,0,2,1,1,1,
2.023E+11,155 656 280,A01,2,33,0,2,1,21,1,
2.023E+11,155 656 282,B01,2,7,0,2,6,23,1,
2.023E+11,155 656 274,A01,1,7,0,2,1,1,0,
2.023E+11,155 656 275,B01,2,7,0,2,1,1,0,
2.023E+11,155 656 276,A01,2,7,0,2,1,1,1,
2.023E+11,155 656 277,B01,2,7,0,2,4,1,1,
2.023E+11,155 656 278,C01,2,7,0,2,4,15,1,
2.023E+11,155 656 271,B01,1,1,0,2,1,1,5,
2.023E+11,155 656 273,A01,2,7,0,2,3,9,3,
2.023E+11,155 656 270,A01,3,33,2,2,1,5,1,
2.023E+11,155 656 272,B01,3,99,0,2,8,15,1,
2.023E+11,155 656 268,A01,1,7,0,1,1,1,1,
2.023E+11,155 656 267,A01,3,33,0,2,1,1,1,
2.023E+11,155 656 269,B01,0,7,0,2,5,1,1,
2.023E+11,155 656 265,A01,2,7,13,0,0,0,0,
2.023E+11,155 656 262,B01,1,1,0,2,2,1,5,
2.023E+11,155 656 263,D01,1,1,0,0,0,21,5,
2.023E+11,155 656 264,C01,1,1,0,2,2,21,5,
2.023E+11,155 656 266,A01,2,10,0,9,3,15,1,
2.023E+11,155 656 260,A01,2,7,0,2,8,1,1,
2.023E+11,155 656 261,B01,1,7,13,2,3,13,1,
2.023E+11,155 656 258,A01,1,2,11,0,1,1,1,
2.023E+11,155 656 257,A01,1,7,0,2,3,5,1,
2.023E+11,155 656 259,B01,2,30,0,2,1,1,1,
2.023E+11,155 656 254,C01,2,7,6,0,1,1,1,
2.023E+11,155 656 255,B01,2,7,0,0,6,15,1,
2.023E+11,155 656 256,A01,1,10,0,2,1,13,1,
2.023E+11,155 656 253,A01,1,7,3,0,2,1,1,
2.023E+11,155 656 251,A01,1,7,0,2,7,17,1,
2.023E+11,155 656 252,B01,1,1,0,0,8,1,5,
2.023E+11,155 656 249,B01,1,33,0,2,6,1,0,
2.023E+11,155 656 250,A01,1,7,0,2,2,15,1,
2.023E+11,155 656 248,A01,1,30,6,0,1,13,1,
2.023E+11,155 656 247,A01,0,31,0,0,0,26,1,
2.023E+11,155 656 246,A01,1,33,8,0,1,13,1,
2.023E+11,155 656 243,B01,1,15,0,0,4,23,1,
2.023E+11,155 656 245,A01,1,37,1,0,2,21,1,1
2.023E+11,155 656 241,A01,1,7,0,2,3,15,1,
2.023E+11,155 656 242,B01,2,7,0,2,3,1,1,
2.023E+11,155 656 240,A01,1,10,13,0,3,13,1,
2.023E+11,155 656 239,A01,1,7,0,2,1,13,1,
2.023E+11,155 656 244,B01,2,10,0,2,2,1,1,
2.023E+11,155 656 237,A01,1,7,6,2,1,2,1,
2.023E+11,155 656 238,B01,1,2,6,2,4,1,1,
2.023E+11,155 656 236,A01,3,10,0,1,4,4,0,
2.023E+11,155 656 235,A01,2,7,8,0,1,13,0,
2.023E+11,155 656 233,A01,2,7,0,2,2,1,1,
2.023E+11,155 656 234,B01,1,7,0,2,1,19,1,
2.023E+11,155 656 231,B01,1,33,0,2,1,1,1,
2.023E+11,155 656 232,A01,1,7,0,2,8,16,1,
2.023E+11,155 656 229,A01,1,7,2,0,1,1,0,
2.023E+11,155 656 228,A01,2,10,14,0,2,13,1,
2.023E+11,155 656 225,A01,1,2,0,2,3,1,1,
2.023E+11,155 656 227,B01,2,7,0,2,3,17,3,
2.023E+11,155 656 222,B01,1,7,0,2,2,15,1,
2.023E+11,155 656 224,A01,2,33,0,2,1,1,1,
2.023E+11,155 656 223,A01,2,7,0,2,1,1,0,
2.023E+11,155 656 226,B01,1,7,0,2,3,15,0,
2.023E+11,155 656 220,A01,1,7,0,2,7,17,1,
2.023E+11,155 656 221,B01,1,2,0,2,8,15,1,
2.023E+11,155 656 218,A01,1,32,0,2,1,17,1,
2.023E+11,155 656 219,B01,1,7,0,0,3,15,0,
2.023E+11,155 656 215,A01,1,7,0,2,1,1,1,
2.023E+11,155 656 217,B01,1,30,0,2,4,2,1,
2.023E+11,155 656 212,A01,1,7,0,2,1,2,1,
2.023E+11,155 656 213,B01,1,7,0,2,4,1,1,
2.023E+11,155 656 214,C01,1,7,1,2,4,2,1,
2.023E+11,155 656 216,D01,1,7,1,0,1,2,1,
2.023E+11,155 656 210,A01,1,7,0,0,1,13,1,
2.023E+11,155 656 211,B01,2,7,0,0,1,1,1,
2.023E+11,155 656 208,A01,2,7,0,2,3,13,1,
2.023E+11,155 656 209,B01,1,17,0,2,3,1,1,
2.023E+11,155 656 207,A01,1,33,13,0,1,1,1,
2.023E+11,155 656 204,A01,1,7,0,2,1,5,1,
2.023E+11,155 656 206,B01,2,7,0,2,1,1,1,
2.023E+11,155 656 203,A01,3,7,2,0,1,1,1,
2.023E+11,155 656 201,A01,1,7,1,0,1,2,1,
2.023E+11,155 656 202,A01,1,15,0,2,3,13,0,
2.023E+11,155 656 205,B01,2,7,0,2,3,13,0,
2.023E+11,155 656 200,A01,3,31,0,0,0,26,1,
2.023E+11,155 656 199,A01,1,7,2,0,1,14,1,
2.023E+11,155 656 197,A01,2,33,0,2,1,1,1,
2.023E+11,155 656 198,B01,1,7,0,2,1,15,1,
2.023E+11,155 656 194,B01,3,7,0,2,1,1,1,
2.023E+11,155 656 196,A01,3,2,0,2,7,19,1,
2.023E+11,155 656 193,A01,1,7,13,2,3,1,1,
2.023E+11,155 656 195,B01,2,7,13,2,3,13,1,
2.023E+11,155 656 192,A01,1,2,0,1,1,17,1,
2.023E+11,155 656 191,A01,2,7,6,0,3,13,1,
2.023E+11,155 656 190,A01,2,33,8,0,1,16,1,
2.023E+11,155 656 188,A01,2,31,0,2,1,1,1,
2.023E+11,155 656 189,B01,2,7,0,2,5,23,1,
2.023E+11,155 656 187,A01,3,7,0,1,1,26,1,
2.023E+11,155 656 185,A01,2,7,12,0,1,13,1,
2.023E+11,155 656 183,B01,1,7,0,2,6,1,1,
2.023E+11,155 656 184,A01,1,17,0,2,2,12,1,
2.023E+11,155 656 182,A01,2,33,14,0,1,1,1,
2.023E+11,155 656 180,A01,1,7,0,2,8,14,1,
2.023E+11,155 656 181,B01,1,15,0,2,2,1,1,
2.023E+11,155 656 178,A01,1,7,0,2,4,1,1,
2.023E+11,155 656 179,Z01,2,7,0,2,0,0,0,
2.023E+11,155 656 176,Z01,1,0,0,2,8,0,0,
2.023E+11,155 656 177,A01,1,7,3,2,7,1,1,
2.023E+11,155 656 174,A01,1,7,0,2,1,1,1,
2.023E+11,155 656 175,B01,1,7,0,2,4,1,1,
2.023E+11,155 656 172,A01,1,7,0,2,1,1,1,
2.023E+11,155 656 173,B01,1,7,0,2,4,1,1,
2.023E+11,155 656 171,A01,2,7,4,0,2,1,1,
2.023E+11,155 656 169,B01,1,7,0,2,5,0,2,
2.023E+11,155 656 170,Z01,1,7,0,2,3,0,0,
2.023E+11,155 656 168,A01,2,7,13,0,1,0,1,
2.023E+11,155 656 167,A01,1,32,0,0,8,2,1,
2.023E+11,155 656 165,A01,2,14,0,2,2,14,1,
2.023E+11,155 656 166,B01,2,7,0,2,8,1,1,
2.023E+11,155 656 163,B01,1,99,0,2,7,14,1,
2.023E+11,155 656 164,A01,1,33,0,2,8,18,1,
2.023E+11,155 656 161,A01,1,7,5,2,7,16,1,
2.023E+11,155 656 162,B01,1,7,0,2,8,1,1,
2.023E+11,155 656 159,B01,1,7,0,2,4,2,1,
2.023E+11,155 656 160,A01,1,7,0,2,1,2,1,
2.023E+11,155 656 157,A01,2,10,0,2,4,2,1,
2.023E+11,155 656 158,B01,2,10,0,2,1,2,1,
2.023E+11,155 656 155,A01,0,7,0,2,6,9,1,
2.023E+11,155 656 156,B01,1,7,0,2,1,1,1,
2.023E+11,155 656 154,A01,3,7,0,1,2,1,1,
2.023E+11,155 656 152,A01,3,7,0,2,3,15,1,
2.023E+11,155 656 153,B01,3,7,0,2,1,1,1,
2.023E+11,155 656 150,A01,2,7,0,2,1,15,1,
2.023E+11,155 656 151,B01,1,10,0,0,1,1,0,
2.023E+11,155 656 147,A01,3,32,0,2,1,17,1,
2.023E+11,155 656 148,B01,3,7,0,2,3,1,1,
2.023E+11,155 656 149,C01,3,7,0,2,8,2,1,
2.023E+11,155 656 146,A01,1,7,1,0,1,0,1,
2.023E+11,155 656 145,A01,1,7,13,0,1,1,1,
2.023E+11,155 656 143,A01,1,7,0,2,6,9,1,
2.023E+11,155 656 144,B01,1,33,0,2,9,1,1,
2.023E+11,155 656 141,A01,1,33,0,0,0,1,1,
2.023E+11,155 656 140,A01,2,33,14,0,3,1,1,
2.023E+11,155 656 137,A01,1,7,0,2,2,1,1,
2.023E+11,155 656 138,B01,1,1,0,2,8,19,5,
2.023E+11,155 656 136,A01,1,7,2,0,3,13,1,
2.023E+11,155 656 134,A01,3,7,0,2,2,13,1,
2.023E+11,155 656 135,B01,1,33,9,0,8,1,1,
2.023E+11,155 656 131,A01,1,33,6,0,3,13,1,
2.023E+11,155 656 130,A01,3,2,0,0,0,1,1,
2.023E+11,155 656 129,A01,1,7,2,0,3,1,1,
2.023E+11,155 656 126,A01,1,2,0,2,1,17,1,
2.023E+11,155 656 127,B01,2,7,6,2,1,1,1,
2.023E+11,155 656 128,C01,1,7,0,2,3,1,1,
2.023E+11,155 656 124,A01,1,7,0,2,2,17,1,
2.023E+11,155 656 125,B01,1,1,0,2,3,1,5,
2.023E+11,155 656 123,A01,2,1,0,0,7,1,5,
2.023E+11,155 656 122,A01,2,33,13,0,0,0,1,
2.023E+11,155 656 120,A01,2,7,0,2,3,15,1,
2.023E+11,155 656 121,B01,2,50,0,2,1,1,3,
2.023E+11,155 656 118,A01,2,1,0,2,0,16,5,
2.023E+11,155 656 119,B01,1,13,0,2,8,1,1,
2.023E+11,155 656 114,B01,2,7,0,2,3,1,1,
2.023E+11,155 656 115,D01,2,7,0,2,1,1,1,
2.023E+11,155 656 116,A01,1,7,0,2,1,5,1,
2.023E+11,155 656 117,C01,2,7,0,2,3,1,2,
2.023E+11,155 656 112,A01,0,31,0,2,1,1,1,
2.023E+11,155 656 113,B01,0,7,0,2,1,1,1,
2.023E+11,155 656 111,A01,3,31,0,0,0,1,1,
2.023E+11,155 656 109,B01,2,7,0,2,3,1,1,
2.023E+11,155 656 110,A01,1,31,0,2,3,17,1,
2.023E+11,155 656 107,A01,2,7,0,2,1,1,1,
2.023E+11,155 656 108,B01,1,7,0,2,7,19,1,
2.023E+11,155 656 106,A01,2,31,7,0,8,1,1,
2.023E+11,155 656 104,A01,2,32,0,2,1,1,1,
2.023E+11,155 656 105,B01,2,7,0,2,4,2,1,
2.023E+11,155 656 103,A01,1,7,6,0,1,0,1,
2.023E+11,155 656 101,A01,2,7,4,2,3,21,1,
2.023E+11,155 656 102,B01,2,7,4,0,0,0,1,
2.023E+11,155 656 099,B01,1,17,0,0,4,2,1,
2.023E+11,155 656 100,A01,1,10,0,2,1,2,1,
2.023E+11,155 656 097,B01,2,33,0,2,1,1,1,
2.023E+11,155 656 098,A01,1,10,0,2,2,10,1,
2.023E+11,155 656 095,A01,1,7,0,2,3,11,3,
2.023E+11,155 656 096,B01,1,33,0,2,2,3,1,
2.023E+11,155 656 094,A01,1,7,0,0,0,0,1,
2.023E+11,155 656 093,A01,2,33,0,0,0,1,1,
2.023E+11,155 656 090,A01,1,7,0,2,3,1,1,
2.023E+11,155 656 091,B01,2,7,0,2,3,15,1,
2.023E+11,155 656 092,C01,2,7,0,2,3,23,1,
2.023E+11,155 656 089,A01,3,7,0,1,2,17,1,
2.023E+11,155 656 087,A01,2,7,0,2,1,5,1,
2.023E+11,155 656 088,B01,1,7,0,2,1,1,1,
2.023E+11,155 656 085,B01,0,2,0,2,1,1,0,
2.023E+11,155 656 086,A01,0,7,0,2,3,1,0,
2.023E+11,155 656 083,B01,1,7,0,0,2,1,0,
2.023E+11,155 656 084,A01,1,7,0,0,1,1,0,
2.023E+11,155 656 082,A01,2,7,6,0,1,1,1,
2.023E+11,155 656 080,B01,3,1,0,2,2,1,5,
2.023E+11,155 656 081,A01,3,3,0,2,3,1,1,
2.023E+11,155 656 078,B01,1,33,0,2,8,1,1,
2.023E+11,155 656 079,A01,2,7,0,2,2,10,1,
2.023E+11,155 656 077,A01,3,14,8,0,3,1,1,
2.023E+11,155 656 075,B01,3,7,0,2,3,15,1,
2.023E+11,155 656 076,A01,3,33,0,2,1,17,1,
2.023E+11,155 656 074,A01,1,10,0,1,1,1,1,
2.023E+11,155 656 071,A01,3,7,0,2,1,1,1,
2.023E+11,155 656 072,B01,3,7,0,0,8,23,1,
2.023E+11,155 656 073,C01,3,7,0,2,4,15,1,
2.023E+11,155 656 063,E01,3,1,0,2,8,1,5,
2.023E+11,155 656 064,A01,3,7,0,0,3,1,1,
2.023E+11,155 656 065,B01,3,1,0,2,8,1,5,
2.023E+11,155 656 066,C01,3,1,0,2,8,1,5,
2.023E+11,155 656 067,D01,3,1,0,2,8,1,5,
2.023E+11,155 656 068,F01,3,1,0,2,8,1,5,
2.023E+11,155 656 069,G01,3,1,0,2,8,1,5,
2.023E+11,155 656 070,H01,3,1,0,2,8,1,5,
2.023E+11,155 656 061,B01,2,7,0,2,1,1,1,
2.023E+11,155 656 062,A01,1,7,0,2,1,13,1,
2.023E+11,155 656 060,A01,1,7,8,0,9,17,0,
2.023E+11,155 656 058,A01,1,7,0,2,1,2,1,
2.023E+11,155 656 059,B01,1,7,3,0,4,2,1,
2.023E+11,155 656 057,A01,2,10,0,1,2,1,1,
2.023E+11,155 656 055,B01,1,7,0,0,3,1,0,
2.023E+11,155 656 056,A01,2,7,0,2,3,13,0,
2.023E+11,155 656 053,A01,2,34,0,2,8,18,1,
2.023E+11,155 656 054,B01,2,7,0,2,7,23,1,
2.023E+11,155 656 052,A01,1,7,0,1,1,19,1,
2.023E+11,155 656 051,A01,3,7,0,1,0,0,2,
2.023E+11,155 656 050,A01,3,0,0,1,1,1,1,
2.023E+11,155 656 049,A01,1,7,16,0,7,1,6,
2.023E+11,155 656 048,A01,3,33,12,0,2,26,1,
2.023E+11,155 656 047,A01,1,10,9,0,1,2,1,
2.023E+11,155 656 045,A01,2,50,1,2,6,2,3,
2.023E+11,155 656 046,B01,2,7,0,2,6,23,0,
2.023E+11,155 656 043,A01,2,7,0,2,1,2,1,
2.023E+11,155 656 044,B01,2,7,0,0,4,2,1,
2.023E+11,155 656 041,A01,1,7,0,2,3,13,1,
2.023E+11,155 656 042,B01,2,7,0,2,3,1,1,
2.023E+11,155 656 040,A01,2,7,4,0,1,1,1,
2.023E+11,155 656 038,B01,3,31,11,2,7,17,1,
2.023E+11,155 656 039,A01,1,7,0,2,8,13,1,
2.023E+11,155 656 036,B01,2,7,0,2,1,0,1,
2.023E+11,155 656 037,A01,2,7,0,2,7,19,1,
2.023E+11,155 656 034,A01,1,7,0,2,1,19,1,
2.023E+11,155 656 035,B01,1,7,0,2,6,1,1,
2.023E+11,155 656 033,A01,1,7,1,0,2,0,1,
2.023E+11,155 656 031,A01,1,7,0,2,3,15,0,
2.023E+11,155 656 032,B01,1,32,0,2,7,17,0,
2.023E+11,155 656 030,A01,2,2,0,0,8,1,1,
2.023E+11,155 656 028,B01,1,7,0,2,3,9,1,
2.023E+11,155 656 029,A01,1,7,0,2,1,9,1,
2.023E+11,155 656 026,A01,1,7,0,2,2,15,1,
2.023E+11,155 656 027,B01,2,33,0,2,8,1,1,
2.023E+11,155 656 024,B01,3,7,0,2,8,1,1,
2.023E+11,155 656 025,A01,3,7,0,2,1,6,1,
2.023E+11,155 656 022,A01,3,7,0,2,1,9,1,
2.023E+11,155 656 023,B01,0,30,0,2,4,26,1,
2.023E+11,155 656 020,A01,2,10,0,2,2,15,3,
2.023E+11,155 656 021,B01,2,34,0,2,1,1,1,
2.023E+11,155 656 017,A01,3,7,0,2,1,14,1,
2.023E+11,155 656 018,C01,3,7,0,2,5,14,1,
2.023E+11,155 656 019,B01,3,10,0,9,4,14,1,
2.023E+11,155 656 016,A01,2,7,0,1,1,16,1,
2.023E+11,155 656 015,A01,3,34,12,0,0,1,1,
2.023E+11,155 656 013,A01,1,7,0,2,1,15,1,
2.023E+11,155 656 014,B01,2,30,0,2,4,1,1,
2.023E+11,155 656 011,B01,2,33,0,2,4,16,1,
2.023E+11,155 656 012,A01,2,32,0,2,1,1,1,
2.023E+11,155 656 009,B01,3,1,0,2,3,1,5,
2.023E+11,155 656 010,A01,3,7,0,2,2,12,1,
2.023E+11,155 656 007,A01,1,7,0,2,6,11,1,
2.023E+11,155 656 008,B01,1,33,0,2,0,0,1,
2.023E+11,155 656 005,B01,1,7,0,2,3,1,1,
2.023E+11,155 656 006,A01,1,30,0,2,2,17,1,
2.023E+11,155 656 004,A01,1,7,0,0,1,1,1,
2.023E+11,155 656 003,A01,2,80,1,0,1,14,3,
2.023E+11,155 656 001,A01,3,7,0,2,1,2,1,
2.023E+11,155 656 002,B01,3,7,0,2,4,2,1,
2.023E+11,155 656 000,A01,1,7,14,0,8,13,1,
2.023E+11,155 655 998,B01,2,1,0,2,8,1,5,
2.023E+11,155 655 999,A01,1,7,0,2,2,15,0,
2.023E+11,155 655 997,A01,1,7,6,0,1,1,1,
2.023E+11,155 655 996,A01,3,7,0,1,1,2,1,
2.023E+11,155 655 991,A01,2,7,0,2,1,5,1,
2.023E+11,155 655 992,B01,1,2,0,2,1,15,1,
2.023E+11,155 655 989,B01,1,7,0,2,1,1,1,
2.023E+11,155 655 990,A01,2,7,0,2,1,15,1,
2.023E+11,155 655 987,B01,2,80,0,2,1,1,3,
2.023E+11,155 655 988,A01,1,7,0,2,7,1,1,
2.023E+11,155 655 985,A01,1,32,0,2,1,1,1,
2.023E+11,155 655 986,B01,2,7,0,2,0,0,1,
2.023E+11,155 655 983,B01,1,31,0,2,1,1,1,
2.023E+11,155 655 984,A01,2,7,0,2,2,15,1,
2.023E+11,155 655 981,B01,2,7,0,2,4,1,1,
2.023E+11,155 655 982,A01,2,7,0,2,1,1,1,
2.023E+11,155 655 979,A01,2,33,13,2,1,1,1,
2.023E+11,155 655 980,B01,1,7,0,2,3,1,1,
2.023E+11,155 655 977,B01,1,33,0,2,1,1,1,
2.023E+11,155 655 978,A01,1,7,0,2,2,1,1,
2.023E+11,155 655 976,A01,2,7,0,1,1,1,1,
2.023E+11,155 655 974,A01,1,7,0,2,2,1,1,
2.023E+11,155 655 975,B01,1,31,0,2,1,1,1,
2.023E+11,155 655 972,A01,0,2,0,2,1,1,0,
2.023E+11,155 655 973,B01,0,7,0,0,0,0,1,
2.023E+11,155 655 971,A01,0,7,0,1,4,4,1,
2.023E+11,155 655 968,Z01,2,10,0,2,4,9,0,
2.023E+11,155 655 969,A01,2,33,0,2,1,1,1,
2.023E+11,155 655 966,A01,2,31,0,2,6,11,1,
2.023E+11,155 655 967,B01,2,7,0,2,2,1,1,
2.023E+11,155 655 963,A01,2,10,0,2,3,1,1,
2.023E+11,155 655 964,C01,2,1,0,2,8,1,5,
2.023E+11,155 655 965,B01,1,7,0,2,2,15,1,
2.023E+11,155 655 962,A01,2,37,0,1,2,16,2,1
2.023E+11,155 655 961,A01,1,1,0,0,0,2,5,
2.023E+11,155 655 959,A01,1,7,0,0,7,16,1,
2.023E+11,155 655 960,Y01,1,1,0,2,1,1,5,
2.023E+11,155 655 957,B01,1,1,0,2,8,1,5,
2.023E+11,155 655 958,A01,1,80,0,2,7,17,3,
2.023E+11,155 655 955,A01,1,50,0,2,1,17,3,
2.023E+11,155 655 956,B01,2,34,0,2,3,11,1,
2.023E+11,155 655 954,A01,2,7,0,1,4,4,1,
2.023E+11,155 655 953,A01,3,7,4,0,1,14,1,
2.023E+11,155 655 951,A01,1,1,0,2,8,11,5,