Num_Acc,id_vehicule,num_veh,senc,catv,obs,obsm,choc,manv,motor,occutc
2.023E+11,155 655 485,B01,1,1,0,2,1,1,5,
2.023E+11,155 655 487,A01,1,7,0,2,2,9,3,
2.023E+11,155 655 482,B01,2,7,0,9,3,9,1,
2.023E+11,155 655 486,A01,1,1,0,2,7,0,5,
2.023E+11,155 655 481,A01,1,7,13,2,3,13,0,
2.023E+11,155 655 483,B01,2,7,16,2,3,1,0,
2.023E+11,155 655 478,A01,2,7,0,2,3,13,1,
2.023E+11,155 655 479,B01,2,7,0,2,7,1,1,
2.023E+11,155 655 475,A01,2,7,0,0,3,16,1,
2.023E+11,155 655 480,B01,1,7,0,0,3,1,0,
2.023E+11,155 655 474,A01,1,7,0,2,2,15,1,
2.023E+11,155 655 477,B01,1,7,0,2,3,1,1,
2.023E+11,155 655 473,A01,1,7,0,2,7,17,1,
2.023E+11,155 655 476,B01,1,33,0,2,0,1,1,
2.023E+11,155 655 469,A01,3,2,0,0,0,1,1,
2.023E+11,155 655 468,A01,1,33,13,0,2,0,1,
2.023E+11,155 655 471,B01,1,7,0,0,3,15,1,
2.023E+11,155 655 470,A01,1,10,0,2,1,15,1,
2.023E+11,155 655 472,B01,2,2,0,2,3,1,1,
2.023E+11,155 655 467,A01,1,31,0,0,0,1,1,
2.023E+11,155 655 466,A01,3,7,4,0,8,17,1,
2.023E+11,155 655 465,A01,1,7,0,1,2,1,1,
2.023E+11,155 655 463,A01,3,1,8,2,4,2,5,
2.023E+11,155 655 464,B01,3,1,0,2,1,2,5,
2.023E+11,155 655 460,A01,2,7,0,2,3,10,1,
2.023E+11,155 655 462,B01,2,2,0,2,1,1,1,
2.023E+11,155 655 459,B01,0,50,0,2,1,1,3,
2.023E+11,155 655 461,A01,1,7,0,0,0,1,0,
2.023E+11,155 655 456,B01,1,10,0,2,1,1,1,
2.023E+11,155 655 458,A01,2,7,0,2,7,1,1,
2.023E+11,155 655 455,A01,2,10,0,2,4,23,1,
2.023E+11,155 655 457,Z01,2,10,0,2,0,1,1,
2.023E+11,155 655 452,A01,2,7,0,2,3,9,1,
2.023E+11,155 655 453,B01,2,33,0,2,1,1,1,
2.023E+11,155 655 451,A01,2,33,0,2,1,17,1,
2.023E+11,155 655 454,B01,1,7,0,2,2,9,2,
2.023E+11,155 655 448,A01,1,7,0,2,4,1,1,
2.023E+11,155 655 450,B01,0,7,0,0,0,0,1,
2.023E+11,155 655 449,A01,1,34,0,0,0,21,1,
2.023E+11,155 655 446,A01,1,33,0,0,8,1,1,
2.023E+11,155 655 445,B01,3,31,0,2,3,0,1,
2.023E+11,155 655 447,A01,3,10,0,2,7,17,1,
2.023E+11,155 655 443,A01,3,31,4,0,0,1,1,
2.023E+11,155 655 442,A01,3,43,0,2,2,3,1,
2.023E+11,155 655 444,B01,3,7,0,2,5,13,1,
2.023E+11,155 655 438,B01,2,15,0,2,6,1,1,
2.023E+11,155 655 441,A01,2,7,0,2,5,14,1,
2.023E+11,155 655 437,A01,2,7,0,2,1,5,1,
2.023E+11,155 655 439,B01,1,7,0,2,1,1,1,
2.023E+11,155 655 436,A01,1,1,0,0,0,1,5,
2.023E+11,155 655 435,A01,1,33,2,0,1,17,1,
2.023E+11,155 655 434,A01,0,7,13,0,3,17,1,
2.023E+11,155 655 432,Y01,2,1,0,0,0,19,5,
2.023E+11,155 655 431,A01,1,7,0,0,0,0,0,
2.023E+11,155 655 430,A01,1,7,0,2,5,12,1,
2.023E+11,155 655 433,B01,1,33,0,2,3,3,1,
2.023E+11,155 655 428,A01,1,7,0,2,1,21,1,
2.023E+11,155 655 429,B01,1,7,0,2,2,19,1,
2.023E+11,155 655 427,A01,2,1,13,0,0,1,5,
2.023E+11,155 655 424,A01,1,50,0,2,1,13,3,
2.023E+11,155 655 426,B01,2,1,0,2,1,1,5,
2.023E+11,155 655 423,A01,1,7,0,2,2,18,1,
2.023E+11,155 655 425,B01,1,7,0,2,6,1,1,
2.023E+11,155 655 420,B01,2,10,0,2,2,11,1,
2.023E+11,155 655 422,A01,1,7,0,2,1,16,1,
2.023E+11,155 655 419,A01,1,1,0,2,1,13,5,
2.023E+11,155 655 421,B01,2,7,0,9,3,1,2,
2.023E+11,155 655 414,A01,2,33,0,0,1,1,1,
2.023E+11,155 655 417,A01,1,10,0,2,2,15,1,
2.023E+11,155 655 418,B01,3,33,0,2,6,1,1,
2.023E+11,155 655 412,A01,1,7,0,2,1,9,1,
2.023E+11,155 655 415,B01,1,7,0,2,4,9,1,
2.023E+11,155 655 406,B01,1,33,0,2,7,17,1,
2.023E+11,155 655 408,C01,2,17,0,0,4,23,1,
2.023E+11,155 655 411,D01,2,7,0,2,9,23,1,
2.023E+11,155 655 413,E01,2,99,0,2,1,2,1,
2.023E+11,155 655 416,A01,1,21,0,2,8,15,1,
2.023E+11,155 655 407,A01,1,50,0,2,2,1,3,
2.023E+11,155 655 409,B01,3,7,0,2,1,1,2,
2.023E+11,155 655 403,A01,1,7,0,2,1,17,1,
2.023E+11,155 655 405,B01,2,32,0,2,1,1,1,
2.023E+11,155 655 402,A01,2,7,0,2,1,1,1,
2.023E+11,155 655 404,B01,2,7,0,2,4,1,1,
2.023E+11,155 655 397,A01,1,7,0,2,1,9,3,
2.023E+11,155 655 399,B01,1,7,1,0,8,1,1,
2.023E+11,155 655 401,C01,1,7,0,0,3,23,1,
2.023E+11,155 655 400,A01,1,10,0,1,3,16,1,
2.023E+11,155 655 395,Z01,1,7,3,2,1,2,1,
2.023E+11,155 655 396,A01,1,7,3,2,4,1,1,
2.023E+11,155 655 391,B01,2,7,0,2,1,26,1,
2.023E+11,155 655 392,A01,1,7,0,2,1,0,1,
2.023E+11,155 655 389,A01,2,7,0,1,2,1,1,
2.023E+11,155 655 386,C01,1,7,0,2,0,0,1,
2.023E+11,155 655 388,A01,1,7,0,2,1,2,1,
2.023E+11,155 655 390,B01,1,7,0,2,4,1,1,
2.023E+11,155 655 384,A01,3,33,13,2,7,17,1,
2.023E+11,155 655 385,B01,3,7,0,2,8,1,1,
2.023E+11,155 655 379,B01,1,7,0,0,4,2,1,
2.023E+11,155 655 382,A01,1,7,0,2,1,2,1,
2.023E+11,155 655 380,A01,2,1,0,2,1,15,5,
2.023E+11,155 655 383,Z01,1,1,0,2,1,1,5,
2.023E+11,155 655 378,A01,2,7,0,2,1,2,1,
2.023E+11,155 655 381,B01,2,7,0,2,4,2,1,
2.023E+11,155 655 376,A01,1,35,0,2,2,15,1,
2.023E+11,155 655 377,B01,2,7,0,2,1,1,1,
2.023E+11,155 655 374,A01,2,33,0,0,8,21,1,
2.023E+11,155 655 373,A01,1,1,0,1,1,1,5,
2.023E+11,155 655 371,A01,1,7,0,2,2,2,1,
2.023E+11,155 655 375,B01,1,7,0,2,6,2,1,
2.023E+11,155 655 370,A01,1,7,0,2,4,23,1,
2.023E+11,155 655 372,B01,1,1,0,2,1,2,5,
2.023E+11,155 655 366,A01,2,33,0,0,0,1,1,
2.023E+11,155 655 368,A01,1,33,0,0,0,21,1,
2.023E+11,155 655 364,A01,2,7,0,2,6,11,1,
2.023E+11,155 655 367,B01,2,33,0,2,2,3,1,
2.023E+11,155 655 369,C01,2,7,0,2,8,1,1,
2.023E+11,155 655 365,A01,2,7,0,1,1,9,1,
2.023E+11,155 655 363,A01,2,7,4,0,1,1,1,
2.023E+11,155 655 362,A01,1,33,7,0,1,6,1,
2.023E+11,155 655 360,A01,2,10,13,0,1,15,1,
2.023E+11,155 655 357,A01,1,7,2,0,8,1,1,
2.023E+11,155 655 359,A01,1,7,0,2,2,1,1,
2.023E+11,155 655 361,B01,1,2,0,0,8,13,1,
2.023E+11,155 655 358,A01,2,34,0,0,8,26,1,
2.023E+11,155 655 355,A01,2,33,13,0,1,13,1,
2.023E+11,155 655 353,A01,2,7,4,0,8,13,1,
2.023E+11,155 655 352,A01,3,2,0,2,1,1,1,
2.023E+11,155 655 356,B01,3,7,0,2,3,16,1,
2.023E+11,155 655 351,A01,1,34,1,2,2,26,1,
2.023E+11,155 655 354,B01,2,7,1,2,2,1,1,
2.023E+11,155 655 347,A01,2,15,0,2,1,2,1,
2.023E+11,155 655 349,B01,2,14,0,0,4,2,1,
2.023E+11,155 655 345,A01,2,16,0,0,8,15,1,
2.023E+11,155 655 348,B01,2,2,0,2,1,17,1,
2.023E+11,155 655 344,B01,0,7,0,2,1,1,1,
2.023E+11,155 655 350,A01,1,7,0,2,6,19,1,
2.023E+11,155 655 343,A01,1,32,0,2,1,7,1,
2.023E+11,155 655 346,B01,3,7,0,2,5,16,1,
2.023E+11,155 655 335,A01,1,7,0,2,4,2,1,
2.023E+11,155 655 340,B01,1,3,0,2,9,2,1,
2.023E+11,155 655 342,C01,1,7,0,2,1,2,1,
2.023E+11,155 655 338,A01,1,33,14,0,1,6,1,
2.023E+11,155 655 333,B01,2,7,0,2,4,1,1,
2.023E+11,155 655 336,C01,2,7,0,2,5,23,1,
2.023E+11,155 655 341,A01,2,7,0,2,1,12,1,
2.023E+11,155 655 331,D01,2,1,0,2,4,1,5,
2.023E+11,155 655 332,E01,2,1,0,2,4,1,5,
2.023E+11,155 655 334,A01,2,7,1,9,1,1,1,
2.023E+11,155 655 337,B01,2,1,0,2,4,1,5,
2.023E+11,155 655 339,C01,2,1,0,2,4,1,5,
2.023E+11,155 655 330,A01,3,7,2,0,2,0,1,
2.023E+11,155 655 328,A01,3,7,0,1,4,20,0,
2.023E+11,155 655 327,A01,1,7,0,2,2,2,1,
2.023E+11,155 655 329,B01,1,14,0,2,6,1,1,
2.023E+11,155 655 325,A01,2,80,0,0,0,0,3,
2.023E+11,155 655 324,A01,2,7,0,2,3,13,1,
2.023E+11,155 655 326,B01,1,34,0,2,1,1,1,
2.023E+11,155 655 323,A01,1,32,0,0,0,26,1,
2.023E+11,155 655 321,B01,2,33,0,2,1,1,1,
2.023E+11,155 655 322,A01,2,7,0,2,5,12,1,
2.023E+11,155 655 320,A01,2,7,0,1,1,1,1,
2.023E+11,155 655 317,A01,2,33,0,2,1,17,1,
2.023E+11,155 655 318,B01,2,7,0,2,8,19,1,
2.023E+11,155 655 316,A01,2,7,2,2,1,2,1,
2.023E+11,155 655 319,B01,2,7,0,2,4,2,1,
2.023E+11,155 655 314,A01,1,7,13,0,2,1,1,
2.023E+11,155 655 311,B01,1,7,1,2,2,11,1,
2.023E+11,155 655 313,C01,1,13,1,0,1,2,1,
2.023E+11,155 655 315,A01,1,7,3,2,1,23,1,
2.023E+11,155 655 308,A01,2,7,0,2,5,15,1,
2.023E+11,155 655 310,B01,1,33,0,2,1,1,1,
2.023E+11,155 655 307,B01,0,7,0,2,6,9,0,
2.023E+11,155 655 312,A01,0,7,0,2,1,9,0,
2.023E+11,155 655 306,B01,1,7,0,2,5,15,1,
2.023E+11,155 655 309,A01,2,33,0,2,1,1,1,
2.023E+11,155 655 304,B01,2,30,0,2,1,17,1,
2.023E+11,155 655 305,A01,2,7,0,2,8,10,1,
2.023E+11,155 655 303,A01,2,7,4,0,0,0,1,
2.023E+11,155 655 300,B01,1,7,0,2,1,1,1,
2.023E+11,155 655 302,A01,2,7,0,2,3,9,1,
2.023E+11,155 655 299,B01,0,33,0,2,1,17,1,
2.023E+11,155 655 301,A01,0,7,0,2,8,10,1,
2.023E+11,155 655 296,B01,3,7,0,2,8,2,1,
2.023E+11,155 655 298,A01,3,10,6,0,0,2,1,
2.023E+11,155 655 293,A01,1,7,0,2,4,1,1,
2.023E+11,155 655 295,B01,1,7,0,2,1,1,1,
2.023E+11,155 655 297,C01,1,10,0,2,1,1,1,
2.023E+11,155 655 291,A01,1,10,6,0,8,1,1,
2.023E+11,155 655 290,A01,3,7,0,2,8,15,1,
2.023E+11,155 655 294,B01,3,33,0,2,2,17,1,
2.023E+11,155 655 289,A01,0,7,0,2,3,1,1,
2.023E+11,155 655 292,B01,1,60,0,2,1,19,5,
2.023E+11,155 655 288,A01,1,7,4,0,3,1,1,
2.023E+11,155 655 284,A01,1,1,0,2,1,1,5,
2.023E+11,155 655 287,B01,2,1,0,0,4,5,5,
2.023E+11,155 655 282,A01,1,15,3,2,1,13,1,
2.023E+11,155 655 286,B01,2,7,3,0,1,1,1,
2.023E+11,155 655 281,A01,2,33,0,2,1,1,1,
2.023E+11,155 655 285,B01,2,33,0,2,5,0,1,
2.023E+11,155 655 276,A01,2,7,0,0,8,15,1,
2.023E+11,155 655 278,B01,1,33,0,2,1,3,1,
2.023E+11,155 655 280,B01,1,7,0,2,3,2,1,
2.023E+11,155 655 283,A01,1,30,0,2,1,15,1,
2.023E+11,155 655 275,A01,1,32,0,2,1,2,1,
2.023E+11,155 655 277,B01,1,10,0,2,5,2,1,
2.023E+11,155 655 274,A01,0,1,0,2,1,15,5,
2.023E+11,155 655 279,B01,0,32,0,2,1,17,1,
2.023E+11,155 655 270,B01,0,1,0,2,1,1,5,
2.023E+11,155 655 273,A01,0,32,0,2,0,1,1,
2.023E+11,155 655 268,A01,2,7,0,2,1,2,1,
2.023E+11,155 655 272,B01,2,10,0,2,4,2,1,
2.023E+11,155 655 269,B01,1,33,0,2,1,21,1,
2.023E+11,155 655 271,A01,1,7,0,0,6,11,0,
2.023E+11,155 655 266,B01,1,31,0,2,8,19,1,
2.023E+11,155 655 267,A01,2,7,0,2,1,1,1,
2.023E+11,155 655 264,A01,2,33,3,0,0,0,1,
2.023E+11,155 655 263,A01,0,33,0,1,1,26,0,
2.023E+11,155 655 262,B01,3,1,0,2,3,15,5,
2.023E+11,155 655 265,A01,3,7,0,2,2,1,1,
2.023E+11,155 655 260,A01,2,17,0,0,0,0,1,
2.023E+11,155 655 259,B01,3,7,0,2,1,15,1,
2.023E+11,155 655 261,A01,2,10,0,2,1,1,1,
2.023E+11,155 655 257,A01,2,31,0,1,1,17,1,
2.023E+11,155 655 255,A01,2,7,4,0,1,13,1,
2.023E+11,155 655 254,A01,1,10,0,1,1,1,1,
2.023E+11,155 655 253,A01,2,7,0,0,4,0,1,
2.023E+11,155 655 256,B01,2,10,0,0,4,0,1,
2.023E+11,155 655 258,C01,2,14,0,2,1,0,1,
2.023E+11,155 655 252,A01,3,7,0,2,1,21,3,
2.023E+11,155 655 250,A01,1,7,0,2,1,1,1,
2.023E+11,155 655 251,B01,1,7,0,2,4,1,1,
2.023E+11,155 655 246,B01,3,1,0,2,8,9,5,
2.023E+11,155 655 247,B01,2,34,0,2,2,15,1,
2.023E+11,155 655 249,A01,1,7,0,2,3,1,3,
2.023E+11,155 655 243,A01,3,7,0,2,7,19,1,
2.023E+11,155 655 248,B01,3,34,0,0,3,1,1,
2.023E+11,155 655 244,A01,2,10,0,2,1,1,1,
2.023E+11,155 655 245,B01,2,7,0,2,4,1,1,
2.023E+11,155 655 238,A01,1,33,0,0,8,3,1,
2.023E+11,155 655 237,A01,1,10,0,0,0,0,-1,
2.023E+11,155 655 241,B01,1,1,0,0,0,26,5,
2.023E+11,155 655 240,B01,2,7,0,0,2,2,1,
2.023E+11,155 655 242,A01,0,1,0,2,0,0,5,
2.023E+11,155 655 236,B01,1,7,0,2,8,2,1,
2.023E+11,155 655 239,A01,1,15,0,2,2,17,1,
2.023E+11,155 655 232,A01,1,10,0,2,1,1,1,
2.023E+11,155 655 235,B01,1,31,0,2,4,1,1,
2.023E+11,155 655 229,B01,1,2,0,2,1,1,1,
2.023E+11,155 655 234,A01,2,7,0,2,2,19,1,
2.023E+11,155 655 230,A01,1,7,0,2,7,15,1,
2.023E+11,155 655 233,B01,2,32,0,2,1,1,1,
2.023E+11,155 655 226,A01,0,30,0,0,0,7,1,
2.023E+11,155 655 227,A01,1,31,0,0,0,26,1,
2.023E+11,155 655 224,A01,1,7,0,2,1,0,1,
2.023E+11,155 655 231,B01,2,31,0,2,8,25,1,
2.023E+11,155 655 225,A01,1,33,0,0,7,3,1,
2.023E+11,155 655 228,Z01,1,7,0,2,8,1,1,
2.023E+11,155 655 222,A01,1,7,2,0,1,1,1,
2.023E+11,155 655 223,A01,3,32,0,2,0,1,1,
2.023E+11,155 655 219,A01,0,7,0,2,2,2,1,
2.023E+11,155 655 221,B01,0,32,0,2,6,2,1,
2.023E+11,155 655 218,A01,2,33,4,2,1,3,1,
2.023E+11,155 655 220,B01,2,7,4,2,8,1,1,
2.023E+11,155 655 216,A01,1,7,0,2,4,0,0,
2.023E+11,155 655 217,B01,2,31,0,2,4,23,0,
2.023E+11,155 655 215,A01,2,33,0,0,9,1,1,
2.023E+11,155 655 212,A01,1,2,0,2,1,9,1,
2.023E+11,155 655 213,B01,2,2,0,0,0,21,1,
2.023E+11,155 655 211,B01,1,32,0,2,7,3,1,
2.023E+11,155 655 214,A01,2,7,0,2,7,12,1,
2.023E+11,155 655 210,A01,2,7,4,0,3,0,1,
2.023E+11,155 655 207,A01,2,7,0,2,1,19,1,
2.023E+11,155 655 208,B01,0,7,0,2,3,2,1,
2.023E+11,155 655 200,A01,1,7,0,2,2,15,1,
2.023E+11,155 655 204,B01,2,32,0,2,1,1,1,
2.023E+11,155 655 201,A01,3,7,8,0,7,16,1,
2.023E+11,155 655 199,A01,2,7,0,2,3,11,1,
2.023E+11,155 655 203,C01,2,7,0,2,7,1,1,
2.023E+11,155 655 206,B01,2,33,0,2,7,3,1,
2.023E+11,155 655 198,D01,2,7,0,9,7,1,1,
2.023E+11,155 655 202,C01,2,7,0,9,8,1,1,
2.023E+11,155 655 205,A01,2,7,0,2,1,2,1,
2.023E+11,155 655 209,B01,2,15,0,0,0,2,1,
2.023E+11,155 655 196,A01,1,7,0,1,1,1,1,
2.023E+11,155 655 194,A01,1,7,0,2,3,23,1,
2.023E+11,155 655 197,B01,1,7,16,2,6,2,1,
2.023E+11,155 655 192,A01,1,33,0,2,1,1,1,
2.023E+11,155 655 195,B01,1,7,0,2,3,13,1,
2.023E+11,155 655 190,A01,1,7,3,0,1,1,1,
2.023E+11,155 655 193,A01,1,7,0,2,7,1,1,
2.023E+11,155 655 188,B01,2,7,0,2,8,15,0,
2.023E+11,155 655 191,A01,2,31,0,2,5,3,1,
2.023E+11,155 655 185,A01,2,7,0,2,2,0,1,
2.023E+11,155 655 189,B01,1,7,0,2,1,1,1,
2.023E+11,155 655 183,A01,1,33,6,0,2,2,1,
2.023E+11,155 655 184,A01,1,7,3,0,1,1,1,
2.023E+11,155 655 186,A01,3,10,0,2,6,4,1,
2.023E+11,155 655 187,B01,3,1,0,2,1,1,5,
2.023E+11,155 655 180,A01,2,7,2,0,1,1,1,
2.023E+11,155 655 182,A01,3,3,0,1,1,11,1,
2.023E+11,155 655 179,A01,2,7,0,2,1,26,1,
2.023E+11,155 655 181,B01,2,7,0,2,4,26,1,
2.023E+11,155 655 178,A01,3,30,0,1,1,1,3,
2.023E+11,155 655 174,B01,3,33,0,2,1,1,1,
2.023E+11,155 655 177,A01,3,10,0,2,7,15,1,
2.023E+11,155 655 172,A01,2,7,0,0,3,1,1,
2.023E+11,155 655 176,B01,1,7,0,0,2,1,1,
2.023E+11,155 655 173,A01,1,7,0,2,7,12,1,
2.023E+11,155 655 175,B01,1,31,0,2,8,3,1,
2.023E+11,155 655 170,A01,1,10,0,2,1,2,1,
2.023E+11,155 655 171,B01,1,7,0,2,4,2,3,
2.023E+11,155 655 169,A01,1,7,0,1,1,15,1,
2.023E+11,155 655 165,A01,1,7,13,0,1,21,1,
2.023E+11,155 655 164,A01,1,30,0,1,1,1,0,
2.023E+11,155 655 161,B01,1,7,0,2,0,1,1,
2.023E+11,155 655 167,A01,1,10,0,2,2,10,1,
2.023E+11,155 655 160,A01,1,7,0,2,1,2,1,
2.023E+11,155 655 163,B01,1,7,0,2,4,2,1,
2.023E+11,155 655 166,C01,1,7,0,2,4,2,1,
2.023E+11,155 655 168,D01,1,15,0,2,8,1,1,
2.023E+11,155 655 159,A01,2,7,0,2,3,15,1,
2.023E+11,155 655 162,B01,1,50,0,2,1,1,3,
2.023E+11,155 655 158,A01,1,50,0,0,8,1,3,
2.023E+11,155 655 157,A01,3,7,0,0,0,0,1,
2.023E+11,155 655 156,A01,1,33,0,0,7,1,1,
2.023E+11,155 655 155,A01,1,7,6,0,1,14,1,
2.023E+11,155 655 154,A01,1,1,14,0,0,1,5,
2.023E+11,155 655 148,A01,2,7,0,1,3,15,1,
2.023E+11,155 655 150,B01,2,7,0,2,4,2,1,
2.023E+11,155 655 153,A01,2,7,0,2,1,2,1,
2.023E+11,155 655 149,A01,1,31,0,0,7,14,1,
2.023E+11,155 655 146,A01,1,7,0,2,3,2,3,
2.023E+11,155 655 152,B01,1,37,0,2,5,1,1,3
2.023E+11,155 655 147,A01,2,33,0,2,1,1,1,
2.023E+11,155 655 151,B01,2,7,0,0,3,15,1,
2.023E+11,155 655 142,A01,3,80,0,2,1,1,3,
2.023E+11,155 655 145,B01,3,7,0,2,4,1,1,
2.023E+11,155 655 140,B01,3,7,6,0,6,1,1,
2.023E+11,155 655 144,A01,3,30,1,0,1,1,1,
2.023E+11,155 655 139,A01,1,7,0,2,1,1,1,
2.023E+11,155 655 143,B01,1,7,0,2,1,9,1,
2.023E+11,155 655 138,A01,2,33,0,2,2,1,1,
2.023E+11,155 655 141,B01,1,10,0,0,5,15,1,
2.023E+11,155 655 137,A01,1,37,8,0,3,16,1,1
2.023E+11,155 655 135,A01,1,7,6,0,1,14,1,
2.023E+11,155 655 132,A01,2,7,0,2,1,13,1,
2.023E+11,155 655 136,B01,1,7,0,2,1,1,2,
2.023E+11,155 655 131,A01,1,33,0,2,1,17,1,
2.023E+11,155 655 133,B01,1,21,0,2,3,15,1,
2.023E+11,155 655 130,A01,1,33,0,1,0,3,1,
2.023E+11,155 655 134,A01,3,7,0,1,3,15,3,
2.023E+11,155 655 126,A01,2,7,0,2,3,9,1,
2.023E+11,155 655 128,B01,2,7,0,2,2,1,2,
2.023E+11,155 655 127,A01,1,7,0,2,3,23,1,
2.023E+11,155 655 129,B01,3,7,0,2,2,0,1,
2.023E+11,155 655 123,A01,1,2,0,2,7,15,1,
2.023E+11,155 655 125,B01,2,7,0,2,1,1,1,
2.023E+11,155 655 120,A01,1,2,0,1,0,1,1,
2.023E+11,155 655 121,B01,1,10,0,2,1,2,1,
2.023E+11,155 655 124,A01,1,10,0,2,3,1,1,
2.023E+11,155 655 119,A01,2,7,13,0,7,14,0,
2.023E+11,155 655 117,B01,2,1,0,2,7,1,5,
2.023E+11,155 655 122,A01,2,7,0,2,2,1,1,
2.023E+11,155 655 116,A01,3,7,0,2,1,1,1,
2.023E+11,155 655 118,B01,3,33,0,2,4,3,1,
2.023E+11,155 655 115,A01,1,38,0,1,3,17,1,1
2.023E+11,155 655 113,A01,1,37,0,1,1,1,1,1
2.023E+11,155 655 112,B01,1,2,0,2,3,15,1,
2.023E+11,155 655 114,A01,1,7,0,2,2,17,1,
2.023E+11,155 655 110,A01,1,10,0,1,1,1,1,
2.023E+11,155 655 109,A01,1,7,0,1,0,15,1,
2.023E+11,155 655 108,A01,3,7,0,2,2,15,0,
2.023E+11,155 655 111,B01,3,10,0,2,1,0,0,
2.023E+11,155 655 107,A01,2,7,2,0,2,1,1,
2.023E+11,155 655 106,A01,1,7,0,1,4,4,1,
2.023E+11,155 655 103,A01,2,33,8,0,1,19,1,
2.023E+11,155 655 104,A01,2,7,0,1,2,1,1,
2.023E+11,155 655 101,A01,0,7,0,1,1,15,1,
2.023E+11,155 655 100,B01,3,7,0,2,4,2,1,
2.023E+11,155 655 102,A01,0,30,0,2,1,2,1,
2.023E+11,155 655 099,A01,2,7,0,2,1,15,1,
2.023E+11,155 655 105,B01,1,33,0,2,2,1,1,
2.023E+11,155 655 096,A01,1,34,0,1,0,1,1,
2.023E+11,155 655 094,A01,1,7,0,2,8,26,2,
2.023E+11,155 655 097,B01,1,7,0,2,2,1,1,
2.023E+11,155 655 092,A01,1,1,0,2,7,25,5,
2.023E+11,155 655 093,A01,0,7,0,1,1,1,1,
2.023E+11,155 655 091,A01,3,2,0,2,1,1,1,
2.023E+11,155 655 095,B01,3,7,0,2,7,1,1,
2.023E+11,155 655 086,Z01,1,10,0,0,0,0,0,
2.023E+11,155 655 089,B01,1,7,0,2,1,2,1,
2.023E+11,155 655 090,C01,1,7,0,2,4,2,1,
2.023E+11,155 655 085,A01,1,7,0,2,1,1,1,
2.023E+11,155 655 088,B01,1,7,0,2,1,13,1,
2.023E+11,155 655 083,A01,1,7,0,2,0,0,1,
2.023E+11,155 655 087,B01,1,7,0,2,1,1,1,
2.023E+11,155 655 082,A01,3,1,0,0,9,1,5,
2.023E+11,155 655 080,B01,3,7,0,2,3,9,1,
2.023E+11,155 655 084,A01,2,7,0,2,2,7,1,
2.023E+11,155 655 079,B01,1,1,0,2,0,1,5,
2.023E+11,155 655 081,A01,1,7,0,2,2,12,1,
2.023E+11,155 655 078,A01,3,7,0,1,3,12,1,
2.023E+11,155 655 077,A01,3,7,15,0,1,2,1,
2.023E+11,155 655 073,A01,2,7,0,1,1,1,1,
2.023E+11,155 655 071,A01,1,30,0,2,1,1,1,
2.023E+11,155 655 074,B01,1,7,0,2,7,15,1,
2.023E+11,155 655 069,B01,2,7,1,2,4,1,1,
2.023E+11,155 655 075,A01,2,7,0,2,1,1,1,
2.023E+11,155 655 068,A01,1,30,1,1,1,21,3,
2.023E+11,155 655 070,A01,1,7,0,2,2,16,1,
2.023E+11,155 655 076,B01,1,7,0,2,3,1,1,
2.023E+11,155 655 067,A01,3,7,8,2,1,1,1,
2.023E+11,155 655 072,B01,3,7,0,2,0,0,0,
2.023E+11,155 655 066,A01,2,33,0,1,1,1,1,
2.023E+11,155 655 063,A01,1,7,2,0,1,19,1,
2.023E+11,155 655 062,A01,2,1,0,0,0,10,5,
2.023E+11,155 655 061,A01,1,7,0,2,2,9,1,
2.023E+11,155 655 064,B01,1,33,0,2,3,1,1,
2.023E+11,155 655 056,B01,1,3,0,2,4,13,1,
2.023E+11,155 655 060,A01,1,7,0,2,0,16,1,
2.023E+11,155 655 065,C01,1,7,0,2,1,1,1,
2.023E+11,155 655 055,A01,1,10,0,2,1,2,1,
2.023E+11,155 655 057,B01,1,7,0,2,4,0,1,
2.023E+11,155 655 059,A01,2,7,0,0,2,1,1,
2.023E+11,155 655 053,A01,2,7,0,2,3,13,1,
2.023E+11,155 655 054,B01,1,37,0,2,3,1,1,1
2.023E+11,155 655 046,B01,2,7,0,2,6,1,1,
2.023E+11,155 655 050,A01,1,43,0,2,3,21,1,
2.023E+11,155 655 048,A01,3,7,0,2,1,2,1,
2.023E+11,155 655 051,B01,3,1,0,2,8,2,5,
2.023E+11,155 655 045,A01,1,31,0,2,1,2,1,
2.023E+11,155 655 049,B01,1,7,0,2,4,2,1,
2.023E+11,155 655 043,B01,1,7,0,2,4,1,1,
2.023E+11,155 655 044,A01,1,7,0,2,1,1,1,
2.023E+11,155 655 040,A01,1,10,0,2,1,15,1,
2.023E+11,155 655 047,B01,2,7,0,2,3,1,1,
2.023E+11,155 655 038,A01,1,33,0,2,1,2,1,
2.023E+11,155 655 041,B01,1,7,0,2,4,2,3,
2.023E+11,155 655 036,A01,1,10,0,2,2,15,1,
2.023E+11,155 655 042,B01,2,33,0,2,8,2,1,
2.023E+11,155 655 037,A01,1,15,0,2,7,17,1,
2.023E+11,155 655 039,B01,1,1,0,2,8,1,5,
2.023E+11,155 655 034,A01,3,7,0,2,0,0,1,
2.023E+11,155 655 035,B01,3,1,0,2,0,19,5,
2.023E+11,155 655 031,A01,2,30,0,0,0,16,3,
2.023E+11,155 655 024,A01,0,7,0,2,2,26,0,
2.023E+11,155 655 027,B01,3,7,0,2,3,11,0,
2.023E+11,155 655 025,A01,2,43,0,2,3,17,1,