Num_Acc,id_vehicule,num_veh,senc,catv,obs,obsm,choc,manv,motor,occutc
2.023E+11,155 654 091,A01,2,7,0,2,3,13,1,
2.023E+11,155 654 092,B01,1,7,0,2,1,26,1,
2.023E+11,155 654 090,A01,3,7,0,1,7,1,1,
2.023E+11,155 654 085,B01,3,1,0,2,7,19,5,
2.023E+11,155 654 086,A01,1,10,0,2,2,1,1,
2.023E+11,155 654 084,A01,2,7,0,2,3,9,1,
2.023E+11,155 654 088,B01,1,7,0,2,2,1,1,
2.023E+11,155 654 087,A01,2,7,0,2,1,2,1,
2.023E+11,155 654 089,B01,2,7,0,0,4,1,1,
2.023E+11,155 654 082,A01,3,0,12,0,0,26,0,
2.023E+11,155 654 083,A01,3,7,6,0,1,16,1,
2.023E+11,155 654 078,B01,3,7,0,0,0,0,1,
2.023E+11,155 654 079,A01,2,31,0,2,1,21,1,
2.023E+11,155 654 080,A01,1,7,0,2,3,5,0,
2.023E+11,155 654 081,B01,2,7,0,2,8,1,0,
2.023E+11,155 654 077,A01,3,7,0,1,3,1,0,
2.023E+11,155 654 075,A01,1,7,0,1,1,15,0,
2.023E+11,155 654 074,A01,1,7,0,1,1,16,1,
2.023E+11,155 654 072,A01,1,7,1,0,2,14,1,
2.023E+11,155 654 071,A01,0,7,0,1,1,1,1,
2.023E+11,155 654 073,B01,0,7,0,2,3,1,1,
2.023E+11,155 654 076,A01,0,33,0,2,1,0,1,
2.023E+11,155 654 070,A01,1,34,0,0,7,1,1,
2.023E+11,155 654 064,A01,1,7,0,0,4,23,0,
2.023E+11,155 654 065,B01,1,7,0,2,1,2,0,
2.023E+11,155 654 066,A01,1,7,8,0,7,2,1,
2.023E+11,155 654 063,B01,3,50,0,2,1,19,3,
2.023E+11,155 654 067,A01,3,37,0,2,7,16,1,2
2.023E+11,155 654 062,A01,3,7,1,0,7,19,0,
2.023E+11,155 654 061,A01,1,7,0,1,3,1,1,
2.023E+11,155 654 060,A01,1,7,0,1,3,1,1,
2.023E+11,155 654 059,A01,3,60,8,0,0,14,5,
2.023E+11,155 654 057,A01,1,7,0,1,1,1,1,
2.023E+11,155 654 053,A01,0,7,0,2,1,2,1,
2.023E+11,155 654 055,B01,0,7,0,2,3,15,1,
2.023E+11,155 654 052,B01,2,7,0,2,4,23,1,
2.023E+11,155 654 054,A01,2,10,0,2,1,2,1,
2.023E+11,155 654 051,A01,2,15,0,9,7,15,1,
2.023E+11,155 654 047,A01,3,7,0,2,1,2,1,
2.023E+11,155 654 049,B01,3,7,0,2,7,2,1,
2.023E+11,155 654 046,A01,1,33,0,2,8,1,1,
2.023E+11,155 654 050,Z01,2,7,0,2,3,15,1,
2.023E+11,155 654 045,A01,1,7,0,2,3,9,1,
2.023E+11,155 654 048,B01,1,2,0,2,7,1,1,
2.023E+11,155 654 041,Z01,1,0,0,2,0,0,0,
2.023E+11,155 654 043,A01,1,10,0,2,5,1,1,
2.023E+11,155 654 042,A01,3,7,0,2,2,16,1,
2.023E+11,155 654 044,B01,3,1,0,2,6,1,5,
2.023E+11,155 654 040,A01,0,7,0,1,1,0,0,
2.023E+11,155 654 038,A01,2,7,0,1,2,13,1,
2.023E+11,155 654 037,A01,1,80,0,2,2,14,3,
2.023E+11,155 654 039,B01,1,7,0,2,3,1,2,
2.023E+11,155 654 034,B01,1,7,0,2,3,16,1,
2.023E+11,155 654 036,A01,2,37,0,2,2,1,1,1
2.023E+11,155 654 033,A01,1,7,9,2,7,17,1,
2.023E+11,155 654 035,B01,1,7,9,2,6,15,1,
2.023E+11,155 654 032,A01,1,7,0,2,3,15,1,
2.023E+11,155 654 029,A01,2,7,0,1,2,1,3,
2.023E+11,155 654 028,A01,1,7,0,2,3,15,2,
2.023E+11,155 654 031,B01,1,34,0,2,2,17,1,
2.023E+11,155 654 026,A01,3,7,12,0,9,1,1,
2.023E+11,155 654 030,A01,3,10,0,0,7,26,1,
2.023E+11,155 654 025,A01,3,7,0,2,1,2,1,
2.023E+11,155 654 027,B01,3,7,0,2,4,2,1,
2.023E+11,155 654 024,A01,2,7,0,1,2,1,1,
2.023E+11,155 654 023,A01,1,0,0,1,1,1,0,
2.023E+11,155 654 022,A01,2,31,8,0,1,13,1,
2.023E+11,155 654 019,A01,3,7,0,2,2,1,1,
2.023E+11,155 654 021,B01,2,7,0,2,8,1,1,
2.023E+11,155 654 018,B01,2,7,0,2,3,15,1,
2.023E+11,155 654 020,A01,2,30,7,2,7,17,1,
2.023E+11,155 654 015,A01,3,7,0,2,3,9,1,
2.023E+11,155 654 017,B01,3,7,8,2,5,9,1,
2.023E+11,155 654 014,B01,0,7,0,2,1,1,1,
2.023E+11,155 654 016,A01,1,30,0,2,1,13,1,
2.023E+11,155 654 011,A01,1,7,11,0,1,19,1,
2.023E+11,155 654 010,B01,1,7,0,2,0,20,0,
2.023E+11,155 654 012,A01,1,7,0,2,1,1,1,
2.023E+11,155 654 007,B01,2,7,0,2,8,1,1,
2.023E+11,155 654 009,A01,2,10,0,2,2,1,1,
2.023E+11,155 654 006,A01,2,32,0,2,1,3,1,
2.023E+11,155 654 008,B01,2,7,0,2,3,12,1,
2.023E+11,155 654 005,A01,1,33,0,0,0,3,1,
2.023E+11,155 654 004,A01,1,7,3,0,1,6,1,
2.023E+11,155 654 001,A01,0,7,0,1,4,4,1,
2.023E+11,155 654 000,B01,2,43,0,2,7,3,1,
2.023E+11,155 654 002,Z01,2,7,0,2,8,11,0,
2.023E+11,155 653 999,A01,2,33,0,2,1,1,0,
2.023E+11,155 654 003,B01,1,7,0,2,6,4,1,
2.023E+11,155 653 997,A01,2,1,0,2,1,1,5,
2.023E+11,155 653 998,B01,2,7,0,2,8,15,0,
2.023E+11,155 653 996,A01,1,7,4,0,1,1,1,
2.023E+11,155 653 993,A01,1,1,0,2,1,2,5,
2.023E+11,155 653 994,B01,1,1,0,2,4,2,5,
2.023E+11,155 653 991,Z01,2,7,0,2,3,15,1,
2.023E+11,155 653 992,B01,1,7,0,2,3,1,1,
2.023E+11,155 653 989,A01,1,7,0,1,1,23,1,
2.023E+11,155 653 995,B01,1,7,14,0,1,2,3,
2.023E+11,155 653 987,Y01,3,1,0,2,1,19,5,
2.023E+11,155 653 990,A01,2,7,0,2,2,1,1,
2.023E+11,155 653 986,A01,1,2,0,2,1,1,1,
2.023E+11,155 653 988,B01,2,7,0,2,3,15,1,
2.023E+11,155 653 985,A01,2,7,0,1,0,9,1,
2.023E+11,155 653 982,B01,1,80,0,2,8,1,3,
2.023E+11,155 653 984,A01,1,37,0,2,5,1,6,1
2.023E+11,155 653 981,B01,2,7,0,2,1,1,1,
2.023E+11,155 653 983,A01,1,7,0,2,2,15,1,
2.023E+11,155 653 980,A01,1,7,8,0,1,1,1,
2.023E+11,155 653 979,A01,1,7,0,0,3,13,1,
2.023E+11,155 653 977,B01,1,7,0,2,3,15,1,
2.023E+11,155 653 978,A01,1,30,0,2,1,17,1,
2.023E+11,155 653 976,A01,1,7,0,1,0,15,1,
2.023E+11,155 653 973,B01,3,2,0,2,1,1,1,
2.023E+11,155 653 975,A01,3,7,0,2,3,1,1,
2.023E+11,155 653 974,A01,2,7,0,1,2,1,1,
2.023E+11,155 653 972,A01,2,7,0,1,7,1,3,
2.023E+11,155 653 969,A01,1,10,0,2,3,9,1,
2.023E+11,155 653 971,B01,2,2,0,2,1,3,1,
2.023E+11,155 653 968,B01,1,7,0,2,2,1,1,
2.023E+11,155 653 970,A01,1,32,0,2,8,10,1,
2.023E+11,155 653 964,B01,3,7,0,2,1,1,1,
2.023E+11,155 653 967,A01,3,7,0,2,1,15,1,
2.023E+11,155 653 962,B01,1,1,0,2,1,1,5,
2.023E+11,155 653 965,A01,1,7,0,2,7,22,1,
2.023E+11,155 653 963,A01,3,7,0,2,8,9,1,
2.023E+11,155 653 966,B01,3,2,0,2,1,9,1,
2.023E+11,155 653 961,A01,2,7,0,1,7,1,1,
2.023E+11,155 653 959,A01,1,7,1,0,2,14,2,
2.023E+11,155 653 958,B01,1,33,0,2,1,1,1,
2.023E+11,155 653 960,A01,1,10,0,2,2,15,1,
2.023E+11,155 653 957,A01,1,3,13,0,1,2,1,
2.023E+11,155 653 955,A01,1,7,0,1,1,1,1,
2.023E+11,155 653 956,A01,2,7,0,1,2,1,1,
2.023E+11,155 653 950,A01,2,7,0,2,4,26,1,
2.023E+11,155 653 953,B01,1,30,0,2,1,1,1,
2.023E+11,155 653 951,B01,1,3,0,0,4,0,3,
2.023E+11,155 653 954,A01,1,7,0,0,1,2,1,
2.023E+11,155 653 949,B01,2,1,1,0,8,1,5,
2.023E+11,155 653 952,A01,2,7,0,0,5,24,1,
2.023E+11,155 653 948,A01,1,7,0,1,2,1,1,
2.023E+11,155 653 945,B01,2,50,0,2,1,1,3,
2.023E+11,155 653 946,A01,2,1,0,2,8,9,5,
2.023E+11,155 653 944,A01,2,7,0,2,1,1,1,
2.023E+11,155 653 947,B01,0,7,0,2,8,1,1,
2.023E+11,155 653 943,A01,0,7,17,0,2,14,1,
2.023E+11,155 653 942,A01,2,1,12,0,8,1,5,
2.023E+11,155 653 938,B01,1,7,0,0,1,1,1,
2.023E+11,155 653 941,A01,2,7,0,0,2,15,1,
2.023E+11,155 653 937,B01,3,1,0,2,7,19,5,
2.023E+11,155 653 940,A01,2,7,0,2,1,15,2,
2.023E+11,155 653 936,A01,1,1,0,2,0,1,5,
2.023E+11,155 653 939,B01,1,7,0,2,3,22,2,
2.023E+11,155 653 935,A01,1,10,0,1,4,4,1,
2.023E+11,155 653 933,A01,1,32,0,1,1,1,1,
2.023E+11,155 653 932,A01,1,7,0,2,5,11,1,
2.023E+11,155 653 934,B01,1,34,0,2,2,1,1,
2.023E+11,155 653 929,A01,1,30,0,1,1,3,1,
2.023E+11,155 653 928,B01,2,7,0,2,1,1,1,
2.023E+11,155 653 930,A01,2,7,0,2,4,23,1,
2.023E+11,155 653 927,A01,1,7,0,2,1,1,1,
2.023E+11,155 653 931,B01,3,1,1,2,8,0,5,
2.023E+11,155 653 926,A01,3,7,0,1,2,1,1,
2.023E+11,155 653 925,A01,1,34,0,1,1,1,0,
2.023E+11,155 653 923,A01,3,7,0,2,3,16,1,
2.023E+11,155 653 924,B01,3,1,0,2,1,15,5,
2.023E+11,155 653 920,A01,2,33,0,2,7,17,1,
2.023E+11,155 653 921,B01,2,14,0,2,8,15,6,
2.023E+11,155 653 919,B01,2,7,0,2,3,1,1,
2.023E+11,155 653 922,A01,2,7,0,2,1,9,1,
2.023E+11,155 653 918,A01,2,7,2,0,1,15,2,
2.023E+11,155 653 915,A01,3,7,0,2,1,1,1,
2.023E+11,155 653 916,B01,3,7,0,2,4,1,1,
2.023E+11,155 653 917,C01,3,7,0,2,4,1,1,
2.023E+11,155 653 914,A01,2,30,9,0,1,26,0,
2.023E+11,155 653 912,A01,3,1,0,2,1,1,5,
2.023E+11,155 653 913,B01,3,7,0,2,4,23,1,
2.023E+11,155 653 911,A01,1,7,3,0,2,1,1,
2.023E+11,155 653 910,A01,2,1,0,0,1,1,5,
2.023E+11,155 653 908,A01,2,7,0,2,9,1,1,
2.023E+11,155 653 909,B01,1,7,0,2,1,15,1,
2.023E+11,155 653 907,A01,1,1,9,0,3,2,5,
2.023E+11,155 653 906,A01,1,32,0,0,2,1,1,
2.023E+11,155 653 905,Z01,2,7,0,1,1,1,0,
2.023E+11,155 653 903,A01,2,7,0,2,8,15,0,
2.023E+11,155 653 904,B01,2,33,0,2,7,17,1,
2.023E+11,155 653 901,B01,0,7,0,2,1,13,1,
2.023E+11,155 653 902,A01,0,7,0,2,1,1,1,
2.023E+11,155 653 899,A01,1,33,0,2,0,26,1,
2.023E+11,155 653 900,B01,1,33,0,2,0,0,1,
2.023E+11,155 653 896,A01,2,7,0,2,3,15,1,
2.023E+11,155 653 898,B01,1,33,1,2,1,2,1,
2.023E+11,155 653 895,A01,1,32,0,2,1,2,1,
2.023E+11,155 653 897,B01,1,7,0,2,2,15,1,
2.023E+11,155 653 894,A01,3,7,1,0,2,5,1,
2.023E+11,155 653 892,A01,3,10,0,2,2,26,1,
2.023E+11,155 653 893,B01,0,0,0,2,0,19,0,
2.023E+11,155 653 891,A01,0,7,4,0,8,1,1,
2.023E+11,155 653 888,B01,3,33,0,9,1,1,0,
2.023E+11,155 653 890,A01,0,7,0,2,2,16,0,
2.023E+11,155 653 887,A01,2,7,0,2,3,15,1,
2.023E+11,155 653 889,B01,1,2,0,2,1,1,1,
2.023E+11,155 653 884,A01,3,36,16,0,0,1,1,
2.023E+11,155 653 885,A01,1,7,0,2,5,15,1,
2.023E+11,155 653 886,B01,2,80,0,2,1,1,3,
2.023E+11,155 653 883,A01,2,7,13,0,2,1,1,
2.023E+11,155 653 881,B01,1,33,0,0,0,0,0,
2.023E+11,155 653 882,A01,1,7,0,2,0,0,0,
2.023E+11,155 653 880,A01,1,7,13,0,9,1,1,
2.023E+11,155 653 879,A01,0,7,0,1,1,0,1,
2.023E+11,155 653 875,C01,2,7,0,2,1,1,1,
2.023E+11,155 653 877,A01,2,7,0,2,1,2,1,
2.023E+11,155 653 878,B01,2,7,3,2,4,0,1,
2.023E+11,155 653 874,B01,0,7,0,2,0,0,0,
2.023E+11,155 653 876,A01,2,7,6,0,5,19,1,
2.023E+11,155 653 872,A01,1,7,0,2,3,1,0,
2.023E+11,155 653 873,B01,2,7,0,2,3,1,0,
2.023E+11,155 653 870,A01,3,2,0,1,1,0,1,
2.023E+11,155 653 869,A01,2,7,0,2,7,1,0,
2.023E+11,155 653 871,B01,1,7,0,2,1,1,0,
2.023E+11,155 653 867,A01,1,7,0,2,3,1,0,
2.023E+11,155 653 868,B01,1,7,0,2,3,1,0,
2.023E+11,155 653 866,A01,1,7,0,1,1,1,1,
2.023E+11,155 653 865,A01,1,7,13,0,2,1,1,
2.023E+11,155 653 864,A01,0,33,0,0,0,0,0,
2.023E+11,155 653 863,A01,1,2,16,0,0,1,1,
2.023E+11,155 653 862,A01,3,7,0,2,2,14,1,
2.023E+11,155 653 861,A01,2,50,0,1,1,1,3,
2.023E+11,155 653 858,A01,2,7,0,2,1,1,1,
2.023E+11,155 653 860,B01,1,7,0,2,5,15,1,
2.023E+11,155 653 856,A01,1,7,0,2,3,1,1,
2.023E+11,155 653 857,B01,2,7,0,2,3,1,1,
2.023E+11,155 653 859,C01,1,7,0,9,3,1,1,
2.023E+11,155 653 855,A01,1,33,0,0,8,10,1,
2.023E+11,155 653 851,A01,1,7,8,0,8,26,1,
2.023E+11,155 653 849,A01,3,31,0,0,0,0,1,
2.023E+11,155 653 848,A01,1,7,0,2,8,15,1,
2.023E+11,155 653 850,B01,1,7,0,2,1,17,1,
2.023E+11,155 653 846,A01,1,7,0,2,1,15,1,
2.023E+11,155 653 847,B01,2,2,0,2,1,1,1,
2.023E+11,155 653 844,A01,2,7,0,2,1,1,1,
2.023E+11,155 653 845,B01,2,7,0,2,7,1,1,
2.023E+11,155 653 843,A01,1,33,13,0,0,1,0,
2.023E+11,155 653 842,A01,1,7,0,1,2,1,1,
2.023E+11,155 653 841,A01,3,2,0,0,0,26,1,
2.023E+11,155 653 840,A01,3,7,0,0,9,1,1,
2.023E+11,155 653 838,B01,1,7,0,2,2,1,1,
2.023E+11,155 653 839,A01,2,7,0,2,3,15,1,
2.023E+11,155 653 836,A01,1,7,0,2,1,13,0,
2.023E+11,155 653 837,B01,2,7,0,2,1,26,3,
2.023E+11,155 653 835,A01,1,31,0,1,1,3,1,
2.023E+11,155 653 834,A01,2,7,2,0,3,1,1,
2.023E+11,155 653 832,A01,1,7,0,0,3,0,0,
2.023E+11,155 653 833,B01,2,7,0,0,1,0,2,
2.023E+11,155 653 831,A01,2,7,13,0,0,0,1,
2.023E+11,155 653 828,B01,1,7,0,0,3,13,0,
2.023E+11,155 653 830,A01,1,33,0,0,7,2,0,
2.023E+11,155 653 827,B01,1,10,0,2,1,13,1,
2.023E+11,155 653 829,A01,2,7,0,2,1,1,1,
2.023E+11,155 653 824,A01,2,7,0,2,6,11,1,
2.023E+11,155 653 826,B01,2,33,0,2,2,17,1,
2.023E+11,155 653 823,B01,3,7,0,2,1,16,1,
2.023E+11,155 653 825,A01,3,7,0,2,2,1,1,
2.023E+11,155 653 820,B01,2,2,0,2,3,1,1,
2.023E+11,155 653 821,A01,1,7,0,2,2,15,1,
2.023E+11,155 653 819,A01,1,7,0,2,3,15,1,
2.023E+11,155 653 822,B01,1,7,0,2,2,1,1,
2.023E+11,155 653 817,A01,1,7,0,1,1,1,1,
2.023E+11,155 653 816,A01,1,7,0,2,1,2,1,
2.023E+11,155 653 818,B01,1,1,0,2,4,1,5,
2.023E+11,155 653 814,B01,1,7,0,2,1,1,1,
2.023E+11,155 653 815,A01,2,7,0,2,1,13,1,
2.023E+11,155 653 813,A01,3,7,8,0,1,1,1,
2.023E+11,155 653 812,A01,0,7,2,0,3,0,1,
2.023E+11,155 653 809,A01,2,33,0,2,1,1,1,
2.023E+11,155 653 811,B01,2,7,0,2,8,9,1,
2.023E+11,155 653 806,A01,1,33,0,0,1,1,1,
2.023E+11,155 653 805,A01,2,7,3,2,1,13,1,
2.023E+11,155 653 807,B01,1,7,0,2,1,1,1,
2.023E+11,155 653 804,A01,1,7,0,1,2,1,1,
2.023E+11,155 653 802,A01,1,7,8,0,7,1,1,
2.023E+11,155 653 803,B01,1,10,8,2,2,19,1,
2.023E+11,155 653 800,A01,3,7,0,1,1,26,1,
2.023E+11,155 653 798,A01,1,7,0,0,0,0,1,
2.023E+11,155 653 797,A01,1,7,2,0,1,1,1,
2.023E+11,155 653 796,A01,1,2,0,0,2,1,1,
2.023E+11,155 653 795,A01,1,7,0,1,2,1,1,
2.023E+11,155 653 794,A01,1,7,17,0,1,1,1,
2.023E+11,155 653 792,A01,1,7,0,2,8,13,1,
2.023E+11,155 653 793,B01,2,10,0,2,8,1,1,
2.023E+11,155 653 791,A01,2,7,2,0,1,12,1,
2.023E+11,155 653 790,A01,3,30,0,0,0,1,1,
2.023E+11,155 653 788,A01,3,10,13,0,7,13,1,
2.023E+11,155 653 787,A01,2,10,13,2,1,13,1,
2.023E+11,155 653 789,B01,1,7,0,2,1,1,1,
2.023E+11,155 653 783,A01,2,31,0,0,0,0,1,
2.023E+11,155 653 784,B01,1,33,0,2,6,26,1,
2.023E+11,155 653 785,C01,2,38,0,2,2,23,1,1
2.023E+11,155 653 786,A01,1,33,4,2,3,26,1,
2.023E+11,155 653 782,A01,2,33,8,0,0,0,1,
2.023E+11,155 653 780,A01,3,2,0,2,1,5,1,
2.023E+11,155 653 781,B01,3,7,0,2,3,16,1,
2.023E+11,155 653 779,A01,1,7,0,1,2,1,1,
2.023E+11,155 653 777,B01,2,7,8,0,4,1,1,
2.023E+11,155 653 778,A01,2,10,0,2,1,1,1,
2.023E+11,155 653 776,A01,1,7,13,0,1,1,1,
2.023E+11,155 653 775,A01,3,32,0,0,1,1,1,
2.023E+11,155 653 773,A01,2,7,0,2,3,13,1,
2.023E+11,155 653 774,B01,1,7,0,2,3,1,1,
2.023E+11,155 653 771,A01,1,7,0,2,1,15,1,
2.023E+11,155 653 772,B01,2,33,0,2,1,1,1,
2.023E+11,155 653 770,A01,3,37,15,0,3,9,1,4
2.023E+11,155 653 769,A01,3,7,0,1,4,4,0,
2.023E+11,155 653 767,A01,2,33,0,2,1,17,1,
2.023E+11,155 653 768,B01,2,21,0,2,3,15,1,
2.023E+11,155 653 766,A01,2,7,0,1,2,1,1,
2.023E+11,155 653 765,A01,1,1,13,0,1,1,5,
2.023E+11,155 653 763,A01,2,34,0,2,1,1,1,
2.023E+11,155 653 764,B01,2,7,0,0,4,15,1,
2.023E+11,155 653 762,A01,1,1,0,0,0,1,5,
2.023E+11,155 653 760,A01,0,7,6,9,1,15,1,
2.023E+11,155 653 761,B01,0,1,0,0,8,1,5,
2.023E+11,155 653 759,A01,3,7,13,0,9,1,1,
2.023E+11,155 653 757,A01,2,2,0,2,4,2,1,
2.023E+11,155 653 758,B01,2,7,0,2,1,2,1,
2.023E+11,155 653 755,A01,2,7,0,2,3,10,1,
2.023E+11,155 653 756,B01,2,33,0,2,1,26,1,
2.023E+11,155 653 754,A01,1,10,0,1,1,1,1,
2.023E+11,155 653 753,A01,1,1,14,1,1,1,5,
2.023E+11,155 653 751,A01,2,7,0,2,7,19,1,
2.023E+11,155 653 752,B01,1,31,0,2,1,1,1,
2.023E+11,155 653 750,A01,-1,7,2,0,1,1,1,
2.023E+11,155 653 748,A01,1,33,0,2,3,1,1,
2.023E+11,155 653 749,B01,2,7,0,2,3,17,0,
2.023E+11,155 653 746,C01,3,7,0,0,3,24,1,
2.023E+11,155 653 747,A01,1,7,1,0,2,0,1,
2.023E+11,155 653 744,B01,3,10,0,2,1,1,1,
2.023E+11,155 653 745,A01,3,36,0,2,1,1,1,
2.023E+11,155 653 743,A01,1,7,0,1,1,15,1,
2.023E+11,155 653 742,A01,1,7,15,0,1,19,0,
2.023E+11,155 653 740,B01,3,7,0,2,1,1,1,
2.023E+11,155 653 741,A01,3,7,0,0,7,15,1,
2.023E+11,155 653 738,A01,2,7,0,2,6,2,1,
2.023E+11,155 653 739,B01,2,33,0,2,1,2,1,
2.023E+11,155 653 735,A01,1,7,8,0,0,1,0,
2.023E+11,155 653 736,A01,3,7,0,2,3,14,1,
2.023E+11,155 653 737,B01,3,7,4,2,2,21,1,
2.023E+11,155 653 733,A01,1,2,0,2,1,13,1,
2.023E+11,155 653 734,B01,1,7,0,2,6,1,1,
2.023E+11,155 653 728,A01,1,3,0,9,8,1,0,
2.023E+11,155 653 729,B01,2,1,0,2,8,1,5,
2.023E+11,155 653 731,C01,2,1,0,2,8,1,5,
2.023E+11,155 653 726,A01,1,13,0,2,1,19,1,
2.023E+11,155 653 727,B01,2,7,0,2,7,1,1,
2.023E+11,155 653 722,A01,1,7,17,0,1,13,1,
2.023E+11,155 653 723,B01,1,7,0,2,4,23,1,
2.023E+11,155 653 724,A01,2,7,1,0,1,14,1,
2.023E+11,155 653 721,A01,1,10,13,0,2,14,1,
2.023E+11,155 653 719,A01,1,7,0,2,6,1,3,
2.023E+11,155 653 720,B01,1,7,0,2,2,1,1,
2.023E+11,155 653 717,A01,2,7,4,0,1,0,1,
2.023E+11,155 653 718,B01,2,7,0,2,1,11,1,
2.023E+11,155 653 714,B01,0,33,0,2,1,2,1,
2.023E+11,155 653 716,A01,0,43,0,0,4,2,1,
2.023E+11,155 653 715,A01,1,7,0,2,4,26,1,
2.023E+11,155 653 711,A01,2,7,0,0,6,1,0,
2.023E+11,155 653 713,B01,2,7,0,2,2,12,0,
2.023E+11,155 653 710,A01,2,7,0,0,3,1,1,
2.023E+11,155 653 712,B01,1,7,0,9,1,1,1,
2.023E+11,155 653 708,A01,1,1,0,2,1,1,5,
2.023E+11,155 653 709,B01,2,7,0,2,7,15,1,
2.023E+11,155 653 705,B01,1,7,0,2,8,0,1,
2.023E+11,155 653 707,A01,1,17,0,2,1,0,1,
2.023E+11,155 653 704,A01,1,7,0,2,2,1,1,
2.023E+11,155 653 706,B01,2,7,0,2,1,1,1,
2.023E+11,155 653 702,A01,1,7,8,1,1,0,1,
2.023E+11,155 653 700,A01,2,7,0,2,1,1,1,
2.023E+11,155 653 701,B01,2,7,0,2,4,1,1,
2.023E+11,155 653 703,C01,2,7,0,2,4,1,1,
2.023E+11,155 653 697,A01,2,33,0,2,7,17,1,
2.023E+11,155 653 699,B01,2,33,0,2,8,15,1,
2.023E+11,155 653 698,A01,1,2,0,0,0,13,1,
2.023E+11,155 653 696,A01,2,7,0,1,1,9,1,
2.023E+11,155 653 695,A01,2,7,0,1,1,1,1,
2.023E+11,155 653 693,A01,1,7,0,1,2,1,1,
2.023E+11,155 653 692,B01,0,7,0,2,2,15,-1,
2.023E+11,155 653 694,A01,0,7,0,2,1,2,1,
2.023E+11,155 653 690,A01,-1,7,0,0,6,23,1,
2.023E+11,155 653 691,B01,-1,33,0,2,1,26,1,
2.023E+11,155 653 688,A01,1,43,0,0,0,0,1,
2.023E+11,155 653 685,A01,1,7,0,2,3,2,1,
2.023E+11,155 653 686,B01,1,80,0,0,4,1,3,
2.023E+11,155 653 687,A01,2,7,0,2,1,15,1,
2.023E+11,155 653 689,B01,1,32,0,2,1,17,1,
2.023E+11,155 653 684,A01,1,7,3,0,1,1,1,
2.023E+11,155 653 682,Z01,3,0,0,2,0,26,0,
2.023E+11,155 653 683,B01,3,2,0,2,8,0,3,
2.023E+11,155 653 680,A01,1,31,0,2,1,2,1,
2.023E+11,155 653 681,B01,1,33,0,2,4,1,1,
2.023E+11,155 653 678,A01,1,7,2,0,1,14,1,
2.023E+11,155 653 677,A01,1,7,0,2,3,1,1,
2.023E+11,155 653 679,B01,2,7,0,2,8,0,0,
2.023E+11,155 653 676,A01,1,7,0,1,2,1,1,
2.023E+11,155 653 675,A01,1,31,0,0,9,1,1,
2.023E+11,155 653 674,A01,3,10,0,1,3,2,1,
2.023E+11,155 653 672,A01,1,7,13,0,0,0,1,
2.023E+11,155 653 671,A01,1,7,0,2,1,13,1,
2.023E+11,155 653 673,B01,2,31,0,2,1,1,1,
2.023E+11,155 653 669,B01,2,7,0,2,1,1,1,
2.023E+11,155 653 670,A01,3,7,0,2,3,1,2,
2.023E+11,155 653 666,A01,2,30,0,2,1,5,1,
2.023E+11,155 653 668,B01,1,7,0,2,1,1,1,
2.023E+11,155 653 662,A01,0,7,0,2,2,1,1,
2.023E+11,155 653 664,B01,0,1,0,0,4,1,5,
2.023E+11,155 653 661,B01,1,7,0,2,2,1,1,
2.023E+11,155 653 663,A01,1,7,0,2,3,18,1,
2.023E+11,155 653 658,A01,1,7,0,2,5,12,1,
2.023E+11,155 653 660,B01,1,7,0,2,3,1,1,
2.023E+11,155 653 656,B01,1,7,0,2,8,1,1,
2.023E+11,155 653 659,A01,1,7,0,2,1,9,1,
2.023E+11,155 653 655,B01,1,37,0,2,6,1,1,1
2.023E+11,155 653 657,A01,1,7,0,2,2,14,1,
2.023E+11,155 653 654,A01,1,7,13,0,2,1,1,
2.023E+11,155 653 652,A01,2,33,0,2,1,3,1,
2.023E+11,155 653 653,B01,2,7,0,2,6,12,1,
2.023E+11,155 653 650,A01,0,32,3,0,8,0,1,
2.023E+11,155 653 649,A01,2,7,0,2,3,15,1,
2.023E+11,155 653 651,B01,1,33,0,2,1,21,1,
2.023E+11,155 653 647,A01,2,32,3,2,1,2,1,
2.023E+11,155 653 648,B01,2,10,3,2,4,1,1,
2.023E+11,155 653 646,A01,2,7,1,0,6,1,1,
2.023E+11,155 653 643,A01,2,33,0,2,1,3,1,
2.023E+11,155 653 645,B01,2,7,0,2,6,11,1,
2.023E+11,155 653 642,A01,1,7,0,2,1,1,1,
2.023E+11,155 653 644,B01,1,7,0,2,7,15,1,
2.023E+11,155 653 641,A01,3,32,0,0,7,14,1,
2.023E+11,155 653 639,A01,2,7,0,1,1,1,1,
2.023E+11,155 653 638,B01,3,1,0,2,1,2,5,
2.023E+11,155 653 640,A01,3,1,0,2,4,2,5,
2.023E+11,155 653 637,A01,2,7,0,1,3,1,1,
2.023E+11,155 653 636,A01,1,50,0,1,3,1,3,
2.023E+11,155 653 635,A01,3,7,0,1,1,15,2,
2.023E+11,155 653 634,A01,1,7,0,1,4,4,2,
2.023E+11,155 653 631,A01,1,32,15,0,8,15,1,
2.023E+11,155 653 629,A01,1,7,0,1,1,1,1,
2.023E+11,155 653 627,A01,1,7,0,2,1,2,1,
2.023E+11,155 653 628,B01,3,7,0,2,4,23,1,
2.023E+11,155 653 625,A01,2,7,0,0,1,1,0,
2.023E+11,155 653 624,A01,1,33,0,2,1,2,1,