Num_Acc,id_vehicule,num_veh,senc,catv,obs,obsm,choc,manv,motor,occutc
2.023E+11,155 653 159,B01,2,34,0,2,8,1,1,
2.023E+11,155 653 155,A01,1,7,0,2,6,9,1,
2.023E+11,155 653 156,B01,1,7,0,2,2,1,1,
2.023E+11,155 653 154,A01,1,7,0,1,2,21,1,
2.023E+11,155 653 153,A01,1,7,1,0,1,2,0,
2.023E+11,155 653 151,A01,2,7,14,0,5,23,0,
2.023E+11,155 653 152,B01,2,7,9,2,1,2,0,
2.023E+11,155 653 150,A01,2,7,0,1,2,1,1,
2.023E+11,155 653 147,B01,-1,7,0,2,2,0,1,
2.023E+11,155 653 148,C01,-1,10,0,2,3,0,1,
2.023E+11,155 653 149,A01,-1,7,11,0,1,0,1,
2.023E+11,155 653 142,B01,2,7,0,2,4,23,1,
2.023E+11,155 653 143,E01,2,7,0,2,4,1,1,
2.023E+11,155 653 144,A01,2,7,0,2,1,1,1,
2.023E+11,155 653 145,C01,2,7,0,2,4,1,1,
2.023E+11,155 653 146,D01,2,7,0,2,4,1,1,
2.023E+11,155 653 140,A01,1,10,0,2,2,1,1,
2.023E+11,155 653 141,B01,2,50,0,2,8,11,3,
2.023E+11,155 653 139,A01,1,33,13,0,0,1,1,
2.023E+11,155 653 137,B01,3,32,0,2,1,1,1,
2.023E+11,155 653 138,A01,3,7,0,2,3,9,1,
2.023E+11,155 653 135,A01,3,10,6,0,3,19,0,
2.023E+11,155 653 136,B01,2,33,6,0,2,1,1,
2.023E+11,155 653 134,A01,3,7,0,1,4,26,1,
2.023E+11,155 653 132,B01,1,7,0,2,1,1,1,
2.023E+11,155 653 133,A01,1,30,0,2,1,5,1,
2.023E+11,155 653 129,A01,0,7,0,1,1,1,1,
2.023E+11,155 653 128,A01,1,7,0,1,1,15,1,
2.023E+11,155 653 126,B01,2,7,0,9,1,1,1,
2.023E+11,155 653 127,A01,2,1,0,2,1,19,5,
2.023E+11,155 653 120,B01,1,13,0,2,4,2,1,
2.023E+11,155 653 121,A01,1,30,0,2,1,2,0,
2.023E+11,155 653 118,B01,1,7,0,2,8,1,1,
2.023E+11,155 653 119,A01,1,7,0,2,1,19,1,
2.023E+11,155 653 117,A01,2,7,0,1,1,1,1,
2.023E+11,155 653 115,B01,3,7,0,2,1,1,1,
2.023E+11,155 653 116,A01,3,30,0,2,1,13,1,
2.023E+11,155 653 114,A01,0,7,0,1,2,1,1,
2.023E+11,155 653 112,B01,1,33,0,2,3,1,1,
2.023E+11,155 653 113,A01,3,7,0,2,3,15,1,
2.023E+11,155 653 111,A01,3,33,0,0,7,16,1,
2.023E+11,155 653 109,A01,1,1,0,2,1,1,5,
2.023E+11,155 653 110,B01,2,7,0,2,3,1,1,
2.023E+11,155 653 107,B01,3,7,0,2,4,2,1,
2.023E+11,155 653 108,A01,3,30,0,2,1,2,1,
2.023E+11,155 653 106,A01,3,2,0,0,0,21,1,
2.023E+11,155 653 105,A01,3,7,8,0,1,13,1,
2.023E+11,155 653 103,A01,3,7,0,2,8,19,1,
2.023E+11,155 653 104,B01,2,33,0,2,1,1,1,
2.023E+11,155 653 101,A01,3,60,0,2,7,26,5,
2.023E+11,155 653 102,B01,3,7,0,2,1,16,0,
2.023E+11,155 653 100,A01,0,7,6,0,1,9,1,
2.023E+11,155 653 098,B01,3,7,0,2,2,23,1,
2.023E+11,155 653 099,A01,2,50,14,2,1,5,3,
2.023E+11,155 653 097,A01,2,7,0,1,2,1,1,
2.023E+11,155 653 095,B01,2,7,0,2,4,15,1,
2.023E+11,155 653 096,A01,2,50,0,2,1,21,3,
2.023E+11,155 653 093,A01,1,7,0,2,1,9,1,
2.023E+11,155 653 094,B01,1,80,0,2,1,1,3,
2.023E+11,155 653 091,B01,2,7,0,2,1,1,1,
2.023E+11,155 653 092,A01,1,7,0,2,3,15,1,
2.023E+11,155 653 090,A01,1,7,13,0,3,13,3,
2.023E+11,155 653 088,B01,1,80,0,2,7,2,3,
2.023E+11,155 653 089,A01,1,7,0,2,3,2,1,
2.023E+11,155 653 086,A01,1,33,0,2,7,17,1,
2.023E+11,155 653 087,B01,1,7,0,2,8,15,1,
2.023E+11,155 653 084,A01,3,7,0,2,1,1,1,
2.023E+11,155 653 085,B01,3,1,0,2,1,1,5,
2.023E+11,155 653 083,A01,1,30,12,0,8,11,1,
2.023E+11,155 653 080,A01,1,7,0,2,1,1,1,
2.023E+11,155 653 081,B01,1,7,0,2,4,1,1,
2.023E+11,155 653 082,C01,1,7,0,2,6,1,1,
2.023E+11,155 653 078,B01,1,7,0,2,7,16,1,
2.023E+11,155 653 079,A01,1,1,0,2,8,1,5,
2.023E+11,155 653 076,A01,3,33,0,0,1,1,1,
2.023E+11,155 653 077,B01,1,7,0,0,3,1,1,
2.023E+11,155 653 075,A01,3,7,0,1,5,0,1,
2.023E+11,155 653 074,A01,3,3,0,1,1,0,1,
2.023E+11,155 653 072,A01,1,7,0,2,1,1,1,
2.023E+11,155 653 073,B01,2,99,0,2,7,1,1,
2.023E+11,155 653 071,A01,1,7,0,1,7,26,1,
2.023E+11,155 653 070,A01,1,10,0,1,2,21,1,
2.023E+11,155 653 068,A01,1,30,0,2,1,2,1,
2.023E+11,155 653 069,B01,1,7,0,2,4,1,1,
2.023E+11,155 653 066,A01,0,7,0,2,2,1,0,
2.023E+11,155 653 067,B01,0,1,0,2,3,19,5,
2.023E+11,155 653 063,A01,1,7,0,2,8,13,1,
2.023E+11,155 653 064,B01,2,7,0,2,3,0,1,
2.023E+11,155 653 065,C01,2,7,0,2,1,1,1,
2.023E+11,155 653 062,A01,1,30,0,0,0,1,1,
2.023E+11,155 653 061,A01,3,30,12,0,2,20,1,
2.023E+11,155 653 059,A01,3,7,0,2,1,1,1,
2.023E+11,155 653 060,B01,3,7,0,2,7,1,1,
2.023E+11,155 653 057,A01,2,33,3,2,3,21,1,
2.023E+11,155 653 058,B01,2,10,0,2,8,1,1,
2.023E+11,155 653 055,B01,2,33,0,2,3,1,1,
2.023E+11,155 653 056,A01,1,7,0,2,3,15,1,
2.023E+11,155 653 054,A01,1,7,13,0,1,1,1,
2.023E+11,155 653 051,A01,2,7,0,2,3,1,1,
2.023E+11,155 653 052,B01,2,7,0,2,1,1,1,
2.023E+11,155 653 053,C01,2,7,0,2,4,1,1,
2.023E+11,155 653 049,A01,3,33,0,2,2,3,1,
2.023E+11,155 653 050,B01,3,7,0,2,8,11,1,
2.023E+11,155 653 047,A01,1,30,0,2,1,12,1,
2.023E+11,155 653 048,B01,1,7,0,2,5,1,1,
2.023E+11,155 653 046,A01,1,7,1,0,1,13,1,
2.023E+11,155 653 044,B01,2,1,0,2,7,14,5,
2.023E+11,155 653 045,A01,2,7,0,2,8,1,1,
2.023E+11,155 653 042,A01,1,7,0,2,5,12,1,
2.023E+11,155 653 043,B01,1,33,0,2,3,1,1,
2.023E+11,155 653 039,C01,2,10,0,2,3,1,1,
2.023E+11,155 653 040,B01,2,10,0,2,6,1,1,
2.023E+11,155 653 041,A01,1,10,0,2,3,13,1,
2.023E+11,155 653 037,B01,2,7,0,2,2,1,0,
2.023E+11,155 653 038,A01,2,50,0,2,0,0,3,
2.023E+11,155 653 033,B01,1,7,0,2,8,15,1,
2.023E+11,155 653 034,A01,1,10,0,2,2,17,1,
2.023E+11,155 653 031,B01,1,7,0,2,1,1,1,
2.023E+11,155 653 032,A01,2,7,0,2,1,1,1,
2.023E+11,155 653 029,A01,1,99,0,2,4,1,1,
2.023E+11,155 653 030,B01,1,7,0,2,1,1,1,
2.023E+11,155 653 027,A01,2,7,0,2,3,15,1,
2.023E+11,155 653 028,B01,1,30,0,2,1,1,1,
2.023E+11,155 653 026,A01,1,7,0,1,3,1,1,
2.023E+11,155 653 024,A01,3,7,0,2,3,15,1,
2.023E+11,155 653 025,B01,3,1,0,2,1,1,5,
2.023E+11,155 653 023,A01,1,7,15,0,1,1,1,
2.023E+11,155 653 021,B01,3,50,0,2,4,1,3,
2.023E+11,155 653 022,A01,3,7,0,2,2,15,1,
2.023E+11,155 653 020,A01,1,7,0,1,7,26,1,
2.023E+11,155 653 019,A01,3,7,0,1,1,1,0,
2.023E+11,155 653 018,A01,1,50,0,1,1,25,3,
2.023E+11,155 653 017,A01,1,30,0,0,7,14,1,
2.023E+11,155 653 015,A01,3,32,0,2,4,23,1,
2.023E+11,155 653 016,B01,3,7,0,2,1,2,1,
2.023E+11,155 653 013,B01,3,33,0,2,1,1,1,
2.023E+11,155 653 014,A01,3,7,0,2,2,9,1,
2.023E+11,155 653 012,A01,2,7,0,1,2,1,1,
2.023E+11,155 653 008,D01,2,7,0,2,4,2,1,
2.023E+11,155 653 009,A01,2,10,0,2,1,21,1,
2.023E+11,155 653 010,B01,2,7,0,2,1,2,1,
2.023E+11,155 653 011,C01,2,10,0,2,4,2,1,
2.023E+11,155 653 005,B01,1,33,0,2,3,3,1,
2.023E+11,155 653 006,C01,1,7,0,2,7,1,1,
2.023E+11,155 653 007,A01,1,31,0,2,5,12,1,
2.023E+11,155 653 002,C01,1,7,0,2,6,2,2,
2.023E+11,155 653 003,A01,1,7,0,2,1,2,1,
2.023E+11,155 653 004,B01,1,7,0,2,5,2,1,
2.023E+11,155 653 000,A01,1,7,0,2,1,2,1,
2.023E+11,155 653 001,B01,2,31,0,2,1,2,1,
2.023E+11,155 652 999,A01,1,1,0,1,1,1,5,
2.023E+11,155 652 997,A01,1,10,0,2,4,1,1,
2.023E+11,155 652 998,B01,1,7,0,2,4,23,1,
2.023E+11,155 652 996,A01,1,7,0,1,5,1,1,
2.023E+11,155 652 994,B01,1,7,0,2,3,1,1,
2.023E+11,155 652 995,A01,2,1,0,2,7,1,5,
2.023E+11,155 652 992,A01,2,7,0,2,7,22,1,
2.023E+11,155 652 993,B01,2,1,0,2,1,1,5,
2.023E+11,155 652 990,B01,2,7,0,2,0,15,3,
2.023E+11,155 652 991,A01,1,2,0,2,0,1,3,
2.023E+11,155 652 987,C01,1,7,0,2,8,1,1,
2.023E+11,155 652 988,B01,2,7,0,2,3,1,1,
2.023E+11,155 652 989,A01,2,1,0,2,3,21,5,
2.023E+11,155 652 985,B01,1,1,0,2,8,13,5,
2.023E+11,155 652 986,A01,1,7,0,2,2,23,3,
2.023E+11,155 652 983,B01,1,31,0,2,2,1,1,
2.023E+11,155 652 984,A01,1,7,0,2,3,10,1,
2.023E+11,155 652 981,A01,1,7,0,0,3,22,1,
2.023E+11,155 652 982,B01,1,1,1,0,1,1,5,
2.023E+11,155 652 980,A01,1,50,0,1,1,2,3,
2.023E+11,155 652 977,B01,3,7,0,2,1,1,1,
2.023E+11,155 652 978,C01,3,7,0,2,1,1,1,
2.023E+11,155 652 979,A01,3,7,0,2,1,1,1,
2.023E+11,155 652 975,A01,2,7,4,2,8,2,1,
2.023E+11,155 652 976,B01,2,2,4,2,7,2,1,
2.023E+11,155 652 973,B01,3,33,0,2,0,1,1,
2.023E+11,155 652 974,AA01,3,7,0,2,2,15,1,
2.023E+11,155 652 971,A01,1,7,0,2,3,2,1,
2.023E+11,155 652 972,B01,1,31,0,2,2,2,1,
2.023E+11,155 652 970,A01,1,50,9,0,0,1,3,
2.023E+11,155 652 969,A01,3,7,0,1,1,1,1,
2.023E+11,155 652 967,B01,1,7,0,2,6,15,2,
2.023E+11,155 652 968,A01,1,30,0,2,1,1,1,
2.023E+11,155 652 965,A01,0,1,0,9,1,2,5,
2.023E+11,155 652 966,B01,0,1,0,0,4,2,5,
2.023E+11,155 652 963,B01,1,7,1,0,2,17,1,
2.023E+11,155 652 964,A01,1,13,0,2,8,26,1,
2.023E+11,155 652 961,A01,3,7,0,9,6,11,0,
2.023E+11,155 652 962,B01,3,33,0,2,1,3,1,
2.023E+11,155 652 959,B01,2,32,0,2,1,0,1,
2.023E+11,155 652 960,A01,1,7,0,2,3,6,1,
2.023E+11,155 652 958,A01,3,7,0,1,1,1,1,
2.023E+11,155 652 956,A01,0,80,0,2,6,1,3,
2.023E+11,155 652 957,Z01,3,0,0,9,2,1,0,
2.023E+11,155 652 954,A01,3,30,0,2,1,11,1,
2.023E+11,155 652 955,B01,3,7,0,2,8,11,1,
2.023E+11,155 652 953,A01,2,34,0,1,2,2,1,
2.023E+11,155 652 952,A01,1,30,8,0,1,1,1,
2.023E+11,155 652 950,A01,1,33,0,1,1,21,1,
2.023E+11,155 652 951,B01,1,7,0,2,5,0,1,
2.023E+11,155 652 949,A01,2,32,0,1,1,1,1,
2.023E+11,155 652 947,A01,1,7,1,2,1,14,1,
2.023E+11,155 652 948,B01,1,7,0,2,4,23,3,
2.023E+11,155 652 946,A01,3,2,0,0,0,2,1,
2.023E+11,155 652 945,A01,2,7,16,0,3,0,1,
2.023E+11,155 652 944,A01,2,2,12,0,1,1,1,
2.023E+11,155 652 942,A01,2,33,0,2,1,2,1,
2.023E+11,155 652 943,B01,2,7,0,2,8,15,1,
2.023E+11,155 652 940,A01,1,33,0,2,7,2,1,
2.023E+11,155 652 941,B01,1,7,0,2,8,2,1,
2.023E+11,155 652 938,A01,1,33,0,2,1,17,1,
2.023E+11,155 652 939,B01,1,10,0,2,6,15,1,
2.023E+11,155 652 937,A01,0,7,0,1,1,1,1,
2.023E+11,155 652 934,A01,1,7,2,0,1,1,1,
2.023E+11,155 652 933,A01,0,33,0,0,0,0,0,
2.023E+11,155 652 932,A01,2,1,0,0,0,1,5,
2.023E+11,155 652 929,C01,1,7,0,2,3,1,1,
2.023E+11,155 652 930,A01,2,7,0,2,1,1,1,
2.023E+11,155 652 931,B01,1,10,0,2,3,1,1,
2.023E+11,155 652 928,A01,1,7,17,0,1,1,1,
2.023E+11,155 652 927,A01,2,7,2,0,8,13,1,
2.023E+11,155 652 925,A01,2,7,0,2,1,13,1,
2.023E+11,155 652 926,B01,1,7,0,2,1,1,1,
2.023E+11,155 652 923,A01,1,7,0,2,2,2,0,
2.023E+11,155 652 924,B01,2,7,0,2,3,26,0,
2.023E+11,155 652 922,A01,2,7,6,0,1,0,1,
2.023E+11,155 652 920,A01,1,33,0,0,2,2,1,
2.023E+11,155 652 921,B01,1,7,0,0,6,2,1,
2.023E+11,155 652 918,A01,1,7,3,2,2,2,1,
2.023E+11,155 652 919,B01,1,13,0,2,2,2,1,
2.023E+11,155 652 917,A01,1,7,6,0,3,1,6,
2.023E+11,155 652 916,A01,1,7,13,0,1,14,1,
2.023E+11,155 652 915,A01,1,7,3,0,1,14,1,
2.023E+11,155 652 913,A01,2,7,0,2,2,12,1,
2.023E+11,155 652 914,B01,2,7,3,0,6,1,1,
2.023E+11,155 652 909,A01,3,7,0,2,3,9,1,
2.023E+11,155 652 912,B01,3,50,0,2,0,1,3,
2.023E+11,155 652 910,A01,2,7,0,2,1,15,1,
2.023E+11,155 652 911,B01,1,7,0,2,1,1,1,
2.023E+11,155 652 906,A01,1,7,0,2,1,1,1,
2.023E+11,155 652 907,B01,1,7,0,2,4,0,1,
2.023E+11,155 652 908,C01,1,7,0,2,4,1,1,
2.023E+11,155 652 904,B01,0,7,0,2,1,1,1,
2.023E+11,155 652 905,A01,0,7,0,2,8,1,1,
2.023E+11,155 652 902,A01,1,7,0,2,1,2,1,
2.023E+11,155 652 903,B01,1,7,0,2,4,2,1,
2.023E+11,155 652 901,A01,1,7,0,1,1,1,2,
2.023E+11,155 652 900,A01,2,33,13,0,9,1,1,
2.023E+11,155 652 898,A01,3,2,0,2,1,13,1,
2.023E+11,155 652 899,B01,3,10,0,2,3,1,1,
2.023E+11,155 652 897,A01,1,7,2,0,3,0,1,
2.023E+11,155 652 895,A01,3,7,0,2,3,9,0,
2.023E+11,155 652 896,B01,0,32,0,2,1,17,0,
2.023E+11,155 652 893,A01,2,10,0,2,1,2,1,
2.023E+11,155 652 894,B01,2,17,0,2,4,1,0,
2.023E+11,155 652 891,A01,1,2,9,0,1,17,1,
2.023E+11,155 652 892,B01,2,7,0,0,8,1,0,
2.023E+11,155 652 889,A01,0,7,6,0,1,0,1,
2.023E+11,155 652 887,A01,1,7,0,2,1,5,0,
2.023E+11,155 652 888,B01,2,7,0,2,1,1,0,
2.023E+11,155 652 886,A01,3,33,0,0,0,0,1,
2.023E+11,155 652 885,A01,1,7,2,0,1,1,1,
2.023E+11,155 652 883,A01,0,50,0,2,1,17,3,
2.023E+11,155 652 884,B01,0,7,0,9,6,15,1,
2.023E+11,155 652 881,A01,2,7,0,2,2,1,1,
2.023E+11,155 652 882,B01,1,50,0,2,0,25,3,
2.023E+11,155 652 880,A01,1,7,3,0,3,17,1,
2.023E+11,155 652 878,B01,1,7,0,2,1,1,1,
2.023E+11,155 652 879,A01,1,10,0,2,3,19,1,
2.023E+11,155 652 877,A01,2,7,0,5,3,21,1,
2.023E+11,155 652 876,A01,1,7,6,0,3,0,1,
2.023E+11,155 652 875,A01,3,33,6,0,1,0,1,
2.023E+11,155 652 872,A01,0,7,1,2,9,3,1,
2.023E+11,155 652 873,B01,0,10,0,0,8,0,1,
2.023E+11,155 652 874,C01,0,10,0,0,5,0,1,
2.023E+11,155 652 870,A01,1,7,0,2,2,17,1,
2.023E+11,155 652 871,B01,1,7,0,2,3,15,1,
2.023E+11,155 652 868,B01,2,7,0,2,3,1,1,
2.023E+11,155 652 869,A01,1,7,0,2,1,13,1,
2.023E+11,155 652 867,A01,2,2,0,0,1,1,1,
2.023E+11,155 652 866,A01,2,7,0,1,3,1,1,
2.023E+11,155 652 864,A01,1,7,0,2,8,9,1,
2.023E+11,155 652 865,B01,1,33,0,2,2,1,1,
2.023E+11,155 652 863,A01,1,33,10,0,1,1,1,
2.023E+11,155 652 861,A01,2,7,0,2,3,13,1,
2.023E+11,155 652 862,B01,1,7,0,2,3,1,1,
2.023E+11,155 652 860,A01,1,7,13,0,2,1,4,
2.023E+11,155 652 855,A01,2,7,0,2,1,13,1,
2.023E+11,155 652 856,F01,1,10,0,2,3,1,1,
2.023E+11,155 652 857,E01,1,7,0,2,1,1,1,
2.023E+11,155 652 858,D01,1,7,0,2,9,1,1,
2.023E+11,155 652 859,C01,1,7,0,2,3,1,1,
2.023E+11,155 652 854,A01,3,7,0,0,0,0,0,
2.023E+11,155 652 852,A01,2,7,0,2,6,17,1,
2.023E+11,155 652 853,B01,1,2,0,0,8,2,1,
2.023E+11,155 652 851,A01,0,10,2,0,5,1,1,
2.023E+11,155 652 849,A01,1,7,0,2,3,1,1,
2.023E+11,155 652 850,B01,2,7,13,2,3,1,1,
2.023E+11,155 652 848,A01,1,7,0,1,1,0,1,
2.023E+11,155 652 847,A01,1,33,0,0,0,16,1,
2.023E+11,155 652 843,A01,2,7,0,0,4,23,1,
2.023E+11,155 652 844,B01,2,7,0,2,1,1,1,
2.023E+11,155 652 845,C01,2,7,0,2,2,1,1,
2.023E+11,155 652 846,D01,2,7,0,2,1,1,1,
2.023E+11,155 652 842,A01,2,31,0,0,9,1,1,
2.023E+11,155 652 839,A01,1,7,0,2,7,13,1,
2.023E+11,155 652 840,B01,2,13,0,2,1,1,1,
2.023E+11,155 652 837,A01,2,10,0,2,2,1,1,
2.023E+11,155 652 838,B01,1,50,0,2,7,9,3,
2.023E+11,155 652 835,A01,1,7,0,2,1,1,1,
2.023E+11,155 652 836,B01,2,15,0,2,1,1,1,
2.023E+11,155 652 831,A01,1,7,0,2,1,2,1,
2.023E+11,155 652 832,B01,1,7,0,2,4,2,1,
2.023E+11,155 652 833,C01,1,33,0,2,4,2,0,
2.023E+11,155 652 834,D01,1,7,0,2,4,2,1,
2.023E+11,155 652 829,A01,2,7,0,2,3,1,1,
2.023E+11,155 652 830,B01,1,7,0,2,3,1,1,
2.023E+11,155 652 827,A01,3,33,12,2,1,1,1,
2.023E+11,155 652 828,B01,0,7,0,2,1,1,1,
2.023E+11,155 652 825,A01,2,7,0,2,3,13,1,
2.023E+11,155 652 826,B01,1,33,0,0,8,1,1,
2.023E+11,155 652 824,A01,2,33,0,0,0,1,1,
2.023E+11,155 652 822,A01,2,31,0,0,7,15,1,
2.023E+11,155 652 823,B01,2,10,0,2,1,1,1,
2.023E+11,155 652 820,A01,1,7,0,2,8,1,1,
2.023E+11,155 652 821,B01,2,33,0,2,8,1,1,
2.023E+11,155 652 819,A01,1,2,0,0,0,26,1,
2.023E+11,155 652 818,A01,1,7,3,0,1,1,1,
2.023E+11,155 652 817,A01,3,1,1,0,1,0,5,
2.023E+11,155 652 816,A01,1,33,7,0,1,1,1,
2.023E+11,155 652 815,A01,2,7,0,0,1,1,1,
2.023E+11,155 652 814,A01,0,7,8,0,1,14,1,
2.023E+11,155 652 812,A01,2,7,13,2,3,13,1,
2.023E+11,155 652 813,B01,1,7,13,2,3,0,1,
2.023E+11,155 652 810,A01,3,7,1,2,3,15,1,
2.023E+11,155 652 811,B01,3,2,0,2,1,1,1,
2.023E+11,155 652 808,A01,2,7,0,2,3,5,1,
2.023E+11,155 652 809,B01,1,7,0,2,3,5,1,
2.023E+11,155 652 806,A01,1,31,0,2,1,1,1,
2.023E+11,155 652 807,B01,2,7,0,2,3,1,1,
2.023E+11,155 652 804,A01,1,7,0,2,7,1,1,
2.023E+11,155 652 805,B01,1,80,0,2,8,15,3,
2.023E+11,155 652 802,B01,1,7,0,2,1,19,1,
2.023E+11,155 652 803,A01,2,15,0,0,8,1,1,
2.023E+11,155 652 801,A01,2,14,0,1,1,1,1,
2.023E+11,155 652 797,B01,1,15,0,9,8,1,1,
2.023E+11,155 652 798,A01,1,1,0,2,1,19,5,
2.023E+11,155 652 796,A01,1,7,6,0,9,1,1,
2.023E+11,155 652 792,B01,2,7,0,2,4,2,1,
2.023E+11,155 652 793,A01,2,7,0,2,1,2,1,
2.023E+11,155 652 794,C01,2,7,0,2,4,2,1,
2.023E+11,155 652 791,A01,0,2,4,0,0,1,1,
2.023E+11,155 652 789,A01,2,7,0,0,8,1,1,
2.023E+11,155 652 790,B01,2,7,0,2,3,9,1,
2.023E+11,155 652 787,A01,2,7,0,2,7,15,1,
2.023E+11,155 652 788,B01,1,33,0,2,1,1,1,
2.023E+11,155 652 784,A01,1,7,0,0,5,3,1,
2.023E+11,155 652 785,B01,1,7,0,0,4,1,1,
2.023E+11,155 652 786,C01,1,10,0,0,1,2,1,
2.023E+11,155 652 780,A01,1,7,0,0,4,1,1,
2.023E+11,155 652 781,B01,1,7,0,2,1,1,1,
2.023E+11,155 652 782,C01,1,7,0,2,1,1,1,
2.023E+11,155 652 783,D01,1,7,0,2,3,1,1,
2.023E+11,155 652 778,A01,1,33,0,2,8,13,1,
2.023E+11,155 652 779,B01,1,7,0,0,7,2,1,
2.023E+11,155 652 776,A01,1,31,0,2,1,1,1,
2.023E+11,155 652 777,B01,2,7,0,2,3,15,1,
2.023E+11,155 652 774,A01,1,7,0,2,1,13,1,
2.023E+11,155 652 775,B01,2,7,0,2,1,16,1,
2.023E+11,155 652 773,A01,1,7,13,0,1,21,1,
2.023E+11,155 652 771,B01,1,2,0,2,3,0,1,
2.023E+11,155 652 772,A01,1,10,0,2,5,17,1,
2.023E+11,155 652 768,A01,1,7,0,2,1,2,1,
2.023E+11,155 652 769,B01,1,7,0,2,6,15,1,
2.023E+11,155 652 766,A01,2,7,0,2,1,14,1,
2.023E+11,155 652 767,B01,1,7,0,2,1,1,1,
2.023E+11,155 652 763,A01,3,7,8,0,2,14,1,
2.023E+11,155 652 761,B01,1,7,0,2,7,1,1,
2.023E+11,155 652 762,A01,1,7,0,2,1,1,1,
2.023E+11,155 652 760,A01,2,7,6,0,1,14,1,
2.023E+11,155 652 759,A01,1,33,0,0,8,15,0,
2.023E+11,155 652 757,A01,1,7,3,2,1,13,3,
2.023E+11,155 652 758,B01,2,7,3,2,1,0,1,
2.023E+11,155 652 755,A01,1,7,0,0,3,5,1,
2.023E+11,155 652 756,B01,2,7,0,0,3,1,3,
2.023E+11,155 652 753,B01,2,7,0,0,5,1,1,
2.023E+11,155 652 754,A01,1,7,2,2,2,5,1,
2.023E+11,155 652 751,A01,2,10,0,2,2,13,0,
2.023E+11,155 652 752,B01,1,7,0,2,7,13,0,
2.023E+11,155 652 750,A01,2,33,6,0,1,1,1,
2.023E+11,155 652 748,B01,2,7,0,2,3,1,1,
2.023E+11,155 652 749,A01,1,33,0,2,7,13,1,
2.023E+11,155 652 746,A01,2,7,0,2,3,11,1,
2.023E+11,155 652 747,B01,2,33,1,2,2,2,1,
2.023E+11,155 652 744,A01,1,10,0,2,2,13,1,
2.023E+11,155 652 745,B01,2,7,13,2,2,1,1,
2.023E+11,155 652 742,B01,1,10,0,2,8,1,1,
2.023E+11,155 652 743,A01,2,7,0,2,1,1,1,
2.023E+11,155 652 739,A01,2,7,0,2,3,11,1,
2.023E+11,155 652 740,B01,1,2,0,2,1,1,1,
2.023E+11,155 652 741,C01,0,7,0,0,3,23,1,
2.023E+11,155 652 738,A01,3,10,0,1,4,4,1,
2.023E+11,155 652 736,B01,2,33,0,2,1,1,1,
2.023E+11,155 652 737,A01,1,7,0,2,7,15,1,
2.023E+11,155 652 734,A01,1,7,0,2,2,12,1,
2.023E+11,155 652 735,B01,1,31,0,2,3,1,1,
2.023E+11,155 652 732,B01,2,7,0,2,4,2,1,
2.023E+11,155 652 733,A01,2,31,0,2,1,2,1,
2.023E+11,155 652 730,B01,2,10,3,2,6,2,1,
2.023E+11,155 652 731,A01,2,43,3,2,7,2,1,
2.023E+11,155 652 728,A01,2,33,0,2,1,3,1,
2.023E+11,155 652 729,B01,2,7,0,2,4,11,1,
2.023E+11,155 652 726,B01,1,7,0,2,6,13,1,
2.023E+11,155 652 727,A01,1,33,0,2,2,12,1,
2.023E+11,155 652 725,A01,1,7,1,0,3,1,1,
2.023E+11,155 652 724,A01,2,7,4,0,1,1,1,
2.023E+11,155 652 721,A01,2,10,0,2,3,15,1,
2.023E+11,155 652 722,B01,1,2,0,2,4,1,1,
2.023E+11,155 652 723,C01,1,7,0,2,4,1,1,
2.023E+11,155 652 719,A01,1,7,0,2,1,1,1,
2.023E+11,155 652 720,B01,2,2,0,2,3,1,1,
2.023E+11,155 652 718,A01,2,33,0,1,1,2,1,
2.023E+11,155 652 716,B01,1,99,0,2,1,1,1,
2.023E+11,155 652 717,A01,2,7,0,2,7,19,1,
2.023E+11,155 652 714,A01,1,7,0,2,1,1,1,
2.023E+11,155 652 715,B01,3,7,0,2,7,19,1,
2.023E+11,155 652 713,A01,1,7,0,1,3,15,1,
2.023E+11,155 652 711,B01,1,7,0,2,1,2,1,
2.023E+11,155 652 712,A01,1,7,0,2,2,15,1,
2.023E+11,155 652 709,A01,1,31,0,2,6,0,6,
2.023E+11,155 652 710,B01,1,7,0,2,3,0,6,
2.023E+11,155 652 708,A01,2,30,0,1,1,1,1,
2.023E+11,155 652 706,B01,3,7,1,2,7,0,0,
2.023E+11,155 652 707,A01,1,7,0,2,8,0,1,
2.023E+11,155 652 704,B01,2,7,0,2,0,2,0,
2.023E+11,155 652 705,A01,2,7,0,2,0,2,0,
2.023E+11,155 652 702,B01,1,7,0,2,1,1,1,
2.023E+11,155 652 703,A01,1,7,0,2,2,19,1,
2.023E+11,155 652 700,B01,2,30,0,2,0,0,0,
2.023E+11,155 652 701,A01,2,3,0,2,7,17,3,
2.023E+11,155 652 698,A01,3,2,0,2,8,9,1,
2.023E+11,155 652 699,B01,3,7,0,2,2,1,1,
2.023E+11,155 652 697,A01,2,2,0,0,0,1,1,
2.023E+11,155 652 695,A01,1,33,0,2,8,1,0,
2.023E+11,155 652 696,B01,2,7,0,2,0,10,1,
2.023E+11,155 652 689,B01,1,7,0,2,7,23,1,
2.023E+11,155 652 690,A01,1,33,14,0,0,3,1,
2.023E+11,155 652 691,D01,1,7,0,2,5,23,3,