Num_Acc,id_vehicule,num_veh,senc,catv,obs,obsm,choc,manv,motor,occutc
2.023E+11,155 652 692,C01,1,10,0,2,5,23,1,
2.023E+11,155 652 687,A01,3,50,0,2,1,1,3,
2.023E+11,155 652 688,B01,0,7,0,2,6,1,1,
2.023E+11,155 652 685,B01,3,10,0,2,4,1,1,
2.023E+11,155 652 686,A01,3,10,0,2,1,1,1,
2.023E+11,155 652 683,A01,2,7,0,2,1,1,1,
2.023E+11,155 652 684,B01,2,7,0,2,4,0,1,
2.023E+11,155 652 681,B01,3,10,0,2,4,23,1,
2.023E+11,155 652 682,A01,3,7,0,2,1,2,1,
2.023E+11,155 652 679,A01,1,7,0,2,1,15,1,
2.023E+11,155 652 680,B01,0,2,0,2,3,1,1,
2.023E+11,155 652 677,A01,2,30,0,2,1,15,1,
2.023E+11,155 652 678,B01,1,7,0,2,3,1,1,
2.023E+11,155 652 676,A01,1,7,0,1,1,1,1,
2.023E+11,155 652 674,A01,1,10,13,2,3,2,1,
2.023E+11,155 652 675,B01,1,7,0,2,5,2,1,
2.023E+11,155 652 672,B01,1,7,0,2,1,1,1,
2.023E+11,155 652 673,Z01,1,10,6,2,7,1,1,
2.023E+11,155 652 671,A01,1,7,6,0,1,1,1,
2.023E+11,155 652 669,A01,1,7,0,2,2,15,1,
2.023E+11,155 652 670,B01,2,33,0,2,1,1,1,
2.023E+11,155 652 668,A01,3,7,0,2,0,0,1,
2.023E+11,155 652 667,A01,2,7,6,0,1,14,1,
2.023E+11,155 652 665,B01,2,7,0,2,1,1,1,
2.023E+11,155 652 666,A01,0,7,0,2,6,1,1,
2.023E+11,155 652 663,A01,1,7,0,2,5,9,1,
2.023E+11,155 652 664,B01,1,7,0,2,3,1,1,
2.023E+11,155 652 661,B01,2,7,0,2,2,1,1,
2.023E+11,155 652 662,A01,2,7,0,2,3,9,1,
2.023E+11,155 652 659,A01,1,7,0,2,2,1,1,
2.023E+11,155 652 660,B01,3,10,0,2,8,1,1,
2.023E+11,155 652 657,A01,2,31,11,2,9,17,1,
2.023E+11,155 652 658,B01,2,7,0,2,1,1,1,
2.023E+11,155 652 655,A01,2,7,13,0,2,1,1,
2.023E+11,155 652 656,B01,2,7,0,0,0,16,1,
2.023E+11,155 652 653,A01,1,7,0,2,1,21,1,
2.023E+11,155 652 654,B01,1,7,0,2,4,1,1,
2.023E+11,155 652 651,A01,2,33,0,2,1,12,1,
2.023E+11,155 652 652,B01,2,7,0,2,3,1,1,
2.023E+11,155 652 649,B01,2,7,0,2,2,1,1,
2.023E+11,155 652 650,A01,2,7,0,2,3,1,1,
2.023E+11,155 652 645,A01,2,7,0,2,4,2,1,
2.023E+11,155 652 646,B01,1,7,0,2,1,2,1,
2.023E+11,155 652 644,A01,3,7,0,1,1,20,1,
2.023E+11,155 652 642,A01,1,7,0,2,1,1,1,
2.023E+11,155 652 643,B01,1,7,0,2,4,23,1,
2.023E+11,155 652 640,B01,1,10,0,2,6,11,1,
2.023E+11,155 652 641,A01,1,43,0,2,1,1,1,
2.023E+11,155 652 638,B01,2,7,0,2,5,1,6,
2.023E+11,155 652 639,A01,2,32,0,2,3,1,1,
2.023E+11,155 652 635,B01,1,31,0,0,1,1,1,
2.023E+11,155 652 636,A01,1,7,0,2,2,1,1,
2.023E+11,155 652 637,C01,1,7,0,9,3,1,1,
2.023E+11,155 652 633,A01,2,7,0,2,3,5,1,
2.023E+11,155 652 634,B01,1,7,0,2,3,26,1,
2.023E+11,155 652 632,A01,3,7,0,1,4,4,1,
2.023E+11,155 652 630,A01,1,7,0,2,2,20,1,
2.023E+11,155 652 631,B01,2,1,0,2,2,1,5,
2.023E+11,155 652 629,A01,0,7,0,1,3,15,1,
2.023E+11,155 652 627,B01,1,7,0,2,1,2,1,
2.023E+11,155 652 628,A01,1,7,0,1,4,26,1,
2.023E+11,155 652 625,B01,0,39,0,0,0,0,0,
2.023E+11,155 652 626,A01,1,7,0,4,2,19,1,
2.023E+11,155 652 623,A01,2,7,0,2,1,13,0,
2.023E+11,155 652 624,B01,1,7,0,2,1,1,0,
2.023E+11,155 652 622,A01,1,30,0,1,1,1,1,
2.023E+11,155 652 620,B01,1,7,0,2,0,16,1,
2.023E+11,155 652 621,A01,2,7,0,2,6,13,1,
2.023E+11,155 652 618,A01,2,0,0,2,3,15,1,
2.023E+11,155 652 619,B01,1,7,0,2,3,1,1,
2.023E+11,155 652 616,B01,3,1,0,2,5,0,5,
2.023E+11,155 652 617,A01,3,7,0,9,3,1,1,
2.023E+11,155 652 615,A01,1,3,9,0,1,2,0,
2.023E+11,155 652 614,A01,1,7,0,1,1,2,1,
2.023E+11,155 652 612,B01,2,31,0,2,7,2,1,
2.023E+11,155 652 613,A01,2,7,0,2,3,11,1,
2.023E+11,155 652 610,A01,2,7,0,2,8,11,1,
2.023E+11,155 652 611,B01,2,43,0,2,2,1,1,
2.023E+11,155 652 608,A01,2,7,0,2,1,1,1,
2.023E+11,155 652 609,B01,1,30,0,2,9,18,1,
2.023E+11,155 652 606,B01,1,7,0,2,4,2,1,
2.023E+11,155 652 607,A01,1,7,0,2,1,2,1,
2.023E+11,155 652 604,A01,3,10,0,2,1,15,1,
2.023E+11,155 652 605,B01,3,32,0,2,1,1,1,
2.023E+11,155 652 602,A01,1,32,0,2,7,1,1,
2.023E+11,155 652 603,Z01,1,10,0,2,3,9,1,
2.023E+11,155 652 601,A01,2,43,0,1,3,9,1,
2.023E+11,155 652 600,A01,1,10,0,1,4,4,3,
2.023E+11,155 652 598,B01,1,50,1,0,1,1,3,
2.023E+11,155 652 599,A01,1,7,0,2,8,24,1,
2.023E+11,155 652 596,A01,2,7,0,2,8,22,1,
2.023E+11,155 652 597,B01,2,1,1,0,1,1,5,
2.023E+11,155 652 594,B01,2,1,0,2,1,1,5,
2.023E+11,155 652 595,A01,2,99,0,2,6,15,1,
2.023E+11,155 652 593,A01,1,1,0,1,1,1,5,
2.023E+11,155 652 592,A01,2,30,14,0,2,14,1,
2.023E+11,155 652 591,A01,2,50,0,0,0,1,3,
2.023E+11,155 652 589,Z01,2,7,0,2,5,9,1,
2.023E+11,155 652 590,B01,2,33,0,2,1,1,1,
2.023E+11,155 652 587,B01,2,80,8,2,1,1,3,
2.023E+11,155 652 588,A01,3,7,0,2,1,9,1,
2.023E+11,155 652 584,C01,2,7,0,2,4,2,1,
2.023E+11,155 652 585,A01,2,7,0,2,1,2,1,
2.023E+11,155 652 586,B01,2,10,0,2,9,1,1,
2.023E+11,155 652 582,A01,2,7,0,2,3,15,1,
2.023E+11,155 652 583,B01,1,33,0,2,1,21,1,
2.023E+11,155 652 580,B01,1,30,0,2,1,2,1,
2.023E+11,155 652 581,A01,1,10,0,2,8,9,1,
2.023E+11,155 652 578,B01,1,7,0,2,6,1,1,
2.023E+11,155 652 579,A01,3,33,0,2,1,9,1,
2.023E+11,155 652 576,A01,0,7,8,2,1,1,2,
2.023E+11,155 652 577,B01,0,7,0,2,0,0,1,
2.023E+11,155 652 574,A01,1,43,0,2,6,2,1,
2.023E+11,155 652 575,B01,1,7,1,2,0,0,0,
2.023E+11,155 652 572,B01,0,31,0,0,4,0,1,
2.023E+11,155 652 573,A01,0,7,0,2,1,16,1,
2.023E+11,155 652 570,A01,1,10,0,1,1,1,1,
2.023E+11,155 652 569,A01,3,7,0,9,4,23,1,
2.023E+11,155 652 571,B01,3,1,0,2,1,2,5,
2.023E+11,155 652 566,A01,3,7,0,2,0,0,0,
2.023E+11,155 652 567,B01,0,7,0,2,0,0,-1,
2.023E+11,155 652 565,A01,2,10,0,2,7,15,1,
2.023E+11,155 652 568,B01,1,33,0,2,3,1,1,
2.023E+11,155 652 564,A01,3,37,0,1,2,16,2,1
2.023E+11,155 652 560,A01,1,7,0,2,3,10,1,
2.023E+11,155 652 562,B01,1,33,0,2,1,17,1,
2.023E+11,155 652 561,B01,1,33,0,2,1,9,1,
2.023E+11,155 652 563,A01,1,7,0,2,2,9,1,
2.023E+11,155 652 557,A01,2,0,0,2,2,0,1,
2.023E+11,155 652 559,Y01,2,50,0,2,3,0,3,
2.023E+11,155 652 552,A01,1,7,0,2,1,18,1,
2.023E+11,155 652 554,B01,1,7,0,2,5,1,1,
2.023E+11,155 652 556,C01,1,7,0,2,8,1,1,
2.023E+11,155 652 558,D01,1,10,0,2,5,1,1,
2.023E+11,155 652 551,A01,1,7,0,1,2,2,1,
2.023E+11,155 652 548,B01,2,7,0,2,4,1,1,
2.023E+11,155 652 550,A01,2,7,0,2,1,1,1,
2.023E+11,155 652 549,A01,1,7,0,1,3,26,1,
2.023E+11,155 652 545,C01,1,7,0,2,1,2,1,
2.023E+11,155 652 546,B01,1,7,0,2,4,2,1,
2.023E+11,155 652 547,A01,1,10,0,2,1,2,1,
2.023E+11,155 652 543,A01,2,33,0,2,1,1,1,
2.023E+11,155 652 544,B01,1,7,0,0,2,15,1,
2.023E+11,155 652 540,C01,2,10,0,2,0,0,0,
2.023E+11,155 652 541,A01,2,7,0,2,1,1,1,
2.023E+11,155 652 542,B01,2,7,0,2,4,0,1,
2.023E+11,155 652 538,A01,2,7,0,2,1,1,0,
2.023E+11,155 652 539,B01,2,7,0,2,4,2,0,
2.023E+11,155 652 537,A01,1,34,0,1,1,1,1,
2.023E+11,155 652 536,A01,2,7,0,1,2,1,1,
2.023E+11,155 652 534,A01,1,7,0,2,3,1,1,
2.023E+11,155 652 535,B01,2,7,0,2,8,15,1,
2.023E+11,155 652 533,A01,2,7,6,0,1,16,1,
2.023E+11,155 652 531,A01,2,34,0,2,7,17,1,
2.023E+11,155 652 532,B01,2,7,0,2,3,15,1,
2.023E+11,155 652 529,B01,1,2,0,2,2,26,1,
2.023E+11,155 652 530,A01,0,7,0,2,2,19,1,
2.023E+11,155 652 528,A01,1,31,14,0,7,3,1,
2.023E+11,155 652 524,B01,3,33,0,2,7,23,1,
2.023E+11,155 652 527,A01,3,17,0,2,6,16,1,
2.023E+11,155 652 525,A01,1,7,0,2,1,15,1,
2.023E+11,155 652 526,B01,2,7,0,2,1,1,1,
2.023E+11,155 652 521,A01,2,80,0,2,1,1,3,
2.023E+11,155 652 523,B01,1,1,0,2,1,1,5,
2.023E+11,155 652 520,A01,1,7,0,2,1,1,1,
2.023E+11,155 652 522,B01,2,7,0,2,4,1,1,
2.023E+11,155 652 516,A01,3,31,0,2,1,2,1,
2.023E+11,155 652 517,Z01,3,10,0,2,4,1,1,
2.023E+11,155 652 515,A01,2,7,0,1,4,9,2,
2.023E+11,155 652 514,A01,1,7,0,1,1,1,3,
2.023E+11,155 652 511,A01,1,7,0,2,3,16,1,
2.023E+11,155 652 512,B01,2,50,0,2,1,1,3,
2.023E+11,155 652 513,A01,2,7,0,1,2,1,0,
2.023E+11,155 652 510,A01,3,33,8,0,3,7,1,
2.023E+11,155 652 508,B01,2,7,0,2,4,1,1,
2.023E+11,155 652 509,A01,2,10,0,2,4,2,1,
2.023E+11,155 652 506,A01,2,7,0,2,7,15,1,
2.023E+11,155 652 507,B01,1,30,0,2,1,1,1,
2.023E+11,155 652 504,B01,1,1,1,0,1,1,5,
2.023E+11,155 652 505,A01,1,7,0,2,2,22,1,
2.023E+11,155 652 502,Z01,2,7,0,2,1,9,1,
2.023E+11,155 652 503,B01,1,2,0,2,8,9,1,
2.023E+11,155 652 500,A01,1,7,0,1,2,1,1,
2.023E+11,155 652 501,A01,2,7,0,1,8,1,1,
2.023E+11,155 652 498,A01,2,10,0,2,8,13,1,
2.023E+11,155 652 499,B01,2,33,0,2,7,17,1,
2.023E+11,155 652 495,A01,1,3,0,1,4,4,1,
2.023E+11,155 652 496,Y01,1,1,1,0,1,1,5,
2.023E+11,155 652 497,A01,1,10,0,2,3,24,1,
2.023E+11,155 652 491,A01,3,33,0,2,3,18,1,
2.023E+11,155 652 494,B01,3,10,0,0,2,14,1,
2.023E+11,155 652 492,B01,3,7,0,2,2,1,2,
2.023E+11,155 652 493,A01,0,1,0,2,0,1,5,
2.023E+11,155 652 488,A01,3,50,0,2,1,1,3,
2.023E+11,155 652 490,B01,2,7,0,2,2,1,2,
2.023E+11,155 652 487,A01,3,33,8,2,9,18,1,
2.023E+11,155 652 489,B01,3,7,0,2,7,2,1,
2.023E+11,155 652 484,A01,2,34,0,2,3,18,1,
2.023E+11,155 652 486,B01,2,7,0,2,2,1,1,
2.023E+11,155 652 483,B01,3,33,0,2,4,23,1,
2.023E+11,155 652 485,A01,3,7,0,2,1,1,1,
2.023E+11,155 652 481,B01,1,2,0,0,4,23,3,
2.023E+11,155 652 482,A01,1,7,0,2,2,2,3,
2.023E+11,155 652 479,A01,1,2,0,2,7,5,3,
2.023E+11,155 652 480,B01,2,7,0,2,1,1,1,
2.023E+11,155 652 476,B01,1,1,0,2,5,1,5,
2.023E+11,155 652 478,A01,1,7,0,2,0,1,0,
2.023E+11,155 652 475,A01,1,32,0,2,1,1,1,
2.023E+11,155 652 477,B01,1,7,0,2,3,26,3,
2.023E+11,155 652 472,A01,1,33,0,2,1,17,1,
2.023E+11,155 652 474,B01,3,7,12,2,3,15,1,
2.023E+11,155 652 471,A01,1,14,0,2,2,16,1,
2.023E+11,155 652 473,B01,1,1,0,2,4,1,5,
2.023E+11,155 652 466,A01,1,7,0,2,2,1,1,
2.023E+11,155 652 470,B01,1,7,0,2,3,15,1,
2.023E+11,155 652 467,A01,3,14,0,2,1,1,1,
2.023E+11,155 652 469,B01,3,10,0,2,6,24,1,
2.023E+11,155 652 465,A01,3,30,0,2,0,1,1,
2.023E+11,155 652 468,B01,3,10,0,2,6,1,1,
2.023E+11,155 652 462,A01,2,7,13,0,1,13,1,
2.023E+11,155 652 461,A01,3,33,0,2,1,3,1,
2.023E+11,155 652 463,B01,3,7,0,2,5,1,2,
2.023E+11,155 652 459,A01,2,7,0,1,4,4,1,
2.023E+11,155 652 460,B01,2,7,0,2,3,1,3,
2.023E+11,155 652 464,A01,2,7,0,2,2,19,0,
2.023E+11,155 652 457,A01,3,33,0,2,1,9,1,
2.023E+11,155 652 458,Z01,3,7,0,2,4,9,1,
2.023E+11,155 652 456,A01,1,7,0,1,2,26,0,
2.023E+11,155 652 453,A01,1,7,0,2,3,11,2,
2.023E+11,155 652 454,B01,1,31,0,2,2,2,3,
2.023E+11,155 652 448,A01,0,7,0,2,2,15,1,
2.023E+11,155 652 451,B01,0,1,0,2,8,2,5,
2.023E+11,155 652 450,A01,2,7,0,2,1,19,6,
2.023E+11,155 652 452,B01,1,7,0,2,7,19,6,
2.023E+11,155 652 449,A01,3,7,0,2,2,9,1,
2.023E+11,155 652 455,B01,3,7,0,2,3,0,1,
2.023E+11,155 652 446,B01,1,80,0,2,8,19,3,
2.023E+11,155 652 447,A01,1,7,0,2,2,1,1,
2.023E+11,155 652 445,A01,1,3,0,0,1,1,1,
2.023E+11,155 652 443,A01,2,1,0,0,0,1,5,
2.023E+11,155 652 439,A01,0,7,0,1,0,20,0,
2.023E+11,155 652 440,A01,2,7,0,2,1,15,1,
2.023E+11,155 652 442,B01,2,7,0,2,1,1,1,
2.023E+11,155 652 437,A01,1,7,4,0,9,1,1,
2.023E+11,155 652 441,A01,1,1,0,2,1,1,5,
2.023E+11,155 652 444,B01,2,10,0,2,3,1,1,
2.023E+11,155 652 436,A01,3,7,0,2,3,1,1,
2.023E+11,155 652 438,B01,3,33,6,2,1,26,1,
2.023E+11,155 652 432,A01,1,7,0,0,3,15,1,
2.023E+11,155 652 433,B01,2,2,0,2,2,1,1,
2.023E+11,155 652 430,B01,1,10,0,2,1,26,1,
2.023E+11,155 652 434,A01,2,13,0,2,2,1,1,
2.023E+11,155 652 428,A01,3,10,4,0,0,26,1,
2.023E+11,155 652 425,A01,0,33,0,2,1,1,0,
2.023E+11,155 652 426,B01,0,7,0,2,7,0,1,
2.023E+11,155 652 424,A01,1,50,0,1,1,1,3,
2.023E+11,155 652 427,A01,2,7,0,2,1,1,1,
2.023E+11,155 652 429,B01,2,7,0,2,4,1,1,
2.023E+11,155 652 422,B01,2,10,0,2,4,1,1,
2.023E+11,155 652 423,A01,2,7,0,2,1,1,1,
2.023E+11,155 652 420,B01,1,1,0,2,4,2,5,
2.023E+11,155 652 421,A01,1,32,0,2,1,2,1,
2.023E+11,155 652 417,B01,2,1,1,2,1,1,5,
2.023E+11,155 652 419,A01,1,1,1,2,1,21,5,
2.023E+11,155 652 415,A01,1,31,0,2,7,1,1,
2.023E+11,155 652 416,B01,2,21,0,2,8,15,1,
2.023E+11,155 652 412,A01,1,33,0,0,9,0,1,
2.023E+11,155 652 411,A01,3,7,4,2,1,11,1,
2.023E+11,155 652 413,B01,3,7,0,2,6,13,1,
2.023E+11,155 652 414,C01,3,7,4,2,1,1,1,
2.023E+11,155 652 409,A01,1,10,0,2,7,14,1,
2.023E+11,155 652 410,B01,1,31,0,2,8,1,1,
2.023E+11,155 652 407,A01,3,7,0,1,5,4,1,
2.023E+11,155 652 406,A01,2,2,0,2,1,1,1,
2.023E+11,155 652 408,B01,2,7,0,2,4,23,1,
2.023E+11,155 652 405,A01,1,33,0,0,7,2,1,
2.023E+11,155 652 402,A01,1,15,0,2,2,14,1,
2.023E+11,155 652 404,B01,1,7,0,2,6,1,2,
2.023E+11,155 652 401,A01,0,1,0,2,1,0,5,
2.023E+11,155 652 403,B01,0,7,0,9,1,19,1,
2.023E+11,155 652 400,A01,1,7,0,1,2,1,1,
2.023E+11,155 652 397,A01,2,60,0,2,3,1,5,
2.023E+11,155 652 398,B01,2,7,0,2,2,15,1,
2.023E+11,155 652 396,A01,2,7,4,2,2,17,1,
2.023E+11,155 652 399,B01,2,7,3,2,8,1,1,
2.023E+11,155 652 395,A01,1,7,0,0,9,2,1,
2.023E+11,155 652 393,A01,1,7,1,0,2,0,1,
2.023E+11,155 652 392,A01,1,7,13,0,9,1,1,
2.023E+11,155 652 394,A01,2,7,4,2,2,1,1,
2.023E+11,155 652 390,A01,3,7,0,1,1,1,0,
2.023E+11,155 652 387,A01,1,7,0,2,7,12,1,
2.023E+11,155 652 389,B01,1,32,0,2,8,3,1,
2.023E+11,155 652 386,A01,1,2,3,0,2,1,1,
2.023E+11,155 652 383,A01,1,7,0,2,1,2,1,
2.023E+11,155 652 385,B01,1,7,0,2,4,2,2,
2.023E+11,155 652 382,A01,1,33,2,0,1,1,1,
2.023E+11,155 652 384,A01,2,32,0,0,0,3,1,
2.023E+11,155 652 381,A01,1,33,0,0,1,1,1,
2.023E+11,155 652 380,A01,0,80,0,9,1,17,3,
2.023E+11,155 652 378,A01,2,33,0,0,0,15,1,
2.023E+11,155 652 375,A01,3,14,0,2,3,16,1,
2.023E+11,155 652 377,B01,3,7,0,0,3,16,1,
2.023E+11,155 652 374,C01,2,7,0,2,4,1,1,
2.023E+11,155 652 376,B01,2,10,0,2,4,1,1,
2.023E+11,155 652 379,A01,2,43,0,2,1,21,1,
2.023E+11,155 652 371,B01,0,7,0,2,3,2,1,
2.023E+11,155 652 373,A01,0,33,0,2,2,13,1,
2.023E+11,155 652 370,A01,3,30,0,2,1,0,1,
2.023E+11,155 652 372,B01,3,7,0,2,3,15,1,
2.023E+11,155 652 362,A01,1,7,0,2,1,9,0,
2.023E+11,155 652 365,B01,2,7,0,2,2,1,0,
2.023E+11,155 652 361,Y01,2,7,0,2,1,2,0,
2.023E+11,155 652 364,A01,2,33,0,2,4,1,1,
2.023E+11,155 652 366,B01,2,7,0,2,1,21,1,
2.023E+11,155 652 368,Z01,2,7,0,2,1,2,0,
2.023E+11,155 652 360,A01,1,7,0,2,8,5,1,
2.023E+11,155 652 363,B01,2,7,0,2,8,1,1,
2.023E+11,155 652 354,B01,1,50,0,2,1,1,3,
2.023E+11,155 652 359,A01,2,10,0,2,5,15,1,
2.023E+11,155 652 355,A01,1,33,0,2,3,1,1,
2.023E+11,155 652 357,B01,2,7,0,2,3,1,1,
2.023E+11,155 652 352,A01,3,7,6,0,1,26,1,
2.023E+11,155 652 351,B01,1,1,0,2,0,1,5,
2.023E+11,155 652 353,A01,1,10,0,2,5,14,1,
2.023E+11,155 652 350,A01,2,7,1,0,4,13,1,
2.023E+11,155 652 349,A01,1,7,15,0,1,1,1,
2.023E+11,155 652 347,A01,1,33,0,2,6,23,1,
2.023E+11,155 652 348,B01,1,7,0,2,3,23,1,
2.023E+11,155 652 344,A01,1,7,0,0,4,19,0,
2.023E+11,155 652 345,B01,1,15,0,0,1,17,1,
2.023E+11,155 652 340,A01,1,33,16,0,1,1,1,
2.023E+11,155 652 341,A01,3,7,0,2,3,13,1,
2.023E+11,155 652 342,B01,3,7,0,2,3,1,1,
2.023E+11,155 652 343,A01,3,7,0,2,2,1,1,
2.023E+11,155 652 346,B01,3,50,0,2,1,9,3,
2.023E+11,155 652 337,A01,2,7,0,2,6,15,1,
2.023E+11,155 652 339,B01,1,33,0,2,1,14,1,
2.023E+11,155 652 336,B01,2,15,0,2,1,21,1,
2.023E+11,155 652 338,A01,1,7,0,2,6,19,1,
2.023E+11,155 652 331,A01,1,10,0,2,1,1,1,
2.023E+11,155 652 334,B01,1,15,0,0,4,15,1,
2.023E+11,155 652 332,B01,1,7,0,9,7,1,0,
2.023E+11,155 652 335,A01,1,50,0,2,1,1,3,
2.023E+11,155 652 329,A01,0,7,0,1,3,1,1,
2.023E+11,155 652 325,A01,2,7,0,2,1,15,1,
2.023E+11,155 652 327,B01,1,1,1,2,1,1,5,
2.023E+11,155 652 328,C01,1,7,0,0,3,23,1,
2.023E+11,155 652 324,A01,1,7,0,1,3,1,1,
2.023E+11,155 652 323,A01,2,7,16,0,9,14,1,
2.023E+11,155 652 322,A01,1,7,0,2,3,9,1,
2.023E+11,155 652 326,B01,2,7,0,2,3,1,1,
2.023E+11,155 652 320,A01,2,1,0,2,1,1,5,
2.023E+11,155 652 321,B01,3,7,0,0,8,9,1,
2.023E+11,155 652 319,A01,1,43,0,0,0,1,1,
2.023E+11,155 652 316,A01,1,33,13,0,1,1,1,
2.023E+11,155 652 314,A01,2,7,0,1,2,17,1,
2.023E+11,155 652 313,A01,1,7,0,2,6,0,1,
2.023E+11,155 652 317,B01,1,32,0,2,1,1,1,
2.023E+11,155 652 312,A01,1,7,0,2,3,9,1,
2.023E+11,155 652 315,B01,1,2,0,0,7,1,1,
2.023E+11,155 652 310,A01,1,33,0,2,1,1,1,
2.023E+11,155 652 311,B01,1,7,0,2,3,15,1,
2.023E+11,155 652 308,A01,2,7,0,2,3,13,1,
2.023E+11,155 652 309,B01,1,7,0,2,3,1,2,
2.023E+11,155 652 305,A01,0,7,0,2,3,15,1,
2.023E+11,155 652 306,B01,0,31,0,2,1,17,1,
2.023E+11,155 652 307,A01,1,7,0,1,1,16,2,
2.023E+11,155 652 304,A01,1,14,14,0,7,16,1,
2.023E+11,155 652 301,A01,1,7,0,0,6,1,1,
2.023E+11,155 652 303,B01,1,32,0,2,1,0,3,
2.023E+11,155 652 299,A01,1,2,0,2,1,2,1,
2.023E+11,155 652 302,B01,1,10,0,2,4,2,1,
2.023E+11,155 652 297,A01,1,32,0,0,0,21,0,
2.023E+11,155 652 298,B01,2,2,0,2,4,2,1,
2.023E+11,155 652 300,A01,2,7,0,2,3,2,1,
2.023E+11,155 652 295,A01,1,1,13,0,1,1,5,
2.023E+11,155 652 294,A01,1,50,0,0,0,26,3,
2.023E+11,155 652 293,A01,2,7,0,2,2,1,1,
2.023E+11,155 652 296,B01,1,7,0,2,2,1,0,
2.023E+11,155 652 292,A01,1,7,7,0,9,1,1,
2.023E+11,155 652 289,A01,1,80,0,2,8,13,3,
2.023E+11,155 652 291,B01,1,14,0,2,5,17,1,
2.023E+11,155 652 288,B01,2,21,0,2,8,23,1,
2.023E+11,155 652 290,A01,1,7,0,2,1,1,1,
2.023E+11,155 652 281,A01,2,80,12,0,2,5,3,
2.023E+11,155 652 282,A01,2,7,0,2,3,1,1,
2.023E+11,155 652 283,B01,1,7,0,2,3,13,1,
2.023E+11,155 652 285,C01,2,33,0,2,1,1,1,
2.023E+11,155 652 275,A01,2,7,0,2,1,0,1,
2.023E+11,155 652 280,B01,2,7,0,2,4,1,1,
2.023E+11,155 652 286,C01,2,7,0,2,4,1,3,
2.023E+11,155 652 276,B01,2,7,0,2,1,1,1,
2.023E+11,155 652 278,A01,1,7,0,2,1,13,1,
2.023E+11,155 652 277,A01,1,7,0,2,1,1,1,
2.023E+11,155 652 279,B01,1,1,0,2,7,1,5,
2.023E+11,155 652 272,A01,1,7,0,2,7,17,1,
2.023E+11,155 652 274,B01,1,7,0,2,8,1,1,
2.023E+11,155 652 270,A01,1,50,0,2,7,17,3,
2.023E+11,155 652 271,B01,1,80,0,2,8,15,3,
2.023E+11,155 652 269,B01,1,33,0,2,1,1,1,
2.023E+11,155 652 273,A01,2,7,0,2,7,1,1,
2.023E+11,155 652 268,A01,1,7,2,0,1,13,1,
2.023E+11,155 652 264,A01,2,34,0,2,1,1,1,
2.023E+11,155 652 267,B01,1,7,0,2,7,19,1,
2.023E+11,155 652 263,A01,3,7,17,2,1,1,1,
2.023E+11,155 652 266,B01,3,7,0,2,1,19,1,
2.023E+11,155 652 262,A01,1,7,0,2,3,1,1,
2.023E+11,155 652 265,B01,2,2,0,0,6,1,1,
2.023E+11,155 652 261,A01,1,33,0,0,0,1,1,
2.023E+11,155 652 258,B01,1,7,0,2,3,1,1,
2.023E+11,155 652 259,A01,2,7,0,2,1,13,1,
2.023E+11,155 652 257,A01,2,7,0,9,2,1,1,
2.023E+11,155 652 260,B01,2,50,0,2,0,0,3,
2.023E+11,155 652 254,A01,1,1,0,2,1,11,5,
2.023E+11,155 652 256,B01,2,7,0,9,3,1,1,
2.023E+11,155 652 252,A01,2,7,2,0,1,2,1,
2.023E+11,155 652 253,A01,2,7,0,2,1,9,1,
2.023E+11,155 652 255,B01,2,7,0,2,5,1,1,
2.023E+11,155 652 251,A01,1,7,0,1,2,1,1,
2.023E+11,155 652 249,A01,2,50,16,0,0,1,3,
2.023E+11,155 652 246,A01,2,7,0,2,3,13,1,
2.023E+11,155 652 247,B01,1,17,2,2,1,1,1,
2.023E+11,155 652 250,C01,1,7,0,2,1,1,1,
2.023E+11,155 652 243,A01,2,7,0,2,1,13,1,
2.023E+11,155 652 248,B01,1,7,0,2,1,1,1,
2.023E+11,155 652 241,A01,1,36,13,0,0,2,1,
2.023E+11,155 652 238,A01,2,7,0,0,9,1,1,
2.023E+11,155 652 237,A01,3,10,0,2,1,2,1,
2.023E+11,155 652 239,B01,3,7,0,2,4,23,1,
2.023E+11,155 652 242,C01,3,7,0,2,4,23,1,
2.023E+11,155 652 235,A01,1,7,13,0,3,13,1,
2.023E+11,155 652 236,B01,2,7,1,0,1,1,1,
2.023E+11,155 652 240,C01,1,7,0,2,0,23,-1,
2.023E+11,155 652 229,A01,1,7,2,0,2,1,1,
2.023E+11,155 652 227,A01,3,7,0,2,3,15,1,
2.023E+11,155 652 230,B01,3,33,0,2,8,1,1,
2.023E+11,155 652 234,C01,3,7,0,2,2,23,1,
2.023E+11,155 652 226,A01,2,7,13,2,1,13,1,
2.023E+11,155 652 228,B01,2,7,0,2,3,1,1,
2.023E+11,155 652 231,C01,2,7,0,2,2,1,1,
2.023E+11,155 652 233,D01,1,7,0,2,6,1,1,
2.023E+11,155 652 225,A01,0,10,0,2,1,1,1,
2.023E+11,155 652 224,A01,3,7,16,9,1,1,1,
2.023E+11,155 652 222,A01,1,7,15,0,3,1,0,
2.023E+11,155 652 221,B01,3,80,1,2,8,1,3,
2.023E+11,155 652 223,A01,1,7,0,2,2,17,1,
2.023E+11,155 652 220,A01,1,7,0,1,3,0,1,
2.023E+11,155 652 219,A01,2,7,0,1,3,1,1,