Num_Acc,id_vehicule,num_veh,senc,catv,obs,obsm,choc,manv,motor,occutc
2.023E+11,155 650 375,A01,1,33,0,2,8,10,1,
2.023E+11,155 650 378,B01,1,7,0,2,1,1,1,
2.023E+11,155 650 372,A01,2,30,0,2,1,2,1,
2.023E+11,155 650 374,B01,2,7,0,2,4,2,1,
2.023E+11,155 650 371,A01,3,2,0,2,1,13,1,
2.023E+11,155 650 373,B01,3,7,0,2,3,1,1,
2.023E+11,155 650 369,A01,2,7,0,9,1,2,1,
2.023E+11,155 650 370,B01,2,1,0,2,4,1,5,
2.023E+11,155 650 366,B01,1,33,0,2,1,1,1,
2.023E+11,155 650 367,A01,2,7,0,2,1,15,1,
2.023E+11,155 650 364,A01,2,7,0,2,3,13,1,
2.023E+11,155 650 365,B01,1,7,0,2,3,1,1,
2.023E+11,155 650 363,A01,-1,7,15,0,3,1,1,
2.023E+11,155 650 360,B01,1,33,0,2,1,1,1,
2.023E+11,155 650 362,A01,3,10,0,2,3,15,1,
2.023E+11,155 650 358,A01,1,7,0,2,1,13,1,
2.023E+11,155 650 359,B01,2,7,0,2,1,1,1,
2.023E+11,155 650 361,C01,1,7,0,2,1,2,1,
2.023E+11,155 650 354,A01,3,7,0,2,4,23,1,
2.023E+11,155 650 356,B01,0,7,0,0,1,1,1,
2.023E+11,155 650 353,B01,2,7,0,2,3,1,1,
2.023E+11,155 650 355,A01,2,7,0,2,1,1,1,
2.023E+11,155 650 357,C01,1,7,0,2,7,1,1,
2.023E+11,155 650 352,A01,1,7,3,0,1,1,1,
2.023E+11,155 650 350,A01,3,7,0,2,3,1,1,
2.023E+11,155 650 351,B01,3,1,0,0,1,1,5,
2.023E+11,155 650 348,B01,2,2,0,2,1,1,1,
2.023E+11,155 650 349,A01,1,7,0,2,3,15,1,
2.023E+11,155 650 347,A01,1,7,0,1,5,1,1,
2.023E+11,155 650 344,B01,2,80,0,2,8,1,3,
2.023E+11,155 650 346,A01,1,7,0,9,3,17,1,
2.023E+11,155 650 345,A01,1,2,0,0,7,9,1,
2.023E+11,155 650 341,B01,2,7,0,2,1,1,1,
2.023E+11,155 650 343,A01,1,10,0,2,1,13,1,
2.023E+11,155 650 342,A01,2,7,2,0,3,13,1,
2.023E+11,155 650 340,A01,2,7,0,1,1,1,1,
2.023E+11,155 650 339,A01,1,33,0,0,9,1,1,
2.023E+11,155 650 337,A01,1,7,0,2,3,13,1,
2.023E+11,155 650 338,B01,2,7,0,2,3,1,1,
2.023E+11,155 650 335,A01,2,7,0,2,3,19,1,
2.023E+11,155 650 336,B01,2,7,0,2,2,1,1,
2.023E+11,155 650 332,A01,3,33,11,0,0,1,1,
2.023E+11,155 650 333,B01,3,7,0,0,0,9,1,
2.023E+11,155 650 331,A01,2,7,0,2,1,1,1,
2.023E+11,155 650 334,B01,1,7,0,2,1,13,1,
2.023E+11,155 650 329,A01,2,33,3,9,8,0,1,
2.023E+11,155 650 330,A01,3,10,13,0,1,13,1,
2.023E+11,155 650 324,A01,3,2,0,2,8,5,1,
2.023E+11,155 650 327,B01,3,7,0,2,2,1,1,
2.023E+11,155 650 325,A01,2,7,0,2,1,1,1,
2.023E+11,155 650 326,B01,2,7,0,2,1,16,1,
2.023E+11,155 650 328,C01,1,10,0,2,1,1,1,
2.023E+11,155 650 322,A01,2,7,13,0,1,1,1,
2.023E+11,155 650 321,A01,1,7,1,0,1,1,1,
2.023E+11,155 650 323,B01,1,10,0,2,6,23,1,
2.023E+11,155 650 319,A01,1,7,2,0,3,13,1,
2.023E+11,155 650 318,B01,1,7,0,2,3,1,1,
2.023E+11,155 650 320,A01,2,7,0,2,2,1,1,
2.023E+11,155 650 316,A01,1,7,0,2,1,15,1,
2.023E+11,155 650 317,B01,2,2,0,0,8,1,1,
2.023E+11,155 650 315,A01,1,7,17,0,3,1,1,
2.023E+11,155 650 312,A01,1,7,0,2,1,1,1,
2.023E+11,155 650 314,B01,2,2,0,0,0,1,1,
2.023E+11,155 650 311,A01,2,7,0,1,1,1,1,
2.023E+11,155 650 307,A01,1,7,0,2,1,1,1,
2.023E+11,155 650 309,B01,2,30,0,2,1,1,1,
2.023E+11,155 650 306,A01,1,7,0,2,7,15,1,
2.023E+11,155 650 308,B01,2,7,0,2,1,1,0,
2.023E+11,155 650 302,A01,1,31,0,6,8,1,1,
2.023E+11,155 650 301,A01,1,7,2,0,9,1,1,
2.023E+11,155 650 299,A01,1,7,16,0,9,0,1,
2.023E+11,155 650 296,A01,2,10,0,2,3,13,1,
2.023E+11,155 650 297,B01,1,7,0,2,3,1,1,
2.023E+11,155 650 298,C01,1,10,0,2,8,1,1,
2.023E+11,155 650 300,D01,1,7,0,2,8,1,1,
2.023E+11,155 650 295,A01,3,7,0,0,0,1,1,
2.023E+11,155 650 293,A01,1,2,0,0,0,0,1,
2.023E+11,155 650 292,B01,2,7,0,0,4,0,1,
2.023E+11,155 650 294,A01,2,37,0,2,3,2,1,1
2.023E+11,155 650 290,B01,2,10,0,0,4,24,1,
2.023E+11,155 650 291,A01,2,10,1,0,2,1,1,
2.023E+11,155 650 285,C01,1,7,0,2,4,2,1,
2.023E+11,155 650 288,A01,1,7,0,2,1,1,1,
2.023E+11,155 650 289,B01,1,7,0,2,1,1,1,
2.023E+11,155 650 282,A01,2,7,0,2,3,1,1,
2.023E+11,155 650 283,B01,1,7,0,2,3,3,1,
2.023E+11,155 650 281,A01,2,7,13,0,1,0,1,
2.023E+11,155 650 278,A01,1,7,2,0,5,0,1,
2.023E+11,155 650 277,A01,2,7,0,2,2,2,1,
2.023E+11,155 650 279,B01,2,7,0,2,3,2,1,
2.023E+11,155 650 280,C01,2,7,0,2,4,2,1,
2.023E+11,155 650 276,A01,2,15,4,0,7,9,1,
2.023E+11,155 650 274,A01,2,2,0,2,1,5,1,
2.023E+11,155 650 275,B01,1,10,0,2,1,1,1,
2.023E+11,155 650 272,A01,2,2,0,2,1,1,1,
2.023E+11,155 650 273,B01,1,10,0,2,2,13,1,
2.023E+11,155 650 271,A01,3,31,6,0,1,0,1,
2.023E+11,155 650 269,A01,3,7,0,2,3,19,1,
2.023E+11,155 650 270,B01,3,2,0,2,1,17,1,
2.023E+11,155 650 268,A01,1,7,2,0,0,14,1,
2.023E+11,155 650 267,A01,1,7,0,0,0,1,1,
2.023E+11,155 650 264,A01,1,7,0,0,4,1,1,
2.023E+11,155 650 266,B01,1,7,0,2,1,2,1,
2.023E+11,155 650 263,A01,1,33,0,2,9,1,1,
2.023E+11,155 650 265,B01,2,37,0,2,3,1,1,35
2.023E+11,155 650 262,A01,0,2,6,9,1,1,1,
2.023E+11,155 650 261,A01,2,33,0,0,1,26,1,
2.023E+11,155 650 258,A01,0,7,15,1,1,2,0,
2.023E+11,155 650 257,A01,2,7,0,1,4,20,1,
2.023E+11,155 650 254,A01,2,7,0,2,2,5,1,
2.023E+11,155 650 256,B01,1,7,0,2,1,1,1,
2.023E+11,155 650 253,A01,2,2,8,2,2,17,1,
2.023E+11,155 650 255,B01,2,7,12,2,3,15,1,
2.023E+11,155 650 250,A01,3,7,0,2,1,19,0,
2.023E+11,155 650 252,B01,3,7,0,0,3,1,0,
2.023E+11,155 650 251,A01,1,7,0,0,1,16,1,
2.023E+11,155 650 248,A01,2,7,0,2,3,13,1,
2.023E+11,155 650 249,B01,1,7,0,2,3,21,1,
2.023E+11,155 650 247,A01,1,7,2,0,9,13,1,
2.023E+11,155 650 245,B01,1,7,0,2,2,15,3,
2.023E+11,155 650 246,A01,2,33,0,2,1,1,1,
2.023E+11,155 650 243,A01,1,33,0,2,8,13,0,
2.023E+11,155 650 244,B01,2,7,0,0,1,1,0,
2.023E+11,155 650 242,A01,0,36,8,0,2,1,0,
2.023E+11,155 650 240,A01,1,33,13,0,1,1,1,
2.023E+11,155 650 241,B01,1,33,13,0,1,1,1,
2.023E+11,155 650 239,A01,1,7,2,0,8,1,1,
2.023E+11,155 650 235,B01,1,10,1,0,1,2,1,
2.023E+11,155 650 238,A01,1,7,0,2,3,23,1,
2.023E+11,155 650 236,B01,1,2,0,2,1,9,1,
2.023E+11,155 650 237,A01,1,10,0,0,3,9,1,
2.023E+11,155 650 233,A01,1,7,0,2,8,15,1,
2.023E+11,155 650 234,B01,1,33,0,2,1,1,1,
2.023E+11,155 650 230,A01,1,7,0,2,5,1,0,
2.023E+11,155 650 231,B01,1,33,0,2,1,3,1,
2.023E+11,155 650 232,A01,1,2,1,0,1,1,1,
2.023E+11,155 650 227,A01,1,33,0,0,9,0,1,
2.023E+11,155 650 226,A01,2,7,0,2,1,2,1,
2.023E+11,155 650 228,B01,2,7,0,2,4,1,1,
2.023E+11,155 650 229,C01,2,7,0,2,4,1,1,
2.023E+11,155 650 223,A01,2,7,0,2,3,1,1,
2.023E+11,155 650 224,Z01,2,7,0,2,2,0,0,
2.023E+11,155 650 221,A01,1,7,0,2,6,13,1,
2.023E+11,155 650 222,B01,1,7,0,2,6,13,1,
2.023E+11,155 650 225,C01,1,7,0,2,2,1,1,
2.023E+11,155 650 219,B01,1,7,0,2,4,0,1,
2.023E+11,155 650 220,Z01,1,7,0,2,1,0,2,
2.023E+11,155 650 217,A01,1,7,4,0,1,1,1,
2.023E+11,155 650 215,A01,1,7,0,9,3,2,1,
2.023E+11,155 650 216,B01,1,7,0,0,5,17,1,
2.023E+11,155 650 218,C01,1,1,0,0,8,1,5,
2.023E+11,155 650 213,A01,2,7,0,2,1,15,1,
2.023E+11,155 650 214,B01,3,30,0,2,8,1,1,
2.023E+11,155 650 210,B01,1,7,0,2,1,1,0,
2.023E+11,155 650 211,A01,1,7,0,0,4,0,0,
2.023E+11,155 650 209,A01,1,7,0,2,2,15,1,
2.023E+11,155 650 212,B01,1,33,0,2,1,1,1,
2.023E+11,155 650 207,A01,1,7,0,1,1,1,1,
2.023E+11,155 650 206,A01,2,7,0,2,6,9,1,
2.023E+11,155 650 208,B01,2,33,0,2,1,1,1,
2.023E+11,155 650 205,A01,1,7,1,0,2,1,1,
2.023E+11,155 650 202,A01,3,16,0,2,5,19,0,
2.023E+11,155 650 203,B01,3,2,0,2,1,1,1,
2.023E+11,155 650 201,A01,1,7,0,2,7,1,1,
2.023E+11,155 650 204,B01,3,30,0,2,1,1,1,
2.023E+11,155 650 199,A01,2,33,7,0,1,1,1,
2.023E+11,155 650 198,A01,1,30,0,2,1,1,1,
2.023E+11,155 650 200,Z01,2,7,0,2,0,0,0,
2.023E+11,155 650 195,A01,1,1,0,2,1,1,5,
2.023E+11,155 650 197,B01,1,7,0,0,8,1,1,
2.023E+11,155 650 194,B01,1,34,0,2,1,17,1,
2.023E+11,155 650 196,A01,1,7,0,2,3,15,1,
2.023E+11,155 650 193,A01,1,7,13,0,1,1,1,
2.023E+11,155 650 190,A01,2,7,0,2,2,13,1,
2.023E+11,155 650 191,B01,1,7,0,2,1,0,1,
2.023E+11,155 650 192,C01,1,7,0,2,8,0,1,
2.023E+11,155 650 188,A01,3,7,0,2,2,1,0,
2.023E+11,155 650 189,B01,3,1,0,2,6,15,5,
2.023E+11,155 650 186,A01,1,7,0,2,2,12,1,
2.023E+11,155 650 187,B01,1,33,0,2,3,1,1,
2.023E+11,155 650 184,B01,1,10,0,2,3,2,1,
2.023E+11,155 650 185,A01,1,32,0,0,9,1,1,
2.023E+11,155 650 182,A01,1,20,0,2,5,1,1,
2.023E+11,155 650 183,B01,1,33,0,2,3,2,1,
2.023E+11,155 650 177,A01,0,10,0,2,4,2,1,
2.023E+11,155 650 179,D01,2,10,0,2,1,2,1,
2.023E+11,155 650 180,B01,2,7,0,2,4,2,1,
2.023E+11,155 650 181,C01,2,7,0,2,4,2,1,
2.023E+11,155 650 174,B01,1,33,0,2,1,21,1,
2.023E+11,155 650 176,A01,1,10,14,0,4,26,1,
2.023E+11,155 650 175,A01,2,7,0,9,1,16,1,
2.023E+11,155 650 178,B01,2,30,0,9,6,1,1,
2.023E+11,155 650 172,A01,1,33,0,2,1,3,1,
2.023E+11,155 650 173,B01,1,7,0,2,4,23,1,
2.023E+11,155 650 168,D01,2,7,0,2,4,2,1,
2.023E+11,155 650 169,C01,2,7,0,2,1,2,1,
2.023E+11,155 650 170,A01,2,10,0,2,2,2,1,
2.023E+11,155 650 171,B01,2,7,0,2,4,2,1,
2.023E+11,155 650 165,A01,2,15,0,2,7,12,1,
2.023E+11,155 650 166,B01,2,7,0,2,8,1,1,
2.023E+11,155 650 167,C01,2,33,0,2,7,1,1,
2.023E+11,155 650 163,B01,1,1,0,2,7,1,5,
2.023E+11,155 650 164,A01,2,32,0,2,1,9,1,
2.023E+11,155 650 162,A01,2,7,0,1,3,9,1,
2.023E+11,155 650 161,B01,1,30,0,0,0,21,1,
2.023E+11,155 650 160,A01,1,30,0,1,1,1,3,
2.023E+11,155 650 158,B01,3,50,0,2,3,1,3,
2.023E+11,155 650 159,A01,1,33,0,2,2,1,1,
2.023E+11,155 650 157,A01,2,1,0,0,0,1,5,
2.023E+11,155 650 156,A01,1,50,0,1,1,5,3,
2.023E+11,155 650 155,A01,1,7,0,1,1,1,1,
2.023E+11,155 650 153,A01,1,10,0,2,7,1,0,
2.023E+11,155 650 154,B01,1,32,0,2,3,13,1,
2.023E+11,155 650 151,B01,1,7,0,2,4,2,1,
2.023E+11,155 650 152,A01,1,7,0,2,1,2,1,
2.023E+11,155 650 150,A01,3,7,0,1,1,20,1,
2.023E+11,155 650 148,A01,1,7,0,2,2,14,1,
2.023E+11,155 650 149,B01,1,31,0,0,3,3,1,
2.023E+11,155 650 146,B01,3,7,0,2,5,16,1,
2.023E+11,155 650 147,A01,3,14,0,2,3,1,1,
2.023E+11,155 650 144,B01,3,7,0,2,2,1,1,
2.023E+11,155 650 145,A01,3,7,0,2,3,11,1,
2.023E+11,155 650 142,A01,2,7,0,2,3,10,1,
2.023E+11,155 650 143,B01,2,43,0,2,1,1,1,
2.023E+11,155 650 140,A01,2,33,0,2,2,15,1,
2.023E+11,155 650 141,B01,0,7,0,2,8,15,0,
2.023E+11,155 650 136,A01,1,37,8,2,1,5,6,2
2.023E+11,155 650 137,B01,2,7,0,2,1,1,1,
2.023E+11,155 650 138,D01,2,7,0,2,1,1,1,
2.023E+11,155 650 139,C01,2,7,0,2,1,2,1,
2.023E+11,155 650 135,A01,0,7,0,1,3,1,0,
2.023E+11,155 650 133,A01,2,7,9,2,2,16,5,
2.023E+11,155 650 134,B01,1,1,0,0,0,0,5,
2.023E+11,155 650 131,B01,1,1,0,2,1,2,5,
2.023E+11,155 650 132,A01,1,7,0,2,4,23,1,
2.023E+11,155 650 129,B01,3,14,0,2,2,1,1,
2.023E+11,155 650 130,A01,3,30,0,2,8,0,3,
2.023E+11,155 650 127,Z01,1,33,0,9,0,0,0,
2.023E+11,155 650 128,B01,3,50,0,2,7,15,3,
2.023E+11,155 650 125,B01,2,43,8,0,1,21,1,
2.023E+11,155 650 126,A01,2,1,0,0,0,0,5,
2.023E+11,155 650 123,A01,2,7,0,2,0,1,0,
2.023E+11,155 650 124,B01,2,2,0,2,7,17,3,
2.023E+11,155 650 122,A01,1,43,0,1,3,21,1,
2.023E+11,155 650 120,B01,0,7,0,0,8,24,1,
2.023E+11,155 650 121,A01,2,7,1,0,2,14,2,
2.023E+11,155 650 118,A01,2,38,0,2,7,16,1,1
2.023E+11,155 650 119,B01,1,1,0,2,8,16,5,
2.023E+11,155 650 116,B01,3,7,0,2,3,1,1,
2.023E+11,155 650 117,A01,1,7,0,2,1,1,1,
2.023E+11,155 650 114,A01,2,7,0,2,3,10,1,
2.023E+11,155 650 115,B01,1,32,0,2,1,17,1,
2.023E+11,155 650 113,A01,3,33,0,0,8,15,1,
2.023E+11,155 650 111,A01,1,7,0,2,1,1,1,
2.023E+11,155 650 112,B01,1,7,0,2,6,1,1,
2.023E+11,155 650 110,A01,1,7,0,1,3,26,1,
2.023E+11,155 650 109,A01,2,36,0,0,9,0,1,
2.023E+11,155 650 108,A01,1,80,0,1,0,26,3,
2.023E+11,155 650 107,A01,3,10,16,0,9,14,1,
2.023E+11,155 650 106,A01,2,10,0,1,3,1,1,
2.023E+11,155 650 104,B01,1,33,0,2,7,17,0,
2.023E+11,155 650 105,A01,1,7,0,2,8,11,0,
2.023E+11,155 650 102,A01,3,10,0,0,6,10,1,
2.023E+11,155 650 103,B01,2,32,0,2,1,1,1,
2.023E+11,155 650 100,A01,0,2,0,0,1,0,0,
2.023E+11,155 650 101,B01,0,7,0,0,8,0,0,
2.023E+11,155 650 098,B01,1,7,0,2,2,1,0,
2.023E+11,155 650 099,A01,1,7,0,2,4,1,0,
2.023E+11,155 650 097,A01,1,7,2,0,1,14,1,
2.023E+11,155 650 096,A01,1,7,0,1,1,1,1,
2.023E+11,155 650 095,A01,2,7,2,0,9,14,1,
2.023E+11,155 650 092,B01,2,7,0,2,9,23,0,
2.023E+11,155 650 093,A01,2,7,0,2,4,23,0,
2.023E+11,155 650 094,C01,2,10,0,2,1,1,1,
2.023E+11,155 650 090,A01,1,7,0,2,6,15,1,
2.023E+11,155 650 091,B01,2,7,0,2,1,1,1,
2.023E+11,155 650 088,A01,1,7,0,2,1,11,1,
2.023E+11,155 650 089,B01,2,10,0,2,1,2,1,
2.023E+11,155 650 087,A01,3,7,0,0,9,14,1,
2.023E+11,155 650 085,A01,3,7,0,2,3,19,1,
2.023E+11,155 650 086,B01,1,7,0,2,1,1,1,
2.023E+11,155 650 083,B01,1,7,0,9,2,2,1,
2.023E+11,155 650 084,A01,1,1,0,2,4,2,5,
2.023E+11,155 650 081,B01,2,7,0,2,1,2,1,
2.023E+11,155 650 082,A01,2,10,0,0,4,11,1,
2.023E+11,155 650 080,A01,1,2,0,0,6,1,1,
2.023E+11,155 650 079,A01,3,21,0,0,0,12,1,
2.023E+11,155 650 078,A01,2,7,13,0,1,14,1,
2.023E+11,155 650 077,A01,1,7,17,0,2,1,1,
2.023E+11,155 650 076,A01,0,7,1,0,1,0,1,
2.023E+11,155 650 075,A01,0,7,0,1,3,26,1,
2.023E+11,155 650 074,A01,3,7,5,0,2,0,1,
2.023E+11,155 650 073,A01,3,7,0,1,8,1,3,
2.023E+11,155 650 072,A01,1,7,16,0,0,1,1,
2.023E+11,155 650 071,A01,2,7,0,1,5,1,1,
2.023E+11,155 650 070,A01,1,7,0,0,8,1,1,
2.023E+11,155 650 067,A01,2,7,0,2,1,15,1,
2.023E+11,155 650 068,B01,1,7,0,2,1,1,1,
2.023E+11,155 650 069,C01,2,7,0,2,3,2,1,
2.023E+11,155 650 065,A01,1,7,0,2,1,13,1,
2.023E+11,155 650 066,B01,2,7,0,2,1,1,1,
2.023E+11,155 650 064,A01,3,7,0,1,1,0,1,
2.023E+11,155 650 062,B01,1,2,0,2,8,1,1,
2.023E+11,155 650 063,A01,2,7,0,2,3,15,1,
2.023E+11,155 650 061,A01,2,10,3,0,3,0,1,
2.023E+11,155 650 058,C01,1,13,0,2,4,1,1,
2.023E+11,155 650 059,A01,1,7,3,2,1,17,1,
2.023E+11,155 650 060,B01,1,7,3,2,4,17,1,
2.023E+11,155 650 057,A01,2,7,0,1,1,1,1,
2.023E+11,155 650 056,A01,3,37,0,1,1,17,1,1
2.023E+11,155 650 055,A01,1,7,0,1,3,1,1,
2.023E+11,155 650 053,A01,2,7,0,2,2,21,1,
2.023E+11,155 650 054,B01,2,14,0,2,6,15,1,
2.023E+11,155 650 052,A01,1,34,12,0,1,1,0,
2.023E+11,155 650 051,A01,1,7,2,0,7,14,1,
2.023E+11,155 650 050,A01,3,7,6,0,2,1,1,
2.023E+11,155 650 047,A01,1,7,0,2,2,17,1,
2.023E+11,155 650 048,B01,2,7,0,2,1,1,1,
2.023E+11,155 650 049,C01,1,7,0,2,1,1,1,
2.023E+11,155 650 046,A01,3,7,0,0,0,0,0,
2.023E+11,155 650 044,B01,3,2,0,2,1,13,1,
2.023E+11,155 650 045,A01,3,7,0,0,8,21,1,
2.023E+11,155 650 043,A01,2,7,9,0,1,1,1,
2.023E+11,155 650 042,A01,1,7,6,0,3,1,1,
2.023E+11,155 650 039,C01,1,10,0,2,3,1,0,
2.023E+11,155 650 040,B01,2,33,0,2,1,2,6,
2.023E+11,155 650 041,A01,2,7,0,0,6,2,0,
2.023E+11,155 650 037,A01,1,7,0,2,1,1,1,
2.023E+11,155 650 038,B01,2,7,0,2,1,11,1,
2.023E+11,155 650 035,A01,1,50,0,2,2,19,3,
2.023E+11,155 650 036,B01,1,7,0,2,1,1,1,
2.023E+11,155 650 033,A01,2,1,16,2,8,13,5,
2.023E+11,155 650 034,B01,2,1,0,2,7,2,5,
2.023E+11,155 650 032,A01,1,7,13,0,2,26,1,
2.023E+11,155 650 031,A01,2,10,0,0,1,26,1,
2.023E+11,155 650 029,B01,1,7,0,2,8,1,1,
2.023E+11,155 650 030,A01,1,14,0,2,7,12,1,
2.023E+11,155 650 024,A01,1,7,4,2,1,2,1,
2.023E+11,155 650 025,B01,1,7,4,2,4,2,1,
2.023E+11,155 650 026,C01,1,7,4,2,1,2,1,
2.023E+11,155 650 027,D01,1,7,4,2,1,2,1,
2.023E+11,155 650 028,E01,1,7,4,2,4,2,1,
2.023E+11,155 650 020,C01,2,7,0,2,4,1,1,
2.023E+11,155 650 021,B01,2,7,0,2,4,1,1,
2.023E+11,155 650 022,A01,2,7,0,2,1,1,1,
2.023E+11,155 650 023,D01,2,7,0,2,4,1,1,
2.023E+11,155 650 018,B01,1,7,0,0,4,2,1,
2.023E+11,155 650 019,A01,1,10,0,2,1,1,1,
2.023E+11,155 650 016,A01,2,31,0,2,7,0,1,
2.023E+11,155 650 017,Z01,2,7,0,2,0,0,0,
2.023E+11,155 650 015,A01,1,7,2,0,1,1,1,
2.023E+11,155 650 013,B01,1,7,0,2,2,26,1,
2.023E+11,155 650 014,A01,2,7,0,2,5,17,1,
2.023E+11,155 650 011,A01,1,7,0,2,1,2,1,
2.023E+11,155 650 012,B01,1,7,0,2,4,1,1,
2.023E+11,155 650 009,A01,3,7,0,2,3,1,1,
2.023E+11,155 650 010,B01,3,1,0,2,3,19,5,
2.023E+11,155 650 007,B01,2,2,0,2,1,1,1,
2.023E+11,155 650 008,A01,1,7,0,2,3,15,2,
2.023E+11,155 650 005,A01,1,80,0,2,1,15,3,
2.023E+11,155 650 006,B01,1,7,0,2,3,1,1,
2.023E+11,155 650 003,A01,1,7,0,2,2,2,1,
2.023E+11,155 650 004,B01,1,33,0,2,4,2,1,
2.023E+11,155 650 001,B01,3,7,0,2,2,1,1,
2.023E+11,155 650 002,A01,1,7,0,2,1,2,1,
2.023E+11,155 649 997,D01,3,7,0,2,6,1,1,
2.023E+11,155 649 998,C01,3,7,0,2,6,1,1,
2.023E+11,155 649 999,B01,3,7,0,2,4,1,1,
2.023E+11,155 650 000,A01,3,7,0,2,1,1,1,
2.023E+11,155 649 995,A01,0,7,0,2,2,1,1,
2.023E+11,155 649 996,B01,3,99,0,2,3,1,5,
2.023E+11,155 649 990,A01,1,7,0,2,1,2,6,
2.023E+11,155 649 991,B01,1,10,0,2,4,2,1,
2.023E+11,155 649 989,A01,0,7,0,1,1,1,1,
2.023E+11,155 649 988,A01,0,37,0,1,5,7,1,1
2.023E+11,155 649 986,A01,1,7,0,2,6,19,1,
2.023E+11,155 649 987,Z01,1,7,0,2,6,0,1,
2.023E+11,155 649 984,A01,1,7,3,2,2,26,1,
2.023E+11,155 649 985,B01,1,7,0,2,3,26,1,
2.023E+11,155 649 981,A01,2,7,0,2,1,2,1,
2.023E+11,155 649 982,B01,2,7,0,2,9,2,1,
2.023E+11,155 649 983,C01,1,7,0,2,3,26,1,
2.023E+11,155 649 980,A01,1,37,0,1,2,1,1,1
2.023E+11,155 649 978,A01,1,10,0,1,5,4,1,
2.023E+11,155 649 976,A01,1,35,0,2,4,20,3,
2.023E+11,155 649 977,B01,1,50,0,2,1,1,3,
2.023E+11,155 649 975,A01,1,7,0,1,3,1,1,
2.023E+11,155 649 974,A01,3,7,0,1,3,13,1,
2.023E+11,155 649 972,B01,2,80,0,2,1,1,3,
2.023E+11,155 649 973,A01,2,7,0,2,2,15,1,
2.023E+11,155 649 971,A01,3,7,0,1,1,1,1,
2.023E+11,155 649 970,A01,1,30,0,0,7,21,1,
2.023E+11,155 649 968,B01,2,7,0,2,3,1,1,
2.023E+11,155 649 969,A01,1,7,8,2,2,10,1,
2.023E+11,155 649 967,A01,1,7,0,1,1,1,1,
2.023E+11,155 649 965,A01,1,10,0,2,1,1,1,
2.023E+11,155 649 966,B01,1,7,0,2,4,1,1,
2.023E+11,155 649 964,A01,1,30,1,5,1,9,1,
2.023E+11,155 649 961,C01,1,7,0,2,4,23,1,
2.023E+11,155 649 962,B01,1,7,0,2,1,1,1,
2.023E+11,155 649 963,A01,1,7,0,2,1,1,1,
2.023E+11,155 649 960,A01,1,37,1,1,3,22,1,1
2.023E+11,155 649 958,A01,1,7,0,9,2,16,1,
2.023E+11,155 649 959,B01,1,50,0,2,8,1,3,
2.023E+11,155 649 956,A01,2,7,0,2,8,15,1,
2.023E+11,155 649 957,B01,1,32,0,2,1,1,1,
2.023E+11,155 649 954,B01,1,7,0,2,5,1,1,
2.023E+11,155 649 955,A01,1,3,0,2,1,2,1,
2.023E+11,155 649 953,A01,1,7,0,1,1,1,1,
2.023E+11,155 649 952,A01,1,7,0,1,1,15,1,
2.023E+11,155 649 950,B01,2,7,0,0,0,0,1,
2.023E+11,155 649 951,A01,2,7,2,2,2,14,1,
2.023E+11,155 649 949,A01,2,31,0,1,1,0,1,
2.023E+11,155 649 947,B01,1,7,0,2,8,15,1,
2.023E+11,155 649 948,A01,1,33,0,2,7,17,1,
2.023E+11,155 649 944,C01,2,14,0,2,8,1,1,
2.023E+11,155 649 945,A01,2,7,0,2,1,1,1,
2.023E+11,155 649 946,B01,2,7,0,2,6,1,1,
2.023E+11,155 649 942,A01,2,33,0,2,1,1,1,
2.023E+11,155 649 943,B01,2,7,0,2,4,1,1,
2.023E+11,155 649 941,A01,1,7,0,1,2,1,1,
2.023E+11,155 649 939,B01,3,33,0,2,2,12,1,
2.023E+11,155 649 940,A01,3,43,0,2,3,18,1,
2.023E+11,155 649 937,A01,3,7,0,2,2,15,1,
2.023E+11,155 649 938,B01,3,7,0,2,1,1,1,
2.023E+11,155 649 936,A01,1,7,0,1,3,1,1,
2.023E+11,155 649 934,A01,3,7,0,2,3,16,1,
2.023E+11,155 649 935,B01,3,7,0,2,8,1,1,
2.023E+11,155 649 932,A01,2,2,0,2,1,17,1,
2.023E+11,155 649 933,B01,2,7,0,2,3,15,1,
2.023E+11,155 649 930,B01,3,1,0,2,0,25,5,
2.023E+11,155 649 931,A01,2,7,0,2,2,1,1,
2.023E+11,155 649 928,A01,2,7,0,2,3,15,6,
2.023E+11,155 649 929,B01,2,32,0,2,2,17,1,
2.023E+11,155 649 926,B01,3,7,0,2,4,2,1,
2.023E+11,155 649 927,A01,3,7,0,2,1,2,1,
2.023E+11,155 649 923,B01,3,7,0,2,4,1,1,
2.023E+11,155 649 924,A01,3,7,0,2,1,1,0,
2.023E+11,155 649 925,C01,3,7,0,2,4,2,3,
2.023E+11,155 649 919,A01,2,50,0,2,1,25,3,
2.023E+11,155 649 920,B01,2,10,0,9,2,2,1,
2.023E+11,155 649 915,B01,1,7,0,2,4,1,1,
2.023E+11,155 649 916,A01,1,7,0,2,4,2,1,
2.023E+11,155 649 917,C01,1,7,0,2,1,2,1,
2.023E+11,155 649 918,D01,1,7,0,2,1,2,1,
2.023E+11,155 649 914,A01,1,10,0,1,1,1,3,
2.023E+11,155 649 913,A01,1,7,9,1,1,1,1,
2.023E+11,155 649 912,A01,2,7,0,1,2,17,1,
2.023E+11,155 649 910,A01,3,0,0,2,0,0,0,