Num_Acc,id_vehicule,num_veh,senc,catv,obs,obsm,choc,manv,motor,occutc
2.023E+11,155 647 578,A01,0,33,0,2,1,2,1,
2.023E+11,155 647 581,B01,0,7,0,2,4,23,1,
2.023E+11,155 647 577,B01,2,7,0,2,3,0,1,
2.023E+11,155 647 580,A01,1,33,0,2,1,0,1,
2.023E+11,155 647 574,A01,1,33,0,2,1,3,1,
2.023E+11,155 647 576,B01,1,7,0,2,1,12,1,
2.023E+11,155 647 573,A01,1,32,0,2,2,17,1,
2.023E+11,155 647 575,B01,1,7,0,2,3,10,1,
2.023E+11,155 647 569,A01,1,7,0,2,1,1,1,
2.023E+11,155 647 571,B01,1,7,0,2,4,16,1,
2.023E+11,155 647 564,A01,1,7,0,2,1,2,1,
2.023E+11,155 647 568,B01,1,7,0,2,1,1,1,
2.023E+11,155 647 572,C01,1,7,0,2,4,2,1,
2.023E+11,155 647 562,A01,1,7,7,2,2,19,1,
2.023E+11,155 647 566,C01,2,15,0,2,1,1,1,
2.023E+11,155 647 570,B01,2,15,0,2,1,1,1,
2.023E+11,155 647 563,A01,2,7,0,2,1,2,1,
2.023E+11,155 647 567,B01,2,7,0,2,4,1,1,
2.023E+11,155 647 559,A01,1,7,0,2,1,0,1,
2.023E+11,155 647 561,B01,2,7,0,0,0,0,0,
2.023E+11,155 647 560,A01,2,7,0,2,1,15,1,
2.023E+11,155 647 565,B01,1,1,0,2,1,1,5,
2.023E+11,155 647 557,A01,0,7,0,1,2,1,1,
2.023E+11,155 647 555,A01,1,37,0,1,5,4,1,1
2.023E+11,155 647 556,A01,3,31,0,2,7,5,1,
2.023E+11,155 647 558,B01,3,7,0,2,1,1,1,
2.023E+11,155 647 554,A01,1,7,0,1,3,1,1,
2.023E+11,155 647 552,A01,3,7,2,0,2,0,1,
2.023E+11,155 647 551,A01,0,7,0,2,3,15,1,
2.023E+11,155 647 553,B01,0,33,0,2,2,1,1,
2.023E+11,155 647 550,A01,2,10,0,1,1,1,1,
2.023E+11,155 647 546,A01,3,7,0,2,1,1,1,
2.023E+11,155 647 549,B01,3,7,0,2,4,1,1,
2.023E+11,155 647 547,A01,2,10,2,0,1,0,1,
2.023E+11,155 647 548,A01,1,31,0,1,0,1,1,
2.023E+11,155 647 545,A01,3,7,0,1,0,2,1,
2.023E+11,155 647 539,A01,2,7,8,0,2,15,1,
2.023E+11,155 647 537,A01,3,7,0,2,8,1,1,
2.023E+11,155 647 541,B01,3,30,0,2,7,1,1,
2.023E+11,155 647 538,A01,1,7,0,2,2,16,2,
2.023E+11,155 647 542,B01,1,1,0,2,1,1,5,
2.023E+11,155 647 536,A01,1,7,0,2,1,15,1,
2.023E+11,155 647 543,B01,2,33,0,2,1,1,1,
2.023E+11,155 647 534,A01,1,7,0,2,1,1,1,
2.023E+11,155 647 535,C01,1,7,0,2,4,1,1,
2.023E+11,155 647 540,D01,1,7,0,2,4,1,1,
2.023E+11,155 647 544,B01,1,7,0,2,4,1,1,
2.023E+11,155 647 527,A01,1,7,0,2,3,13,1,
2.023E+11,155 647 531,B01,2,7,0,2,1,1,1,
2.023E+11,155 647 533,A01,3,1,0,0,0,1,5,
2.023E+11,155 647 526,C01,1,7,0,2,6,23,1,
2.023E+11,155 647 528,A01,1,10,0,2,1,2,1,
2.023E+11,155 647 529,D01,1,7,0,2,4,23,1,
2.023E+11,155 647 530,B01,1,7,0,2,4,2,1,
2.023E+11,155 647 523,B01,1,33,0,2,1,1,1,
2.023E+11,155 647 532,A01,2,32,0,2,8,15,1,
2.023E+11,155 647 524,A01,1,7,0,0,0,1,1,
2.023E+11,155 647 521,A01,2,7,0,2,3,1,2,
2.023E+11,155 647 525,B01,1,7,0,2,3,1,1,
2.023E+11,155 647 522,A01,2,30,1,0,3,13,3,
2.023E+11,155 647 515,A01,3,33,0,1,1,21,1,
2.023E+11,155 647 517,A01,2,7,0,1,3,18,1,
2.023E+11,155 647 516,B01,0,33,0,2,1,1,1,
2.023E+11,155 647 520,A01,0,30,0,2,7,1,1,
2.023E+11,155 647 512,A01,3,7,0,2,5,15,2,
2.023E+11,155 647 518,B01,3,7,0,2,3,1,1,
2.023E+11,155 647 506,A01,1,10,0,2,1,2,1,
2.023E+11,155 647 508,B01,1,10,0,2,6,0,1,
2.023E+11,155 647 504,A01,2,7,17,0,2,1,1,
2.023E+11,155 647 503,A01,2,7,0,2,3,15,1,
2.023E+11,155 647 505,B01,2,33,0,2,2,17,1,
2.023E+11,155 647 507,A01,2,7,0,2,3,8,1,
2.023E+11,155 647 511,B01,0,60,0,2,8,19,5,
2.023E+11,155 647 501,A01,1,7,0,1,1,1,1,
2.023E+11,155 647 500,A01,1,7,0,2,1,1,1,
2.023E+11,155 647 502,B01,1,7,0,2,4,23,1,
2.023E+11,155 647 496,B01,1,15,0,2,3,1,1,
2.023E+11,155 647 497,A01,2,7,0,2,3,13,1,
2.023E+11,155 647 498,A01,1,7,0,2,3,13,0,
2.023E+11,155 647 499,B01,2,7,10,2,8,1,0,
2.023E+11,155 647 495,A01,3,7,1,1,1,20,1,
2.023E+11,155 647 492,A01,3,7,0,2,2,1,1,
2.023E+11,155 647 494,B01,3,60,0,2,1,19,5,
2.023E+11,155 647 493,A01,2,7,0,1,1,1,1,
2.023E+11,155 647 490,A01,2,7,0,2,6,15,1,
2.023E+11,155 647 491,B01,2,43,0,2,2,3,1,
2.023E+11,155 647 488,B01,1,7,0,2,4,1,1,
2.023E+11,155 647 489,A01,1,7,0,2,1,1,1,
2.023E+11,155 647 487,A01,1,7,6,0,1,1,2,
2.023E+11,155 647 483,A01,2,7,12,0,4,2,1,
2.023E+11,155 647 485,B01,2,7,0,2,2,2,1,
2.023E+11,155 647 484,B01,3,43,0,2,5,1,1,
2.023E+11,155 647 486,A01,3,7,1,0,2,1,1,
2.023E+11,155 647 481,A01,1,7,0,1,2,1,1,
2.023E+11,155 647 479,A01,1,7,0,1,2,15,1,
2.023E+11,155 647 480,A01,2,7,0,2,5,17,1,
2.023E+11,155 647 482,B01,2,37,0,2,2,1,1,1
2.023E+11,155 647 476,A01,2,7,0,2,1,2,1,
2.023E+11,155 647 478,B01,2,2,0,2,4,15,1,
2.023E+11,155 647 477,A01,3,33,2,0,1,1,1,
2.023E+11,155 647 474,B01,1,2,0,2,0,1,1,
2.023E+11,155 647 475,A01,2,7,0,2,0,15,1,
2.023E+11,155 647 472,A01,3,7,8,0,1,13,1,
2.023E+11,155 647 471,A01,1,10,13,0,1,1,1,
2.023E+11,155 647 470,A01,2,7,0,2,4,20,1,
2.023E+11,155 647 473,B01,2,2,0,2,1,1,1,
2.023E+11,155 647 465,A01,3,7,0,2,1,14,1,
2.023E+11,155 647 469,B01,3,7,0,2,3,23,1,
2.023E+11,155 647 466,B01,2,7,0,2,1,1,1,
2.023E+11,155 647 468,A01,2,7,0,0,6,0,1,
2.023E+11,155 647 467,A01,1,7,0,0,1,1,1,
2.023E+11,155 647 462,A01,2,1,0,0,0,0,5,
2.023E+11,155 647 461,B01,2,7,0,2,1,5,0,
2.023E+11,155 647 463,A01,2,33,13,2,1,1,1,
2.023E+11,155 647 460,B01,2,33,0,2,4,9,0,
2.023E+11,155 647 464,A01,2,7,0,2,3,9,0,
2.023E+11,155 647 459,A01,1,7,13,0,1,19,1,
2.023E+11,155 647 456,A01,2,7,1,0,1,2,1,
2.023E+11,155 647 458,B01,2,15,0,0,4,23,1,
2.023E+11,155 647 457,A01,0,7,0,1,1,1,1,
2.023E+11,155 647 455,Z01,2,7,0,1,1,1,1,
2.023E+11,155 647 453,A01,1,7,13,0,8,19,6,
2.023E+11,155 647 454,A01,2,50,0,1,1,1,3,
2.023E+11,155 647 452,A01,3,7,0,1,1,1,1,
2.023E+11,155 647 447,C01,1,10,0,2,1,2,1,
2.023E+11,155 647 449,A01,1,7,0,2,4,1,1,
2.023E+11,155 647 451,B01,1,7,0,2,1,2,1,
2.023E+11,155 647 448,A01,3,10,0,2,3,15,1,
2.023E+11,155 647 450,B01,3,37,0,2,2,1,1,1
2.023E+11,155 647 446,A01,2,7,0,0,9,1,1,
2.023E+11,155 647 443,A01,1,7,0,1,2,1,6,
2.023E+11,155 647 442,A01,2,10,0,2,4,2,1,
2.023E+11,155 647 445,B01,2,33,0,2,1,2,1,
2.023E+11,155 647 441,A01,1,50,0,2,1,1,3,
2.023E+11,155 647 444,B01,2,7,0,2,5,15,2,
2.023E+11,155 647 438,A01,3,7,0,1,1,1,1,
2.023E+11,155 647 434,A01,1,7,0,2,7,9,1,
2.023E+11,155 647 436,B01,1,1,0,2,3,1,5,
2.023E+11,155 647 432,F01,2,7,0,2,7,23,1,
2.023E+11,155 647 433,E01,2,7,0,2,6,23,1,
2.023E+11,155 647 435,D01,2,7,0,2,5,23,1,
2.023E+11,155 647 437,C01,2,15,0,2,3,23,1,
2.023E+11,155 647 439,B01,2,7,0,2,5,23,1,
2.023E+11,155 647 440,A01,2,10,0,2,3,21,1,
2.023E+11,155 647 427,B01,2,10,0,2,2,0,1,
2.023E+11,155 647 429,A01,2,33,0,2,2,1,1,
2.023E+11,155 647 426,A01,1,30,0,2,1,15,1,
2.023E+11,155 647 428,B01,1,7,0,2,6,1,1,
2.023E+11,155 647 430,B01,2,10,0,2,5,15,1,
2.023E+11,155 647 431,A01,1,41,0,2,2,1,1,
2.023E+11,155 647 425,A01,1,7,1,0,3,13,1,
2.023E+11,155 647 422,B01,2,1,0,2,7,1,5,
2.023E+11,155 647 424,A01,3,7,0,2,3,9,1,
2.023E+11,155 647 418,B01,3,1,0,2,4,1,5,
2.023E+11,155 647 420,C01,3,7,0,2,4,2,1,
2.023E+11,155 647 423,A01,3,7,0,9,0,0,1,
2.023E+11,155 647 419,B01,2,7,4,2,4,2,1,
2.023E+11,155 647 421,A01,2,7,0,2,1,2,1,
2.023E+11,155 647 416,A01,3,7,0,2,2,19,1,
2.023E+11,155 647 417,B01,3,1,0,9,3,19,5,
2.023E+11,155 647 414,B01,2,7,0,2,4,2,1,
2.023E+11,155 647 415,Z01,2,7,0,2,1,26,0,
2.023E+11,155 647 412,A01,2,7,12,1,1,1,1,
2.023E+11,155 647 407,B01,1,7,0,2,4,2,1,
2.023E+11,155 647 410,A01,1,10,0,2,1,2,1,
2.023E+11,155 647 411,D01,1,7,0,2,4,2,1,
2.023E+11,155 647 413,C01,1,10,0,2,4,2,1,
2.023E+11,155 647 406,A01,1,1,0,2,8,13,5,
2.023E+11,155 647 409,B01,1,7,0,2,7,17,1,
2.023E+11,155 647 405,A01,2,32,0,2,1,18,1,
2.023E+11,155 647 408,B01,1,7,0,2,2,15,1,
2.023E+11,155 647 404,A01,2,36,0,0,0,1,1,
2.023E+11,155 647 403,A01,1,7,2,0,1,0,1,
2.023E+11,155 647 400,A01,2,7,0,2,5,13,1,
2.023E+11,155 647 402,B01,2,33,0,2,1,3,1,
2.023E+11,155 647 401,A01,3,10,0,1,7,4,1,
2.023E+11,155 647 392,G01,2,7,0,2,2,1,1,
2.023E+11,155 647 393,E01,2,7,0,2,1,2,1,
2.023E+11,155 647 394,D01,2,7,0,2,4,2,1,
2.023E+11,155 647 396,C01,2,7,0,2,2,1,1,
2.023E+11,155 647 397,B01,2,15,0,2,3,1,1,
2.023E+11,155 647 398,F01,2,7,0,2,2,1,1,
2.023E+11,155 647 399,A01,2,7,0,2,1,2,1,
2.023E+11,155 647 391,B01,2,7,0,2,1,1,0,
2.023E+11,155 647 395,A01,2,7,0,2,1,16,0,
2.023E+11,155 647 388,B01,2,32,0,2,1,1,1,
2.023E+11,155 647 389,A01,2,7,0,2,5,12,1,
2.023E+11,155 647 390,A01,2,10,2,0,1,0,0,
2.023E+11,155 647 386,A01,2,1,0,2,1,21,5,
2.023E+11,155 647 387,B01,2,7,0,2,6,23,1,
2.023E+11,155 647 384,B01,1,13,0,2,4,2,1,
2.023E+11,155 647 385,A01,1,7,0,2,1,2,1,
2.023E+11,155 647 381,B01,2,33,0,2,4,2,1,
2.023E+11,155 647 382,A01,2,7,0,2,1,1,1,
2.023E+11,155 647 380,B01,1,31,0,2,1,2,1,
2.023E+11,155 647 383,A01,1,20,0,2,3,15,1,
2.023E+11,155 647 378,A01,2,7,4,0,4,2,1,
2.023E+11,155 647 376,A01,1,7,0,2,8,1,1,
2.023E+11,155 647 379,B01,1,30,0,2,1,1,1,
2.023E+11,155 647 374,B01,2,17,0,2,4,0,1,
2.023E+11,155 647 377,A01,2,37,0,2,1,2,3,1
2.023E+11,155 647 373,B01,1,1,0,2,0,21,5,
2.023E+11,155 647 375,A01,1,7,0,2,0,20,1,
2.023E+11,155 647 369,B01,1,7,0,2,4,1,1,
2.023E+11,155 647 371,A01,1,7,0,2,1,2,1,
2.023E+11,155 647 370,A01,1,50,0,2,1,2,3,
2.023E+11,155 647 372,B01,1,7,0,2,6,1,2,
2.023E+11,155 647 368,A01,1,1,0,1,0,1,5,
2.023E+11,155 647 365,A01,2,7,0,2,3,11,1,
2.023E+11,155 647 366,B01,2,7,0,2,7,1,1,
2.023E+11,155 647 367,C01,2,7,0,2,5,1,1,
2.023E+11,155 647 361,B01,2,7,0,2,1,1,1,
2.023E+11,155 647 363,A01,2,7,0,0,4,1,1,
2.023E+11,155 647 362,A01,1,7,0,1,1,26,1,
2.023E+11,155 647 360,A01,2,7,0,2,5,1,1,
2.023E+11,155 647 364,B01,1,7,0,2,2,9,1,
2.023E+11,155 647 358,A01,1,10,0,2,4,2,1,
2.023E+11,155 647 359,B01,1,7,0,2,4,23,1,
2.023E+11,155 647 354,A01,1,7,0,2,4,23,0,
2.023E+11,155 647 356,B01,1,7,0,2,1,2,0,
2.023E+11,155 647 353,B01,2,13,0,2,1,1,1,
2.023E+11,155 647 355,A01,2,7,0,2,4,9,3,
2.023E+11,155 647 350,B01,0,7,0,2,6,1,1,
2.023E+11,155 647 352,C01,0,7,0,2,4,1,1,
2.023E+11,155 647 357,A01,0,10,0,2,2,9,1,
2.023E+11,155 647 348,A01,2,7,0,2,1,2,1,
2.023E+11,155 647 349,B01,2,7,0,2,9,2,1,
2.023E+11,155 647 351,C01,2,7,0,2,4,2,1,
2.023E+11,155 647 345,A01,2,33,0,0,7,1,1,
2.023E+11,155 647 344,A01,2,7,0,1,3,15,1,
2.023E+11,155 647 341,A01,2,7,0,2,8,14,1,
2.023E+11,155 647 342,B01,2,1,14,2,1,16,5,
2.023E+11,155 647 340,A01,2,7,0,1,2,15,0,
2.023E+11,155 647 338,B01,2,2,0,2,0,0,0,
2.023E+11,155 647 339,A01,1,7,0,2,3,1,1,
2.023E+11,155 647 337,A01,1,7,0,2,1,2,1,
2.023E+11,155 647 343,B01,1,80,0,2,4,15,3,
2.023E+11,155 647 336,A01,2,7,0,1,7,15,0,
2.023E+11,155 647 333,A01,1,10,0,2,1,2,1,
2.023E+11,155 647 334,B01,1,10,0,2,4,2,1,
2.023E+11,155 647 335,C01,1,10,0,2,6,23,1,
2.023E+11,155 647 329,A01,3,10,0,1,3,15,1,
2.023E+11,155 647 330,A01,3,10,0,2,7,16,1,
2.023E+11,155 647 332,B01,3,1,0,2,8,1,5,
2.023E+11,155 647 325,A01,3,7,0,2,1,5,1,
2.023E+11,155 647 327,B01,3,50,0,2,8,19,3,
2.023E+11,155 647 323,B01,3,7,0,2,6,16,1,
2.023E+11,155 647 326,A01,3,1,0,2,1,0,5,
2.023E+11,155 647 321,A01,1,10,0,2,2,2,1,
2.023E+11,155 647 322,B01,1,7,0,0,6,23,3,
2.023E+11,155 647 319,A01,1,7,3,0,7,1,1,
2.023E+11,155 647 320,B01,1,7,0,2,3,2,0,
2.023E+11,155 647 324,A01,1,7,0,2,2,15,0,
2.023E+11,155 647 317,A01,1,7,0,2,1,1,1,
2.023E+11,155 647 318,B01,2,7,0,2,2,15,1,
2.023E+11,155 647 314,A01,1,50,0,0,1,1,3,
2.023E+11,155 647 316,A01,1,7,0,1,1,19,1,
2.023E+11,155 647 313,B01,3,33,3,2,1,1,1,
2.023E+11,155 647 315,A01,3,10,0,2,1,10,1,
2.023E+11,155 647 312,A01,3,10,0,2,1,1,0,
2.023E+11,155 647 310,B01,0,2,0,2,4,1,1,
2.023E+11,155 647 311,A01,0,7,0,2,2,2,1,
2.023E+11,155 647 308,A01,3,7,8,0,6,0,0,
2.023E+11,155 647 307,B01,1,2,0,2,1,1,1,
2.023E+11,155 647 309,A01,2,7,0,2,3,15,1,
2.023E+11,155 647 306,A01,2,7,0,1,2,1,1,
2.023E+11,155 647 303,B01,2,7,0,2,4,16,1,
2.023E+11,155 647 305,A01,2,7,0,2,1,0,0,
2.023E+11,155 647 301,A01,0,30,0,2,7,26,1,
2.023E+11,155 647 304,B01,0,7,0,2,8,15,1,
2.023E+11,155 647 299,A01,1,7,0,2,1,1,1,
2.023E+11,155 647 302,B01,1,7,0,2,1,1,1,
2.023E+11,155 647 298,A01,1,7,0,2,3,15,1,
2.023E+11,155 647 300,B01,1,31,0,2,2,1,1,
2.023E+11,155 647 297,A01,1,7,0,2,9,1,1,
2.023E+11,155 647 296,A01,1,7,0,1,3,1,1,
2.023E+11,155 647 292,A01,1,7,0,1,3,1,1,
2.023E+11,155 647 291,A01,1,7,0,2,1,15,1,
2.023E+11,155 647 293,B01,2,7,0,2,3,1,1,
2.023E+11,155 647 294,B01,1,38,0,2,1,1,1,1
2.023E+11,155 647 295,A01,1,7,0,2,1,1,1,
2.023E+11,155 647 290,Z01,1,7,0,1,1,1,0,
2.023E+11,155 647 288,B01,2,7,0,2,4,23,1,
2.023E+11,155 647 289,A01,2,7,0,2,1,2,1,
2.023E+11,155 647 286,Z01,1,10,0,1,1,0,0,
2.023E+11,155 647 285,A01,1,7,0,2,1,9,1,
2.023E+11,155 647 287,B01,2,2,0,2,1,1,1,
2.023E+11,155 647 281,B01,1,7,0,2,4,0,1,
2.023E+11,155 647 282,A01,1,7,0,2,1,26,1,
2.023E+11,155 647 280,A01,1,33,11,0,1,17,1,
2.023E+11,155 647 283,A01,1,7,0,2,8,11,1,
2.023E+11,155 647 284,B01,1,30,0,2,2,17,1,
2.023E+11,155 647 276,A01,1,7,0,2,3,15,1,
2.023E+11,155 647 279,B01,2,33,0,2,7,1,1,
2.023E+11,155 647 275,A01,1,7,0,9,3,13,1,
2.023E+11,155 647 277,B01,2,31,0,0,8,1,1,
2.023E+11,155 647 273,A01,1,7,13,0,7,14,1,
2.023E+11,155 647 272,A01,1,7,9,0,2,1,1,
2.023E+11,155 647 270,A01,1,7,0,2,0,17,0,
2.023E+11,155 647 271,B01,1,2,0,2,3,1,3,
2.023E+11,155 647 268,A01,1,10,0,2,1,15,1,
2.023E+11,155 647 269,B01,1,2,0,2,7,15,3,
2.023E+11,155 647 265,B01,0,7,0,2,7,1,1,
2.023E+11,155 647 266,A01,0,50,0,2,7,19,3,
2.023E+11,155 647 262,A01,1,7,0,2,7,17,1,
2.023E+11,155 647 264,B01,1,1,0,2,8,2,5,
2.023E+11,155 647 260,A01,1,1,0,2,8,5,5,
2.023E+11,155 647 261,B01,1,1,0,2,0,1,5,
2.023E+11,155 647 255,A01,3,7,0,2,1,1,1,
2.023E+11,155 647 258,B01,3,50,0,2,4,1,3,
2.023E+11,155 647 253,A01,1,7,0,2,1,2,1,
2.023E+11,155 647 257,B01,1,7,0,2,4,2,1,
2.023E+11,155 647 259,C01,1,7,0,2,4,2,1,
2.023E+11,155 647 251,A01,2,7,15,0,3,10,1,
2.023E+11,155 647 249,B01,2,7,0,2,3,0,1,
2.023E+11,155 647 250,A01,2,14,0,2,2,12,1,
2.023E+11,155 647 252,C01,2,7,0,2,1,1,1,
2.023E+11,155 647 246,A01,1,33,0,0,8,1,1,
2.023E+11,155 647 248,A01,3,7,8,0,1,14,0,
2.023E+11,155 647 243,B01,1,7,3,2,6,15,1,
2.023E+11,155 647 245,C01,2,7,0,2,1,1,1,
2.023E+11,155 647 247,A01,1,10,0,2,2,17,1,
2.023E+11,155 647 240,D01,1,7,0,2,1,1,1,
2.023E+11,155 647 241,C01,1,7,0,2,5,1,1,
2.023E+11,155 647 242,B01,1,7,0,2,6,1,1,
2.023E+11,155 647 244,A01,2,7,0,2,1,5,1,
2.023E+11,155 647 238,A01,2,7,0,1,1,9,1,
2.023E+11,155 647 237,A01,0,32,0,0,0,0,1,
2.023E+11,155 647 236,A01,1,7,0,2,1,1,1,
2.023E+11,155 647 239,B01,3,7,0,2,8,1,1,
2.023E+11,155 647 234,Z01,3,33,13,0,0,0,1,
2.023E+11,155 647 233,A01,1,7,1,0,3,13,1,
2.023E+11,155 647 230,A01,2,7,2,2,3,13,1,
2.023E+11,155 647 231,B01,1,7,0,2,3,1,1,
2.023E+11,155 647 227,A01,2,7,0,2,8,9,1,
2.023E+11,155 647 229,B01,2,33,0,2,1,1,1,
2.023E+11,155 647 228,A01,3,7,0,2,1,2,1,
2.023E+11,155 647 232,B01,3,7,0,2,1,26,1,
2.023E+11,155 647 235,C01,3,7,0,0,4,2,2,
2.023E+11,155 647 225,B01,1,7,0,2,8,1,1,
2.023E+11,155 647 226,A01,2,7,0,2,1,15,1,
2.023E+11,155 647 222,A01,3,10,0,2,1,9,1,
2.023E+11,155 647 224,B01,0,33,0,2,1,1,1,
2.023E+11,155 647 220,A01,2,3,0,2,1,1,1,
2.023E+11,155 647 221,B01,1,7,0,2,1,1,1,
2.023E+11,155 647 215,B01,3,0,0,2,0,0,0,
2.023E+11,155 647 218,A01,3,7,0,2,4,16,0,
2.023E+11,155 647 219,B01,1,10,0,2,7,2,4,
2.023E+11,155 647 223,A01,1,10,0,2,9,2,1,
2.023E+11,155 647 216,B01,1,7,0,2,4,2,1,
2.023E+11,155 647 217,A01,2,7,0,2,1,2,1,
2.023E+11,155 647 210,A01,3,7,0,2,1,26,1,
2.023E+11,155 647 213,B01,2,7,0,2,7,2,1,
2.023E+11,155 647 212,A01,3,30,12,0,0,21,1,
2.023E+11,155 647 214,Z01,3,7,0,2,0,0,0,
2.023E+11,155 647 207,A01,3,7,0,1,2,16,1,
2.023E+11,155 647 209,A01,1,7,0,2,2,17,1,
2.023E+11,155 647 211,B01,1,30,0,2,3,15,1,
2.023E+11,155 647 206,B01,0,1,0,0,4,2,5,
2.023E+11,155 647 208,A01,0,7,0,0,2,2,1,
2.023E+11,155 647 205,A01,1,7,8,0,2,1,0,
2.023E+11,155 647 203,Z01,2,13,0,1,7,1,0,
2.023E+11,155 647 202,B01,3,14,0,2,1,1,0,
2.023E+11,155 647 204,A01,3,7,0,2,8,26,1,
2.023E+11,155 647 198,A01,1,7,14,0,1,1,1,
2.023E+11,155 647 200,B01,1,7,0,0,0,0,1,
2.023E+11,155 647 201,C01,1,7,0,2,4,1,1,
2.023E+11,155 647 197,A01,1,7,0,0,3,13,1,
2.023E+11,155 647 194,A01,3,31,1,0,1,1,1,
2.023E+11,155 647 195,B01,3,7,0,2,4,23,1,
2.023E+11,155 647 196,B01,0,33,0,2,1,1,1,
2.023E+11,155 647 199,A01,0,7,0,2,7,15,1,
2.023E+11,155 647 192,A01,1,7,0,1,3,15,1,
2.023E+11,155 647 191,A01,1,7,0,2,3,15,1,
2.023E+11,155 647 193,B01,2,7,0,2,3,1,1,
2.023E+11,155 647 188,A01,2,7,0,2,8,22,1,
2.023E+11,155 647 189,B01,2,1,1,0,1,1,5,
2.023E+11,155 647 186,A01,1,33,0,2,9,0,1,
2.023E+11,155 647 190,B01,2,7,0,2,6,1,1,
2.023E+11,155 647 187,A01,3,7,0,1,2,15,1,
2.023E+11,155 647 184,B01,2,7,0,2,2,1,1,
2.023E+11,155 647 185,A01,2,33,0,2,3,11,1,
2.023E+11,155 647 183,A01,1,7,8,0,1,1,1,
2.023E+11,155 647 180,A01,1,33,0,2,1,2,1,
2.023E+11,155 647 181,B01,1,7,0,2,4,2,1,
2.023E+11,155 647 179,A01,1,33,0,5,1,1,1,
2.023E+11,155 647 177,A01,1,10,0,2,5,11,6,
2.023E+11,155 647 182,B01,1,50,0,2,1,13,3,
2.023E+11,155 647 178,A01,2,33,0,0,0,14,1,
2.023E+11,155 647 176,A01,2,7,0,1,1,1,1,
2.023E+11,155 647 174,Z01,1,32,0,2,1,1,0,
2.023E+11,155 647 175,A01,1,80,0,2,7,15,3,
2.023E+11,155 647 171,B01,1,10,0,2,5,1,1,
2.023E+11,155 647 173,A01,1,33,0,2,3,3,1,
2.023E+11,155 647 169,A01,1,7,0,2,1,1,6,
2.023E+11,155 647 172,B01,2,14,0,2,3,23,1,
2.023E+11,155 647 168,B01,3,50,0,2,1,5,3,
2.023E+11,155 647 170,A01,3,7,0,9,2,1,1,
2.023E+11,155 647 166,Z01,3,32,0,1,1,25,1,
2.023E+11,155 647 165,A01,1,7,0,2,1,2,1,
2.023E+11,155 647 167,B01,1,7,0,2,4,2,1,
2.023E+11,155 647 162,A01,1,7,9,1,1,1,1,
2.023E+11,155 647 164,A01,2,30,0,0,0,1,3,
2.023E+11,155 647 160,Z01,2,50,0,2,0,2,3,
2.023E+11,155 647 161,A01,2,50,0,2,4,2,3,
2.023E+11,155 647 157,A01,3,7,0,2,5,16,1,
2.023E+11,155 647 159,B01,3,50,0,2,1,1,3,
2.023E+11,155 647 158,B01,1,38,0,2,0,0,0,1
2.023E+11,155 647 163,A01,2,7,0,1,0,0,0,
2.023E+11,155 647 156,A01,1,30,0,0,7,21,3,
2.023E+11,155 647 151,A01,2,7,0,2,4,1,1,
2.023E+11,155 647 154,Z01,2,15,0,2,1,1,0,
2.023E+11,155 647 153,A01,1,43,0,2,1,1,1,
2.023E+11,155 647 155,B01,2,7,0,2,1,1,2,
2.023E+11,155 647 150,A01,3,14,0,2,1,2,1,
2.023E+11,155 647 152,B01,3,7,0,2,4,23,1,
2.023E+11,155 647 147,A01,1,50,0,1,1,1,3,
2.023E+11,155 647 145,B01,2,32,0,2,1,1,1,
2.023E+11,155 647 149,A01,2,7,0,2,3,15,1,
2.023E+11,155 647 144,A01,1,7,0,2,1,3,1,
2.023E+11,155 647 146,B01,1,10,0,2,4,23,1,
2.023E+11,155 647 148,C01,1,7,0,2,3,24,1,
2.023E+11,155 647 140,A01,3,7,0,2,9,2,2,
2.023E+11,155 647 142,C01,3,7,0,2,9,2,1,
2.023E+11,155 647 143,B01,3,7,0,2,4,2,1,
2.023E+11,155 647 139,A01,2,50,0,2,8,1,3,
2.023E+11,155 647 141,Z01,1,7,0,2,1,16,1,
2.023E+11,155 647 135,A01,3,10,0,2,6,15,1,
2.023E+11,155 647 138,B01,0,33,0,2,1,1,1,
2.023E+11,155 647 134,A01,2,7,0,2,2,15,1,
2.023E+11,155 647 137,B01,1,32,0,2,2,1,0,
2.023E+11,155 647 133,A01,3,7,0,2,3,22,3,
2.023E+11,155 647 136,B01,3,80,0,2,1,1,3,
2.023E+11,155 647 131,A01,2,7,0,2,1,2,1,
2.023E+11,155 647 132,B01,2,60,0,2,7,1,5,
2.023E+11,155 647 127,A01,2,32,0,0,8,1,3,
2.023E+11,155 647 129,A01,2,7,0,1,1,15,1,
2.023E+11,155 647 128,A01,1,33,0,2,4,18,1,
2.023E+11,155 647 130,B01,1,50,0,2,4,14,3,
2.023E+11,155 647 126,A01,3,31,0,0,0,21,1,
2.023E+11,155 647 124,Y01,3,1,0,9,0,23,5,
2.023E+11,155 647 123,A01,3,33,0,2,1,5,1,
2.023E+11,155 647 125,B01,3,7,0,2,1,1,1,
2.023E+11,155 647 120,A01,2,80,0,2,8,19,3,
2.023E+11,155 647 122,Z01,2,41,0,2,1,1,0,
2.023E+11,155 647 119,A01,2,50,0,2,1,5,3,
2.023E+11,155 647 121,B01,1,7,0,9,2,16,1,