Num_Acc,id_vehicule,num_veh,senc,catv,obs,obsm,choc,manv,motor,occutc
2.023E+11,155 646 183,A01,1,10,0,2,2,17,1,
2.023E+11,155 646 184,B01,1,10,0,2,6,1,1,
2.023E+11,155 646 182,A01,2,1,0,0,1,0,5,
2.023E+11,155 646 180,A01,2,33,0,2,1,2,1,
2.023E+11,155 646 181,B01,2,7,0,2,4,11,1,
2.023E+11,155 646 178,A01,1,7,0,2,3,1,1,
2.023E+11,155 646 179,B01,2,7,0,2,1,15,1,
2.023E+11,155 646 177,A01,2,7,17,0,1,1,1,
2.023E+11,155 646 176,A01,3,1,1,0,1,1,5,
2.023E+11,155 646 174,A01,2,7,0,2,5,15,1,
2.023E+11,155 646 175,B01,1,1,0,2,1,1,5,
2.023E+11,155 646 173,A01,2,7,11,0,2,1,1,
2.023E+11,155 646 171,A01,2,7,0,2,1,1,1,
2.023E+11,155 646 172,B01,1,7,0,2,3,1,1,
2.023E+11,155 646 168,B01,1,7,0,2,4,1,1,
2.023E+11,155 646 169,A01,1,7,0,2,1,2,1,
2.023E+11,155 646 170,C01,1,7,0,0,4,24,1,
2.023E+11,155 646 166,B01,0,7,0,0,3,13,1,
2.023E+11,155 646 167,A01,0,7,0,0,3,2,1,
2.023E+11,155 646 164,A01,2,7,0,2,1,13,1,
2.023E+11,155 646 165,B01,1,7,0,2,1,1,1,
2.023E+11,155 646 162,A01,2,2,0,2,1,15,1,
2.023E+11,155 646 163,B01,1,7,0,2,8,1,1,
2.023E+11,155 646 161,A01,2,34,3,0,1,2,1,
2.023E+11,155 646 159,A01,3,10,9,2,2,19,1,
2.023E+11,155 646 160,B01,1,7,0,2,3,1,1,
2.023E+11,155 646 158,A01,1,1,8,9,1,1,5,
2.023E+11,155 646 157,A01,1,32,0,6,3,0,1,
2.023E+11,155 646 156,A01,1,7,0,0,0,0,1,
2.023E+11,155 646 154,A01,3,1,0,2,1,19,5,
2.023E+11,155 646 155,B01,3,7,0,9,2,1,1,
2.023E+11,155 646 152,B01,1,10,0,0,3,19,1,
2.023E+11,155 646 153,A01,1,1,0,0,2,1,5,
2.023E+11,155 646 151,A01,1,7,13,0,9,1,6,
2.023E+11,155 646 150,A01,1,7,0,1,1,1,1,
2.023E+11,155 646 149,A01,0,33,0,0,0,0,1,
2.023E+11,155 646 148,A01,1,7,13,1,3,1,1,
2.023E+11,155 646 147,A01,1,7,2,0,1,13,1,
2.023E+11,155 646 146,A01,1,33,0,0,7,2,1,
2.023E+11,155 646 144,A01,2,7,0,0,1,0,1,
2.023E+11,155 646 145,B01,1,7,0,0,1,0,1,
2.023E+11,155 646 142,B01,2,7,0,2,1,1,1,
2.023E+11,155 646 143,A01,1,2,0,2,1,5,1,
2.023E+11,155 646 140,B01,1,10,0,0,3,0,1,
2.023E+11,155 646 141,A01,1,33,0,0,1,0,0,
2.023E+11,155 646 138,A01,2,7,0,2,1,2,1,
2.023E+11,155 646 139,B01,2,7,4,2,4,1,1,
2.023E+11,155 646 134,D01,2,7,0,2,3,23,1,
2.023E+11,155 646 135,A01,2,7,4,2,1,21,1,
2.023E+11,155 646 136,B01,2,7,14,2,4,23,1,
2.023E+11,155 646 137,C01,2,10,14,2,4,23,1,
2.023E+11,155 646 132,A01,2,7,0,2,1,1,1,
2.023E+11,155 646 133,B01,2,7,0,0,4,1,1,
2.023E+11,155 646 131,A01,1,7,4,0,1,0,1,
2.023E+11,155 646 128,A01,1,7,0,2,4,2,1,
2.023E+11,155 646 129,B01,1,7,0,2,1,2,1,
2.023E+11,155 646 130,C01,1,7,0,2,1,2,1,
2.023E+11,155 646 125,A01,2,7,0,2,8,11,1,
2.023E+11,155 646 126,B01,2,33,0,2,3,3,1,
2.023E+11,155 646 127,C01,2,7,0,2,4,1,3,
2.023E+11,155 646 123,A01,2,7,0,2,4,1,1,
2.023E+11,155 646 124,B01,2,7,0,2,1,2,1,
2.023E+11,155 646 121,B01,1,7,0,2,4,2,1,
2.023E+11,155 646 122,A01,1,7,0,2,1,2,1,
2.023E+11,155 646 120,A01,1,33,3,0,1,1,1,
2.023E+11,155 646 119,A01,3,36,1,0,3,0,1,
2.023E+11,155 646 118,A01,3,50,0,0,0,1,3,
2.023E+11,155 646 115,A01,1,7,0,2,8,17,1,
2.023E+11,155 646 116,B01,2,7,0,2,8,1,1,
2.023E+11,155 646 117,C01,1,7,0,2,4,1,1,
2.023E+11,155 646 113,A01,2,33,0,2,8,15,1,
2.023E+11,155 646 114,B01,2,10,0,2,2,2,1,
2.023E+11,155 646 112,A01,1,7,3,0,3,1,0,
2.023E+11,155 646 109,A01,1,7,0,2,8,15,1,
2.023E+11,155 646 111,B01,1,34,0,2,2,17,1,
2.023E+11,155 646 107,A01,1,10,0,2,2,1,1,
2.023E+11,155 646 108,B01,1,33,0,2,8,1,1,
2.023E+11,155 646 106,A01,1,7,1,1,2,1,1,
2.023E+11,155 646 104,A01,2,30,0,2,1,2,1,
2.023E+11,155 646 105,B01,2,7,0,2,6,1,1,
2.023E+11,155 646 100,B01,1,33,0,2,1,1,1,
2.023E+11,155 646 103,A01,2,7,0,2,3,15,1,
2.023E+11,155 646 101,A01,2,99,0,2,0,0,0,
2.023E+11,155 646 102,B01,2,7,0,2,3,1,0,
2.023E+11,155 646 099,A01,2,7,4,0,3,11,1,
2.023E+11,155 646 098,A01,1,7,0,1,2,1,1,
2.023E+11,155 646 097,A01,2,7,7,0,1,1,1,
2.023E+11,155 646 095,B01,3,7,0,2,8,13,0,
2.023E+11,155 646 096,A01,3,32,0,2,7,17,1,
2.023E+11,155 646 093,Z01,1,7,0,2,1,9,-1,
2.023E+11,155 646 094,A01,1,30,0,2,7,1,1,
2.023E+11,155 646 091,B01,1,7,0,2,7,15,1,
2.023E+11,155 646 092,A01,1,33,0,2,1,9,1,
2.023E+11,155 646 090,A01,1,50,12,0,7,18,3,
2.023E+11,155 646 087,A01,2,1,0,2,1,19,5,
2.023E+11,155 646 089,B01,2,7,0,2,5,23,3,
2.023E+11,155 646 086,A01,3,31,0,2,1,1,1,
2.023E+11,155 646 088,B01,3,7,0,2,3,15,2,
2.023E+11,155 646 083,A01,2,7,0,2,1,1,2,
2.023E+11,155 646 085,B01,2,7,0,2,4,1,1,
2.023E+11,155 646 082,B01,2,7,0,2,4,23,1,
2.023E+11,155 646 084,A01,2,7,0,2,3,2,1,
2.023E+11,155 646 079,B01,2,1,1,0,1,21,5,
2.023E+11,155 646 081,A01,2,7,0,2,8,22,1,
2.023E+11,155 646 078,B01,2,10,0,2,3,1,1,
2.023E+11,155 646 080,A01,2,33,0,2,7,1,1,
2.023E+11,155 646 074,B01,1,7,1,2,5,23,1,
2.023E+11,155 646 076,C01,1,7,1,2,5,23,2,
2.023E+11,155 646 077,A01,2,7,1,2,1,13,1,
2.023E+11,155 646 070,A01,3,7,0,2,1,1,1,
2.023E+11,155 646 072,B01,3,7,0,2,4,23,1,
2.023E+11,155 646 069,Z01,1,7,0,2,1,2,1,
2.023E+11,155 646 071,A01,1,43,0,2,4,23,1,
2.023E+11,155 646 068,A01,1,32,6,0,1,1,1,
2.023E+11,155 646 067,A01,1,7,1,0,2,14,1,
2.023E+11,155 646 063,A01,3,7,1,0,1,1,1,
2.023E+11,155 646 064,B01,3,7,0,2,4,2,1,
2.023E+11,155 646 066,C01,3,7,0,2,4,2,1,
2.023E+11,155 646 062,A01,1,7,0,2,1,15,1,
2.023E+11,155 646 065,B01,2,80,0,2,1,1,3,
2.023E+11,155 646 060,A01,1,80,12,0,7,14,3,
2.023E+11,155 646 059,B01,0,2,0,2,8,1,1,
2.023E+11,155 646 061,A01,2,7,0,2,0,16,1,
2.023E+11,155 646 056,Z01,2,1,0,1,3,1,5,
2.023E+11,155 646 052,A01,1,7,0,2,2,1,1,
2.023E+11,155 646 054,B01,1,1,0,2,0,0,5,
2.023E+11,155 646 050,C01,1,7,0,2,3,1,1,
2.023E+11,155 646 051,A01,1,50,0,2,7,15,3,
2.023E+11,155 646 053,B01,2,7,0,2,1,1,1,
2.023E+11,155 646 049,A01,3,7,0,1,2,1,0,
2.023E+11,155 646 047,A01,2,7,0,2,2,15,1,
2.023E+11,155 646 048,B01,1,32,0,2,3,1,1,
2.023E+11,155 646 045,B01,1,37,0,2,2,15,1,1
2.023E+11,155 646 046,A01,2,34,0,2,1,7,1,
2.023E+11,155 646 043,A01,1,37,0,2,1,26,1,1
2.023E+11,155 646 044,B01,1,37,0,2,4,11,1,1
2.023E+11,155 646 041,A01,3,7,0,2,1,1,1,
2.023E+11,155 646 042,B01,3,50,0,2,1,1,3,
2.023E+11,155 646 038,A01,3,7,0,1,1,15,1,
2.023E+11,155 646 037,A01,3,7,14,0,0,16,1,
2.023E+11,155 646 036,A01,1,30,0,1,1,26,1,
2.023E+11,155 646 034,A01,0,50,1,0,2,1,3,
2.023E+11,155 646 032,A01,1,80,0,0,1,1,3,
2.023E+11,155 646 030,A01,2,7,1,0,2,1,1,
2.023E+11,155 646 029,A01,1,7,4,2,1,1,1,
2.023E+11,155 646 025,A01,1,2,0,2,1,13,0,
2.023E+11,155 646 027,B01,2,7,0,2,3,1,1,
2.023E+11,155 646 028,C01,1,7,0,2,3,2,0,
2.023E+11,155 646 024,A01,2,7,0,2,1,5,1,
2.023E+11,155 646 026,B01,2,7,0,2,1,1,1,
2.023E+11,155 646 023,A01,2,31,4,0,3,1,0,
2.023E+11,155 646 022,A01,2,7,0,1,4,4,1,
2.023E+11,155 646 019,A01,1,7,0,2,4,2,1,
2.023E+11,155 646 020,B01,1,30,0,2,4,2,1,
2.023E+11,155 646 016,A01,2,33,0,0,0,0,1,
2.023E+11,155 646 017,B01,2,7,0,2,3,11,1,
2.023E+11,155 646 018,C01,1,10,0,0,8,1,1,
2.023E+11,155 646 021,D01,1,32,0,2,1,2,1,
2.023E+11,155 646 014,B01,1,50,0,2,1,25,3,
2.023E+11,155 646 015,A01,1,7,0,2,3,9,1,
2.023E+11,155 646 010,A01,2,7,0,2,1,15,1,
2.023E+11,155 646 013,B01,2,7,0,2,1,1,1,
2.023E+11,155 646 009,C01,2,7,0,2,3,1,0,
2.023E+11,155 646 011,B01,1,7,0,2,6,1,0,
2.023E+11,155 646 012,A01,1,7,0,2,2,2,0,
2.023E+11,155 646 007,Z01,3,7,0,2,1,13,1,
2.023E+11,155 646 008,B01,3,50,0,2,1,1,3,
2.023E+11,155 646 005,A01,1,32,0,2,3,21,1,
2.023E+11,155 646 006,B01,2,7,0,2,3,1,1,
2.023E+11,155 646 003,A01,1,33,0,0,3,1,1,
2.023E+11,155 646 004,B01,2,7,0,2,2,9,1,
2.023E+11,155 646 001,A01,2,30,0,2,2,5,1,
2.023E+11,155 646 002,B01,1,7,0,2,2,1,0,
2.023E+11,155 645 998,B01,3,7,0,0,2,19,1,
2.023E+11,155 646 000,A01,3,34,0,0,1,19,3,
2.023E+11,155 645 997,B01,2,17,0,2,1,1,0,
2.023E+11,155 645 999,A01,1,7,0,2,1,5,0,
2.023E+11,155 645 995,A01,1,7,0,2,2,13,1,
2.023E+11,155 645 996,B01,3,7,0,2,6,2,0,
2.023E+11,155 645 993,A01,2,32,0,2,1,13,1,
2.023E+11,155 645 994,B01,1,7,0,2,3,1,2,
2.023E+11,155 645 991,B01,2,33,0,2,1,1,1,
2.023E+11,155 645 992,A01,2,7,0,2,0,0,1,
2.023E+11,155 645 990,A01,1,7,17,0,8,1,1,
2.023E+11,155 645 988,A01,2,7,13,0,1,0,1,
2.023E+11,155 645 987,A01,3,7,0,2,1,1,0,
2.023E+11,155 645 989,B01,3,7,0,2,3,1,0,
2.023E+11,155 645 986,A01,2,7,2,0,1,13,1,
2.023E+11,155 645 983,A01,1,33,0,0,8,1,1,
2.023E+11,155 645 982,A01,2,15,0,1,5,1,1,
2.023E+11,155 645 984,A01,3,7,0,2,8,11,1,
2.023E+11,155 645 985,B01,3,7,9,2,7,1,2,
2.023E+11,155 645 981,A01,1,7,13,0,1,1,1,
2.023E+11,155 645 978,C01,1,7,0,2,4,1,1,
2.023E+11,155 645 979,A01,1,7,0,2,1,10,1,
2.023E+11,155 645 980,B01,1,7,0,2,4,0,1,
2.023E+11,155 645 975,A01,2,7,0,2,1,5,1,
2.023E+11,155 645 977,B01,1,7,0,2,1,1,1,
2.023E+11,155 645 974,A01,1,7,0,2,8,15,1,
2.023E+11,155 645 976,B01,2,50,0,2,3,1,3,
2.023E+11,155 645 973,A01,2,7,0,1,1,1,1,
2.023E+11,155 645 972,A01,3,33,6,0,1,0,1,
2.023E+11,155 645 970,A01,1,7,0,0,5,16,1,
2.023E+11,155 645 971,B01,1,1,0,2,1,2,5,
2.023E+11,155 645 969,A01,3,7,7,0,1,6,1,
2.023E+11,155 645 968,A01,1,7,2,0,3,5,1,
2.023E+11,155 645 965,A01,2,7,0,2,1,13,1,
2.023E+11,155 645 966,B01,1,7,0,2,1,1,1,
2.023E+11,155 645 964,B01,0,2,0,2,3,1,1,
2.023E+11,155 645 967,A01,0,7,0,2,3,15,1,
2.023E+11,155 645 961,B01,1,33,0,2,1,1,1,
2.023E+11,155 645 963,A01,0,10,0,2,8,15,1,
2.023E+11,155 645 960,B01,2,7,0,2,2,1,1,
2.023E+11,155 645 962,A01,2,7,0,2,3,15,2,
2.023E+11,155 645 958,A01,3,7,0,2,3,19,1,
2.023E+11,155 645 959,B01,1,7,0,2,1,1,1,
2.023E+11,155 645 956,A01,3,7,0,2,2,15,1,
2.023E+11,155 645 957,B01,2,14,0,2,1,1,1,
2.023E+11,155 645 953,A01,1,14,0,2,3,2,1,
2.023E+11,155 645 954,B01,1,7,0,2,5,2,1,
2.023E+11,155 645 955,C01,2,14,0,2,1,1,1,
2.023E+11,155 645 951,B01,2,7,0,2,1,1,1,
2.023E+11,155 645 952,A01,1,7,0,2,7,15,1,
2.023E+11,155 645 950,A01,2,33,3,0,1,1,1,
2.023E+11,155 645 949,A01,2,7,6,0,7,1,1,
2.023E+11,155 645 948,A01,2,10,6,0,2,1,0,
2.023E+11,155 645 947,A01,1,7,13,0,1,13,1,
2.023E+11,155 645 945,A01,2,7,0,2,3,13,1,
2.023E+11,155 645 946,B01,1,7,0,2,8,1,1,
2.023E+11,155 645 943,A01,2,7,0,2,8,11,1,
2.023E+11,155 645 944,B01,2,33,0,2,2,3,1,
2.023E+11,155 645 939,B01,1,1,0,2,7,1,5,
2.023E+11,155 645 941,A01,2,33,0,2,1,1,1,
2.023E+11,155 645 938,A01,1,7,5,0,1,1,1,
2.023E+11,155 645 936,A01,1,80,1,0,1,9,3,
2.023E+11,155 645 935,B01,1,7,14,0,4,2,1,
2.023E+11,155 645 937,A01,1,10,14,0,1,2,1,
2.023E+11,155 645 930,B01,2,15,0,0,6,24,0,
2.023E+11,155 645 932,A01,2,7,4,0,1,0,0,
2.023E+11,155 645 929,A01,1,7,0,2,6,24,1,
2.023E+11,155 645 931,B01,1,1,0,2,3,1,5,
2.023E+11,155 645 933,Z01,1,7,1,2,1,2,0,
2.023E+11,155 645 934,C01,2,7,0,2,6,1,1,
2.023E+11,155 645 927,B01,1,13,0,2,3,1,1,
2.023E+11,155 645 928,A01,2,7,0,2,3,13,1,
2.023E+11,155 645 926,Z01,1,7,0,1,1,1,0,
2.023E+11,155 645 924,A01,2,7,0,2,3,9,1,
2.023E+11,155 645 925,B01,1,15,0,2,2,1,1,
2.023E+11,155 645 921,A01,1,43,0,2,8,18,1,
2.023E+11,155 645 923,B01,2,7,0,2,3,15,4,
2.023E+11,155 645 920,A01,1,7,0,2,1,13,1,
2.023E+11,155 645 922,B01,2,7,0,2,1,1,1,
2.023E+11,155 645 918,B01,3,33,0,2,4,2,1,
2.023E+11,155 645 919,A01,3,1,0,0,1,2,5,
2.023E+11,155 645 915,A01,3,7,0,2,3,11,1,
2.023E+11,155 645 917,B01,3,1,0,2,1,17,5,
2.023E+11,155 645 914,A01,0,50,0,2,8,1,3,
2.023E+11,155 645 916,B01,0,7,0,2,3,1,1,
2.023E+11,155 645 910,C01,2,33,0,2,3,1,1,
2.023E+11,155 645 912,B01,2,7,0,2,3,1,1,
2.023E+11,155 645 913,A01,1,10,0,2,3,1,1,
2.023E+11,155 645 909,A01,3,1,0,2,3,13,5,
2.023E+11,155 645 911,B01,3,1,0,2,3,1,5,
2.023E+11,155 645 906,A01,1,7,0,2,3,0,0,
2.023E+11,155 645 908,B01,2,7,0,2,3,1,0,
2.023E+11,155 645 905,B01,3,31,0,2,8,9,1,
2.023E+11,155 645 907,Z01,3,7,0,2,2,1,0,
2.023E+11,155 645 903,A01,1,2,0,2,3,13,1,
2.023E+11,155 645 904,B01,1,7,0,0,7,1,1,
2.023E+11,155 645 901,A01,1,7,15,0,1,1,1,
2.023E+11,155 645 900,B01,2,7,0,2,4,1,3,
2.023E+11,155 645 902,A01,2,7,0,2,1,2,2,
2.023E+11,155 645 897,A01,1,7,0,1,1,1,1,
2.023E+11,155 645 896,A01,1,7,0,2,9,17,1,
2.023E+11,155 645 898,B01,1,7,0,2,6,15,1,
2.023E+11,155 645 899,C01,2,10,15,2,3,1,1,
2.023E+11,155 645 895,A01,3,7,0,1,3,1,1,
2.023E+11,155 645 892,A01,2,30,14,0,3,16,1,
2.023E+11,155 645 890,A01,2,7,0,2,2,13,1,
2.023E+11,155 645 891,B01,1,7,0,2,2,1,1,
2.023E+11,155 645 887,B01,2,7,0,2,5,2,3,
2.023E+11,155 645 889,A01,2,33,0,1,2,2,1,
2.023E+11,155 645 888,A01,3,7,6,0,3,19,1,
2.023E+11,155 645 884,A01,2,1,0,2,7,1,5,
2.023E+11,155 645 886,Z01,0,1,0,2,1,19,5,
2.023E+11,155 645 882,C01,2,7,0,2,3,1,1,
2.023E+11,155 645 883,B01,2,7,0,2,5,1,3,
2.023E+11,155 645 885,A01,2,43,0,2,5,12,1,
2.023E+11,155 645 880,A01,3,7,0,2,2,16,1,
2.023E+11,155 645 881,B01,3,1,0,2,3,1,5,
2.023E+11,155 645 877,A01,1,15,0,2,2,1,1,
2.023E+11,155 645 879,B01,1,7,0,2,4,11,1,
2.023E+11,155 645 876,A01,3,50,0,2,1,13,3,
2.023E+11,155 645 878,B01,3,1,0,2,1,13,5,
2.023E+11,155 645 874,A01,2,37,0,1,2,2,4,1
2.023E+11,155 645 872,A01,1,7,0,2,1,2,1,
2.023E+11,155 645 873,B01,1,7,0,2,1,2,1,
2.023E+11,155 645 875,C01,1,7,0,2,4,2,1,
2.023E+11,155 645 870,A01,3,7,0,2,2,15,1,
2.023E+11,155 645 871,B01,3,34,0,2,1,1,1,
2.023E+11,155 645 868,B01,2,7,0,2,4,1,1,
2.023E+11,155 645 869,A01,2,7,0,2,1,1,1,
2.023E+11,155 645 866,A01,2,50,0,2,8,11,3,
2.023E+11,155 645 867,B01,2,37,0,2,7,2,0,1
2.023E+11,155 645 864,A01,2,7,3,2,0,0,1,
2.023E+11,155 645 865,B01,2,7,3,2,0,0,1,
2.023E+11,155 645 860,B01,1,1,1,0,1,1,5,
2.023E+11,155 645 862,A01,1,10,0,0,8,24,1,
2.023E+11,155 645 863,C01,2,7,0,0,3,1,1,
2.023E+11,155 645 861,A01,2,7,4,0,2,1,1,
2.023E+11,155 645 858,A01,1,7,3,0,1,1,1,
2.023E+11,155 645 857,B01,1,7,0,2,3,1,1,
2.023E+11,155 645 859,A01,1,7,0,2,1,9,1,
2.023E+11,155 645 855,A01,2,7,0,2,2,14,1,
2.023E+11,155 645 856,B01,2,10,0,2,6,1,1,
2.023E+11,155 645 853,A01,1,7,0,2,2,1,1,
2.023E+11,155 645 854,B01,2,7,0,2,5,15,1,
2.023E+11,155 645 852,A01,2,3,3,0,3,1,1,
2.023E+11,155 645 850,A01,1,31,3,0,7,1,1,
2.023E+11,155 645 849,B01,1,1,0,2,3,15,5,
2.023E+11,155 645 851,A01,1,7,0,2,2,1,1,
2.023E+11,155 645 845,A01,3,31,0,1,1,1,1,
2.023E+11,155 645 844,A01,1,7,0,2,8,26,1,
2.023E+11,155 645 846,B01,1,7,0,2,8,1,1,
2.023E+11,155 645 847,Z01,1,7,0,0,7,0,0,
2.023E+11,155 645 848,C01,1,7,0,2,7,1,1,
2.023E+11,155 645 842,A01,2,7,3,0,1,1,1,
2.023E+11,155 645 843,A01,3,7,0,1,1,26,1,
2.023E+11,155 645 840,A01,1,37,0,1,7,1,1,1
2.023E+11,155 645 839,B01,0,7,0,2,0,0,1,
2.023E+11,155 645 841,A01,0,32,0,2,2,17,3,
2.023E+11,155 645 838,A01,3,30,0,1,1,0,1,
2.023E+11,155 645 836,A01,2,32,0,1,5,17,1,
2.023E+11,155 645 835,B01,3,37,0,2,1,2,0,1
2.023E+11,155 645 837,A01,2,7,0,2,1,13,1,
2.023E+11,155 645 832,B01,2,33,0,2,1,0,1,
2.023E+11,155 645 834,A01,1,7,0,2,3,1,1,
2.023E+11,155 645 833,A01,3,1,0,2,0,1,5,
2.023E+11,155 645 828,A01,0,1,0,2,0,0,5,
2.023E+11,155 645 830,B01,0,1,0,2,0,0,5,
2.023E+11,155 645 829,B01,2,34,0,2,1,1,1,
2.023E+11,155 645 831,A01,1,7,0,2,3,15,1,
2.023E+11,155 645 825,A01,1,7,0,2,2,15,1,
2.023E+11,155 645 827,B01,2,1,0,2,1,2,5,
2.023E+11,155 645 824,B01,1,50,0,2,8,1,3,
2.023E+11,155 645 826,A01,1,7,0,2,3,1,1,
2.023E+11,155 645 822,A01,2,99,12,0,1,1,1,
2.023E+11,155 645 821,A01,3,37,1,0,1,1,1,1
2.023E+11,155 645 823,B01,3,37,0,2,4,24,1,2
2.023E+11,155 645 817,A01,2,1,0,2,3,1,5,
2.023E+11,155 645 819,B01,1,37,0,2,3,1,0,1
2.023E+11,155 645 815,A01,2,10,0,1,1,1,1,
2.023E+11,155 645 814,B01,1,7,0,2,3,1,1,
2.023E+11,155 645 816,A01,1,1,0,2,1,1,5,
2.023E+11,155 645 813,A01,2,30,13,0,1,26,1,
2.023E+11,155 645 811,B01,2,32,0,2,1,2,1,
2.023E+11,155 645 812,A01,1,10,0,2,2,15,1,
2.023E+11,155 645 810,A01,2,10,0,1,2,17,1,
2.023E+11,155 645 808,A01,1,7,0,2,7,1,1,
2.023E+11,155 645 809,B01,2,7,0,2,1,1,1,
2.023E+11,155 645 806,A01,2,7,6,0,1,1,1,
2.023E+11,155 645 805,A01,2,7,0,2,1,13,0,
2.023E+11,155 645 807,B01,1,7,8,0,3,1,0,
2.023E+11,155 645 802,B01,2,2,0,2,1,1,1,
2.023E+11,155 645 804,A01,2,2,0,2,4,15,1,
2.023E+11,155 645 798,B01,0,7,0,2,3,2,1,
2.023E+11,155 645 800,A01,1,7,0,2,2,2,3,
2.023E+11,155 645 799,A01,2,7,0,1,2,1,1,
2.023E+11,155 645 796,A01,2,33,0,2,6,3,1,
2.023E+11,155 645 797,B01,1,0,0,2,3,1,0,
2.023E+11,155 645 793,B01,1,7,0,2,3,9,1,
2.023E+11,155 645 794,A01,1,33,0,2,7,1,1,
2.023E+11,155 645 792,B01,2,7,0,2,2,1,1,
2.023E+11,155 645 795,A01,3,36,0,2,3,19,1,
2.023E+11,155 645 789,B01,1,33,0,2,1,1,1,
2.023E+11,155 645 791,A01,1,7,0,2,8,26,1,
2.023E+11,155 645 788,A01,1,10,0,2,1,2,1,
2.023E+11,155 645 790,B01,1,15,0,0,5,2,1,
2.023E+11,155 645 787,A01,1,7,10,0,2,14,1,
2.023E+11,155 645 785,A01,3,7,0,2,2,9,1,
2.023E+11,155 645 786,B01,3,50,0,2,1,19,3,
2.023E+11,155 645 783,A01,0,50,0,2,8,19,3,
2.023E+11,155 645 784,Z01,0,7,0,2,1,15,0,
2.023E+11,155 645 780,A01,2,17,0,2,5,14,1,
2.023E+11,155 645 781,B01,2,33,3,2,8,1,1,
2.023E+11,155 645 782,C01,2,33,3,2,5,1,1,
2.023E+11,155 645 778,A01,3,7,0,2,2,2,0,
2.023E+11,155 645 779,B01,3,33,0,2,4,1,0,
2.023E+11,155 645 777,A01,2,7,13,0,2,14,1,
2.023E+11,155 645 774,A01,1,7,0,2,1,2,1,
2.023E+11,155 645 775,B01,1,7,0,0,4,2,1,
2.023E+11,155 645 773,A01,0,7,0,2,3,1,1,
2.023E+11,155 645 776,B01,0,7,0,2,1,1,1,
2.023E+11,155 645 771,A01,3,7,9,0,9,26,1,
2.023E+11,155 645 770,A01,3,7,0,2,8,0,1,
2.023E+11,155 645 772,B01,3,33,0,2,1,0,1,
2.023E+11,155 645 768,A01,0,7,0,2,5,15,1,
2.023E+11,155 645 769,B01,0,7,0,2,1,15,1,
2.023E+11,155 645 766,A01,1,7,0,2,6,1,1,
2.023E+11,155 645 767,B01,1,33,0,2,7,17,1,
2.023E+11,155 645 765,A01,2,32,0,0,8,1,1,
2.023E+11,155 645 764,A01,2,33,0,0,8,1,1,
2.023E+11,155 645 762,B01,3,7,0,2,3,1,1,
2.023E+11,155 645 763,A01,3,7,0,2,3,13,1,
2.023E+11,155 645 761,A01,2,7,3,0,1,14,1,
2.023E+11,155 645 759,A01,2,33,5,0,1,0,1,
2.023E+11,155 645 758,B01,3,7,0,2,8,1,1,
2.023E+11,155 645 760,A01,3,7,0,2,1,26,1,
2.023E+11,155 645 755,A01,1,7,0,2,1,2,1,
2.023E+11,155 645 756,B01,1,7,0,2,0,0,1,
2.023E+11,155 645 754,A01,1,7,0,2,1,5,1,
2.023E+11,155 645 757,B01,2,17,0,2,1,1,1,
2.023E+11,155 645 753,A01,1,7,13,0,1,13,1,
2.023E+11,155 645 752,A01,1,7,0,1,1,16,1,
2.023E+11,155 645 750,A01,1,7,11,0,3,1,1,
2.023E+11,155 645 749,A01,1,7,0,2,2,16,0,
2.023E+11,155 645 751,B01,1,2,0,2,7,1,1,
2.023E+11,155 645 748,A01,3,7,0,1,7,1,1,
2.023E+11,155 645 747,A01,1,17,4,0,2,13,1,
2.023E+11,155 645 745,A01,0,7,0,0,9,13,1,
2.023E+11,155 645 744,A01,2,7,0,2,3,9,1,
2.023E+11,155 645 746,B01,2,2,0,2,2,1,1,
2.023E+11,155 645 742,A01,0,7,0,2,1,16,0,
2.023E+11,155 645 743,B01,3,50,0,2,0,0,3,
2.023E+11,155 645 740,A01,3,21,0,2,1,21,1,
2.023E+11,155 645 741,B01,3,7,0,2,3,1,1,
2.023E+11,155 645 739,A01,2,10,0,1,1,1,1,
2.023E+11,155 645 736,A01,1,10,0,2,2,15,1,
2.023E+11,155 645 738,B01,2,33,0,2,1,1,1,
2.023E+11,155 645 735,B01,2,1,0,2,8,1,5,
2.023E+11,155 645 737,A01,2,7,0,2,2,14,1,
2.023E+11,155 645 734,A01,1,7,2,0,1,0,1,
2.023E+11,155 645 733,A01,2,7,0,1,3,15,1,
2.023E+11,155 645 732,A01,2,7,0,1,2,1,1,
2.023E+11,155 645 730,A01,1,50,0,2,1,1,3,
2.023E+11,155 645 731,B01,2,7,0,2,8,15,1,
2.023E+11,155 645 728,A01,1,15,0,9,6,1,1,
2.023E+11,155 645 729,B01,2,1,0,2,1,13,5,
2.023E+11,155 645 726,A01,2,2,0,2,1,2,1,
2.023E+11,155 645 727,B01,2,7,0,9,4,2,1,
2.023E+11,155 645 725,A01,0,2,12,0,0,1,1,
2.023E+11,155 645 723,A01,2,33,0,0,7,15,1,
2.023E+11,155 645 722,A01,2,7,1,0,2,1,1,
2.023E+11,155 645 724,B01,2,1,0,2,0,23,5,
2.023E+11,155 645 719,B01,3,7,0,2,1,15,1,
2.023E+11,155 645 721,A01,2,2,0,0,7,1,1,
2.023E+11,155 645 716,B01,1,60,0,2,1,0,5,
2.023E+11,155 645 718,A01,0,7,0,9,0,0,0,