Num_Acc,id_vehicule,num_veh,senc,catv,obs,obsm,choc,manv,motor,occutc
2.023E+11,155 644 797,A01,2,7,0,1,3,2,1,
2.023E+11,155 644 794,A01,1,7,0,0,3,5,0,
2.023E+11,155 644 795,B01,2,7,0,0,3,1,0,
2.023E+11,155 644 793,B01,1,33,0,2,2,21,1,
2.023E+11,155 644 796,A01,3,7,0,2,6,9,1,
2.023E+11,155 644 791,A01,2,2,0,2,1,13,1,
2.023E+11,155 644 792,B01,1,38,0,2,3,0,1,1
2.023E+11,155 644 790,A01,2,7,13,0,3,1,1,
2.023E+11,155 644 789,A01,2,7,0,1,1,1,1,
2.023E+11,155 644 786,A01,2,3,0,2,1,2,1,
2.023E+11,155 644 788,B01,2,7,0,2,4,23,1,
2.023E+11,155 644 784,A01,1,17,0,0,4,2,1,
2.023E+11,155 644 787,B01,1,7,0,2,1,12,1,
2.023E+11,155 644 783,A01,1,10,0,2,3,1,1,
2.023E+11,155 644 785,B01,2,7,0,2,3,1,1,
2.023E+11,155 644 781,A01,2,2,0,2,1,2,1,
2.023E+11,155 644 782,B01,2,7,0,2,0,0,1,
2.023E+11,155 644 779,A01,1,7,0,1,1,16,1,
2.023E+11,155 644 776,A01,1,10,0,2,2,1,1,
2.023E+11,155 644 778,B01,1,1,0,2,6,2,5,
2.023E+11,155 644 777,A01,2,7,0,2,1,2,0,
2.023E+11,155 644 780,B01,2,31,0,0,4,23,1,
2.023E+11,155 644 772,A01,1,7,0,2,1,1,0,
2.023E+11,155 644 774,B01,2,7,0,2,2,15,1,
2.023E+11,155 644 770,A01,1,7,0,2,1,13,1,
2.023E+11,155 644 771,B01,2,7,0,2,1,1,1,
2.023E+11,155 644 769,A01,2,7,2,0,1,13,1,
2.023E+11,155 644 768,A01,1,31,12,0,1,1,1,
2.023E+11,155 644 764,A01,1,7,4,2,1,2,1,
2.023E+11,155 644 766,B01,1,7,0,0,6,2,2,
2.023E+11,155 644 763,A01,3,13,0,2,1,15,1,
2.023E+11,155 644 767,B01,3,7,0,2,7,1,1,
2.023E+11,155 644 762,A01,2,7,0,2,2,15,3,
2.023E+11,155 644 765,B01,2,32,0,2,1,1,1,
2.023E+11,155 644 761,A01,1,7,2,0,7,0,1,
2.023E+11,155 644 758,A01,1,7,0,2,1,1,1,
2.023E+11,155 644 760,B01,2,37,0,2,1,1,1,1
2.023E+11,155 644 757,A01,1,7,0,2,1,1,1,
2.023E+11,155 644 759,B01,1,3,0,0,4,23,1,
2.023E+11,155 644 755,A01,2,7,0,2,1,13,2,
2.023E+11,155 644 756,B01,1,33,0,2,1,1,1,
2.023E+11,155 644 750,A01,1,7,0,2,3,0,1,
2.023E+11,155 644 753,B01,2,7,0,2,1,0,1,
2.023E+11,155 644 752,B01,2,31,0,2,1,1,1,
2.023E+11,155 644 754,A01,1,7,0,2,1,19,1,
2.023E+11,155 644 751,A01,0,7,2,0,1,1,0,
2.023E+11,155 644 749,A01,3,7,0,0,9,1,1,
2.023E+11,155 644 745,A01,2,7,0,2,2,11,1,
2.023E+11,155 644 747,B01,2,7,0,2,6,1,1,
2.023E+11,155 644 746,B01,0,33,0,2,3,1,1,
2.023E+11,155 644 748,A01,0,7,0,2,3,13,1,
2.023E+11,155 644 742,A01,1,31,0,2,3,20,1,
2.023E+11,155 644 744,B01,2,1,0,2,1,1,5,
2.023E+11,155 644 740,A01,2,7,0,0,5,15,1,
2.023E+11,155 644 741,B01,1,33,0,2,1,1,1,
2.023E+11,155 644 738,A01,1,7,0,1,1,1,1,
2.023E+11,155 644 737,B01,2,43,0,2,8,1,1,
2.023E+11,155 644 739,A01,2,7,0,2,2,15,1,
2.023E+11,155 644 736,A01,2,7,3,0,3,2,1,
2.023E+11,155 644 734,A01,2,7,0,1,3,1,1,
2.023E+11,155 644 733,A01,2,7,0,2,6,9,1,
2.023E+11,155 644 735,B01,2,2,0,2,2,1,3,
2.023E+11,155 644 732,A01,1,7,9,0,1,13,1,
2.023E+11,155 644 728,B01,1,33,8,2,8,1,1,
2.023E+11,155 644 731,A01,1,7,0,2,3,19,1,
2.023E+11,155 644 727,A01,1,7,0,2,3,1,1,
2.023E+11,155 644 730,B01,2,13,0,2,2,1,1,
2.023E+11,155 644 726,A01,2,7,0,2,8,9,1,
2.023E+11,155 644 729,B01,1,7,0,2,1,1,1,
2.023E+11,155 644 723,A01,1,7,0,2,3,11,1,
2.023E+11,155 644 724,B01,1,33,0,2,7,2,1,
2.023E+11,155 644 722,A01,3,7,0,2,5,9,1,
2.023E+11,155 644 725,B01,2,43,0,2,1,1,1,
2.023E+11,155 644 720,A01,2,7,0,2,5,15,1,
2.023E+11,155 644 721,B01,1,33,0,2,1,1,1,
2.023E+11,155 644 718,A01,1,33,2,0,0,0,0,
2.023E+11,155 644 717,A01,2,7,0,2,3,1,2,
2.023E+11,155 644 719,B01,2,31,0,2,2,1,1,
2.023E+11,155 644 711,A01,2,7,0,2,4,24,1,
2.023E+11,155 644 714,B01,2,7,0,2,1,2,1,
2.023E+11,155 644 715,C01,2,7,0,2,3,2,1,
2.023E+11,155 644 710,A01,2,7,0,2,5,1,1,
2.023E+11,155 644 713,B01,1,30,0,2,1,1,1,
2.023E+11,155 644 709,A01,1,7,0,2,3,6,1,
2.023E+11,155 644 712,B01,2,7,0,0,5,1,1,
2.023E+11,155 644 716,C01,2,7,0,2,1,1,1,
2.023E+11,155 644 706,A01,1,31,8,0,1,13,1,
2.023E+11,155 644 707,A01,2,7,0,0,9,1,1,
2.023E+11,155 644 705,B01,1,37,0,2,2,13,1,1
2.023E+11,155 644 708,A01,1,1,0,2,3,13,5,
2.023E+11,155 644 703,B01,2,15,0,2,3,1,1,
2.023E+11,155 644 704,A01,1,7,0,2,1,5,1,
2.023E+11,155 644 700,B01,2,50,12,2,1,1,3,
2.023E+11,155 644 702,A01,1,37,0,2,8,1,6,1
2.023E+11,155 644 699,A01,3,7,0,1,1,15,0,
2.023E+11,155 644 698,A01,2,10,0,2,4,4,1,
2.023E+11,155 644 701,B01,2,33,0,2,1,1,1,
2.023E+11,155 644 697,A01,1,7,2,0,1,1,0,
2.023E+11,155 644 693,A01,2,37,8,0,1,13,1,1
2.023E+11,155 644 692,B01,0,1,0,2,7,1,5,
2.023E+11,155 644 696,A01,0,7,0,9,1,9,0,
2.023E+11,155 644 694,A01,1,7,0,2,0,0,1,
2.023E+11,155 644 695,B01,1,33,0,2,0,0,1,
2.023E+11,155 644 688,B01,3,50,0,2,1,2,3,
2.023E+11,155 644 689,X01,0,7,0,2,4,0,0,
2.023E+11,155 644 687,A01,1,10,0,2,1,1,1,
2.023E+11,155 644 690,B01,1,10,3,2,7,1,1,
2.023E+11,155 644 685,A01,1,7,0,2,5,1,1,
2.023E+11,155 644 686,B01,1,33,0,2,1,21,1,
2.023E+11,155 644 684,A01,2,33,0,1,1,9,1,
2.023E+11,155 644 681,A01,1,7,0,2,1,13,1,
2.023E+11,155 644 683,B01,2,7,0,2,1,1,1,
2.023E+11,155 644 680,A01,1,33,0,0,1,0,1,
2.023E+11,155 644 682,B01,1,33,0,0,1,0,1,
2.023E+11,155 644 679,A01,2,7,1,1,2,1,1,
2.023E+11,155 644 678,A01,1,7,8,0,1,1,1,
2.023E+11,155 644 676,A01,1,33,0,2,7,21,1,
2.023E+11,155 644 677,B01,2,7,0,2,1,20,1,
2.023E+11,155 644 674,A01,1,33,0,0,8,1,1,
2.023E+11,155 644 673,A01,3,10,0,2,3,15,1,
2.023E+11,155 644 675,B01,3,34,0,2,2,17,1,
2.023E+11,155 644 672,A01,2,7,0,1,0,13,1,
2.023E+11,155 644 670,A01,2,7,0,1,1,1,1,
2.023E+11,155 644 668,A01,1,30,0,2,0,0,0,
2.023E+11,155 644 671,B01,1,7,0,2,3,9,0,
2.023E+11,155 644 667,B01,1,7,0,2,8,1,1,
2.023E+11,155 644 669,A01,1,10,0,2,2,12,1,
2.023E+11,155 644 665,A01,3,7,0,2,3,13,1,
2.023E+11,155 644 666,B01,3,33,0,2,1,0,1,
2.023E+11,155 644 664,A01,1,7,0,1,1,1,1,
2.023E+11,155 644 662,A01,2,7,14,0,1,1,1,
2.023E+11,155 644 659,A01,3,30,0,2,8,1,1,
2.023E+11,155 644 661,X01,3,7,0,2,2,16,1,
2.023E+11,155 644 655,B01,2,10,0,2,8,11,1,
2.023E+11,155 644 657,C01,2,7,0,2,4,1,1,
2.023E+11,155 644 658,A01,2,33,0,2,2,3,1,
2.023E+11,155 644 653,B01,2,7,0,2,4,23,1,
2.023E+11,155 644 656,A01,2,10,0,2,1,1,1,
2.023E+11,155 644 652,A01,3,34,0,2,1,3,1,
2.023E+11,155 644 654,B01,3,7,0,2,6,1,1,
2.023E+11,155 644 650,A01,2,7,0,2,1,2,1,
2.023E+11,155 644 651,B01,2,10,0,2,4,2,1,
2.023E+11,155 644 648,A01,2,7,0,2,1,1,1,
2.023E+11,155 644 649,B01,2,10,0,2,4,1,1,
2.023E+11,155 644 645,A01,1,30,0,2,1,0,1,
2.023E+11,155 644 647,B01,1,30,0,2,0,0,1,
2.023E+11,155 644 644,B01,1,7,0,2,4,1,1,
2.023E+11,155 644 646,A01,1,7,0,2,1,2,1,
2.023E+11,155 644 641,A01,2,31,4,2,7,2,1,
2.023E+11,155 644 640,A01,3,7,0,1,1,1,1,
2.023E+11,155 644 639,A01,2,13,0,2,1,1,1,
2.023E+11,155 644 642,B01,2,7,0,2,4,1,1,
2.023E+11,155 644 643,C01,2,7,0,2,6,1,1,
2.023E+11,155 644 633,A01,1,33,0,2,0,3,1,
2.023E+11,155 644 634,B01,1,7,0,2,0,12,1,
2.023E+11,155 644 632,C01,2,7,0,2,4,0,1,
2.023E+11,155 644 636,A01,2,7,0,2,1,2,1,
2.023E+11,155 644 637,B01,2,10,0,2,4,2,1,
2.023E+11,155 644 630,A01,2,7,13,2,1,13,1,
2.023E+11,155 644 631,B01,1,15,0,2,3,21,1,
2.023E+11,155 644 627,A01,2,33,0,2,1,1,1,
2.023E+11,155 644 629,B01,2,7,0,2,5,1,1,
2.023E+11,155 644 626,A01,1,7,0,2,7,11,1,
2.023E+11,155 644 628,B01,1,7,0,2,8,2,1,
2.023E+11,155 644 624,B01,2,15,0,0,6,2,1,
2.023E+11,155 644 625,A01,2,10,0,2,1,2,1,
2.023E+11,155 644 618,C01,1,7,0,2,4,2,1,
2.023E+11,155 644 620,A01,1,10,0,2,1,2,1,
2.023E+11,155 644 622,B01,1,10,0,2,4,2,1,
2.023E+11,155 644 617,A01,2,10,0,2,1,2,1,
2.023E+11,155 644 619,B01,2,7,0,2,4,23,1,
2.023E+11,155 644 623,C01,2,10,0,2,4,2,1,
2.023E+11,155 644 616,A01,1,7,3,2,1,2,1,
2.023E+11,155 644 621,B01,1,7,3,2,4,2,1,
2.023E+11,155 644 614,Z01,1,7,0,2,1,2,1,
2.023E+11,155 644 615,B01,1,7,0,2,4,2,1,
2.023E+11,155 644 609,A01,1,7,0,2,1,1,1,
2.023E+11,155 644 612,B01,1,7,0,2,5,1,0,
2.023E+11,155 644 613,C01,1,7,0,2,2,1,1,
2.023E+11,155 644 607,A01,2,33,0,2,3,3,1,
2.023E+11,155 644 610,B01,2,7,0,2,5,2,1,
2.023E+11,155 644 611,C01,2,15,0,2,3,2,1,
2.023E+11,155 644 606,A01,1,7,0,2,4,26,0,
2.023E+11,155 644 608,B01,1,7,0,2,1,2,1,
2.023E+11,155 644 603,A01,1,7,13,9,2,1,1,
2.023E+11,155 644 601,A01,2,33,0,2,8,3,1,
2.023E+11,155 644 604,B01,2,7,0,2,7,12,1,
2.023E+11,155 644 602,A01,1,34,0,2,3,3,1,
2.023E+11,155 644 605,B01,1,10,0,2,7,11,1,
2.023E+11,155 644 597,A01,2,7,0,9,8,9,0,
2.023E+11,155 644 600,B01,2,1,0,2,7,1,5,
2.023E+11,155 644 596,A01,2,7,0,2,4,2,3,
2.023E+11,155 644 599,B01,2,7,0,2,1,2,1,
2.023E+11,155 644 594,A01,1,7,0,2,1,12,1,
2.023E+11,155 644 595,B01,1,7,0,2,4,1,1,
2.023E+11,155 644 598,C01,1,7,0,2,6,1,1,
2.023E+11,155 644 592,A01,2,2,0,2,1,2,1,
2.023E+11,155 644 593,B01,2,7,0,2,5,0,1,
2.023E+11,155 644 588,A01,2,7,3,0,0,0,0,
2.023E+11,155 644 590,B01,2,99,0,0,5,2,0,
2.023E+11,155 644 591,C01,2,7,14,0,1,2,0,
2.023E+11,155 644 586,B01,2,17,4,2,2,1,1,
2.023E+11,155 644 589,A01,2,7,4,2,6,11,1,
2.023E+11,155 644 585,A01,3,2,0,2,1,2,1,
2.023E+11,155 644 587,B01,1,7,0,2,4,2,1,
2.023E+11,155 644 584,A01,1,7,13,0,3,26,1,
2.023E+11,155 644 580,C01,2,7,0,2,1,2,1,
2.023E+11,155 644 582,B01,2,7,0,2,1,2,1,
2.023E+11,155 644 583,A01,2,7,0,0,4,15,1,
2.023E+11,155 644 581,A01,2,99,4,0,0,14,1,
2.023E+11,155 644 579,A01,2,7,0,1,3,16,0,
2.023E+11,155 644 574,B01,2,50,0,2,1,1,3,
2.023E+11,155 644 578,A01,1,7,0,2,3,1,1,
2.023E+11,155 644 575,A01,2,7,0,2,3,0,1,
2.023E+11,155 644 577,Z01,2,7,0,2,2,0,0,
2.023E+11,155 644 572,A01,1,99,3,0,2,1,1,
2.023E+11,155 644 573,B01,3,7,0,0,7,15,1,
2.023E+11,155 644 576,A01,3,2,0,2,1,21,1,
2.023E+11,155 644 570,A01,2,7,0,2,4,21,1,
2.023E+11,155 644 571,B01,2,7,0,2,1,0,1,
2.023E+11,155 644 568,A01,1,7,0,2,1,2,1,
2.023E+11,155 644 564,A01,1,10,0,2,1,2,1,
2.023E+11,155 644 565,B01,1,7,0,2,4,0,1,
2.023E+11,155 644 563,A01,1,7,3,0,0,1,1,
2.023E+11,155 644 561,B01,3,7,0,2,1,2,1,
2.023E+11,155 644 562,A01,3,7,0,2,4,23,1,
2.023E+11,155 644 560,A01,1,7,8,0,1,2,1,
2.023E+11,155 644 558,A01,3,34,0,2,1,1,1,
2.023E+11,155 644 559,B01,3,7,0,2,7,1,1,
2.023E+11,155 644 556,B01,2,7,0,2,3,15,1,
2.023E+11,155 644 557,A01,1,34,0,2,3,1,1,
2.023E+11,155 644 552,B01,2,7,0,2,2,1,1,
2.023E+11,155 644 553,A01,2,7,0,2,6,20,1,
2.023E+11,155 644 551,B01,1,32,0,2,2,2,1,
2.023E+11,155 644 554,A01,1,10,0,2,6,4,0,
2.023E+11,155 644 549,A01,1,7,0,2,3,15,1,
2.023E+11,155 644 550,B01,1,33,0,2,2,1,1,
2.023E+11,155 644 547,B01,2,7,0,2,1,1,1,
2.023E+11,155 644 548,A01,1,7,0,2,5,15,1,
2.023E+11,155 644 546,A01,3,7,0,1,1,2,0,
2.023E+11,155 644 545,A01,1,37,1,1,1,1,2,1
2.023E+11,155 644 543,A01,3,14,2,0,1,1,1,
2.023E+11,155 644 540,B01,1,30,0,2,7,1,-1,
2.023E+11,155 644 542,A01,2,30,0,2,1,10,-1,
2.023E+11,155 644 537,A01,1,7,0,2,3,26,1,
2.023E+11,155 644 539,B01,1,7,0,2,1,1,1,
2.023E+11,155 644 541,C01,1,7,0,2,4,1,1,
2.023E+11,155 644 536,B01,1,7,0,2,1,2,1,
2.023E+11,155 644 538,A01,2,7,0,2,1,5,1,
2.023E+11,155 644 534,A01,1,3,0,2,1,9,1,
2.023E+11,155 644 535,B01,2,7,0,2,1,0,1,
2.023E+11,155 644 532,A01,2,7,2,0,1,0,1,
2.023E+11,155 644 533,A01,1,30,0,1,1,26,0,
2.023E+11,155 644 530,A01,2,7,6,0,1,1,0,
2.023E+11,155 644 529,A01,1,30,0,2,1,1,1,
2.023E+11,155 644 531,B01,1,7,0,2,5,1,1,
2.023E+11,155 644 528,A01,3,10,0,1,2,1,1,
2.023E+11,155 644 526,A01,1,7,0,2,2,1,0,
2.023E+11,155 644 527,B01,1,7,0,2,1,1,0,
2.023E+11,155 644 523,B01,1,7,1,0,3,24,-1,
2.023E+11,155 644 525,A01,1,7,1,0,2,14,1,
2.023E+11,155 644 524,A01,1,7,14,0,1,1,3,
2.023E+11,155 644 522,A01,1,7,0,0,2,1,1,
2.023E+11,155 644 519,A01,2,33,4,0,3,0,1,
2.023E+11,155 644 518,B01,1,7,0,0,4,23,1,
2.023E+11,155 644 521,A01,1,10,0,2,1,1,1,
2.023E+11,155 644 517,B01,1,7,6,2,1,1,1,
2.023E+11,155 644 520,A01,1,7,0,2,3,1,1,
2.023E+11,155 644 514,A01,1,7,0,2,3,1,1,
2.023E+11,155 644 515,Z01,2,20,0,2,7,17,1,
2.023E+11,155 644 513,B01,1,7,0,2,5,1,1,
2.023E+11,155 644 516,A01,1,10,0,2,3,10,1,
2.023E+11,155 644 512,A01,2,7,0,1,3,15,1,
2.023E+11,155 644 511,A01,2,10,0,1,3,1,1,
2.023E+11,155 644 509,A01,2,2,0,2,1,13,0,
2.023E+11,155 644 510,B01,1,14,0,2,8,1,0,
2.023E+11,155 644 506,A01,1,10,0,2,1,1,1,
2.023E+11,155 644 507,B01,2,7,0,2,1,15,1,
2.023E+11,155 644 505,A01,3,7,0,2,3,21,1,
2.023E+11,155 644 508,B01,3,7,0,2,2,1,3,
2.023E+11,155 644 503,A01,1,7,0,2,3,1,0,
2.023E+11,155 644 504,B01,2,7,0,2,3,13,0,
2.023E+11,155 644 501,B01,1,7,0,2,0,15,1,
2.023E+11,155 644 502,A01,1,33,0,2,1,15,1,
2.023E+11,155 644 498,A01,0,30,0,2,1,26,1,
2.023E+11,155 644 500,B01,3,7,0,2,5,26,1,
2.023E+11,155 644 497,A01,2,7,0,2,2,15,1,
2.023E+11,155 644 499,B01,2,32,0,2,1,1,1,
2.023E+11,155 644 493,A01,3,7,0,2,3,16,1,
2.023E+11,155 644 496,B01,3,1,0,2,1,1,5,
2.023E+11,155 644 491,A01,1,7,0,2,8,9,0,
2.023E+11,155 644 494,C01,1,15,0,2,3,1,0,
2.023E+11,155 644 495,B01,2,37,0,2,2,1,0,16
2.023E+11,155 644 492,A01,1,7,0,1,2,16,1,
2.023E+11,155 644 488,A01,1,7,16,0,0,1,1,
2.023E+11,155 644 489,B01,1,32,0,2,1,1,1,
2.023E+11,155 644 490,A01,2,7,0,2,2,15,1,
2.023E+11,155 644 487,A01,3,7,0,1,2,1,6,
2.023E+11,155 644 486,A01,1,2,0,0,0,0,0,
2.023E+11,155 644 484,A01,1,7,0,1,2,26,1,
2.023E+11,155 644 483,B01,1,7,0,2,3,24,3,
2.023E+11,155 644 485,A01,2,10,1,0,3,13,1,
2.023E+11,155 644 478,A01,1,7,2,0,1,1,1,
2.023E+11,155 644 479,B01,1,7,0,2,4,1,1,
2.023E+11,155 644 481,C01,1,7,0,2,4,1,1,
2.023E+11,155 644 482,A01,1,7,0,2,1,1,1,
2.023E+11,155 644 477,B01,1,7,0,2,7,1,2,
2.023E+11,155 644 480,A01,2,7,0,2,3,1,1,
2.023E+11,155 644 473,A01,1,7,0,2,6,11,1,
2.023E+11,155 644 475,B01,1,33,0,2,2,1,1,
2.023E+11,155 644 474,A01,2,10,0,2,1,15,1,
2.023E+11,155 644 476,B01,1,2,0,2,3,1,1,
2.023E+11,155 644 471,A01,3,7,0,2,3,14,1,
2.023E+11,155 644 472,B01,3,50,0,2,5,14,3,
2.023E+11,155 644 468,A01,2,7,0,2,1,2,1,
2.023E+11,155 644 470,B01,2,33,0,2,4,2,1,
2.023E+11,155 644 466,A01,2,7,0,1,1,1,1,
2.023E+11,155 644 467,B01,1,2,0,2,5,1,1,
2.023E+11,155 644 469,A01,2,7,0,2,2,9,1,
2.023E+11,155 644 464,A01,2,10,0,1,1,26,1,
2.023E+11,155 644 465,A01,3,50,0,0,0,1,3,
2.023E+11,155 644 463,A01,2,7,6,0,1,13,1,
2.023E+11,155 644 461,A01,2,2,1,0,2,13,1,
2.023E+11,155 644 459,A01,3,7,0,2,1,1,1,
2.023E+11,155 644 462,B01,2,10,0,2,8,1,1,
2.023E+11,155 644 458,B01,2,7,0,2,1,1,1,
2.023E+11,155 644 460,A01,1,7,0,2,1,15,1,
2.023E+11,155 644 455,B01,1,1,1,0,1,1,5,
2.023E+11,155 644 457,A01,1,7,0,2,8,22,1,
2.023E+11,155 644 453,A01,2,7,0,2,3,13,1,
2.023E+11,155 644 456,B01,1,10,0,2,3,1,1,
2.023E+11,155 644 452,B01,2,7,0,2,3,1,0,
2.023E+11,155 644 454,A01,1,7,0,2,3,5,2,
2.023E+11,155 644 450,B01,3,1,0,2,1,1,5,
2.023E+11,155 644 451,A01,3,7,0,2,3,13,1,
2.023E+11,155 644 449,A01,1,14,0,1,5,4,1,
2.023E+11,155 644 448,A01,3,7,0,9,7,14,1,
2.023E+11,155 644 446,B01,2,1,0,2,2,1,5,
2.023E+11,155 644 447,A01,1,7,0,2,1,1,1,
2.023E+11,155 644 443,A01,1,30,0,2,1,17,1,
2.023E+11,155 644 445,B01,1,7,0,2,3,15,1,
2.023E+11,155 644 442,B01,1,7,8,2,2,1,0,
2.023E+11,155 644 444,A01,1,7,0,2,1,1,0,
2.023E+11,155 644 440,A01,2,34,0,2,7,17,1,
2.023E+11,155 644 441,B01,0,7,0,0,0,10,1,
2.023E+11,155 644 437,A01,3,7,0,2,0,0,1,
2.023E+11,155 644 439,B01,3,50,0,2,0,1,3,
2.023E+11,155 644 435,A01,2,7,0,2,1,1,1,
2.023E+11,155 644 438,B01,1,7,0,2,1,5,1,
2.023E+11,155 644 433,A01,3,7,0,0,1,15,1,
2.023E+11,155 644 436,B01,1,31,0,2,8,1,1,
2.023E+11,155 644 431,A01,1,7,0,1,3,1,1,
2.023E+11,155 644 432,B01,3,31,0,2,1,1,1,
2.023E+11,155 644 434,A01,3,7,0,2,2,15,6,
2.023E+11,155 644 430,A01,1,36,8,0,3,25,1,
2.023E+11,155 644 427,A01,1,50,0,1,1,1,3,
2.023E+11,155 644 426,B01,1,31,0,2,1,1,1,
2.023E+11,155 644 428,A01,3,7,0,2,2,15,1,
2.023E+11,155 644 425,A01,2,20,0,2,1,17,1,
2.023E+11,155 644 429,B01,2,7,15,2,8,15,1,
2.023E+11,155 644 423,A01,0,7,0,1,1,1,1,
2.023E+11,155 644 422,A01,1,7,2,2,1,2,1,
2.023E+11,155 644 424,B01,3,7,0,2,4,2,1,
2.023E+11,155 644 418,A01,2,7,0,1,1,1,1,
2.023E+11,155 644 417,B01,2,33,0,2,8,2,1,
2.023E+11,155 644 419,A01,2,7,0,2,1,15,1,
2.023E+11,155 644 416,A01,3,10,0,2,3,1,1,
2.023E+11,155 644 420,B01,3,33,0,2,1,1,1,
2.023E+11,155 644 413,A01,1,2,0,2,0,1,1,
2.023E+11,155 644 415,B01,1,7,0,2,0,16,1,
2.023E+11,155 644 411,A01,3,7,0,2,3,19,1,
2.023E+11,155 644 414,B01,3,32,0,2,1,3,1,
2.023E+11,155 644 405,A01,3,7,0,2,2,1,1,
2.023E+11,155 644 408,B01,2,50,0,2,1,1,3,
2.023E+11,155 644 406,A01,3,10,0,1,1,15,0,
2.023E+11,155 644 407,B01,1,7,0,2,8,26,0,
2.023E+11,155 644 409,A01,2,32,0,2,1,1,1,
2.023E+11,155 644 403,B01,1,2,0,0,3,1,0,
2.023E+11,155 644 404,A01,1,7,0,2,2,17,1,
2.023E+11,155 644 401,A01,3,7,0,1,4,4,1,
2.023E+11,155 644 400,A01,2,7,2,0,1,13,1,
2.023E+11,155 644 399,B01,1,7,0,2,1,1,1,
2.023E+11,155 644 402,A01,3,7,0,2,1,19,1,
2.023E+11,155 644 398,A01,3,50,0,1,1,1,3,
2.023E+11,155 644 397,A01,1,7,2,0,9,1,1,
2.023E+11,155 644 396,A01,3,10,6,0,2,0,0,
2.023E+11,155 644 394,A01,3,33,15,0,1,26,1,
2.023E+11,155 644 393,A01,1,33,0,2,2,17,1,
2.023E+11,155 644 395,B01,1,7,0,2,3,15,1,
2.023E+11,155 644 391,A01,2,7,0,2,2,2,0,
2.023E+11,155 644 392,B01,0,1,0,2,8,26,5,
2.023E+11,155 644 390,A01,1,7,0,0,9,0,1,
2.023E+11,155 644 389,A01,0,7,0,1,0,2,0,
2.023E+11,155 644 387,A01,1,7,2,0,3,1,1,
2.023E+11,155 644 386,B01,1,33,0,2,1,1,1,
2.023E+11,155 644 388,A01,2,10,0,2,3,15,1,
2.023E+11,155 644 384,B01,0,7,0,2,3,1,1,
2.023E+11,155 644 385,A01,0,50,0,2,1,19,3,
2.023E+11,155 644 383,A01,3,7,0,1,3,15,1,
2.023E+11,155 644 380,B01,2,10,0,2,8,15,1,
2.023E+11,155 644 382,A01,2,10,0,2,2,17,1,
2.023E+11,155 644 378,B01,1,7,0,2,2,21,1,
2.023E+11,155 644 379,A01,1,36,0,2,3,25,1,
2.023E+11,155 644 377,A01,3,13,0,2,1,1,0,
2.023E+11,155 644 381,B01,3,7,0,2,1,15,2,
2.023E+11,155 644 376,A01,2,7,13,0,2,14,1,
2.023E+11,155 644 375,A01,2,7,2,0,1,13,1,
2.023E+11,155 644 373,A01,1,7,2,0,3,0,1,
2.023E+11,155 644 372,B01,3,60,0,2,8,25,5,
2.023E+11,155 644 374,A01,3,7,0,1,1,1,1,
2.023E+11,155 644 370,A01,1,7,6,0,1,1,1,
2.023E+11,155 644 369,A01,2,7,0,2,1,11,1,
2.023E+11,155 644 371,B01,1,14,0,2,1,1,1,
2.023E+11,155 644 366,B01,2,7,0,2,2,1,1,
2.023E+11,155 644 368,A01,2,50,0,2,8,10,3,
2.023E+11,155 644 364,A01,2,7,0,0,2,13,1,
2.023E+11,155 644 367,B01,1,7,0,2,2,14,1,
2.023E+11,155 644 365,A01,2,7,13,0,9,14,1,
2.023E+11,155 644 362,B01,0,1,0,4,0,0,5,
2.023E+11,155 644 363,A01,0,40,0,2,1,26,0,
2.023E+11,155 644 361,A01,3,7,0,1,3,13,0,
2.023E+11,155 644 360,A01,3,7,0,1,2,1,4,
2.023E+11,155 644 359,A01,1,7,0,1,3,1,2,
2.023E+11,155 644 357,A01,2,7,13,0,2,1,1,
2.023E+11,155 644 355,B01,1,7,0,2,9,1,1,
2.023E+11,155 644 356,A01,1,7,0,2,1,1,1,
2.023E+11,155 644 358,C01,1,7,0,2,4,1,1,
2.023E+11,155 644 354,A01,1,1,2,0,0,1,5,
2.023E+11,155 644 353,A01,2,33,12,0,1,1,1,
2.023E+11,155 644 352,A01,0,2,16,0,0,0,1,
2.023E+11,155 644 351,A01,1,38,17,0,1,14,1,4
2.023E+11,155 644 344,B01,0,7,0,2,1,2,0,
2.023E+11,155 644 347,C01,0,7,0,2,1,1,0,
2.023E+11,155 644 350,A01,0,7,0,2,3,26,1,
2.023E+11,155 644 343,C01,1,7,0,2,1,17,1,
2.023E+11,155 644 346,D01,1,10,0,2,1,17,1,
2.023E+11,155 644 348,A01,1,7,0,2,0,12,1,
2.023E+11,155 644 349,B01,1,7,0,2,1,17,1,
2.023E+11,155 644 342,A01,1,7,0,2,1,23,1,
2.023E+11,155 644 345,B01,1,7,0,2,6,26,1,
2.023E+11,155 644 339,A01,1,80,0,2,1,19,3,
2.023E+11,155 644 340,B01,1,7,0,2,3,16,3,
2.023E+11,155 644 338,A01,1,7,0,2,2,0,1,
2.023E+11,155 644 341,B01,1,7,0,0,6,0,1,
2.023E+11,155 644 333,B01,1,1,0,2,4,2,5,
2.023E+11,155 644 334,A01,1,10,0,2,2,2,1,
2.023E+11,155 644 332,B01,1,7,0,2,4,2,1,
2.023E+11,155 644 335,A01,1,7,0,2,1,2,1,