Num_Acc,id_vehicule,num_veh,senc,catv,obs,obsm,choc,manv,motor,occutc
2.023E+11,155 643 400,B01,1,31,0,2,1,1,0,
2.023E+11,155 643 403,A01,2,7,0,2,3,2,0,
2.023E+11,155 643 398,A01,2,7,0,2,1,1,1,
2.023E+11,155 643 401,B01,2,7,0,2,2,15,1,
2.023E+11,155 643 395,B01,1,1,0,2,3,1,5,
2.023E+11,155 643 397,A01,2,7,0,2,3,15,1,
2.023E+11,155 643 391,B01,2,7,0,2,4,1,1,
2.023E+11,155 643 394,A01,2,10,0,2,1,1,1,
2.023E+11,155 643 396,D01,2,7,0,2,0,0,1,
2.023E+11,155 643 399,C01,2,7,0,0,0,0,1,
2.023E+11,155 643 390,A01,3,32,0,2,2,17,3,
2.023E+11,155 643 392,B01,3,7,0,2,3,15,0,
2.023E+11,155 643 389,B01,0,7,0,2,1,1,3,
2.023E+11,155 643 393,A01,0,7,0,2,3,1,1,
2.023E+11,155 643 386,A01,3,33,0,2,2,1,1,
2.023E+11,155 643 388,B01,3,1,0,2,1,1,5,
2.023E+11,155 643 384,A01,2,7,12,0,5,15,1,
2.023E+11,155 643 385,B01,3,1,0,2,8,19,5,
2.023E+11,155 643 387,A01,3,7,0,9,2,1,1,
2.023E+11,155 643 383,A01,2,7,12,0,1,21,1,
2.023E+11,155 643 381,Z01,0,7,0,2,1,0,0,
2.023E+11,155 643 382,A01,0,2,0,2,1,1,1,
2.023E+11,155 643 377,C01,2,7,0,2,4,23,0,
2.023E+11,155 643 379,A01,2,7,0,2,1,2,1,
2.023E+11,155 643 380,B01,2,7,0,2,1,23,1,
2.023E+11,155 643 375,A01,0,10,0,2,1,0,1,
2.023E+11,155 643 378,B01,2,7,0,2,4,23,1,
2.023E+11,155 643 374,A01,1,7,0,2,4,23,1,
2.023E+11,155 643 376,B01,1,7,0,2,1,1,1,
2.023E+11,155 643 373,A01,1,30,0,2,0,0,1,
2.023E+11,155 643 372,A01,3,33,0,0,3,0,1,
2.023E+11,155 643 371,A01,1,7,0,1,1,1,1,
2.023E+11,155 643 369,A01,1,7,0,2,8,10,1,
2.023E+11,155 643 370,B01,1,2,0,2,7,17,1,
2.023E+11,155 643 363,B01,1,7,0,2,1,2,1,
2.023E+11,155 643 366,C01,1,7,0,2,4,2,1,
2.023E+11,155 643 368,A01,1,7,0,2,1,2,1,
2.023E+11,155 643 365,A01,1,7,0,2,5,15,1,
2.023E+11,155 643 367,B01,2,7,0,2,2,1,1,
2.023E+11,155 643 362,A01,1,30,0,2,3,1,3,
2.023E+11,155 643 364,B01,2,7,0,2,2,1,1,
2.023E+11,155 643 361,A01,1,7,6,0,1,1,1,
2.023E+11,155 643 360,A01,0,7,0,1,1,1,1,
2.023E+11,155 643 358,A01,3,7,0,2,1,1,0,
2.023E+11,155 643 359,B01,3,1,0,2,1,1,0,
2.023E+11,155 643 356,A01,1,7,0,0,9,1,1,
2.023E+11,155 643 353,A01,2,10,0,2,1,0,1,
2.023E+11,155 643 354,B01,2,7,0,2,6,2,1,
2.023E+11,155 643 355,C01,2,7,0,2,0,0,0,
2.023E+11,155 643 351,A01,2,7,10,0,1,1,1,
2.023E+11,155 643 350,C01,1,7,0,2,1,1,1,
2.023E+11,155 643 352,A01,1,7,4,2,6,9,1,
2.023E+11,155 643 357,B01,1,17,0,2,1,1,1,
2.023E+11,155 643 349,A01,2,33,0,0,1,19,1,
2.023E+11,155 643 348,A01,1,7,0,1,2,1,1,
2.023E+11,155 643 344,A01,2,7,13,0,9,1,1,
2.023E+11,155 643 345,B01,1,10,0,2,2,1,1,
2.023E+11,155 643 347,A01,1,7,0,2,6,15,1,
2.023E+11,155 643 343,B01,1,10,0,2,0,1,1,
2.023E+11,155 643 346,A01,2,7,8,2,5,1,1,
2.023E+11,155 643 342,A01,1,7,6,0,1,1,1,
2.023E+11,155 643 341,A01,1,31,14,2,0,1,1,
2.023E+11,155 643 339,A01,3,7,0,1,2,1,2,
2.023E+11,155 643 338,A01,2,7,3,2,1,2,1,
2.023E+11,155 643 340,B01,2,7,3,2,4,1,1,
2.023E+11,155 643 337,Z01,1,50,0,1,1,5,3,
2.023E+11,155 643 335,A01,0,7,0,1,1,16,1,
2.023E+11,155 643 333,B01,1,7,0,2,2,1,1,
2.023E+11,155 643 336,A01,1,2,0,2,1,19,1,
2.023E+11,155 643 334,A01,2,10,0,1,3,1,1,
2.023E+11,155 643 332,A01,1,7,2,9,1,1,1,
2.023E+11,155 643 331,A01,3,7,0,1,1,2,1,
2.023E+11,155 643 328,A01,1,7,13,0,9,13,1,
2.023E+11,155 643 329,A01,1,7,0,2,1,1,3,
2.023E+11,155 643 330,B01,1,1,0,2,1,1,5,
2.023E+11,155 643 326,A01,2,7,0,2,8,15,1,
2.023E+11,155 643 327,B01,1,33,0,2,1,1,1,
2.023E+11,155 643 325,A01,1,14,10,0,1,1,1,
2.023E+11,155 643 322,A01,2,7,0,2,5,15,1,
2.023E+11,155 643 324,B01,1,34,0,2,1,1,1,
2.023E+11,155 643 318,A01,1,7,0,2,2,0,0,
2.023E+11,155 643 320,B01,1,30,0,0,4,1,3,
2.023E+11,155 643 319,A01,2,7,0,2,6,15,1,
2.023E+11,155 643 321,B01,1,1,0,2,0,1,5,
2.023E+11,155 643 316,A01,1,7,0,2,2,15,1,
2.023E+11,155 643 317,B01,2,1,0,2,1,0,5,
2.023E+11,155 643 315,A01,1,2,0,0,0,0,0,
2.023E+11,155 643 312,C01,2,7,13,0,2,16,1,
2.023E+11,155 643 313,B01,2,7,0,2,6,1,1,
2.023E+11,155 643 314,A01,2,7,0,2,0,26,1,
2.023E+11,155 643 310,A01,1,7,4,0,1,1,1,
2.023E+11,155 643 308,A01,2,10,0,2,1,13,1,
2.023E+11,155 643 311,B01,1,7,0,2,1,1,1,
2.023E+11,155 643 307,A01,2,30,0,1,1,21,1,
2.023E+11,155 643 306,B01,2,1,0,2,3,25,5,
2.023E+11,155 643 309,A01,1,80,0,2,2,25,3,
2.023E+11,155 643 305,A01,1,7,0,1,1,1,1,
2.023E+11,155 643 303,A01,1,2,0,0,0,21,1,
2.023E+11,155 643 302,A01,1,7,0,2,6,9,1,
2.023E+11,155 643 304,B01,1,99,0,2,2,2,1,
2.023E+11,155 643 301,A01,1,1,0,5,1,1,5,
2.023E+11,155 643 300,A01,1,7,0,1,1,1,1,
2.023E+11,155 643 297,A01,1,7,0,2,8,15,1,
2.023E+11,155 643 299,B01,1,33,0,2,7,1,1,
2.023E+11,155 643 295,A01,1,7,0,1,2,15,1,
2.023E+11,155 643 293,A01,1,33,0,0,8,1,1,
2.023E+11,155 643 292,B01,0,7,0,2,3,15,1,
2.023E+11,155 643 294,A01,1,33,0,2,2,1,1,
2.023E+11,155 643 291,A01,3,7,0,1,1,1,1,
2.023E+11,155 643 289,B01,2,20,0,2,1,1,1,
2.023E+11,155 643 290,A01,1,7,3,2,7,13,1,
2.023E+11,155 643 286,B01,3,7,0,2,1,1,1,
2.023E+11,155 643 287,A01,3,30,14,2,1,13,1,
2.023E+11,155 643 285,A01,1,7,2,0,3,1,0,
2.023E+11,155 643 283,A01,1,7,0,2,2,21,1,
2.023E+11,155 643 284,B01,1,7,0,2,6,0,1,
2.023E+11,155 643 288,C01,1,7,0,2,6,16,1,
2.023E+11,155 643 282,A01,2,7,13,0,3,13,1,
2.023E+11,155 643 280,A01,0,33,0,2,1,1,6,
2.023E+11,155 643 281,B01,0,7,0,2,3,15,3,
2.023E+11,155 643 277,A01,1,7,0,2,1,15,1,
2.023E+11,155 643 279,B01,1,33,0,2,8,2,1,
2.023E+11,155 643 275,B01,1,7,1,0,6,2,1,
2.023E+11,155 643 278,A01,2,50,0,2,1,2,3,
2.023E+11,155 643 274,A01,1,7,0,2,3,9,1,
2.023E+11,155 643 276,B01,1,1,0,2,5,1,5,
2.023E+11,155 643 270,A01,2,7,2,0,1,13,1,
2.023E+11,155 643 271,A01,2,34,0,2,7,17,1,
2.023E+11,155 643 273,Z01,2,10,0,2,3,10,0,
2.023E+11,155 643 269,A01,3,7,0,2,3,1,1,
2.023E+11,155 643 272,B01,3,7,0,2,3,1,1,
2.023E+11,155 643 268,A01,1,7,14,0,1,6,1,
2.023E+11,155 643 267,A01,0,34,1,0,0,1,1,
2.023E+11,155 643 263,A01,1,13,0,2,3,2,1,
2.023E+11,155 643 265,B01,1,7,0,2,9,2,1,
2.023E+11,155 643 266,C01,1,7,0,2,4,0,1,
2.023E+11,155 643 262,A01,1,7,0,2,2,15,1,
2.023E+11,155 643 264,B01,2,1,0,2,1,1,5,
2.023E+11,155 643 257,A01,2,34,0,2,7,17,1,
2.023E+11,155 643 260,B01,2,7,0,2,8,19,1,
2.023E+11,155 643 259,Z01,1,7,0,2,1,26,6,
2.023E+11,155 643 261,B01,1,7,8,0,4,15,1,
2.023E+11,155 643 256,A01,3,7,0,2,2,19,1,
2.023E+11,155 643 258,B01,3,1,0,2,1,1,5,
2.023E+11,155 643 254,A01,2,7,2,0,2,1,1,
2.023E+11,155 643 253,A01,2,43,0,2,1,2,0,
2.023E+11,155 643 255,B01,2,7,0,2,4,1,1,
2.023E+11,155 643 251,B01,1,7,0,2,2,0,0,
2.023E+11,155 643 252,A01,2,34,0,2,1,1,1,
2.023E+11,155 643 246,A01,3,7,0,2,2,15,1,
2.023E+11,155 643 248,B01,1,30,0,2,2,2,1,
2.023E+11,155 643 245,A01,1,2,0,2,8,17,1,
2.023E+11,155 643 247,B01,1,2,0,2,5,15,1,
2.023E+11,155 643 242,A01,2,7,0,0,0,1,6,
2.023E+11,155 643 237,A01,2,7,0,2,2,15,1,
2.023E+11,155 643 238,B01,1,2,0,2,1,2,1,
2.023E+11,155 643 235,B01,2,33,0,2,1,17,1,
2.023E+11,155 643 236,A01,2,7,0,2,3,26,1,
2.023E+11,155 643 234,A01,1,37,13,0,7,2,1,2
2.023E+11,155 643 239,A01,0,7,0,1,4,20,1,
2.023E+11,155 643 233,A01,1,7,0,1,1,1,1,
2.023E+11,155 643 230,A01,3,2,0,2,1,13,1,
2.023E+11,155 643 232,B01,3,10,0,2,1,1,1,
2.023E+11,155 643 226,RB01,1,7,0,9,2,16,1,
2.023E+11,155 643 228,A01,1,60,0,2,1,18,5,
2.023E+11,155 643 227,B01,1,7,1,2,4,2,0,
2.023E+11,155 643 229,C01,1,7,0,0,4,2,1,
2.023E+11,155 643 231,A01,1,7,1,2,1,2,1,
2.023E+11,155 643 225,A01,1,7,13,0,1,0,1,
2.023E+11,155 643 223,A01,1,30,0,2,3,11,1,
2.023E+11,155 643 224,B01,1,7,0,2,2,1,1,
2.023E+11,155 643 222,A01,2,7,0,1,0,0,0,
2.023E+11,155 643 220,A01,2,33,1,0,9,1,1,
2.023E+11,155 643 219,A01,1,7,0,1,2,1,0,
2.023E+11,155 643 218,A01,3,7,0,2,3,14,1,
2.023E+11,155 643 221,B01,3,7,0,2,5,1,1,
2.023E+11,155 643 216,A01,2,31,0,0,7,17,0,
2.023E+11,155 643 215,A01,3,7,0,2,1,9,1,
2.023E+11,155 643 217,B01,2,15,0,2,7,0,0,
2.023E+11,155 643 212,A01,1,33,0,2,8,3,1,
2.023E+11,155 643 214,Z01,1,7,0,2,2,12,0,
2.023E+11,155 643 210,A01,2,7,0,2,6,1,1,
2.023E+11,155 643 213,B01,2,30,0,2,1,1,1,
2.023E+11,155 643 209,B01,3,7,0,2,1,9,1,
2.023E+11,155 643 211,A01,1,33,0,2,1,0,1,
2.023E+11,155 643 208,A01,0,99,0,1,4,26,1,
2.023E+11,155 643 205,A01,2,7,0,2,3,15,1,
2.023E+11,155 643 206,B01,1,31,0,2,6,1,1,
2.023E+11,155 643 204,A01,1,7,2,0,0,1,1,
2.023E+11,155 643 202,A01,2,7,0,2,5,12,1,
2.023E+11,155 643 203,B01,2,31,0,2,1,3,1,
2.023E+11,155 643 207,C01,2,7,0,2,7,1,1,
2.023E+11,155 643 201,A01,2,32,12,0,7,20,1,
2.023E+11,155 643 199,A01,1,7,0,2,3,1,1,
2.023E+11,155 643 200,B01,0,33,0,2,8,15,1,
2.023E+11,155 643 195,A01,1,7,0,2,8,15,1,
2.023E+11,155 643 197,B01,1,33,0,2,1,17,1,
2.023E+11,155 643 196,A01,3,10,0,2,1,1,3,
2.023E+11,155 643 198,B01,3,7,0,2,4,1,2,
2.023E+11,155 643 193,A01,1,7,0,2,3,15,1,
2.023E+11,155 643 194,B01,1,30,0,2,2,1,1,
2.023E+11,155 643 190,A01,2,7,0,2,7,15,2,
2.023E+11,155 643 192,B01,1,7,0,2,2,1,1,
2.023E+11,155 643 189,Z01,2,30,0,2,0,1,0,
2.023E+11,155 643 191,A01,2,1,0,2,3,19,5,
2.023E+11,155 643 185,B01,2,7,0,2,1,1,1,
2.023E+11,155 643 186,A01,1,7,0,2,2,15,1,
2.023E+11,155 643 187,A01,3,7,0,2,6,19,1,
2.023E+11,155 643 188,B01,1,33,0,2,1,1,1,
2.023E+11,155 643 183,A01,1,2,0,2,1,2,1,
2.023E+11,155 643 184,B01,1,10,0,2,4,1,1,
2.023E+11,155 643 182,A01,1,3,0,1,1,16,3,
2.023E+11,155 643 180,B01,1,7,0,2,1,1,1,
2.023E+11,155 643 181,A01,3,35,0,2,3,15,1,
2.023E+11,155 643 178,A01,3,7,0,2,2,15,1,
2.023E+11,155 643 179,B01,3,50,0,2,1,1,3,
2.023E+11,155 643 176,A01,2,7,6,0,3,13,1,
2.023E+11,155 643 174,A01,1,7,0,2,3,22,1,
2.023E+11,155 643 177,B01,1,31,1,0,7,2,1,
2.023E+11,155 643 173,B01,0,50,0,2,6,13,3,
2.023E+11,155 643 175,A01,0,7,0,2,2,2,1,
2.023E+11,155 643 171,A01,1,7,0,0,1,1,1,
2.023E+11,155 643 172,B01,1,1,0,2,7,19,5,
2.023E+11,155 643 168,B01,1,34,0,2,7,17,1,
2.023E+11,155 643 170,A01,1,7,0,2,3,15,1,
2.023E+11,155 643 166,B01,1,1,0,2,8,19,5,
2.023E+11,155 643 167,A01,1,7,0,2,2,1,1,
2.023E+11,155 643 164,A01,1,7,0,2,1,1,1,
2.023E+11,155 643 165,B01,3,50,0,2,7,19,3,
2.023E+11,155 643 162,B01,2,1,12,2,4,1,5,
2.023E+11,155 643 163,A01,2,7,0,2,2,1,0,
2.023E+11,155 643 169,A01,1,33,0,1,1,1,1,
2.023E+11,155 643 161,A01,2,33,6,0,1,26,1,
2.023E+11,155 643 160,A01,2,7,17,0,3,1,1,
2.023E+11,155 643 159,A01,2,1,0,1,1,1,5,
2.023E+11,155 643 157,B01,3,7,0,2,3,1,1,
2.023E+11,155 643 158,A01,3,7,0,2,3,1,1,
2.023E+11,155 643 156,A01,2,30,0,0,0,21,1,
2.023E+11,155 643 155,A01,2,7,0,1,2,1,1,
2.023E+11,155 643 152,B01,3,2,0,0,8,1,1,
2.023E+11,155 643 153,A01,3,2,0,2,1,1,1,
2.023E+11,155 643 150,A01,3,2,0,2,1,0,1,
2.023E+11,155 643 151,A01,2,7,0,2,3,1,1,
2.023E+11,155 643 154,B01,2,32,0,2,5,1,3,
2.023E+11,155 643 149,A01,0,7,13,0,3,1,1,
2.023E+11,155 643 146,A01,2,7,0,0,6,1,1,
2.023E+11,155 643 147,B01,2,7,0,2,2,12,1,
2.023E+11,155 643 148,A01,1,7,2,0,1,14,1,
2.023E+11,155 643 143,B01,1,7,6,2,1,13,1,
2.023E+11,155 643 144,A01,1,7,0,2,4,1,1,
2.023E+11,155 643 142,A01,1,7,0,2,2,5,1,
2.023E+11,155 643 145,B01,2,37,0,2,2,1,1,40
2.023E+11,155 643 141,A01,2,7,0,1,1,1,1,
2.023E+11,155 643 138,A01,1,34,0,1,6,1,1,
2.023E+11,155 643 137,A01,1,31,0,2,1,25,1,
2.023E+11,155 643 139,B01,0,7,0,2,8,1,1,
2.023E+11,155 643 135,B01,2,7,0,2,4,2,1,
2.023E+11,155 643 140,A01,2,7,0,2,1,2,1,
2.023E+11,155 643 134,B01,1,2,0,0,4,2,3,
2.023E+11,155 643 136,A01,1,7,0,2,2,1,1,
2.023E+11,155 643 132,A01,3,14,0,2,1,16,1,
2.023E+11,155 643 133,B01,3,7,0,2,4,16,1,
2.023E+11,155 643 131,A01,3,43,0,1,8,3,1,
2.023E+11,155 643 130,A01,2,1,14,0,8,23,5,
2.023E+11,155 643 129,A01,2,31,1,0,1,1,1,
2.023E+11,155 643 127,B01,0,1,0,2,0,0,5,
2.023E+11,155 643 128,A01,1,7,0,2,1,2,0,
2.023E+11,155 643 125,A01,3,7,0,2,4,2,0,
2.023E+11,155 643 126,B01,3,33,0,2,1,2,0,
2.023E+11,155 643 123,A01,3,7,0,2,3,1,0,
2.023E+11,155 643 124,B01,3,7,0,2,8,15,0,
2.023E+11,155 643 122,A01,3,7,0,1,3,16,1,
2.023E+11,155 643 120,B01,1,7,0,2,2,26,1,
2.023E+11,155 643 121,A01,1,33,0,2,1,0,1,
2.023E+11,155 643 119,A01,1,32,9,0,0,0,1,
2.023E+11,155 643 118,A01,1,10,0,1,2,1,0,
2.023E+11,155 643 116,B01,1,7,0,2,2,1,2,
2.023E+11,155 643 117,A01,1,7,0,2,3,1,0,
2.023E+11,155 643 114,A01,1,7,0,2,4,19,2,
2.023E+11,155 643 115,P01,1,60,0,0,7,19,5,
2.023E+11,155 643 113,A01,0,7,0,1,1,1,1,
2.023E+11,155 643 112,A01,3,37,0,1,5,1,1,1
2.023E+11,155 643 108,A01,2,7,0,2,2,17,1,
2.023E+11,155 643 109,B01,2,7,1,2,8,21,1,
2.023E+11,155 643 110,C01,1,7,0,2,3,1,1,
2.023E+11,155 643 111,D01,3,10,0,2,3,24,1,
2.023E+11,155 643 106,B01,3,99,0,2,5,1,5,
2.023E+11,155 643 107,A01,3,99,0,9,3,1,1,
2.023E+11,155 643 105,A01,2,10,0,1,3,2,1,
2.023E+11,155 643 102,A01,3,7,8,0,1,26,0,
2.023E+11,155 643 100,A01,2,7,0,2,3,15,1,
2.023E+11,155 643 101,B01,2,33,0,2,2,2,1,
2.023E+11,155 643 099,A01,0,32,0,1,1,1,0,
2.023E+11,155 643 097,A01,1,3,0,2,1,26,1,
2.023E+11,155 643 098,B01,1,32,1,2,8,1,3,
2.023E+11,155 643 095,B01,1,7,0,2,3,1,1,
2.023E+11,155 643 096,A01,2,7,0,2,2,15,1,
2.023E+11,155 643 093,A01,1,1,0,2,4,1,5,
2.023E+11,155 643 094,B01,1,7,0,2,2,1,1,
2.023E+11,155 643 092,A01,2,0,0,1,0,0,0,
2.023E+11,155 643 091,A01,3,7,0,1,3,26,2,
2.023E+11,155 643 090,A01,2,7,1,0,7,0,1,
2.023E+11,155 643 088,B01,3,34,0,2,3,26,1,
2.023E+11,155 643 089,A01,3,7,0,2,2,26,1,
2.023E+11,155 643 087,A01,1,10,0,1,1,16,1,
2.023E+11,155 643 085,B01,1,7,0,2,1,1,0,
2.023E+11,155 643 086,A01,1,31,0,2,0,1,1,
2.023E+11,155 643 084,A01,2,7,16,0,1,0,1,
2.023E+11,155 643 082,A01,1,7,0,2,3,26,1,
2.023E+11,155 643 083,B01,2,7,8,2,2,1,1,
2.023E+11,155 643 080,B01,2,7,0,2,4,2,1,
2.023E+11,155 643 081,A01,2,7,0,2,1,2,1,
2.023E+11,155 643 078,B01,1,50,0,2,1,1,3,
2.023E+11,155 643 079,A01,1,7,0,9,2,9,1,
2.023E+11,155 643 077,A01,1,7,0,1,2,1,1,
2.023E+11,155 643 075,A01,2,10,0,9,2,2,1,
2.023E+11,155 643 076,B01,2,1,0,0,8,2,5,
2.023E+11,155 643 073,A01,1,7,0,2,1,13,1,
2.023E+11,155 643 074,B01,2,7,0,2,1,1,1,
2.023E+11,155 643 071,B01,1,7,0,2,3,1,1,
2.023E+11,155 643 072,A01,1,7,0,2,2,19,1,
2.023E+11,155 643 069,A01,2,7,0,2,3,17,1,
2.023E+11,155 643 070,B01,1,31,0,2,1,1,1,
2.023E+11,155 643 067,A01,2,7,0,9,1,1,1,
2.023E+11,155 643 068,B01,2,1,0,0,4,1,5,
2.023E+11,155 643 066,A01,0,31,0,0,0,0,0,
2.023E+11,155 643 065,A01,2,7,3,0,2,2,1,
2.023E+11,155 643 064,A01,2,15,1,1,5,21,1,
2.023E+11,155 643 063,A01,2,7,2,0,1,1,1,
2.023E+11,155 643 061,A01,2,7,0,2,1,17,1,
2.023E+11,155 643 062,B01,2,7,4,0,4,11,1,
2.023E+11,155 643 059,A01,2,36,0,2,1,13,1,
2.023E+11,155 643 060,B01,2,7,0,2,2,17,1,
2.023E+11,155 643 057,A01,3,7,0,2,3,1,1,
2.023E+11,155 643 058,B01,3,14,0,2,3,1,1,
2.023E+11,155 643 055,B01,2,7,0,2,2,1,1,
2.023E+11,155 643 056,A01,1,10,0,2,3,13,1,
2.023E+11,155 643 053,A01,0,2,0,2,1,1,3,
2.023E+11,155 643 054,B01,0,10,0,2,2,1,1,
2.023E+11,155 643 052,A01,2,7,8,0,1,1,1,
2.023E+11,155 643 050,A01,2,7,0,2,0,15,0,
2.023E+11,155 643 051,B01,2,30,0,2,2,1,1,
2.023E+11,155 643 049,A01,1,7,13,0,2,15,1,
2.023E+11,155 643 048,A01,1,10,2,0,1,13,1,
2.023E+11,155 643 047,A01,2,7,13,0,9,1,1,
2.023E+11,155 643 044,A01,1,7,0,2,2,15,1,
2.023E+11,155 643 045,C01,1,7,0,2,1,1,1,
2.023E+11,155 643 046,B01,2,10,0,2,1,13,1,
2.023E+11,155 643 043,A01,0,2,0,1,1,1,1,
2.023E+11,155 643 041,A01,0,14,0,2,3,16,1,
2.023E+11,155 643 042,B01,3,7,0,0,2,1,1,
2.023E+11,155 643 040,A01,1,7,2,0,7,1,1,
2.023E+11,155 643 038,A01,2,10,0,2,2,1,1,
2.023E+11,155 643 039,B01,1,7,0,2,1,1,1,
2.023E+11,155 643 037,A01,1,7,0,0,1,1,1,
2.023E+11,155 643 036,A01,2,7,2,0,8,1,1,
2.023E+11,155 643 035,A01,1,34,0,1,2,2,1,
2.023E+11,155 643 034,A01,1,17,0,0,8,21,1,
2.023E+11,155 643 032,A01,1,7,0,2,1,2,1,
2.023E+11,155 643 033,B01,1,7,0,0,4,1,1,
2.023E+11,155 643 030,A01,2,7,0,2,1,13,1,
2.023E+11,155 643 031,B01,1,7,0,2,1,1,1,
2.023E+11,155 643 028,A01,1,10,0,2,3,13,1,
2.023E+11,155 643 029,B01,2,10,0,2,3,21,1,
2.023E+11,155 643 027,A01,1,7,4,0,8,13,1,
2.023E+11,155 643 025,A01,1,31,0,2,1,1,1,
2.023E+11,155 643 026,B01,3,7,0,2,6,15,1,
2.023E+11,155 643 023,A01,2,7,0,2,2,19,1,
2.023E+11,155 643 024,B01,1,7,0,2,7,0,0,
2.023E+11,155 643 021,A01,2,1,0,2,1,1,5,
2.023E+11,155 643 022,B01,1,7,0,2,2,15,1,
2.023E+11,155 643 019,A01,2,7,0,9,2,2,1,
2.023E+11,155 643 020,B01,2,1,0,2,4,2,5,
2.023E+11,155 643 012,B01,1,0,0,2,1,2,0,
2.023E+11,155 643 013,A01,1,1,0,0,4,1,5,
2.023E+11,155 643 010,A01,2,16,3,2,3,1,1,
2.023E+11,155 643 011,B01,1,7,0,2,3,13,1,
2.023E+11,155 643 009,A01,1,7,13,0,1,0,1,
2.023E+11,155 643 007,A01,2,7,0,2,7,1,1,
2.023E+11,155 643 008,B01,1,7,0,2,1,1,1,
2.023E+11,155 643 006,A01,3,7,0,1,1,0,2,
2.023E+11,155 643 004,A01,0,7,0,2,3,0,1,
2.023E+11,155 643 005,B01,3,50,0,2,1,19,3,
2.023E+11,155 643 003,A01,2,7,0,1,2,1,1,
2.023E+11,155 643 001,A01,3,2,1,0,1,1,1,
2.023E+11,155 643 002,B01,3,99,0,0,1,26,6,
2.023E+11,155 642 999,A01,3,7,0,2,1,1,1,
2.023E+11,155 643 000,B01,3,60,0,2,2,1,5,
2.023E+11,155 642 997,A01,3,7,0,0,4,2,1,
2.023E+11,155 642 998,B01,3,7,0,0,1,2,1,
2.023E+11,155 642 995,B01,3,50,0,2,8,25,3,
2.023E+11,155 642 996,A01,3,0,0,2,1,9,0,
2.023E+11,155 642 994,A01,1,7,0,1,2,16,1,
2.023E+11,155 642 992,A01,1,7,0,2,0,1,1,
2.023E+11,155 642 993,B01,1,33,0,2,1,3,1,
2.023E+11,155 642 991,A01,1,33,0,0,0,1,1,
2.023E+11,155 642 988,C01,1,7,0,2,4,1,1,
2.023E+11,155 642 989,B01,1,7,0,2,4,1,2,
2.023E+11,155 642 990,A01,1,7,0,2,1,1,1,
2.023E+11,155 642 986,A01,2,10,0,2,2,1,1,
2.023E+11,155 642 987,B01,2,7,0,2,4,2,1,
2.023E+11,155 642 984,A01,1,31,0,2,8,1,3,
2.023E+11,155 642 985,Z01,1,7,0,2,7,0,0,
2.023E+11,155 642 982,A01,1,7,0,2,8,9,1,
2.023E+11,155 642 983,B01,1,17,0,2,2,1,1,
2.023E+11,155 642 981,A01,1,43,3,0,3,16,1,
2.023E+11,155 642 980,A01,1,7,3,0,1,1,0,
2.023E+11,155 642 979,A01,2,32,0,2,2,3,3,
2.023E+11,155 642 976,A01,2,0,0,2,0,3,0,
2.023E+11,155 642 977,B01,2,43,0,2,7,3,1,
2.023E+11,155 642 978,C01,2,7,0,2,3,1,2,
2.023E+11,155 642 974,A01,1,33,1,0,2,2,1,
2.023E+11,155 642 975,B01,1,7,0,2,6,23,1,
2.023E+11,155 642 972,A01,2,33,0,2,7,3,1,
2.023E+11,155 642 973,B01,2,7,0,2,8,11,1,
2.023E+11,155 642 970,A01,1,30,0,2,1,1,1,
2.023E+11,155 642 971,B01,1,7,0,2,6,23,1,
2.023E+11,155 642 969,A01,0,7,13,0,0,14,1,
2.023E+11,155 642 967,B01,2,32,0,2,1,1,1,
2.023E+11,155 642 968,A01,1,7,0,2,0,0,1,
2.023E+11,155 642 965,A01,2,10,0,2,1,1,1,
2.023E+11,155 642 966,B01,2,1,0,2,7,19,5,
2.023E+11,155 642 963,A01,3,33,0,2,0,21,1,
2.023E+11,155 642 964,B01,1,7,0,2,0,15,1,
2.023E+11,155 642 961,A01,1,7,0,2,1,2,1,
2.023E+11,155 642 962,B01,1,7,0,2,4,23,1,
2.023E+11,155 642 959,A01,2,7,0,2,5,9,1,
2.023E+11,155 642 960,B01,2,2,0,2,1,1,1,
2.023E+11,155 642 957,A01,1,7,0,2,2,26,1,
2.023E+11,155 642 958,B01,1,32,0,2,1,21,1,
2.023E+11,155 642 956,A01,2,7,0,1,2,1,1,
2.023E+11,155 642 954,B01,1,17,0,2,6,1,1,
2.023E+11,155 642 955,A01,2,7,0,2,3,13,1,
2.023E+11,155 642 952,A01,1,7,0,2,4,23,1,
2.023E+11,155 642 953,Z01,1,7,0,2,1,2,1,
2.023E+11,155 642 951,A01,2,7,15,0,2,14,0,
2.023E+11,155 642 949,A01,1,7,0,2,5,12,1,
2.023E+11,155 642 950,B01,1,33,0,2,1,3,1,
2.023E+11,155 642 944,E01,2,7,0,2,4,1,2,
2.023E+11,155 642 945,B01,2,7,0,2,3,1,1,
2.023E+11,155 642 946,C01,2,31,0,2,4,3,1,
2.023E+11,155 642 947,D01,2,7,0,2,4,1,2,
2.023E+11,155 642 948,A01,2,33,0,2,2,3,1,
2.023E+11,155 642 941,C01,1,33,0,2,1,1,1,
2.023E+11,155 642 942,A01,1,43,0,2,3,13,1,
2.023E+11,155 642 943,B01,1,7,0,0,5,1,1,
2.023E+11,155 642 938,C01,1,10,0,2,4,2,1,
2.023E+11,155 642 939,A01,1,7,0,2,1,2,1,