Num_Acc,id_vehicule,num_veh,senc,catv,obs,obsm,choc,manv,motor,occutc
2.023E+11,155 642 940,B01,1,7,0,2,4,2,1,
2.023E+11,155 642 936,A01,1,7,0,2,3,16,2,
2.023E+11,155 642 937,B01,2,50,0,2,1,1,3,
2.023E+11,155 642 934,B01,1,7,0,2,1,16,1,
2.023E+11,155 642 935,A01,2,7,0,2,7,1,2,
2.023E+11,155 642 932,B01,0,7,0,2,6,24,2,
2.023E+11,155 642 933,A01,1,31,1,2,3,22,1,
2.023E+11,155 642 930,A01,1,7,0,2,2,2,1,
2.023E+11,155 642 931,B01,1,7,0,2,4,2,0,
2.023E+11,155 642 929,Z01,1,7,0,1,1,1,0,
2.023E+11,155 642 927,B01,2,1,0,2,1,1,5,
2.023E+11,155 642 928,A01,1,7,0,2,2,10,2,
2.023E+11,155 642 925,B01,2,31,0,2,3,1,1,
2.023E+11,155 642 926,A01,1,7,0,2,1,15,1,
2.023E+11,155 642 924,A01,1,50,0,1,1,17,3,
2.023E+11,155 642 922,A01,3,31,0,2,1,2,1,
2.023E+11,155 642 923,B01,3,7,0,2,2,15,1,
2.023E+11,155 642 919,C01,3,7,0,2,4,2,1,
2.023E+11,155 642 920,A01,3,7,0,2,1,2,1,
2.023E+11,155 642 921,B01,3,33,0,2,4,2,1,
2.023E+11,155 642 917,B01,2,50,0,2,3,2,3,
2.023E+11,155 642 918,A01,2,50,0,2,7,2,3,
2.023E+11,155 642 916,A01,3,30,0,1,1,1,3,
2.023E+11,155 642 915,A01,1,7,1,0,2,2,1,
2.023E+11,155 642 913,B01,1,32,1,2,2,17,1,
2.023E+11,155 642 914,A01,1,7,1,2,3,15,1,
2.023E+11,155 642 912,A01,3,2,0,0,1,1,1,
2.023E+11,155 642 911,A01,3,7,8,0,1,19,0,
2.023E+11,155 642 910,A01,2,3,0,1,1,1,3,
2.023E+11,155 642 908,B01,2,60,0,2,1,1,3,
2.023E+11,155 642 909,A01,2,7,0,2,6,15,1,
2.023E+11,155 642 906,A01,3,7,0,2,2,1,1,
2.023E+11,155 642 907,B01,3,7,0,2,3,26,1,
2.023E+11,155 642 904,B01,2,50,0,0,1,15,3,
2.023E+11,155 642 905,A01,1,7,0,0,3,1,1,
2.023E+11,155 642 902,A01,1,7,0,2,1,1,1,
2.023E+11,155 642 903,B01,1,7,0,2,4,1,1,
2.023E+11,155 642 900,A01,1,7,0,0,6,1,1,
2.023E+11,155 642 901,B01,1,99,0,2,1,0,1,
2.023E+11,155 642 897,A01,-1,7,0,9,7,2,0,
2.023E+11,155 642 898,B01,-1,1,0,0,8,2,5,
2.023E+11,155 642 899,C01,-1,1,0,0,8,2,5,
2.023E+11,155 642 896,A01,1,7,2,0,1,1,1,
2.023E+11,155 642 894,A01,1,10,0,2,1,2,1,
2.023E+11,155 642 895,B01,1,7,0,0,4,1,1,
2.023E+11,155 642 892,A01,1,7,0,0,1,0,0,
2.023E+11,155 642 893,B01,3,7,2,0,2,1,1,
2.023E+11,155 642 890,A01,1,7,0,2,2,15,1,
2.023E+11,155 642 891,B01,2,7,0,2,1,1,1,
2.023E+11,155 642 888,B01,1,1,0,2,4,2,5,
2.023E+11,155 642 889,A01,1,7,0,9,1,2,1,
2.023E+11,155 642 887,A01,2,7,2,0,9,1,1,
2.023E+11,155 642 886,A01,2,7,8,0,4,13,1,
2.023E+11,155 642 885,A01,1,7,4,0,3,1,1,
2.023E+11,155 642 884,A01,1,33,15,9,1,13,1,
2.023E+11,155 642 883,A01,1,7,13,0,1,1,1,
2.023E+11,155 642 881,A01,1,7,13,0,4,15,1,
2.023E+11,155 642 882,B01,1,7,-1,2,1,1,1,
2.023E+11,155 642 880,A01,0,7,13,0,1,21,1,
2.023E+11,155 642 879,A01,2,7,13,0,2,13,1,
2.023E+11,155 642 878,A01,1,7,0,0,9,1,0,
2.023E+11,155 642 877,A01,1,7,0,0,0,1,0,
2.023E+11,155 642 875,A01,1,1,13,0,4,0,5,
2.023E+11,155 642 876,B01,1,7,0,2,2,1,1,
2.023E+11,155 642 874,A01,1,33,13,0,3,1,1,
2.023E+11,155 642 872,A01,3,7,0,2,2,19,1,
2.023E+11,155 642 873,B01,3,1,0,2,1,16,5,
2.023E+11,155 642 870,A01,2,7,0,2,7,15,1,
2.023E+11,155 642 871,B01,1,15,12,2,1,1,1,
2.023E+11,155 642 867,A01,2,7,1,2,9,1,1,
2.023E+11,155 642 868,B01,2,7,0,1,7,24,1,
2.023E+11,155 642 866,A01,1,30,13,0,7,1,1,
2.023E+11,155 642 865,A01,1,7,13,0,7,1,1,
2.023E+11,155 642 863,A01,1,1,0,0,0,0,5,
2.023E+11,155 642 864,B01,1,10,0,2,3,2,0,
2.023E+11,155 642 862,A01,1,10,0,1,3,1,1,
2.023E+11,155 642 859,A01,1,7,0,2,5,11,1,
2.023E+11,155 642 860,B01,2,2,0,0,1,1,1,
2.023E+11,155 642 858,A01,2,7,2,0,1,14,1,
2.023E+11,155 642 857,A01,2,7,6,0,1,2,1,
2.023E+11,155 642 855,A01,2,33,0,2,1,1,1,
2.023E+11,155 642 856,B01,1,7,0,2,3,1,1,
2.023E+11,155 642 853,A01,1,7,0,2,3,13,1,
2.023E+11,155 642 854,B01,2,7,0,2,2,1,1,
2.023E+11,155 642 851,B01,2,1,0,2,4,2,5,
2.023E+11,155 642 852,A01,2,10,0,2,2,2,1,
2.023E+11,155 642 849,A01,1,7,0,2,1,1,2,
2.023E+11,155 642 850,B01,1,80,0,0,4,1,3,
2.023E+11,155 642 847,A01,1,7,0,2,6,15,1,
2.023E+11,155 642 848,B01,1,2,0,2,2,1,1,
2.023E+11,155 642 845,A01,1,33,0,2,1,1,1,
2.023E+11,155 642 846,B01,2,7,0,2,3,15,1,
2.023E+11,155 642 842,C01,2,7,0,0,4,1,1,
2.023E+11,155 642 843,A01,2,7,0,2,1,2,1,
2.023E+11,155 642 844,B01,2,7,0,2,4,1,1,
2.023E+11,155 642 841,A01,2,33,3,0,8,1,1,
2.023E+11,155 642 837,D01,2,7,14,0,0,1,1,
2.023E+11,155 642 838,B01,2,7,0,0,4,1,3,
2.023E+11,155 642 839,A01,2,7,0,2,1,11,1,
2.023E+11,155 642 840,C01,2,15,0,0,0,1,6,
2.023E+11,155 642 836,A01,2,10,13,0,7,14,1,
2.023E+11,155 642 834,B01,1,3,13,2,4,2,1,
2.023E+11,155 642 835,A01,1,7,0,2,2,2,1,
2.023E+11,155 642 833,A01,2,7,4,0,1,0,1,
2.023E+11,155 642 831,A01,2,7,0,2,3,9,0,
2.023E+11,155 642 832,B01,2,37,0,2,3,1,0,1
2.023E+11,155 642 830,A01,2,7,0,1,2,1,1,
2.023E+11,155 642 829,A01,1,7,2,0,7,13,1,
2.023E+11,155 642 828,A01,2,7,3,0,2,1,1,
2.023E+11,155 642 826,A01,0,7,0,2,1,19,2,
2.023E+11,155 642 827,B01,1,7,0,2,8,1,1,
2.023E+11,155 642 824,A01,0,7,0,2,2,9,1,
2.023E+11,155 642 825,B01,0,1,0,2,7,1,5,
2.023E+11,155 642 822,B01,3,31,0,2,2,1,1,
2.023E+11,155 642 823,A01,3,10,0,2,4,4,1,
2.023E+11,155 642 820,B01,1,2,0,2,0,11,0,
2.023E+11,155 642 821,A01,1,7,0,2,2,1,1,
2.023E+11,155 642 818,B01,1,7,0,2,1,2,1,
2.023E+11,155 642 819,A01,1,7,0,2,4,2,1,
2.023E+11,155 642 816,B01,1,33,0,2,8,1,1,
2.023E+11,155 642 817,A01,1,7,0,2,7,12,1,
2.023E+11,155 642 813,B01,1,7,0,2,4,2,1,
2.023E+11,155 642 814,C01,1,7,0,2,4,2,1,
2.023E+11,155 642 815,A01,1,7,0,2,1,2,1,
2.023E+11,155 642 811,B01,2,33,0,2,3,3,0,
2.023E+11,155 642 812,A01,2,7,0,2,5,12,0,
2.023E+11,155 642 809,A01,2,7,0,2,6,1,1,
2.023E+11,155 642 810,Z01,2,13,0,2,0,0,0,
2.023E+11,155 642 806,C01,1,7,0,2,7,1,1,
2.023E+11,155 642 807,A01,1,7,0,2,1,9,1,
2.023E+11,155 642 808,B01,1,33,0,2,1,1,1,
2.023E+11,155 642 805,A01,2,32,0,0,1,2,1,
2.023E+11,155 642 803,B01,2,7,0,2,4,26,1,
2.023E+11,155 642 804,A01,2,10,0,2,1,1,1,
2.023E+11,155 642 801,A01,2,33,0,2,1,9,1,
2.023E+11,155 642 802,B01,2,7,0,2,7,2,1,
2.023E+11,155 642 798,A01,2,10,0,2,1,1,1,
2.023E+11,155 642 799,B01,2,7,0,2,4,2,1,
2.023E+11,155 642 800,C01,2,10,0,2,4,2,1,
2.023E+11,155 642 797,A01,2,7,0,2,3,13,1,
2.023E+11,155 642 795,B01,1,7,0,2,1,1,1,
2.023E+11,155 642 796,A01,1,7,0,2,1,1,1,
2.023E+11,155 642 794,A01,1,31,0,0,2,14,1,
2.023E+11,155 642 792,B01,2,31,0,2,2,3,1,
2.023E+11,155 642 793,A01,2,7,0,2,5,12,1,
2.023E+11,155 642 789,A01,2,7,0,2,7,16,1,
2.023E+11,155 642 790,C01,2,7,0,2,4,1,1,
2.023E+11,155 642 791,B01,2,33,0,2,1,3,1,
2.023E+11,155 642 784,C01,2,10,0,2,8,1,1,
2.023E+11,155 642 785,B01,2,10,0,2,5,1,1,
2.023E+11,155 642 786,D01,2,7,0,2,8,23,1,
2.023E+11,155 642 787,E01,2,7,0,2,6,26,2,
2.023E+11,155 642 788,A01,2,7,0,2,1,3,1,
2.023E+11,155 642 782,A01,1,7,0,2,1,2,1,
2.023E+11,155 642 783,B01,1,13,0,2,5,2,1,
2.023E+11,155 642 781,A01,1,7,4,0,8,1,1,
2.023E+11,155 642 779,A01,2,7,0,2,7,12,1,
2.023E+11,155 642 780,B01,2,33,0,2,8,18,1,
2.023E+11,155 642 776,C01,1,7,0,2,6,1,1,
2.023E+11,155 642 777,A01,1,7,0,2,8,11,1,
2.023E+11,155 642 778,B01,1,33,0,2,7,3,1,
2.023E+11,155 642 774,A01,1,33,0,2,2,3,1,
2.023E+11,155 642 775,B01,2,31,0,2,3,1,1,
2.023E+11,155 642 772,A01,2,10,0,2,3,16,1,
2.023E+11,155 642 773,B01,1,31,0,2,3,16,1,
2.023E+11,155 642 770,B01,1,7,0,2,4,2,1,
2.023E+11,155 642 771,A01,1,7,0,2,1,2,1,
2.023E+11,155 642 768,A01,2,50,0,2,8,18,3,
2.023E+11,155 642 769,B01,2,7,0,9,7,14,1,
2.023E+11,155 642 766,B01,1,7,0,2,3,1,1,
2.023E+11,155 642 767,A01,2,7,0,2,3,16,1,
2.023E+11,155 642 765,A01,1,7,0,1,3,0,1,
2.023E+11,155 642 763,A01,1,7,0,2,1,1,1,
2.023E+11,155 642 764,B01,1,7,0,2,4,1,1,
2.023E+11,155 642 760,A01,1,7,0,2,1,26,1,
2.023E+11,155 642 761,B01,1,7,0,2,4,1,2,
2.023E+11,155 642 762,C01,1,7,0,2,4,1,1,
2.023E+11,155 642 759,A01,2,7,0,1,8,1,1,
2.023E+11,155 642 757,B01,1,10,0,2,3,15,1,
2.023E+11,155 642 758,A01,2,7,0,2,2,2,1,
2.023E+11,155 642 756,A01,1,7,4,2,9,13,1,
2.023E+11,155 642 755,A01,0,7,0,1,2,9,1,
2.023E+11,155 642 749,B01,0,33,0,2,1,1,0,
2.023E+11,155 642 750,A01,0,7,0,2,3,15,0,
2.023E+11,155 642 747,A01,3,43,0,2,3,1,1,
2.023E+11,155 642 748,B01,3,10,0,0,0,0,1,
2.023E+11,155 642 745,A01,2,7,0,2,7,15,1,
2.023E+11,155 642 746,B01,1,33,0,2,1,1,1,
2.023E+11,155 642 742,A01,1,7,0,1,1,15,1,
2.023E+11,155 642 739,A01,1,7,0,2,1,1,1,
2.023E+11,155 642 740,B01,2,50,0,2,7,1,3,
2.023E+11,155 642 741,C01,1,7,0,2,1,1,1,
2.023E+11,155 642 737,B01,2,7,0,2,1,1,1,
2.023E+11,155 642 738,A01,3,7,0,2,2,15,1,
2.023E+11,155 642 734,A01,1,7,0,2,1,1,1,
2.023E+11,155 642 735,C01,1,7,0,2,4,1,1,
2.023E+11,155 642 736,B01,1,7,0,2,4,1,1,
2.023E+11,155 642 732,B01,1,7,0,1,4,23,0,
2.023E+11,155 642 733,A01,1,7,14,2,2,2,0,
2.023E+11,155 642 731,A01,3,10,8,0,1,1,1,
2.023E+11,155 642 730,A01,3,7,2,0,1,0,1,
2.023E+11,155 642 729,A01,1,10,0,1,2,1,1,
2.023E+11,155 642 727,A01,2,30,0,2,1,1,1,
2.023E+11,155 642 728,B01,2,7,0,2,2,9,1,
2.023E+11,155 642 725,A01,2,10,0,2,3,15,1,
2.023E+11,155 642 726,B01,1,33,0,2,8,1,1,
2.023E+11,155 642 718,A01,1,7,2,0,1,14,1,
2.023E+11,155 642 717,A01,1,7,14,0,1,19,1,
2.023E+11,155 642 713,A01,2,15,0,2,1,2,1,
2.023E+11,155 642 714,B01,2,7,0,2,4,15,1,
2.023E+11,155 642 711,B01,0,32,0,2,1,1,1,
2.023E+11,155 642 712,A01,0,7,0,2,2,15,1,
2.023E+11,155 642 710,A01,2,0,0,1,1,0,1,
2.023E+11,155 642 707,A01,1,1,0,2,1,1,5,
2.023E+11,155 642 709,B01,1,7,0,9,2,1,1,
2.023E+11,155 642 706,B01,0,7,0,2,2,15,1,
2.023E+11,155 642 708,A01,0,1,0,0,0,16,5,
2.023E+11,155 642 702,A01,3,7,0,2,8,9,1,
2.023E+11,155 642 704,B01,3,50,0,2,1,1,3,
2.023E+11,155 642 700,C01,2,7,0,2,6,2,1,
2.023E+11,155 642 701,D01,2,7,0,0,4,1,1,
2.023E+11,155 642 703,A01,2,7,0,2,2,2,1,
2.023E+11,155 642 705,B01,1,10,0,2,1,1,1,
2.023E+11,155 642 698,A01,1,7,0,2,1,26,1,
2.023E+11,155 642 699,B01,1,30,0,2,0,0,1,
2.023E+11,155 642 696,A01,1,0,0,0,0,0,0,
2.023E+11,155 642 697,B01,1,2,0,0,3,21,1,
2.023E+11,155 642 694,B01,3,50,0,2,7,2,3,
2.023E+11,155 642 695,A01,3,7,0,2,3,2,1,
2.023E+11,155 642 692,A01,3,7,0,2,2,15,3,
2.023E+11,155 642 693,B01,3,7,0,2,1,1,1,
2.023E+11,155 642 691,A01,0,7,0,1,2,1,1,
2.023E+11,155 642 686,A01,2,7,0,2,5,15,1,
2.023E+11,155 642 689,B01,2,34,0,2,1,1,1,
2.023E+11,155 642 683,A01,2,7,0,2,1,2,1,
2.023E+11,155 642 685,B01,2,7,0,2,4,2,1,
2.023E+11,155 642 687,C01,2,7,0,2,4,1,1,
2.023E+11,155 642 688,D01,2,7,0,2,4,1,1,
2.023E+11,155 642 690,E01,2,33,0,0,0,1,1,
2.023E+11,155 642 682,B01,3,33,0,2,5,2,1,
2.023E+11,155 642 684,A01,3,7,0,2,3,9,1,
2.023E+11,155 642 681,A01,2,33,5,0,1,1,1,
2.023E+11,155 642 679,A01,0,7,0,2,1,1,1,
2.023E+11,155 642 680,B01,0,7,0,2,3,16,1,
2.023E+11,155 642 677,A01,1,32,0,2,1,1,1,
2.023E+11,155 642 678,B01,2,7,0,2,2,15,1,
2.023E+11,155 642 676,A01,1,40,0,1,2,1,3,
2.023E+11,155 642 675,A01,0,33,13,0,1,1,1,
2.023E+11,155 642 673,A01,2,30,0,2,3,1,1,
2.023E+11,155 642 674,B01,3,7,0,2,0,0,0,
2.023E+11,155 642 672,A01,1,7,13,0,0,0,1,
2.023E+11,155 642 670,A01,3,1,0,2,1,1,5,
2.023E+11,155 642 671,B01,3,7,0,2,1,1,3,
2.023E+11,155 642 669,A01,2,7,13,0,1,12,1,
2.023E+11,155 642 666,A01,2,14,0,2,3,21,1,
2.023E+11,155 642 668,B01,1,10,0,2,3,21,1,
2.023E+11,155 642 665,B01,2,1,0,2,1,1,5,
2.023E+11,155 642 667,A01,1,7,0,2,3,15,1,
2.023E+11,155 642 663,A01,1,7,0,0,3,15,0,
2.023E+11,155 642 664,B01,1,33,0,0,1,17,1,
2.023E+11,155 642 661,A01,2,37,0,2,7,14,1,1
2.023E+11,155 642 662,B01,2,7,8,2,3,0,1,
2.023E+11,155 642 660,A01,2,33,0,0,0,1,1,
2.023E+11,155 642 659,A01,2,7,1,0,1,14,1,
2.023E+11,155 642 657,A01,1,7,0,2,3,1,1,
2.023E+11,155 642 658,B01,2,1,0,2,1,5,5,
2.023E+11,155 642 656,A01,1,7,1,0,3,13,1,
2.023E+11,155 642 654,A01,1,30,12,0,1,1,1,
2.023E+11,155 642 653,A01,1,7,0,2,3,20,1,
2.023E+11,155 642 655,B01,2,2,0,2,3,1,1,
2.023E+11,155 642 652,A01,2,33,16,0,3,1,1,
2.023E+11,155 642 650,Z01,1,7,0,2,4,1,1,
2.023E+11,155 642 651,B01,1,7,0,2,4,23,1,
2.023E+11,155 642 647,A01,3,7,0,2,3,15,1,
2.023E+11,155 642 649,B01,3,7,0,2,3,1,1,
2.023E+11,155 642 646,A01,2,33,0,2,1,18,1,
2.023E+11,155 642 648,B01,1,7,0,2,7,16,1,
2.023E+11,155 642 643,A01,1,33,0,2,7,17,1,
2.023E+11,155 642 644,B01,1,10,0,2,3,15,1,
2.023E+11,155 642 642,B01,3,7,0,0,8,1,1,
2.023E+11,155 642 645,A01,1,10,0,2,1,19,1,
2.023E+11,155 642 640,A01,1,7,13,0,3,14,1,
2.023E+11,155 642 638,A01,2,7,2,0,3,1,1,
2.023E+11,155 642 639,A01,2,7,0,2,3,1,1,
2.023E+11,155 642 641,B01,2,2,0,2,8,0,1,
2.023E+11,155 642 637,A01,1,50,13,-1,1,1,3,
2.023E+11,155 642 636,A01,1,7,0,1,5,1,1,
2.023E+11,155 642 633,A01,1,7,0,2,3,9,1,
2.023E+11,155 642 635,B01,2,7,0,2,1,1,1,
2.023E+11,155 642 632,A01,1,7,0,2,1,1,2,
2.023E+11,155 642 634,B01,3,50,0,2,8,19,3,
2.023E+11,155 642 630,A01,1,7,0,1,1,15,0,
2.023E+11,155 642 629,A01,3,1,0,2,1,1,5,
2.023E+11,155 642 631,B01,3,7,0,2,8,19,1,
2.023E+11,155 642 628,A01,1,7,0,1,1,15,1,
2.023E+11,155 642 625,A01,1,7,0,1,1,1,0,
2.023E+11,155 642 623,A01,2,7,0,2,1,1,1,
2.023E+11,155 642 624,B01,1,7,0,2,1,15,1,
2.023E+11,155 642 620,A01,1,7,2,0,1,0,1,
2.023E+11,155 642 621,A01,1,7,0,2,3,0,1,
2.023E+11,155 642 622,B01,2,1,0,2,1,0,5,
2.023E+11,155 642 618,A01,1,7,8,0,1,1,1,
2.023E+11,155 642 617,A01,1,2,0,2,3,3,1,
2.023E+11,155 642 619,B01,2,7,5,2,3,1,1,
2.023E+11,155 642 615,A01,1,7,0,1,2,1,1,
2.023E+11,155 642 614,A01,2,7,0,2,1,1,1,
2.023E+11,155 642 616,B01,3,1,0,2,8,1,5,
2.023E+11,155 642 612,A01,0,36,16,0,3,1,1,
2.023E+11,155 642 613,A01,2,7,0,1,3,1,1,
2.023E+11,155 642 610,B01,1,33,13,0,6,0,0,
2.023E+11,155 642 611,A01,1,7,0,2,2,0,0,
2.023E+11,155 642 608,A01,1,50,0,2,1,19,3,
2.023E+11,155 642 609,B01,1,7,0,2,3,1,1,
2.023E+11,155 642 606,A01,3,7,0,2,3,26,1,
2.023E+11,155 642 607,B01,1,32,0,2,2,1,0,
2.023E+11,155 642 605,A01,0,7,0,1,2,16,0,
2.023E+11,155 642 603,A01,2,33,0,2,1,2,1,
2.023E+11,155 642 604,B01,2,7,0,0,4,2,1,
2.023E+11,155 642 600,A01,1,30,0,2,1,9,1,
2.023E+11,155 642 602,B01,0,7,0,2,1,1,1,
2.023E+11,155 642 599,A01,2,33,0,2,1,2,1,
2.023E+11,155 642 601,B01,2,15,0,0,4,23,1,
2.023E+11,155 642 597,A01,2,7,0,2,2,17,1,
2.023E+11,155 642 598,B01,2,2,0,2,4,0,1,
2.023E+11,155 642 595,A01,1,7,0,2,7,19,1,
2.023E+11,155 642 596,B01,1,33,0,2,8,17,1,
2.023E+11,155 642 593,A01,1,7,0,9,1,1,1,
2.023E+11,155 642 594,B01,0,1,0,2,1,15,5,
2.023E+11,155 642 591,A01,3,33,4,0,3,0,1,
2.023E+11,155 642 590,A01,1,7,7,2,5,15,1,
2.023E+11,155 642 592,B01,2,10,0,2,1,1,1,
2.023E+11,155 642 589,A01,3,7,4,0,1,15,1,
2.023E+11,155 642 587,A01,2,33,0,2,1,1,1,
2.023E+11,155 642 588,B01,1,7,0,2,2,13,1,
2.023E+11,155 642 582,A01,1,7,0,2,1,13,1,
2.023E+11,155 642 585,B01,2,7,8,0,8,1,1,
2.023E+11,155 642 583,B01,1,7,0,2,2,15,1,
2.023E+11,155 642 584,C01,2,7,12,2,8,23,1,
2.023E+11,155 642 586,A01,2,7,9,2,3,1,2,
2.023E+11,155 642 579,A01,2,7,0,2,3,19,1,
2.023E+11,155 642 580,B01,2,7,0,2,3,1,1,
2.023E+11,155 642 578,A01,1,10,0,0,8,1,1,
2.023E+11,155 642 581,B01,1,7,0,2,1,1,1,
2.023E+11,155 642 573,A01,1,7,0,2,3,13,1,
2.023E+11,155 642 575,B01,2,7,0,2,8,1,2,
2.023E+11,155 642 577,C01,2,2,0,2,7,21,1,
2.023E+11,155 642 574,B01,2,7,0,2,1,13,0,
2.023E+11,155 642 576,A01,1,2,0,2,1,1,0,
2.023E+11,155 642 570,A01,1,7,0,2,8,15,1,
2.023E+11,155 642 571,B01,2,33,0,2,1,1,1,
2.023E+11,155 642 569,A01,2,7,6,2,1,1,1,
2.023E+11,155 642 572,B01,1,7,0,2,3,1,1,
2.023E+11,155 642 567,B01,2,32,0,2,4,23,1,
2.023E+11,155 642 568,A01,2,7,0,2,1,1,1,
2.023E+11,155 642 565,A01,3,50,0,9,1,1,3,
2.023E+11,155 642 566,B01,3,99,0,9,1,15,5,
2.023E+11,155 642 563,A01,3,33,13,0,1,2,1,
2.023E+11,155 642 562,B01,2,33,0,2,1,1,1,
2.023E+11,155 642 564,A01,1,7,0,2,1,13,1,
2.023E+11,155 642 561,A01,3,7,0,1,2,15,1,
2.023E+11,155 642 559,A01,1,7,3,0,3,13,1,
2.023E+11,155 642 555,A01,1,7,6,0,3,1,1,
2.023E+11,155 642 554,A01,2,7,0,2,3,13,1,
2.023E+11,155 642 556,B01,2,14,0,2,8,1,1,
2.023E+11,155 642 553,B01,0,7,0,0,5,1,1,
2.023E+11,155 642 557,A01,0,50,0,0,0,1,3,
2.023E+11,155 642 552,A01,3,33,0,0,7,1,1,
2.023E+11,155 642 551,A01,2,38,0,1,2,2,1,1
2.023E+11,155 642 548,A01,2,7,0,2,2,15,1,
2.023E+11,155 642 550,B01,1,30,0,2,3,1,1,
2.023E+11,155 642 547,A01,0,7,0,2,1,0,0,
2.023E+11,155 642 549,B01,0,1,0,0,4,0,5,
2.023E+11,155 642 546,A01,1,7,0,1,2,19,1,
2.023E+11,155 642 544,A01,1,2,0,1,2,1,1,
2.023E+11,155 642 542,A01,2,17,1,0,2,1,1,
2.023E+11,155 642 543,C01,2,17,0,0,1,24,1,
2.023E+11,155 642 545,E01,2,7,14,0,1,2,1,
2.023E+11,155 642 538,A01,1,13,0,1,2,1,0,
2.023E+11,155 642 535,B01,1,7,0,2,8,1,1,
2.023E+11,155 642 537,A01,2,33,0,2,8,17,1,
2.023E+11,155 642 533,A01,1,7,0,9,1,1,1,
2.023E+11,155 642 536,B01,1,15,0,2,4,1,1,
2.023E+11,155 642 532,A01,2,7,0,2,2,15,1,
2.023E+11,155 642 534,B01,2,34,0,2,1,1,1,
2.023E+11,155 642 528,A01,2,7,0,1,2,1,1,
2.023E+11,155 642 529,A01,2,10,0,1,2,9,1,
2.023E+11,155 642 527,A01,2,10,0,0,0,1,1,
2.023E+11,155 642 526,A01,1,10,0,1,7,1,3,
2.023E+11,155 642 525,A01,2,7,0,1,1,26,1,
2.023E+11,155 642 522,A01,2,7,0,2,1,0,0,
2.023E+11,155 642 524,B01,1,7,0,2,1,1,0,
2.023E+11,155 642 521,B01,2,30,0,2,2,2,1,
2.023E+11,155 642 520,A01,2,7,0,2,3,9,1,
2.023E+11,155 642 523,B01,1,7,0,2,1,1,1,
2.023E+11,155 642 517,A01,1,10,0,2,8,10,1,
2.023E+11,155 642 519,B01,1,33,0,2,1,1,1,
2.023E+11,155 642 515,A01,1,7,0,2,2,1,1,
2.023E+11,155 642 516,B01,2,7,0,2,3,15,1,
2.023E+11,155 642 512,B01,2,7,0,2,5,26,1,
2.023E+11,155 642 514,A01,1,1,0,2,1,9,5,
2.023E+11,155 642 511,A01,1,7,0,2,1,1,1,
2.023E+11,155 642 513,B01,0,33,8,2,8,1,3,
2.023E+11,155 642 508,A01,1,30,0,2,1,17,1,
2.023E+11,155 642 509,B01,1,7,0,2,8,15,1,
2.023E+11,155 642 506,A01,1,7,0,2,1,1,1,
2.023E+11,155 642 510,B01,3,30,0,2,8,1,1,
2.023E+11,155 642 505,B01,2,7,0,2,1,1,1,
2.023E+11,155 642 507,A01,1,7,0,2,1,26,1,
2.023E+11,155 642 504,A01,3,31,0,0,0,1,1,
2.023E+11,155 642 501,A01,1,7,0,2,8,15,1,
2.023E+11,155 642 503,B01,1,2,0,2,1,2,1,
2.023E+11,155 642 499,B01,0,7,0,2,3,16,1,
2.023E+11,155 642 502,A01,2,33,0,2,1,1,1,
2.023E+11,155 642 494,B01,3,7,0,2,7,19,1,
2.023E+11,155 642 495,A01,1,7,0,2,2,1,1,
2.023E+11,155 642 493,C01,1,7,1,0,1,26,6,
2.023E+11,155 642 496,A01,1,7,0,2,7,23,6,
2.023E+11,155 642 498,B01,1,7,3,0,4,23,6,
2.023E+11,155 642 491,A01,1,7,4,0,9,9,1,
2.023E+11,155 642 490,B01,1,31,0,2,2,2,1,
2.023E+11,155 642 492,A01,1,7,0,2,8,13,1,
2.023E+11,155 642 497,A01,1,10,0,2,6,23,1,
2.023E+11,155 642 500,Z01,1,7,0,2,0,0,0,
2.023E+11,155 642 489,A01,3,7,3,0,1,1,1,
2.023E+11,155 642 488,A01,2,7,13,0,2,1,1,
2.023E+11,155 642 485,A01,1,10,0,2,2,16,1,
2.023E+11,155 642 487,B01,1,1,0,2,8,2,5,
2.023E+11,155 642 486,A01,2,7,3,0,1,1,1,
2.023E+11,155 642 484,A01,1,31,0,0,8,13,1,
2.023E+11,155 642 483,A01,2,7,6,0,1,13,1,
2.023E+11,155 642 480,A01,1,33,13,0,7,1,1,
2.023E+11,155 642 479,A01,2,7,0,2,8,11,1,
2.023E+11,155 642 481,B01,2,33,0,2,2,1,1,
2.023E+11,155 642 482,C01,2,7,0,2,8,1,1,
2.023E+11,155 642 476,B01,2,7,0,2,3,1,0,
2.023E+11,155 642 478,A01,2,50,0,2,1,16,3,
2.023E+11,155 642 475,A01,1,7,0,2,1,2,2,
2.023E+11,155 642 477,B01,1,7,0,2,4,2,1,
2.023E+11,155 642 470,B01,2,7,0,2,4,26,1,
2.023E+11,155 642 472,A01,2,7,0,2,1,2,1,
2.023E+11,155 642 469,A01,1,7,0,2,4,1,1,
2.023E+11,155 642 471,B01,1,33,0,2,1,1,1,
2.023E+11,155 642 468,A01,1,7,3,0,3,1,1,
2.023E+11,155 642 466,A01,2,7,0,2,4,2,1,
2.023E+11,155 642 467,B01,2,7,0,2,1,2,1,
2.023E+11,155 642 465,A01,2,7,4,0,1,14,1,
2.023E+11,155 642 464,A01,1,7,3,0,0,1,1,
2.023E+11,155 642 463,A01,1,30,0,0,7,1,1,