Num_Acc,id_vehicule,num_veh,senc,catv,obs,obsm,choc,manv,motor,occutc
2.023E+11,155 641 547,A01,1,7,0,2,1,1,1,
2.023E+11,155 641 543,A01,1,7,0,2,6,9,1,
2.023E+11,155 641 545,B01,1,33,0,2,5,1,1,
2.023E+11,155 641 542,A01,3,7,0,0,1,1,1,
2.023E+11,155 641 540,A01,2,33,1,0,1,26,0,
2.023E+11,155 641 539,A01,1,7,0,0,9,14,1,
2.023E+11,155 641 541,A01,2,7,0,1,2,1,1,
2.023E+11,155 641 537,B01,3,7,0,2,5,15,1,
2.023E+11,155 641 538,A01,2,7,0,2,1,1,1,
2.023E+11,155 641 534,A01,2,30,0,2,4,11,3,
2.023E+11,155 641 536,B01,2,7,0,2,1,1,1,
2.023E+11,155 641 533,A01,1,33,0,2,1,1,1,
2.023E+11,155 641 535,B01,3,1,0,2,7,19,5,
2.023E+11,155 641 531,A01,2,7,0,0,1,1,1,
2.023E+11,155 641 528,A01,1,7,0,2,1,2,1,
2.023E+11,155 641 529,B01,1,7,0,0,4,15,1,
2.023E+11,155 641 527,A01,1,7,0,2,8,15,1,
2.023E+11,155 641 530,B01,2,33,0,2,8,21,1,
2.023E+11,155 641 532,C01,1,7,0,0,0,19,0,
2.023E+11,155 641 526,A01,1,7,12,0,1,0,1,
2.023E+11,155 641 524,A01,2,7,6,1,1,26,1,
2.023E+11,155 641 521,A01,1,10,0,2,1,1,1,
2.023E+11,155 641 525,B01,1,10,0,2,8,9,1,
2.023E+11,155 641 518,A01,2,7,0,2,1,1,1,
2.023E+11,155 641 520,B01,2,7,0,2,4,23,1,
2.023E+11,155 641 517,A01,3,33,0,2,1,17,1,
2.023E+11,155 641 519,B01,3,7,0,2,1,1,1,
2.023E+11,155 641 523,C01,3,15,0,2,5,16,1,
2.023E+11,155 641 516,B01,1,1,0,2,7,1,5,
2.023E+11,155 641 522,A01,2,7,0,2,1,19,1,
2.023E+11,155 641 512,A01,2,7,0,2,8,11,1,
2.023E+11,155 641 513,B01,2,33,0,2,2,1,1,
2.023E+11,155 641 510,A01,1,7,0,2,1,5,1,
2.023E+11,155 641 514,B01,2,10,0,2,1,5,1,
2.023E+11,155 641 508,A01,0,32,0,1,1,1,1,
2.023E+11,155 641 506,B01,2,2,0,2,1,17,1,
2.023E+11,155 641 509,A01,2,10,0,2,8,10,1,
2.023E+11,155 641 503,B01,2,7,0,2,4,2,1,
2.023E+11,155 641 507,A01,2,7,0,2,1,1,1,
2.023E+11,155 641 501,A01,2,7,2,0,2,1,1,
2.023E+11,155 641 500,A01,3,1,0,9,8,1,5,
2.023E+11,155 641 504,B01,3,99,0,9,1,26,5,
2.023E+11,155 641 498,A01,3,7,0,1,1,1,1,
2.023E+11,155 641 499,C01,3,37,0,2,1,23,1,1
2.023E+11,155 641 502,B01,3,7,0,2,4,2,1,
2.023E+11,155 641 505,A01,3,7,0,2,1,2,1,
2.023E+11,155 641 496,A01,2,7,0,0,9,11,1,
2.023E+11,155 641 494,B01,2,7,0,2,1,1,1,
2.023E+11,155 641 497,A01,1,7,0,2,1,13,1,
2.023E+11,155 641 492,B01,3,7,0,2,0,0,0,
2.023E+11,155 641 495,A01,3,32,0,2,1,2,1,
2.023E+11,155 641 489,A01,2,7,1,1,1,13,1,
2.023E+11,155 641 490,A01,3,7,0,2,1,0,1,
2.023E+11,155 641 493,B01,3,7,0,2,1,0,1,
2.023E+11,155 641 491,A01,2,7,0,1,1,1,1,
2.023E+11,155 641 487,A01,3,7,0,2,3,1,1,
2.023E+11,155 641 488,B01,3,7,0,2,2,1,1,
2.023E+11,155 641 482,A01,1,10,0,9,7,15,1,
2.023E+11,155 641 486,B01,2,31,0,2,1,1,1,
2.023E+11,155 641 481,B01,2,7,0,2,4,23,2,
2.023E+11,155 641 484,A01,2,7,0,2,1,2,1,
2.023E+11,155 641 480,A01,2,7,0,2,1,15,2,
2.023E+11,155 641 485,B01,1,7,0,2,1,1,1,
2.023E+11,155 641 479,A01,2,30,0,2,1,8,1,
2.023E+11,155 641 483,B01,1,10,0,2,5,15,1,
2.023E+11,155 641 477,A01,2,7,0,1,3,26,1,
2.023E+11,155 641 475,A01,1,33,0,2,1,1,1,
2.023E+11,155 641 478,B01,1,7,0,2,3,6,1,
2.023E+11,155 641 473,B01,0,32,0,2,5,1,1,
2.023E+11,155 641 476,A01,0,13,0,2,3,1,1,
2.023E+11,155 641 470,A01,2,7,0,2,3,16,1,
2.023E+11,155 641 474,B01,2,2,0,2,2,1,1,
2.023E+11,155 641 471,A01,1,33,10,0,2,14,1,
2.023E+11,155 641 469,B01,1,33,0,2,7,1,1,
2.023E+11,155 641 472,A01,1,7,0,2,8,11,1,
2.023E+11,155 641 467,A01,2,33,12,0,1,16,1,
2.023E+11,155 641 464,A01,1,30,1,0,1,14,1,
2.023E+11,155 641 465,A01,1,7,0,1,2,16,1,
2.023E+11,155 641 466,A01,1,33,12,2,1,1,1,
2.023E+11,155 641 468,B01,2,3,0,2,8,15,1,
2.023E+11,155 641 460,A01,1,7,0,2,1,2,1,
2.023E+11,155 641 462,B01,1,7,0,2,4,1,1,
2.023E+11,155 641 461,A01,1,7,0,2,6,13,1,
2.023E+11,155 641 463,B01,1,33,0,2,2,1,1,
2.023E+11,155 641 458,B01,2,7,0,2,3,15,1,
2.023E+11,155 641 459,A01,2,33,0,2,2,17,6,
2.023E+11,155 641 457,A01,3,7,13,0,3,19,1,
2.023E+11,155 641 454,A01,2,32,0,0,7,3,1,
2.023E+11,155 641 449,D01,1,7,0,2,1,2,1,
2.023E+11,155 641 452,B01,1,7,0,2,3,21,1,
2.023E+11,155 641 453,C01,2,7,0,2,6,1,1,
2.023E+11,155 641 455,A01,1,7,0,2,1,13,1,
2.023E+11,155 641 450,A01,3,7,0,1,4,20,1,
2.023E+11,155 641 448,A01,2,7,0,2,1,13,1,
2.023E+11,155 641 451,B01,1,7,0,2,1,1,1,
2.023E+11,155 641 445,A01,0,7,0,2,3,9,1,
2.023E+11,155 641 447,B01,0,7,0,2,1,1,1,
2.023E+11,155 641 443,A01,1,7,0,0,0,0,1,
2.023E+11,155 641 446,A01,1,7,0,1,1,15,2,
2.023E+11,155 641 441,B01,0,1,0,2,1,19,5,
2.023E+11,155 641 442,A01,2,7,0,2,3,1,0,
2.023E+11,155 641 438,A01,1,31,0,2,0,17,6,
2.023E+11,155 641 440,B01,1,7,0,2,0,0,1,
2.023E+11,155 641 437,A01,1,10,4,0,3,13,1,
2.023E+11,155 641 431,A01,0,7,0,2,1,15,1,
2.023E+11,155 641 435,B01,0,2,0,2,8,1,1,
2.023E+11,155 641 430,B01,1,33,0,2,1,1,1,
2.023E+11,155 641 434,A01,2,7,0,2,2,10,1,
2.023E+11,155 641 433,A01,2,2,0,2,1,2,1,
2.023E+11,155 641 436,B01,2,7,0,2,4,2,1,
2.023E+11,155 641 429,A01,2,7,12,0,0,1,1,
2.023E+11,155 641 426,A01,1,7,0,1,7,9,1,
2.023E+11,155 641 425,A01,1,7,0,2,3,22,1,
2.023E+11,155 641 427,B01,1,1,0,2,0,0,5,
2.023E+11,155 641 423,A01,2,1,0,0,0,3,5,
2.023E+11,155 641 422,A01,3,1,0,2,1,1,5,
2.023E+11,155 641 428,B01,3,7,0,2,7,1,1,
2.023E+11,155 641 421,A01,2,33,0,2,1,13,1,
2.023E+11,155 641 424,B01,1,37,0,2,8,1,2,1
2.023E+11,155 641 419,A01,1,7,0,2,1,1,1,
2.023E+11,155 641 420,B01,1,7,0,2,1,1,1,
2.023E+11,155 641 417,A01,1,7,2,0,1,14,1,
2.023E+11,155 641 413,A01,2,7,0,2,4,23,1,
2.023E+11,155 641 416,B01,2,7,0,2,1,2,1,
2.023E+11,155 641 412,A01,1,1,0,2,2,15,5,
2.023E+11,155 641 415,B01,1,50,0,2,1,1,3,
2.023E+11,155 641 406,A01,3,80,0,2,1,19,3,
2.023E+11,155 641 410,B01,1,7,0,2,1,1,0,
2.023E+11,155 641 407,C01,0,7,0,0,0,0,1,
2.023E+11,155 641 409,B01,0,10,0,0,0,0,1,
2.023E+11,155 641 411,A01,0,15,0,2,1,1,0,
2.023E+11,155 641 405,B01,1,15,0,0,0,0,1,
2.023E+11,155 641 408,A01,1,33,0,0,1,1,1,
2.023E+11,155 641 402,A01,1,7,0,1,4,4,1,
2.023E+11,155 641 400,A01,2,33,0,2,1,17,1,
2.023E+11,155 641 404,B01,2,7,0,2,8,15,1,
2.023E+11,155 641 399,A01,1,7,0,2,3,24,1,
2.023E+11,155 641 403,B01,1,80,0,2,1,13,3,
2.023E+11,155 641 398,B01,3,7,0,2,8,21,1,
2.023E+11,155 641 401,A01,2,7,0,2,3,1,1,
2.023E+11,155 641 392,B01,2,7,0,2,1,1,0,
2.023E+11,155 641 397,A01,2,7,0,2,3,15,1,
2.023E+11,155 641 394,A01,1,1,0,2,1,17,5,
2.023E+11,155 641 396,Z01,1,7,0,2,8,13,0,
2.023E+11,155 641 390,C01,1,7,0,2,3,9,1,
2.023E+11,155 641 391,B01,1,7,0,2,5,1,1,
2.023E+11,155 641 389,B01,1,7,0,2,3,1,1,
2.023E+11,155 641 395,A01,1,30,0,2,1,1,1,
2.023E+11,155 641 388,A01,1,10,0,2,0,0,0,
2.023E+11,155 641 393,B01,2,10,0,2,3,13,0,
2.023E+11,155 641 386,B01,3,7,0,2,1,1,1,
2.023E+11,155 641 387,A01,3,7,0,2,8,10,1,
2.023E+11,155 641 383,A01,1,7,0,1,3,1,1,
2.023E+11,155 641 379,A01,0,7,0,1,2,1,1,
2.023E+11,155 641 378,A01,2,7,0,2,2,15,1,
2.023E+11,155 641 381,B01,2,7,0,2,1,1,1,
2.023E+11,155 641 377,A01,3,10,0,2,1,16,1,
2.023E+11,155 641 384,B01,3,1,0,2,7,19,5,
2.023E+11,155 641 374,C01,2,7,0,2,7,23,3,
2.023E+11,155 641 375,E01,2,7,0,2,7,23,1,
2.023E+11,155 641 376,F01,2,7,0,2,8,23,2,
2.023E+11,155 641 380,D01,2,7,0,2,7,23,1,
2.023E+11,155 641 382,A01,1,7,6,2,7,13,1,
2.023E+11,155 641 385,B01,2,7,0,2,7,0,1,
2.023E+11,155 641 370,A01,3,7,0,2,3,15,1,
2.023E+11,155 641 373,B01,3,33,0,2,1,1,1,
2.023E+11,155 641 371,A01,1,7,0,1,1,21,1,
2.023E+11,155 641 368,B01,1,7,0,2,1,20,1,
2.023E+11,155 641 372,A01,2,1,0,2,1,5,5,
2.023E+11,155 641 367,B01,1,7,0,0,6,2,1,
2.023E+11,155 641 369,A01,1,2,0,2,1,2,1,
2.023E+11,155 641 363,B01,1,7,0,2,7,1,1,
2.023E+11,155 641 366,A01,1,7,0,0,3,16,1,
2.023E+11,155 641 362,A01,1,7,0,1,2,0,3,
2.023E+11,155 641 361,A01,2,7,0,2,7,1,1,
2.023E+11,155 641 365,B01,1,7,0,2,1,9,1,
2.023E+11,155 641 364,A01,2,33,0,1,1,1,1,
2.023E+11,155 641 360,A01,2,7,4,0,2,1,1,
2.023E+11,155 641 358,A01,3,1,14,0,1,1,5,
2.023E+11,155 641 355,A01,2,33,0,2,1,1,6,
2.023E+11,155 641 357,B01,2,7,0,2,3,15,1,
2.023E+11,155 641 354,B01,2,7,0,2,1,1,1,
2.023E+11,155 641 359,A01,1,7,0,2,1,1,0,
2.023E+11,155 641 356,A01,1,31,0,0,0,21,3,
2.023E+11,155 641 352,A01,2,7,0,2,3,5,1,
2.023E+11,155 641 353,B01,1,7,0,2,8,1,1,
2.023E+11,155 641 347,A01,1,1,0,2,8,13,5,
2.023E+11,155 641 349,B01,1,7,0,2,2,1,1,
2.023E+11,155 641 346,A01,2,50,0,2,1,1,3,
2.023E+11,155 641 350,Z01,2,3,0,2,7,23,0,
2.023E+11,155 641 345,B01,1,7,0,2,4,2,1,
2.023E+11,155 641 351,A01,1,7,0,2,1,2,1,
2.023E+11,155 641 344,A01,3,1,0,2,1,1,5,
2.023E+11,155 641 348,B01,3,1,0,2,1,13,5,
2.023E+11,155 641 340,A01,2,7,14,0,1,19,1,
2.023E+11,155 641 339,B01,2,7,0,2,8,1,1,
2.023E+11,155 641 341,C01,2,7,0,2,1,1,1,
2.023E+11,155 641 343,A01,1,10,0,2,1,13,1,
2.023E+11,155 641 338,A01,1,1,0,0,2,2,5,
2.023E+11,155 641 337,A01,1,7,0,2,7,1,1,
2.023E+11,155 641 342,B01,1,7,0,2,1,1,1,
2.023E+11,155 641 333,A01,3,7,0,2,1,16,1,
2.023E+11,155 641 335,B01,3,7,0,2,1,26,3,
2.023E+11,155 641 332,A01,0,7,0,2,3,0,1,
2.023E+11,155 641 336,B01,0,80,0,2,1,0,3,
2.023E+11,155 641 331,A01,1,7,0,2,3,13,1,
2.023E+11,155 641 334,B01,2,7,0,2,3,1,1,
2.023E+11,155 641 328,A01,0,7,0,2,2,17,1,
2.023E+11,155 641 329,B01,0,1,0,2,1,13,5,
2.023E+11,155 641 325,A01,0,7,0,2,1,1,1,
2.023E+11,155 641 327,B01,0,7,0,2,8,1,1,
2.023E+11,155 641 326,A01,1,7,0,1,3,1,1,
2.023E+11,155 641 324,B01,0,7,0,2,0,0,1,
2.023E+11,155 641 330,A01,0,10,0,2,1,16,1,
2.023E+11,155 641 323,A01,2,7,0,1,7,1,1,
2.023E+11,155 641 322,A01,1,7,0,1,1,1,1,
2.023E+11,155 641 320,A01,1,1,0,1,1,1,5,
2.023E+11,155 641 319,B01,2,7,0,2,6,23,1,
2.023E+11,155 641 321,A01,2,7,0,2,1,2,1,
2.023E+11,155 641 316,A01,1,7,0,1,1,0,1,
2.023E+11,155 641 315,A01,2,7,11,2,9,1,1,
2.023E+11,155 641 317,B01,1,10,0,2,6,1,1,
2.023E+11,155 641 318,C01,2,7,0,2,4,16,1,
2.023E+11,155 641 313,A01,2,10,0,1,7,1,1,
2.023E+11,155 641 312,A01,1,7,11,0,2,1,1,
2.023E+11,155 641 311,A01,2,7,3,0,1,1,1,
2.023E+11,155 641 310,B01,1,7,0,2,6,1,3,
2.023E+11,155 641 314,A01,1,50,0,2,1,1,3,
2.023E+11,155 641 307,A01,3,10,0,1,0,0,0,
2.023E+11,155 641 306,A01,1,7,0,2,3,1,1,
2.023E+11,155 641 308,B01,3,1,0,2,1,19,5,
2.023E+11,155 641 305,B01,1,7,0,0,4,2,1,
2.023E+11,155 641 309,A01,1,7,14,0,1,2,1,
2.023E+11,155 641 304,A01,1,7,0,1,1,1,0,
2.023E+11,155 641 300,B01,1,7,0,2,3,1,1,
2.023E+11,155 641 302,A01,1,7,0,2,2,14,1,
2.023E+11,155 641 301,B01,2,2,0,2,8,1,1,
2.023E+11,155 641 303,A01,1,7,0,2,0,1,1,
2.023E+11,155 641 296,A01,1,2,0,2,1,1,1,
2.023E+11,155 641 299,B01,1,37,0,2,5,9,1,1
2.023E+11,155 641 294,B01,1,7,0,2,4,0,1,
2.023E+11,155 641 297,A01,1,7,4,2,1,2,1,
2.023E+11,155 641 293,A01,1,7,0,2,3,14,1,
2.023E+11,155 641 298,B01,3,1,0,2,8,1,5,
2.023E+11,155 641 292,B01,1,30,0,2,4,15,1,
2.023E+11,155 641 295,A01,1,10,0,2,1,1,1,
2.023E+11,155 641 288,B01,0,32,0,2,1,15,1,
2.023E+11,155 641 291,A01,0,7,0,2,2,16,1,
2.023E+11,155 641 287,A01,1,30,0,0,0,1,1,
2.023E+11,155 641 286,A01,2,7,12,2,2,15,3,
2.023E+11,155 641 290,B01,1,7,12,2,1,1,1,
2.023E+11,155 641 285,B01,3,37,0,2,7,1,1,1
2.023E+11,155 641 289,A01,3,10,0,2,1,1,0,
2.023E+11,155 641 283,B01,2,2,0,2,1,1,3,
2.023E+11,155 641 284,A01,3,7,0,2,3,16,1,
2.023E+11,155 641 281,A01,1,7,0,2,1,9,1,
2.023E+11,155 641 282,B01,2,99,0,2,7,19,3,
2.023E+11,155 641 276,B01,1,3,0,2,3,1,0,
2.023E+11,155 641 279,A01,1,7,0,2,1,19,1,
2.023E+11,155 641 277,A01,2,7,0,0,0,26,1,
2.023E+11,155 641 274,A01,2,7,0,2,1,19,1,
2.023E+11,155 641 280,B01,1,7,0,2,2,1,1,
2.023E+11,155 641 275,A01,1,10,0,2,8,15,1,
2.023E+11,155 641 278,B01,1,33,0,2,0,1,1,
2.023E+11,155 641 273,A01,1,37,0,1,2,1,1,1
2.023E+11,155 641 272,A01,0,7,0,1,4,20,0,
2.023E+11,155 641 269,A01,3,7,13,0,1,13,1,
2.023E+11,155 641 271,B01,3,7,0,2,1,1,1,
2.023E+11,155 641 267,B01,2,50,0,2,1,1,3,
2.023E+11,155 641 270,A01,2,10,0,2,2,9,1,
2.023E+11,155 641 264,A01,1,7,8,0,1,1,1,
2.023E+11,155 641 262,A01,1,7,0,1,3,1,1,
2.023E+11,155 641 263,A01,2,31,0,2,1,5,1,
2.023E+11,155 641 265,B01,2,7,0,2,2,1,1,
2.023E+11,155 641 261,A01,1,7,0,1,2,2,1,
2.023E+11,155 641 260,A01,1,37,0,0,0,0,0,1
2.023E+11,155 641 258,A01,3,7,0,1,2,1,1,
2.023E+11,155 641 257,A01,2,7,4,0,1,13,1,
2.023E+11,155 641 256,A01,1,10,9,0,1,16,1,
2.023E+11,155 641 255,A01,1,7,0,2,1,13,1,
2.023E+11,155 641 259,B01,2,7,0,2,1,1,1,
2.023E+11,155 641 253,A01,2,30,0,0,7,14,1,
2.023E+11,155 641 252,A01,2,7,0,2,1,2,1,
2.023E+11,155 641 254,B01,2,7,0,2,4,1,1,
2.023E+11,155 641 247,B01,1,7,0,2,3,6,1,
2.023E+11,155 641 249,A01,2,7,0,2,3,1,1,
2.023E+11,155 641 248,B01,2,99,0,2,1,0,0,
2.023E+11,155 641 251,A01,2,7,0,2,7,0,0,
2.023E+11,155 641 245,B01,1,31,0,2,1,1,1,
2.023E+11,155 641 250,A01,2,7,8,2,3,15,1,
2.023E+11,155 641 243,B01,3,37,0,2,3,16,1,2
2.023E+11,155 641 246,A01,3,38,0,2,3,16,1,1
2.023E+11,155 641 242,B01,1,30,0,2,1,0,1,
2.023E+11,155 641 244,A01,3,7,0,2,2,0,1,
2.023E+11,155 641 241,A01,1,3,0,1,3,1,1,
2.023E+11,155 641 238,A01,2,32,0,2,4,2,1,
2.023E+11,155 641 239,Z01,2,7,0,2,1,2,1,
2.023E+11,155 641 237,A01,2,7,9,0,8,16,1,
2.023E+11,155 641 236,A01,3,7,0,2,3,15,1,
2.023E+11,155 641 240,B01,2,2,0,2,1,17,1,
2.023E+11,155 641 235,A01,1,10,0,1,3,19,1,
2.023E+11,155 641 233,B01,2,7,0,2,7,1,2,
2.023E+11,155 641 234,A01,2,31,0,2,8,13,3,
2.023E+11,155 641 231,A01,2,2,0,9,0,2,1,
2.023E+11,155 641 232,B01,2,1,0,2,0,0,5,
2.023E+11,155 641 227,B01,3,32,0,2,4,1,1,
2.023E+11,155 641 229,A01,3,43,0,2,1,18,1,
2.023E+11,155 641 226,A01,2,7,0,2,2,15,1,
2.023E+11,155 641 230,B01,2,33,0,2,1,1,1,
2.023E+11,155 641 225,A01,1,7,0,2,3,2,1,
2.023E+11,155 641 228,B01,1,2,0,2,4,1,0,
2.023E+11,155 641 222,A01,1,33,0,2,1,1,1,
2.023E+11,155 641 223,Z01,1,7,0,2,5,23,1,
2.023E+11,155 641 220,B01,1,33,0,2,1,17,1,
2.023E+11,155 641 224,A01,1,7,0,2,3,10,1,
2.023E+11,155 641 217,B01,3,10,0,2,3,1,1,
2.023E+11,155 641 221,KA01,3,50,0,2,1,16,3,
2.023E+11,155 641 218,B01,1,33,0,2,1,1,1,
2.023E+11,155 641 219,A01,2,10,0,2,1,15,1,
2.023E+11,155 641 215,A01,2,43,0,1,1,1,1,
2.023E+11,155 641 214,B01,3,7,0,2,1,1,6,
2.023E+11,155 641 216,A01,3,7,0,2,1,13,0,
2.023E+11,155 641 209,A01,2,2,0,0,0,17,1,
2.023E+11,155 641 207,A01,2,7,0,2,3,1,1,
2.023E+11,155 641 208,B01,2,7,0,2,8,1,1,
2.023E+11,155 641 211,A01,0,7,0,4,1,1,1,
2.023E+11,155 641 212,B01,1,40,0,2,2,1,3,
2.023E+11,155 641 210,A01,2,7,0,1,1,1,1,
2.023E+11,155 641 205,A01,2,7,0,0,0,26,1,
2.023E+11,155 641 206,B01,2,1,0,0,0,1,5,
2.023E+11,155 641 201,A01,2,1,0,2,1,1,5,
2.023E+11,155 641 204,B01,1,30,0,2,2,15,3,
2.023E+11,155 641 200,B01,2,33,0,2,1,1,1,
2.023E+11,155 641 203,A01,1,10,0,2,1,15,1,
2.023E+11,155 641 199,B01,1,30,0,2,1,7,1,
2.023E+11,155 641 202,A01,3,7,0,2,3,10,0,
2.023E+11,155 641 196,A01,0,7,0,0,0,0,1,
2.023E+11,155 641 198,B01,0,43,0,0,0,0,1,
2.023E+11,155 641 194,A01,1,7,0,2,5,1,2,
2.023E+11,155 641 197,B01,1,33,0,2,1,1,1,
2.023E+11,155 641 192,A01,2,7,0,2,3,15,1,
2.023E+11,155 641 195,B01,1,1,0,2,1,1,5,
2.023E+11,155 641 191,A01,3,7,0,2,8,10,0,
2.023E+11,155 641 193,B01,3,2,0,2,1,1,0,
2.023E+11,155 641 190,A01,1,1,12,0,1,13,5,
2.023E+11,155 641 187,A01,2,7,0,2,2,5,2,
2.023E+11,155 641 189,B01,1,37,0,2,2,1,1,2
2.023E+11,155 641 186,A01,1,30,14,0,1,1,1,
2.023E+11,155 641 184,B01,1,7,0,2,5,26,1,
2.023E+11,155 641 188,A01,1,33,0,2,1,18,0,
2.023E+11,155 641 181,B01,3,7,0,2,7,1,1,
2.023E+11,155 641 185,A01,3,50,0,2,1,1,3,
2.023E+11,155 641 177,A01,1,7,0,2,2,1,1,
2.023E+11,155 641 183,B01,3,7,0,2,1,0,1,
2.023E+11,155 641 179,B01,1,2,0,2,0,0,1,
2.023E+11,155 641 182,A01,1,43,0,0,0,0,1,
2.023E+11,155 641 176,B01,2,7,0,2,4,1,1,
2.023E+11,155 641 178,A01,2,7,0,2,1,1,1,
2.023E+11,155 641 180,C01,2,7,0,2,4,1,1,
2.023E+11,155 641 173,A01,3,7,0,1,2,13,1,
2.023E+11,155 641 169,A01,0,7,0,2,3,26,1,
2.023E+11,155 641 172,B01,0,2,0,2,1,0,1,
2.023E+11,155 641 168,B01,2,1,0,2,1,1,5,
2.023E+11,155 641 170,A01,3,7,0,2,3,1,1,
2.023E+11,155 641 167,A01,0,30,0,0,7,1,1,
2.023E+11,155 641 164,A01,2,7,0,2,6,15,1,
2.023E+11,155 641 166,B01,2,33,0,2,2,17,1,
2.023E+11,155 641 162,A01,2,31,0,0,0,1,1,
2.023E+11,155 641 161,A01,1,31,0,2,8,17,1,
2.023E+11,155 641 165,B01,1,7,0,2,5,3,1,
2.023E+11,155 641 160,B01,0,7,0,0,0,0,0,
2.023E+11,155 641 163,A01,3,2,0,2,1,0,1,
2.023E+11,155 641 158,A01,3,50,0,0,7,9,3,
2.023E+11,155 641 157,A01,2,7,13,0,2,1,1,
2.023E+11,155 641 154,B01,1,50,0,2,2,9,3,
2.023E+11,155 641 156,A01,1,7,0,2,3,9,1,
2.023E+11,155 641 155,A01,2,7,0,2,3,9,1,
2.023E+11,155 641 159,B01,2,2,0,2,5,1,1,
2.023E+11,155 641 153,A01,3,7,0,1,0,15,0,
2.023E+11,155 641 151,A01,2,40,0,1,1,1,3,
2.023E+11,155 641 150,A01,2,7,0,2,1,1,1,
2.023E+11,155 641 152,B01,2,7,0,2,8,17,1,
2.023E+11,155 641 148,A01,1,50,0,0,0,25,3,
2.023E+11,155 641 146,A01,1,7,0,2,2,16,1,
2.023E+11,155 641 149,B01,1,50,0,2,1,1,3,
2.023E+11,155 641 145,A01,1,7,0,2,1,1,1,
2.023E+11,155 641 147,B01,1,10,0,2,4,23,1,
2.023E+11,155 641 144,A01,1,7,1,0,1,0,1,
2.023E+11,155 641 140,B01,3,32,0,2,1,1,1,
2.023E+11,155 641 142,A01,3,3,0,2,6,13,0,
2.023E+11,155 641 139,A01,2,7,0,2,1,2,1,
2.023E+11,155 641 141,B01,2,10,0,2,4,2,1,
2.023E+11,155 641 138,A01,2,7,0,2,8,1,1,
2.023E+11,155 641 143,B01,1,33,0,2,3,1,1,
2.023E+11,155 641 135,A01,3,33,12,0,1,2,0,
2.023E+11,155 641 136,B01,3,33,0,0,0,0,0,
2.023E+11,155 641 130,A01,1,32,0,2,3,3,1,
2.023E+11,155 641 133,B01,1,7,0,2,7,12,1,
2.023E+11,155 641 131,B01,1,33,0,0,6,1,1,
2.023E+11,155 641 134,A01,1,33,0,1,8,17,1,
2.023E+11,155 641 137,C01,2,10,0,0,8,1,1,
2.023E+11,155 641 128,A01,1,7,1,2,1,2,1,
2.023E+11,155 641 132,B01,3,7,1,0,4,2,1,
2.023E+11,155 641 127,A01,3,7,0,2,4,1,0,
2.023E+11,155 641 129,B01,2,30,0,2,4,18,1,
2.023E+11,155 641 125,A01,0,7,0,1,2,14,0,
2.023E+11,155 641 123,A01,2,33,0,2,8,3,1,
2.023E+11,155 641 124,B01,2,7,0,2,7,12,1,
2.023E+11,155 641 126,C01,2,10,0,2,8,1,1,
2.023E+11,155 641 121,A01,2,43,0,2,1,17,1,
2.023E+11,155 641 122,B01,2,7,0,2,8,15,1,
2.023E+11,155 641 120,A01,2,7,0,1,3,16,1,
2.023E+11,155 641 117,A01,3,7,0,2,1,1,1,
2.023E+11,155 641 119,B01,3,7,0,2,1,1,1,
2.023E+11,155 641 116,A01,1,33,0,2,2,3,1,
2.023E+11,155 641 118,B01,1,7,0,2,6,1,1,
2.023E+11,155 641 114,B01,2,30,0,2,1,1,1,
2.023E+11,155 641 115,A01,2,34,0,2,4,20,1,
2.023E+11,155 641 113,A01,0,7,8,0,1,19,1,
2.023E+11,155 641 112,A01,1,7,4,0,3,13,1,
2.023E+11,155 641 110,A01,1,7,0,2,3,9,1,
2.023E+11,155 641 111,B01,2,33,0,2,8,2,1,
2.023E+11,155 641 106,B01,3,1,0,0,8,25,5,
2.023E+11,155 641 108,A01,0,7,0,2,2,26,1,
2.023E+11,155 641 104,A01,2,32,0,2,1,2,1,
2.023E+11,155 641 107,B01,2,10,0,2,4,2,1,
2.023E+11,155 641 105,A01,1,50,0,2,1,1,3,
2.023E+11,155 641 109,B01,1,37,0,2,3,15,1,1
2.023E+11,155 641 101,A01,2,33,0,2,8,13,1,
2.023E+11,155 641 103,B01,1,10,4,2,3,14,1,
2.023E+11,155 641 100,A01,1,7,0,1,1,1,1,
2.023E+11,155 641 099,A01,1,7,0,0,0,13,1,
2.023E+11,155 641 102,B01,3,32,0,0,0,1,1,
2.023E+11,155 641 094,B01,1,10,0,2,2,1,1,
2.023E+11,155 641 097,A01,1,7,0,2,2,15,1,
2.023E+11,155 641 092,A01,1,7,0,2,2,17,1,
2.023E+11,155 641 096,B01,1,1,0,2,4,0,5,
2.023E+11,155 641 090,D01,2,7,0,2,1,1,1,
2.023E+11,155 641 091,A01,1,7,0,2,1,17,1,
2.023E+11,155 641 093,B01,2,7,0,2,2,1,1,
2.023E+11,155 641 095,C01,2,7,3,2,1,1,1,
2.023E+11,155 641 098,E01,1,7,8,2,3,1,1,
2.023E+11,155 641 089,A01,2,1,0,0,1,1,5,
2.023E+11,155 641 086,A01,2,10,17,0,2,1,0,
2.023E+11,155 641 087,A01,1,37,2,0,7,26,1,31
2.023E+11,155 641 083,A01,2,7,2,0,7,1,1,
2.023E+11,155 641 084,B01,1,1,0,2,7,1,5,
2.023E+11,155 641 085,A01,1,80,0,2,8,18,3,