Num_Acc,id_vehicule,num_veh,senc,catv,obs,obsm,choc,manv,motor,occutc
2.023E+11,155 641 081,A01,1,7,4,2,3,17,1,
2.023E+11,155 641 082,B01,1,7,0,0,6,1,1,
2.023E+11,155 641 079,B01,2,37,0,2,8,1,1,7
2.023E+11,155 641 088,A01,2,7,0,2,1,1,1,
2.023E+11,155 641 078,Z01,1,1,0,1,1,1,5,
2.023E+11,155 641 076,A01,3,7,2,0,1,0,1,
2.023E+11,155 641 072,A01,3,7,2,0,7,1,1,
2.023E+11,155 641 071,B01,1,1,0,2,3,1,5,
2.023E+11,155 641 075,A01,2,7,0,2,2,1,1,
2.023E+11,155 641 070,C01,1,7,1,0,1,1,1,
2.023E+11,155 641 074,A01,1,7,0,2,4,23,1,
2.023E+11,155 641 077,B01,1,7,1,0,1,1,1,
2.023E+11,155 641 069,B01,2,7,0,2,2,1,2,
2.023E+11,155 641 073,A01,1,31,0,2,2,1,1,
2.023E+11,155 641 068,A01,2,7,0,0,2,1,1,
2.023E+11,155 641 065,A01,2,10,14,0,1,0,1,
2.023E+11,155 641 061,A01,2,7,0,2,3,13,1,
2.023E+11,155 641 064,B01,1,7,0,2,3,1,1,
2.023E+11,155 641 062,A01,1,33,0,2,1,1,1,
2.023E+11,155 641 067,B01,3,7,0,2,6,1,1,
2.023E+11,155 641 063,A01,1,80,0,2,2,1,3,
2.023E+11,155 641 066,Z01,1,7,0,2,2,22,0,
2.023E+11,155 641 060,A01,1,33,0,0,8,1,1,
2.023E+11,155 641 058,A01,1,1,0,0,1,21,5,
2.023E+11,155 641 059,A01,2,7,8,0,1,1,1,
2.023E+11,155 641 057,A01,1,1,0,1,1,1,5,
2.023E+11,155 641 056,A01,2,7,0,0,0,1,1,
2.023E+11,155 641 054,A01,2,7,0,2,1,15,1,
2.023E+11,155 641 055,B01,1,1,0,2,1,1,5,
2.023E+11,155 641 051,A01,2,7,0,2,0,15,1,
2.023E+11,155 641 053,B01,2,32,0,2,1,17,1,
2.023E+11,155 641 050,A01,1,7,15,0,1,1,1,
2.023E+11,155 641 049,A01,1,7,7,0,3,1,1,
2.023E+11,155 641 052,B01,2,7,6,0,1,16,1,
2.023E+11,155 641 047,A01,1,7,0,1,6,1,1,
2.023E+11,155 641 046,A01,3,7,0,2,1,1,1,
2.023E+11,155 641 048,B01,0,7,0,2,8,15,1,
2.023E+11,155 641 041,A01,1,7,0,2,3,13,1,
2.023E+11,155 641 045,B01,2,7,0,2,3,1,1,
2.023E+11,155 641 040,A01,1,7,0,0,0,1,1,
2.023E+11,155 641 042,A01,2,7,1,0,1,26,1,
2.023E+11,155 641 037,A01,2,10,0,0,1,1,1,
2.023E+11,155 641 035,B01,1,7,0,2,3,15,1,
2.023E+11,155 641 038,A01,2,33,0,2,8,1,1,
2.023E+11,155 641 036,B01,1,50,0,0,1,1,3,
2.023E+11,155 641 039,A01,1,10,0,2,2,15,1,
2.023E+11,155 641 033,A01,1,7,0,2,1,1,1,
2.023E+11,155 641 034,B01,2,7,0,2,2,9,1,
2.023E+11,155 641 031,A01,1,7,0,2,5,17,1,
2.023E+11,155 641 032,B01,1,14,0,2,3,1,1,
2.023E+11,155 641 027,B01,1,7,0,2,1,2,0,
2.023E+11,155 641 029,A01,1,7,0,0,4,23,0,
2.023E+11,155 641 026,B01,1,50,0,2,1,15,3,
2.023E+11,155 641 030,A01,1,7,0,2,2,2,1,
2.023E+11,155 641 025,B01,1,7,0,2,8,15,1,
2.023E+11,155 641 028,A01,2,30,0,2,1,1,1,
2.023E+11,155 641 023,A01,1,31,8,0,1,1,1,
2.023E+11,155 641 022,A01,1,7,9,0,7,1,1,
2.023E+11,155 641 020,A01,2,7,0,2,2,2,0,
2.023E+11,155 641 024,B01,2,80,0,0,4,1,3,
2.023E+11,155 641 018,A01,1,10,8,0,9,1,1,
2.023E+11,155 641 016,A01,1,7,0,2,1,21,1,
2.023E+11,155 641 019,B01,1,7,14,0,4,2,1,
2.023E+11,155 641 021,C01,1,7,14,0,4,2,1,
2.023E+11,155 641 015,B01,2,2,0,2,3,18,1,
2.023E+11,155 641 017,A01,2,7,0,2,5,23,1,
2.023E+11,155 641 013,A01,2,30,3,0,0,1,1,
2.023E+11,155 641 011,A01,2,7,0,2,3,1,1,
2.023E+11,155 641 014,B01,1,7,0,2,3,1,1,
2.023E+11,155 641 010,A01,0,7,0,1,0,0,0,
2.023E+11,155 641 009,A01,2,7,0,2,4,1,1,
2.023E+11,155 641 012,Z01,2,7,0,2,1,1,1,
2.023E+11,155 641 007,B01,2,7,0,2,7,9,1,
2.023E+11,155 641 008,A01,2,7,0,2,2,5,1,
2.023E+11,155 641 006,A01,2,7,0,1,3,1,1,
2.023E+11,155 641 003,A01,1,7,0,2,1,1,1,
2.023E+11,155 641 004,B01,1,7,0,2,4,1,1,
2.023E+11,155 641 001,A01,2,7,0,2,2,1,1,
2.023E+11,155 641 005,B01,2,7,0,2,3,1,1,
2.023E+11,155 640 998,A01,3,50,0,2,1,1,3,
2.023E+11,155 640 999,B01,2,7,0,2,7,1,1,
2.023E+11,155 640 995,A01,1,7,0,1,1,1,1,
2.023E+11,155 640 993,A01,2,7,2,0,1,0,2,
2.023E+11,155 640 992,A01,2,2,16,0,7,1,1,
2.023E+11,155 640 990,A01,2,7,4,0,1,14,1,
2.023E+11,155 640 988,B01,0,10,0,2,1,0,1,
2.023E+11,155 640 991,A01,0,33,0,2,1,15,1,
2.023E+11,155 640 987,B01,1,0,0,2,0,17,1,
2.023E+11,155 640 989,A01,1,2,0,0,8,2,1,
2.023E+11,155 640 986,A01,2,7,2,0,8,21,1,
2.023E+11,155 640 985,A01,2,14,0,0,7,1,1,
2.023E+11,155 640 982,A01,1,7,8,0,0,1,1,
2.023E+11,155 640 980,A01,2,7,2,0,3,1,1,
2.023E+11,155 640 981,B01,3,50,0,2,7,1,3,
2.023E+11,155 640 984,A01,3,7,0,9,1,26,1,
2.023E+11,155 640 977,A01,1,30,0,0,0,1,1,
2.023E+11,155 640 975,A01,1,7,0,2,3,9,1,
2.023E+11,155 640 978,B01,2,32,0,2,1,1,1,
2.023E+11,155 640 976,A01,2,10,16,0,0,13,1,
2.023E+11,155 640 973,A01,1,7,0,2,3,1,1,
2.023E+11,155 640 974,B01,1,7,0,2,4,15,1,
2.023E+11,155 640 969,A01,0,2,0,0,1,1,1,
2.023E+11,155 640 971,B01,0,7,0,0,3,1,1,
2.023E+11,155 640 968,A01,3,3,0,0,2,0,1,
2.023E+11,155 640 967,B01,2,33,0,2,1,1,1,
2.023E+11,155 640 970,A01,1,7,0,2,1,13,1,
2.023E+11,155 640 972,C01,2,10,0,2,3,1,1,
2.023E+11,155 640 966,A01,2,7,3,0,3,13,1,
2.023E+11,155 640 963,A01,1,2,0,1,1,1,1,
2.023E+11,155 640 965,A01,1,7,0,0,8,1,1,
2.023E+11,155 640 964,A01,3,33,6,0,1,1,1,
2.023E+11,155 640 960,A01,1,33,0,2,1,17,1,
2.023E+11,155 640 961,B01,1,7,0,2,3,2,1,
2.023E+11,155 640 962,C01,2,7,0,2,1,0,1,
2.023E+11,155 640 956,B01,3,7,0,2,3,1,1,
2.023E+11,155 640 959,A01,3,7,0,2,3,13,1,
2.023E+11,155 640 952,A01,2,7,0,2,3,1,1,
2.023E+11,155 640 955,C01,1,7,0,2,1,1,3,
2.023E+11,155 640 958,B01,1,7,0,2,3,1,1,
2.023E+11,155 640 951,C01,1,7,0,2,1,1,0,
2.023E+11,155 640 954,B01,1,7,14,0,1,1,0,
2.023E+11,155 640 957,A01,1,2,0,0,0,1,0,
2.023E+11,155 640 949,A01,3,7,0,2,7,1,1,
2.023E+11,155 640 953,B01,0,31,0,2,1,1,1,
2.023E+11,155 640 948,A01,2,7,0,0,2,15,1,
2.023E+11,155 640 950,B01,2,34,0,2,1,1,1,
2.023E+11,155 640 946,A01,2,7,3,0,3,1,1,
2.023E+11,155 640 944,A01,3,7,0,1,3,1,2,
2.023E+11,155 640 945,A01,1,7,0,2,1,9,1,
2.023E+11,155 640 947,B01,1,7,0,2,7,1,1,
2.023E+11,155 640 941,B01,1,10,0,0,2,17,0,
2.023E+11,155 640 943,A01,1,7,0,0,3,15,2,
2.023E+11,155 640 940,A01,1,7,6,2,3,13,1,
2.023E+11,155 640 942,B01,2,7,0,2,3,1,1,
2.023E+11,155 640 938,A01,2,7,2,0,1,1,1,
2.023E+11,155 640 937,A01,2,33,0,2,1,3,1,
2.023E+11,155 640 939,B01,2,33,0,2,4,3,1,
2.023E+11,155 640 936,A01,1,38,0,1,1,1,1,1
2.023E+11,155 640 935,A01,1,7,3,0,1,1,1,
2.023E+11,155 640 933,A01,1,10,0,1,2,1,1,
2.023E+11,155 640 932,A01,1,43,0,2,7,13,1,
2.023E+11,155 640 934,B01,2,7,0,2,7,13,-1,
2.023E+11,155 640 930,A01,1,7,13,0,0,5,1,
2.023E+11,155 640 928,A01,3,7,0,2,3,9,1,
2.023E+11,155 640 931,B01,3,1,0,2,1,1,5,
2.023E+11,155 640 925,A01,2,33,0,2,7,3,1,
2.023E+11,155 640 927,B01,2,7,0,2,8,11,1,
2.023E+11,155 640 926,A01,3,7,0,0,8,15,0,
2.023E+11,155 640 929,B01,1,30,0,2,1,1,1,
2.023E+11,155 640 924,A01,1,33,0,0,8,1,1,
2.023E+11,155 640 923,A01,3,7,0,1,1,16,1,
2.023E+11,155 640 921,A01,3,7,1,0,1,5,1,
2.023E+11,155 640 918,A01,1,7,0,2,1,2,1,
2.023E+11,155 640 920,B01,1,7,0,2,4,2,1,
2.023E+11,155 640 922,C01,1,7,0,2,4,2,2,
2.023E+11,155 640 917,A01,1,7,17,0,1,21,1,
2.023E+11,155 640 916,A01,1,7,16,0,5,10,1,
2.023E+11,155 640 919,B01,1,33,0,2,1,1,1,
2.023E+11,155 640 915,A01,2,7,14,0,1,1,1,
2.023E+11,155 640 913,A01,1,10,2,0,8,13,1,
2.023E+11,155 640 912,Z01,1,10,0,2,5,12,1,
2.023E+11,155 640 914,A01,1,33,0,2,3,3,1,
2.023E+11,155 640 909,B01,2,7,4,2,3,5,1,
2.023E+11,155 640 911,A01,1,7,4,2,3,1,1,
2.023E+11,155 640 908,B01,1,7,0,2,3,1,0,
2.023E+11,155 640 910,A01,2,2,0,2,0,5,1,
2.023E+11,155 640 905,A01,1,2,0,2,2,2,1,
2.023E+11,155 640 907,B01,1,7,0,2,5,2,1,
2.023E+11,155 640 904,A01,2,7,13,0,9,1,1,
2.023E+11,155 640 903,A01,2,7,0,2,1,1,1,
2.023E+11,155 640 906,B01,1,10,0,2,3,21,1,
2.023E+11,155 640 901,A01,1,31,12,0,1,1,1,
2.023E+11,155 640 896,A01,2,7,0,2,3,13,1,
2.023E+11,155 640 899,B01,1,7,0,2,8,1,1,
2.023E+11,155 640 895,B01,2,7,0,2,9,15,1,
2.023E+11,155 640 898,C01,1,7,0,2,3,1,1,
2.023E+11,155 640 902,A01,2,7,0,2,1,2,1,
2.023E+11,155 640 897,A01,3,7,0,2,3,26,1,
2.023E+11,155 640 900,B01,0,30,0,2,2,1,1,
2.023E+11,155 640 890,A01,1,7,0,0,9,1,1,
2.023E+11,155 640 889,A01,2,7,0,0,1,1,1,
2.023E+11,155 640 891,B01,2,7,8,2,3,1,1,
2.023E+11,155 640 888,A01,1,7,3,0,8,1,1,
2.023E+11,155 640 886,A01,1,33,14,0,1,6,1,
2.023E+11,155 640 884,A01,2,7,6,0,3,0,1,
2.023E+11,155 640 883,A01,1,7,0,2,5,15,1,
2.023E+11,155 640 887,B01,2,7,0,2,2,1,1,
2.023E+11,155 640 882,B01,2,30,0,2,1,1,1,
2.023E+11,155 640 885,A01,1,7,0,2,1,15,1,
2.023E+11,155 640 879,B01,2,7,0,2,1,1,1,
2.023E+11,155 640 881,A01,2,7,8,0,2,1,1,
2.023E+11,155 640 876,C01,2,7,0,2,4,2,1,
2.023E+11,155 640 878,B01,2,7,0,2,4,2,1,
2.023E+11,155 640 880,A01,2,7,0,2,1,2,1,
2.023E+11,155 640 874,A01,2,1,0,2,2,14,5,
2.023E+11,155 640 877,B01,1,7,0,2,1,1,1,
2.023E+11,155 640 871,B01,2,33,0,2,3,1,1,
2.023E+11,155 640 873,A01,1,7,0,2,8,1,1,
2.023E+11,155 640 872,A01,2,7,0,2,8,15,1,
2.023E+11,155 640 875,B01,2,33,0,2,1,17,1,
2.023E+11,155 640 867,A01,3,1,0,0,0,0,5,
2.023E+11,155 640 866,A01,2,7,0,2,2,15,0,
2.023E+11,155 640 870,B01,1,2,0,2,3,1,0,
2.023E+11,155 640 864,C01,1,7,0,2,1,1,1,
2.023E+11,155 640 868,A01,1,13,0,2,1,1,1,
2.023E+11,155 640 869,B01,1,7,0,2,4,2,1,
2.023E+11,155 640 863,B01,1,7,4,2,4,1,1,
2.023E+11,155 640 865,A01,1,7,0,2,1,1,1,
2.023E+11,155 640 860,A01,2,7,0,2,6,15,1,
2.023E+11,155 640 862,B01,1,33,0,2,1,1,1,
2.023E+11,155 640 859,A01,1,50,0,2,8,19,3,
2.023E+11,155 640 861,B01,2,33,0,2,1,1,0,
2.023E+11,155 640 858,A01,2,7,8,0,1,-1,1,
2.023E+11,155 640 856,B01,1,15,0,0,4,2,1,
2.023E+11,155 640 857,A01,1,7,0,2,1,2,1,
2.023E+11,155 640 854,A01,0,7,0,1,7,19,1,
2.023E+11,155 640 853,A01,1,7,0,2,7,13,1,
2.023E+11,155 640 855,B01,2,7,0,2,1,1,1,
2.023E+11,155 640 850,A01,2,30,0,2,1,1,1,
2.023E+11,155 640 852,B01,1,7,0,2,1,16,0,
2.023E+11,155 640 848,A01,3,34,0,0,2,0,1,
2.023E+11,155 640 851,B01,3,7,0,0,3,9,0,
2.023E+11,155 640 847,A01,2,7,12,0,3,13,1,
2.023E+11,155 640 846,A01,3,7,0,1,3,1,1,
2.023E+11,155 640 849,B01,3,7,0,2,8,23,1,
2.023E+11,155 640 845,A01,2,33,16,9,1,21,1,
2.023E+11,155 640 842,A01,1,7,9,0,1,0,0,
2.023E+11,155 640 840,A01,1,33,0,2,8,1,1,
2.023E+11,155 640 843,B01,3,7,0,2,7,16,1,
2.023E+11,155 640 838,B01,3,33,1,2,1,2,1,
2.023E+11,155 640 841,A01,3,7,0,2,1,2,1,
2.023E+11,155 640 837,A01,1,7,2,0,1,1,1,
2.023E+11,155 640 831,B01,1,7,0,0,1,1,1,
2.023E+11,155 640 834,A01,2,7,0,0,1,13,1,
2.023E+11,155 640 830,A01,2,7,12,1,1,15,1,
2.023E+11,155 640 832,A01,2,30,0,2,1,17,1,
2.023E+11,155 640 835,B01,1,7,0,2,8,0,1,
2.023E+11,155 640 829,A01,1,33,3,2,0,3,1,
2.023E+11,155 640 833,B01,1,15,0,2,0,9,1,
2.023E+11,155 640 836,C01,1,7,0,2,5,1,1,
2.023E+11,155 640 828,A01,1,30,0,0,8,1,1,
2.023E+11,155 640 825,A01,2,7,0,0,4,23,1,
2.023E+11,155 640 827,B01,2,7,1,0,1,1,1,
2.023E+11,155 640 824,A01,0,7,0,0,4,2,0,
2.023E+11,155 640 826,B01,0,7,0,0,1,2,0,
2.023E+11,155 640 823,B01,1,1,0,2,5,1,5,
2.023E+11,155 640 821,A01,1,60,0,2,1,5,5,
2.023E+11,155 640 822,B01,0,7,0,9,5,1,1,
2.023E+11,155 640 818,A01,0,7,0,1,3,0,1,
2.023E+11,155 640 817,B01,2,7,0,0,3,23,1,
2.023E+11,155 640 820,A01,2,15,1,1,2,1,1,
2.023E+11,155 640 815,A01,1,7,0,2,0,0,1,
2.023E+11,155 640 816,C01,1,7,0,2,0,0,1,
2.023E+11,155 640 819,B01,1,33,0,2,0,0,1,
2.023E+11,155 640 812,A01,1,7,1,0,2,1,1,
2.023E+11,155 640 806,A01,2,7,1,0,2,1,2,
2.023E+11,155 640 807,A01,1,7,0,2,3,1,1,
2.023E+11,155 640 810,B01,2,7,0,2,1,1,2,
2.023E+11,155 640 814,C01,2,7,0,2,3,1,1,
2.023E+11,155 640 805,A01,1,7,4,0,0,0,3,
2.023E+11,155 640 809,B01,1,7,0,2,1,1,1,
2.023E+11,155 640 811,C01,1,7,0,2,1,1,1,
2.023E+11,155 640 813,D01,1,7,0,2,2,1,1,
2.023E+11,155 640 804,A01,1,32,0,2,1,26,1,
2.023E+11,155 640 808,B01,1,7,0,9,4,0,1,
2.023E+11,155 640 802,A01,1,7,0,1,1,1,1,
2.023E+11,155 640 799,B01,3,33,15,2,8,1,1,
2.023E+11,155 640 803,A01,0,7,0,2,3,15,1,
2.023E+11,155 640 798,A01,1,50,0,2,1,1,3,
2.023E+11,155 640 801,B01,1,7,0,0,3,16,0,
2.023E+11,155 640 796,A01,2,7,0,2,1,2,1,
2.023E+11,155 640 800,B01,3,1,0,2,7,19,5,
2.023E+11,155 640 794,A01,1,33,0,2,1,1,1,
2.023E+11,155 640 797,B01,0,7,0,2,7,15,1,
2.023E+11,155 640 795,A01,3,7,8,0,8,1,6,
2.023E+11,155 640 791,A01,1,7,0,9,3,1,1,
2.023E+11,155 640 793,B01,2,2,0,2,1,13,1,
2.023E+11,155 640 789,A01,2,7,8,0,9,1,1,
2.023E+11,155 640 788,B01,3,2,0,2,3,18,1,
2.023E+11,155 640 792,A01,3,7,0,2,2,2,1,
2.023E+11,155 640 787,A01,1,7,9,2,3,15,1,
2.023E+11,155 640 790,B01,1,7,0,2,2,1,1,
2.023E+11,155 640 786,A01,1,7,0,1,2,1,1,
2.023E+11,155 640 785,A01,1,7,0,1,7,1,1,
2.023E+11,155 640 783,A01,1,7,0,1,1,1,2,
2.023E+11,155 640 782,B01,3,7,0,2,1,1,1,
2.023E+11,155 640 784,A01,3,30,0,2,7,1,1,
2.023E+11,155 640 781,A01,3,33,0,0,3,1,1,
2.023E+11,155 640 778,B01,2,33,9,2,1,17,1,
2.023E+11,155 640 780,A01,2,7,0,2,8,15,1,
2.023E+11,155 640 779,A01,3,7,0,1,3,16,1,
2.023E+11,155 640 775,B01,2,7,0,2,5,2,1,
2.023E+11,155 640 777,A01,2,32,0,2,1,21,1,
2.023E+11,155 640 772,B01,2,7,0,2,3,1,1,
2.023E+11,155 640 776,A01,2,32,0,2,1,1,1,
2.023E+11,155 640 771,B01,2,7,0,2,1,1,1,
2.023E+11,155 640 774,A01,1,33,0,2,1,13,1,
2.023E+11,155 640 769,A01,0,7,0,2,3,5,1,
2.023E+11,155 640 770,B01,0,7,0,2,3,1,3,
2.023E+11,155 640 773,C01,0,33,0,2,1,1,1,
2.023E+11,155 640 768,A01,2,32,0,1,1,17,1,
2.023E+11,155 640 765,B01,3,2,0,2,5,10,1,
2.023E+11,155 640 767,A01,3,2,10,2,1,5,1,
2.023E+11,155 640 764,A01,1,7,0,2,7,17,1,
2.023E+11,155 640 766,B01,1,1,0,2,8,2,5,
2.023E+11,155 640 762,A01,2,7,0,1,2,1,1,
2.023E+11,155 640 759,A01,1,33,0,0,7,0,1,
2.023E+11,155 640 758,B01,2,7,0,2,3,1,1,
2.023E+11,155 640 761,A01,1,7,0,2,3,13,1,
2.023E+11,155 640 763,C01,1,7,1,2,8,1,1,
2.023E+11,155 640 760,A01,1,7,0,1,1,1,1,
2.023E+11,155 640 754,A01,2,7,11,0,2,1,1,
2.023E+11,155 640 756,A01,1,7,0,1,2,15,1,
2.023E+11,155 640 752,B01,1,7,0,2,1,1,1,
2.023E+11,155 640 755,A01,2,7,0,2,7,15,1,
2.023E+11,155 640 751,C01,1,7,0,9,1,23,1,
2.023E+11,155 640 753,A01,2,7,0,2,2,19,1,
2.023E+11,155 640 757,B01,2,33,0,9,1,1,1,
2.023E+11,155 640 748,B01,1,1,0,2,8,18,5,
2.023E+11,155 640 750,A01,1,7,0,2,2,16,0,
2.023E+11,155 640 746,A01,3,7,16,0,2,21,1,
2.023E+11,155 640 747,A01,2,7,16,2,6,13,2,
2.023E+11,155 640 749,B01,1,7,16,2,3,17,1,
2.023E+11,155 640 744,B01,1,1,0,2,0,2,5,
2.023E+11,155 640 745,A01,1,7,0,2,2,1,1,
2.023E+11,155 640 741,A01,2,32,0,2,1,3,1,
2.023E+11,155 640 743,B01,2,7,0,2,7,12,1,
2.023E+11,155 640 738,A01,2,7,6,0,2,1,1,
2.023E+11,155 640 736,B01,2,2,0,0,7,1,1,
2.023E+11,155 640 739,A01,1,7,0,2,1,15,1,
2.023E+11,155 640 735,D01,1,10,0,2,1,1,0,
2.023E+11,155 640 737,A01,1,10,0,2,3,9,1,
2.023E+11,155 640 740,B01,1,7,0,2,1,1,1,
2.023E+11,155 640 742,C01,1,7,0,2,1,1,1,
2.023E+11,155 640 732,B01,2,43,0,2,1,17,1,
2.023E+11,155 640 734,A01,2,37,0,0,3,15,1,1
2.023E+11,155 640 731,A01,1,7,0,2,3,11,0,
2.023E+11,155 640 733,B01,1,33,0,2,1,1,1,
2.023E+11,155 640 727,A01,0,30,0,0,0,15,1,
2.023E+11,155 640 728,B01,2,1,0,2,8,1,5,
2.023E+11,155 640 729,A01,2,7,0,9,7,2,1,
2.023E+11,155 640 724,A01,0,7,0,9,3,26,1,
2.023E+11,155 640 725,B01,0,2,0,0,1,0,1,
2.023E+11,155 640 722,A01,1,7,8,2,8,19,2,
2.023E+11,155 640 726,B01,1,7,0,2,1,1,1,
2.023E+11,155 640 721,A01,1,30,0,2,7,16,1,
2.023E+11,155 640 723,B01,1,1,0,2,1,1,5,
2.023E+11,155 640 717,A01,3,7,6,0,3,0,1,
2.023E+11,155 640 718,A01,2,1,0,1,1,1,5,
2.023E+11,155 640 719,A01,1,7,0,2,3,16,1,
2.023E+11,155 640 720,B01,1,15,0,2,8,1,1,
2.023E+11,155 640 715,A01,2,7,10,0,2,14,1,
2.023E+11,155 640 714,A01,1,7,1,2,2,1,0,
2.023E+11,155 640 716,B01,1,7,0,2,2,1,3,
2.023E+11,155 640 712,A01,2,7,3,0,8,0,1,
2.023E+11,155 640 711,A01,1,7,0,2,2,1,1,
2.023E+11,155 640 713,B01,1,10,0,2,6,10,1,
2.023E+11,155 640 709,A01,1,7,0,1,1,1,1,
2.023E+11,155 640 708,A01,1,7,0,1,1,15,1,
2.023E+11,155 640 707,A01,3,7,0,2,3,15,1,
2.023E+11,155 640 710,B01,3,43,0,2,7,17,1,
2.023E+11,155 640 704,A01,1,7,0,2,1,17,1,
2.023E+11,155 640 706,B01,2,7,0,2,1,1,1,
2.023E+11,155 640 703,A01,1,7,0,2,8,15,1,
2.023E+11,155 640 705,B01,2,7,0,2,2,1,0,
2.023E+11,155 640 700,A01,1,7,2,0,9,0,1,
2.023E+11,155 640 701,A01,1,7,0,2,3,15,1,
2.023E+11,155 640 702,B01,2,32,0,2,3,1,3,
2.023E+11,155 640 697,B01,0,50,0,2,7,1,3,
2.023E+11,155 640 699,A01,0,7,0,9,3,1,1,
2.023E+11,155 640 695,A01,2,7,0,2,3,15,3,
2.023E+11,155 640 698,B01,1,1,0,2,8,1,5,
2.023E+11,155 640 693,B01,1,1,0,2,8,1,5,
2.023E+11,155 640 696,A01,1,7,0,2,1,15,6,
2.023E+11,155 640 692,A01,1,7,0,2,7,1,1,
2.023E+11,155 640 694,B01,2,33,0,2,1,13,1,
2.023E+11,155 640 690,A01,2,10,6,1,1,20,1,
2.023E+11,155 640 689,B01,1,7,0,2,3,15,1,
2.023E+11,155 640 691,A01,1,33,9,0,2,2,1,
2.023E+11,155 640 688,A01,1,80,0,1,1,1,3,
2.023E+11,155 640 687,A01,2,33,0,0,9,1,1,
2.023E+11,155 640 685,A01,0,10,0,1,1,1,1,
2.023E+11,155 640 683,A01,1,7,2,0,9,14,0,
2.023E+11,155 640 682,A01,2,7,0,0,7,16,1,
2.023E+11,155 640 686,B01,2,1,0,2,1,1,5,
2.023E+11,155 640 681,A01,1,30,0,2,3,1,3,
2.023E+11,155 640 684,B01,1,7,0,2,1,15,2,
2.023E+11,155 640 676,A01,1,7,0,2,1,1,1,
2.023E+11,155 640 679,B01,1,7,0,2,4,1,1,
2.023E+11,155 640 680,C01,1,10,0,2,4,1,1,
2.023E+11,155 640 675,A01,3,1,0,1,1,1,5,
2.023E+11,155 640 674,A01,2,7,0,2,6,11,1,
2.023E+11,155 640 677,Z01,2,7,0,2,2,2,1,
2.023E+11,155 640 672,B01,1,7,0,0,7,1,1,
2.023E+11,155 640 678,A01,2,10,0,2,1,1,1,
2.023E+11,155 640 669,A01,0,7,0,2,4,0,1,
2.023E+11,155 640 673,B01,0,30,0,2,1,0,1,
2.023E+11,155 640 671,Z01,1,7,0,1,0,15,0,
2.023E+11,155 640 668,A01,2,7,0,2,1,1,1,
2.023E+11,155 640 670,B01,2,7,0,2,4,1,1,
2.023E+11,155 640 664,A01,1,30,0,1,1,1,1,
2.023E+11,155 640 663,A01,1,7,0,2,3,1,1,
2.023E+11,155 640 665,B01,2,33,0,2,3,1,1,
2.023E+11,155 640 667,C01,2,33,0,2,3,1,1,
2.023E+11,155 640 662,A01,1,7,0,2,1,1,1,
2.023E+11,155 640 666,B01,2,2,0,2,1,16,1,
2.023E+11,155 640 661,A01,2,7,13,0,1,26,1,
2.023E+11,155 640 656,B01,1,7,0,2,1,1,1,
2.023E+11,155 640 660,A01,1,7,0,2,7,1,2,
2.023E+11,155 640 654,A01,2,7,0,2,1,2,1,
2.023E+11,155 640 657,B01,2,7,0,2,4,1,1,
2.023E+11,155 640 655,B01,2,7,0,2,8,1,1,
2.023E+11,155 640 658,A01,2,33,0,2,9,1,1,
2.023E+11,155 640 651,A01,1,7,2,0,1,12,1,
2.023E+11,155 640 648,A01,2,33,0,2,0,13,1,
2.023E+11,155 640 650,B01,2,7,0,2,0,1,1,
2.023E+11,155 640 647,B01,0,50,10,2,8,19,3,
2.023E+11,155 640 652,A01,1,7,10,2,1,9,1,
2.023E+11,155 640 646,A01,2,31,0,2,1,13,1,
2.023E+11,155 640 649,B01,1,7,0,2,3,1,1,
2.023E+11,155 640 645,A01,1,7,8,0,1,1,1,
2.023E+11,155 640 642,A01,1,33,0,0,0,1,1,
2.023E+11,155 640 640,A01,1,37,0,1,1,2,6,1
2.023E+11,155 640 639,A01,2,7,0,2,8,11,1,
2.023E+11,155 640 644,B01,2,17,0,2,2,2,1,
2.023E+11,155 640 637,A01,2,7,0,2,1,1,1,
2.023E+11,155 640 638,D01,2,7,0,2,1,1,1,
2.023E+11,155 640 641,C01,2,10,0,2,4,1,1,
2.023E+11,155 640 643,B01,2,7,0,2,4,1,1,
2.023E+11,155 640 636,A01,1,7,15,0,1,1,1,
2.023E+11,155 640 634,A01,1,31,0,1,3,2,1,
2.023E+11,155 640 633,A01,2,31,0,0,2,15,1,
2.023E+11,155 640 632,A01,2,7,0,2,3,21,1,
2.023E+11,155 640 635,B01,2,7,0,2,2,17,1,
2.023E+11,155 640 631,A01,3,37,4,0,2,2,1,2
2.023E+11,155 640 630,A01,3,30,12,0,2,16,1,
2.023E+11,155 640 626,A01,1,7,7,2,1,1,1,
2.023E+11,155 640 629,B01,3,7,0,2,2,15,1,
2.023E+11,155 640 625,A01,3,7,12,1,6,20,1,
2.023E+11,155 640 621,B01,1,80,1,0,1,1,3,
2.023E+11,155 640 623,A01,1,7,0,2,8,22,1,
2.023E+11,155 640 619,A01,1,7,6,0,8,1,1,
2.023E+11,155 640 618,E01,1,7,0,2,4,2,0,
2.023E+11,155 640 622,A01,1,14,3,2,9,1,1,
2.023E+11,155 640 624,B01,1,7,0,2,4,2,1,
2.023E+11,155 640 627,C01,1,7,0,2,4,2,1,
2.023E+11,155 640 628,D01,1,7,0,2,4,2,1,
2.023E+11,155 640 617,A01,2,7,0,2,6,15,0,