Num_Acc,id_vehicule,num_veh,senc,catv,obs,obsm,choc,manv,motor,occutc
2.023E+11,155 637 821,A01,2,7,0,1,1,1,1,
2.023E+11,155 637 817,A01,1,7,0,2,3,15,1,
2.023E+11,155 637 819,B01,1,7,0,2,1,1,1,
2.023E+11,155 637 822,A01,1,7,0,2,2,1,3,
2.023E+11,155 637 827,B01,1,7,0,2,3,1,1,
2.023E+11,155 637 818,A01,2,33,13,0,7,1,1,
2.023E+11,155 637 814,A01,1,7,0,2,1,12,0,
2.023E+11,155 637 815,B01,1,2,0,2,4,1,0,
2.023E+11,155 637 816,B01,1,7,0,2,2,2,1,
2.023E+11,155 637 820,A01,1,7,0,2,8,2,1,
2.023E+11,155 637 811,B01,1,7,0,0,4,2,1,
2.023E+11,155 637 813,A01,1,7,0,2,1,2,1,
2.023E+11,155 637 810,A01,1,34,4,0,1,17,3,
2.023E+11,155 637 807,A01,3,7,0,9,1,1,6,
2.023E+11,155 637 809,B01,3,1,0,2,1,1,5,
2.023E+11,155 637 805,A01,1,7,1,0,2,1,1,
2.023E+11,155 637 802,A01,3,1,0,2,7,1,5,
2.023E+11,155 637 806,B01,1,10,0,0,3,1,1,
2.023E+11,155 637 799,A01,2,7,0,0,1,26,1,
2.023E+11,155 637 804,D01,1,7,0,0,3,20,1,
2.023E+11,155 637 800,B01,2,7,0,0,5,15,1,
2.023E+11,155 637 803,A01,2,33,0,2,1,1,1,
2.023E+11,155 637 797,A01,2,1,0,2,1,1,5,
2.023E+11,155 637 801,B01,1,10,0,2,3,1,1,
2.023E+11,155 637 796,A01,3,80,0,0,0,21,3,
2.023E+11,155 637 795,A01,1,7,0,1,1,1,1,
2.023E+11,155 637 793,A01,1,7,0,2,1,1,1,
2.023E+11,155 637 798,B01,1,7,0,0,4,0,1,
2.023E+11,155 637 792,A01,2,10,0,2,1,1,1,
2.023E+11,155 637 794,B01,1,7,7,2,3,1,1,
2.023E+11,155 637 788,A01,1,7,0,2,1,9,1,
2.023E+11,155 637 791,B01,1,30,0,2,1,1,1,
2.023E+11,155 637 790,A01,3,7,9,0,1,1,1,
2.023E+11,155 637 789,A01,3,50,0,1,1,1,3,
2.023E+11,155 637 785,A01,1,7,2,0,2,14,1,
2.023E+11,155 637 787,B01,1,10,0,2,1,23,1,
2.023E+11,155 637 783,A01,1,7,0,2,7,9,1,
2.023E+11,155 637 786,B01,2,7,0,2,3,1,1,
2.023E+11,155 637 778,B01,1,7,0,2,1,0,0,
2.023E+11,155 637 782,C01,1,7,0,1,1,26,1,
2.023E+11,155 637 784,A01,1,7,0,2,1,26,1,
2.023E+11,155 637 780,A01,2,30,0,1,1,1,4,
2.023E+11,155 637 779,A01,1,7,0,2,2,1,1,
2.023E+11,155 637 781,B01,1,7,0,2,3,1,1,
2.023E+11,155 637 776,A01,1,7,0,2,6,23,1,
2.023E+11,155 637 777,B01,1,1,0,2,1,1,5,
2.023E+11,155 637 773,A01,3,7,16,0,1,6,3,
2.023E+11,155 637 772,A01,1,50,0,2,1,1,3,
2.023E+11,155 637 774,B01,3,7,0,2,3,9,1,
2.023E+11,155 637 771,A01,2,7,3,2,7,9,1,
2.023E+11,155 637 775,B01,1,7,0,2,1,1,1,
2.023E+11,155 637 770,A01,3,34,0,0,2,1,1,
2.023E+11,155 637 768,A01,2,7,0,1,1,16,2,
2.023E+11,155 637 767,A01,2,14,0,1,7,1,1,
2.023E+11,155 637 765,A01,1,30,0,2,1,1,0,
2.023E+11,155 637 769,B01,2,0,0,2,8,18,0,
2.023E+11,155 637 763,A01,2,7,0,1,2,1,1,
2.023E+11,155 637 761,Z01,2,7,0,2,1,5,1,
2.023E+11,155 637 762,A01,1,30,0,2,1,21,1,
2.023E+11,155 637 759,B01,1,7,8,2,7,0,0,
2.023E+11,155 637 760,A01,2,10,8,2,3,26,1,
2.023E+11,155 637 756,A01,1,7,0,2,2,26,0,
2.023E+11,155 637 758,B01,2,7,0,2,1,21,0,
2.023E+11,155 637 755,A01,1,7,0,1,1,1,1,
2.023E+11,155 637 753,A01,0,7,0,2,1,1,1,
2.023E+11,155 637 757,B01,0,7,0,2,4,23,0,
2.023E+11,155 637 752,A01,2,7,0,2,8,10,1,
2.023E+11,155 637 754,B01,2,43,0,2,2,1,1,
2.023E+11,155 637 751,A01,3,10,0,0,4,24,1,
2.023E+11,155 637 748,A01,3,33,0,0,1,0,1,
2.023E+11,155 637 750,A01,1,50,0,0,8,1,3,
2.023E+11,155 637 746,B01,2,7,0,1,4,24,1,
2.023E+11,155 637 749,A01,2,10,1,0,2,1,1,
2.023E+11,155 637 747,A01,1,7,14,0,1,13,1,
2.023E+11,155 637 744,A01,1,7,2,0,7,1,1,
2.023E+11,155 637 745,A01,1,7,0,1,1,15,1,
2.023E+11,155 637 742,A01,1,7,8,0,1,1,1,
2.023E+11,155 637 741,A01,1,33,0,2,1,2,1,
2.023E+11,155 637 743,B01,1,7,0,0,6,21,1,
2.023E+11,155 637 739,A01,3,7,0,2,2,16,1,
2.023E+11,155 637 740,B01,3,1,0,2,1,1,5,
2.023E+11,155 637 734,A01,2,7,0,2,1,1,1,
2.023E+11,155 637 738,B01,1,7,0,0,5,1,1,
2.023E+11,155 637 732,B01,1,1,0,2,0,1,5,
2.023E+11,155 637 736,Z01,2,7,0,9,0,1,0,
2.023E+11,155 637 733,B01,0,30,0,2,1,1,1,
2.023E+11,155 637 737,A01,0,7,0,2,5,9,1,
2.023E+11,155 637 731,A01,1,7,0,2,3,1,1,
2.023E+11,155 637 735,B01,1,7,0,2,1,1,1,
2.023E+11,155 637 728,A01,2,30,0,1,0,17,1,
2.023E+11,155 637 729,A01,1,10,0,1,4,20,1,
2.023E+11,155 637 727,A01,1,7,0,1,2,1,1,
2.023E+11,155 637 726,B01,2,7,13,2,1,1,1,
2.023E+11,155 637 730,A01,1,7,13,2,8,1,1,
2.023E+11,155 637 724,A01,2,30,0,1,1,1,1,
2.023E+11,155 637 725,A01,3,35,15,0,8,1,1,
2.023E+11,155 637 721,A01,2,7,2,0,1,1,1,
2.023E+11,155 637 722,A01,0,32,0,1,1,2,1,
2.023E+11,155 637 718,B01,1,17,0,2,7,1,1,
2.023E+11,155 637 720,A01,1,7,0,2,3,9,1,
2.023E+11,155 637 719,B01,1,10,0,2,3,1,1,
2.023E+11,155 637 723,A01,1,7,0,2,2,1,1,
2.023E+11,155 637 715,A01,1,2,0,2,1,1,1,
2.023E+11,155 637 717,B01,2,7,0,2,2,1,1,
2.023E+11,155 637 714,A01,1,7,2,0,1,2,1,
2.023E+11,155 637 712,B01,2,1,0,2,8,1,5,
2.023E+11,155 637 716,A01,3,7,0,9,1,16,1,
2.023E+11,155 637 710,B01,1,31,0,2,7,12,1,
2.023E+11,155 637 713,A01,1,7,0,2,8,1,1,
2.023E+11,155 637 709,A01,0,7,0,2,3,26,0,
2.023E+11,155 637 711,B01,3,1,0,2,1,21,5,
2.023E+11,155 637 702,A01,2,33,0,2,4,17,1,
2.023E+11,155 637 705,B01,2,34,0,2,1,13,1,
2.023E+11,155 637 704,A01,1,7,0,2,4,1,1,
2.023E+11,155 637 708,B01,1,2,0,2,1,1,1,
2.023E+11,155 637 701,A01,1,7,0,2,3,2,1,
2.023E+11,155 637 706,B01,1,15,0,2,6,2,1,
2.023E+11,155 637 703,A01,2,33,0,2,1,2,1,
2.023E+11,155 637 707,B01,2,7,0,2,4,2,1,
2.023E+11,155 637 696,A01,1,7,0,1,1,1,1,
2.023E+11,155 637 697,A01,1,33,0,0,8,1,1,
2.023E+11,155 637 699,A01,2,7,0,2,1,2,1,
2.023E+11,155 637 700,B01,2,7,0,2,4,23,1,
2.023E+11,155 637 695,A01,2,7,0,1,1,1,1,
2.023E+11,155 637 694,A01,1,33,0,2,1,1,1,
2.023E+11,155 637 698,B01,1,33,0,0,4,1,1,
2.023E+11,155 637 692,A01,1,10,0,0,0,1,1,
2.023E+11,155 637 690,A01,1,33,0,1,1,1,1,
2.023E+11,155 637 689,A01,1,3,15,0,2,26,1,
2.023E+11,155 637 688,A01,2,10,0,2,2,1,1,
2.023E+11,155 637 691,B01,1,15,0,2,5,23,1,
2.023E+11,155 637 687,A01,1,7,0,0,3,16,0,
2.023E+11,155 637 693,B01,1,31,0,2,1,2,0,
2.023E+11,155 637 686,A01,2,7,2,0,1,14,1,
2.023E+11,155 637 685,Z01,1,10,0,1,2,1,1,
2.023E+11,155 637 682,B01,1,7,0,2,0,0,0,
2.023E+11,155 637 683,A01,3,7,6,2,0,21,1,
2.023E+11,155 637 681,A01,1,7,0,1,2,1,1,
2.023E+11,155 637 680,A01,2,10,0,2,7,10,1,
2.023E+11,155 637 684,B01,2,33,0,2,9,1,1,
2.023E+11,155 637 679,A01,1,7,0,1,3,1,1,
2.023E+11,155 637 678,A01,1,7,14,0,2,2,0,
2.023E+11,155 637 675,A01,2,30,0,1,3,1,1,
2.023E+11,155 637 674,B01,2,2,0,2,1,1,1,
2.023E+11,155 637 677,A01,1,7,0,2,3,15,1,
2.023E+11,155 637 672,B01,2,7,0,2,8,19,1,
2.023E+11,155 637 676,A01,1,7,0,2,1,1,1,
2.023E+11,155 637 670,B01,2,10,0,2,6,16,1,
2.023E+11,155 637 673,A01,2,33,0,2,1,1,1,
2.023E+11,155 637 667,A01,1,7,0,2,2,1,1,
2.023E+11,155 637 669,B01,1,7,0,2,6,15,1,
2.023E+11,155 637 668,A01,1,7,0,9,2,0,1,
2.023E+11,155 637 666,A01,0,7,0,2,1,1,0,
2.023E+11,155 637 671,B01,2,7,0,2,3,1,1,
2.023E+11,155 637 664,B01,1,7,0,2,8,9,1,
2.023E+11,155 637 665,A01,2,7,0,2,1,1,2,
2.023E+11,155 637 662,A01,2,10,13,0,1,21,1,
2.023E+11,155 637 658,A01,0,7,0,1,1,1,1,
2.023E+11,155 637 660,A01,3,7,0,1,3,1,2,
2.023E+11,155 637 656,A01,2,14,0,9,1,1,1,
2.023E+11,155 637 657,B01,1,1,0,2,1,19,5,
2.023E+11,155 637 653,A01,2,7,0,1,1,15,1,
2.023E+11,155 637 655,A01,1,33,8,0,1,1,1,
2.023E+11,155 637 651,A01,3,7,0,1,3,1,2,
2.023E+11,155 637 652,EA01,1,31,0,2,7,12,1,
2.023E+11,155 637 654,B01,1,10,0,2,0,0,0,
2.023E+11,155 637 650,A01,3,7,0,1,0,0,1,
2.023E+11,155 637 647,A01,2,7,0,2,2,17,1,
2.023E+11,155 637 649,B01,2,7,0,2,3,1,1,
2.023E+11,155 637 645,A01,2,31,0,2,3,13,1,
2.023E+11,155 637 648,B01,1,7,0,2,3,1,1,
2.023E+11,155 637 644,A01,3,7,0,1,7,0,1,
2.023E+11,155 637 643,A01,1,7,0,2,8,1,1,
2.023E+11,155 637 646,B01,1,33,0,2,1,1,1,
2.023E+11,155 637 642,A01,1,7,8,0,3,1,1,
2.023E+11,155 637 640,A01,2,7,13,0,9,13,1,
2.023E+11,155 637 635,B01,1,1,0,2,7,1,5,
2.023E+11,155 637 637,A01,1,7,0,2,1,1,1,
2.023E+11,155 637 636,A01,2,7,0,2,1,19,0,
2.023E+11,155 637 638,B01,1,32,0,2,5,1,0,
2.023E+11,155 637 634,A01,1,10,6,0,1,14,1,
2.023E+11,155 637 629,B01,3,7,0,2,8,1,1,
2.023E+11,155 637 632,A01,3,7,0,2,2,9,1,
2.023E+11,155 637 628,A01,3,32,0,2,3,1,1,
2.023E+11,155 637 631,B01,3,7,0,2,2,15,1,
2.023E+11,155 637 626,A01,1,7,0,2,3,19,1,
2.023E+11,155 637 633,B01,2,7,0,2,1,1,1,
2.023E+11,155 637 621,A01,2,7,0,2,1,2,1,
2.023E+11,155 637 624,B01,0,7,0,2,2,15,1,
2.023E+11,155 637 622,B01,2,33,0,2,1,1,1,
2.023E+11,155 637 623,A01,1,7,0,2,3,15,1,
2.023E+11,155 637 620,A01,1,7,0,0,0,1,1,
2.023E+11,155 637 618,A01,1,7,0,1,1,17,1,
2.023E+11,155 637 617,A01,2,7,0,0,6,1,1,
2.023E+11,155 637 619,B01,1,33,0,2,7,15,1,
2.023E+11,155 637 616,A01,1,33,13,0,1,9,4,
2.023E+11,155 637 615,A01,0,7,12,1,4,23,1,
2.023E+11,155 637 613,A01,1,30,0,2,1,1,1,
2.023E+11,155 637 614,B01,1,7,0,2,3,15,1,
2.023E+11,155 637 610,A01,1,7,0,2,0,15,0,
2.023E+11,155 637 611,B01,2,7,0,2,3,0,1,
2.023E+11,155 637 609,A01,1,33,0,0,4,23,1,
2.023E+11,155 637 612,B01,1,7,0,2,1,2,1,
2.023E+11,155 637 606,B01,2,1,0,2,7,2,5,
2.023E+11,155 637 607,A01,2,7,0,2,1,16,1,
2.023E+11,155 637 605,A01,0,7,2,0,1,0,1,
2.023E+11,155 637 603,A01,1,7,0,2,3,13,1,
2.023E+11,155 637 608,B01,2,7,0,2,3,1,1,
2.023E+11,155 637 600,A01,2,3,13,0,3,14,1,
2.023E+11,155 637 601,B01,1,7,0,2,1,26,1,
2.023E+11,155 637 604,A01,2,7,3,2,1,26,1,
2.023E+11,155 637 599,A01,3,7,0,2,1,1,1,
2.023E+11,155 637 602,B01,3,7,0,2,7,1,1,
2.023E+11,155 637 598,A01,1,7,2,0,3,1,1,
2.023E+11,155 637 595,A01,2,7,0,1,1,1,1,
2.023E+11,155 637 594,A01,2,7,0,2,3,13,1,
2.023E+11,155 637 597,B01,1,3,0,2,1,1,1,
2.023E+11,155 637 593,A01,1,7,0,2,4,1,1,
2.023E+11,155 637 596,B01,2,13,0,2,1,1,1,
2.023E+11,155 637 591,A01,2,7,8,0,3,13,1,
2.023E+11,155 637 587,A01,2,10,0,2,7,15,1,
2.023E+11,155 637 590,B01,2,2,0,2,1,1,1,
2.023E+11,155 637 586,B01,1,33,0,2,1,1,1,
2.023E+11,155 637 592,A01,3,7,0,2,3,19,1,
2.023E+11,155 637 588,B01,2,7,0,2,3,2,1,
2.023E+11,155 637 589,A01,2,7,0,0,4,15,1,
2.023E+11,155 637 584,A01,2,10,0,2,1,13,0,
2.023E+11,155 637 585,B01,1,7,0,2,1,1,1,
2.023E+11,155 637 582,B01,2,15,0,2,2,12,1,
2.023E+11,155 637 583,A01,2,7,0,2,6,1,1,
2.023E+11,155 637 580,A01,3,7,0,1,1,1,1,
2.023E+11,155 637 577,A01,2,7,3,0,1,1,1,
2.023E+11,155 637 576,A01,2,17,0,2,1,1,0,
2.023E+11,155 637 579,B01,1,7,0,2,8,19,1,
2.023E+11,155 637 575,A01,1,7,0,2,1,2,1,
2.023E+11,155 637 578,C01,2,7,0,2,1,1,1,
2.023E+11,155 637 581,B01,1,10,0,2,4,1,1,
2.023E+11,155 637 573,A01,2,7,2,0,3,1,1,
2.023E+11,155 637 572,B01,1,7,0,0,5,2,1,
2.023E+11,155 637 574,A01,1,7,0,2,3,2,1,
2.023E+11,155 637 569,A01,1,7,0,2,3,1,1,
2.023E+11,155 637 571,B01,2,7,0,2,1,1,1,
2.023E+11,155 637 566,B01,2,1,0,2,1,1,5,
2.023E+11,155 637 568,A01,1,7,0,9,3,17,3,
2.023E+11,155 637 565,A01,2,7,13,0,9,1,1,
2.023E+11,155 637 567,A01,1,7,0,2,3,9,0,
2.023E+11,155 637 570,B01,1,1,0,2,7,2,5,
2.023E+11,155 637 564,A01,1,14,13,0,8,1,1,
2.023E+11,155 637 563,A01,2,7,0,1,7,0,1,
2.023E+11,155 637 560,A01,2,2,0,0,9,1,1,
2.023E+11,155 637 561,A01,1,33,12,0,0,1,1,
2.023E+11,155 637 559,B01,2,1,0,2,1,1,5,
2.023E+11,155 637 562,A01,1,7,0,2,2,15,1,
2.023E+11,155 637 557,A01,1,31,0,2,2,5,1,
2.023E+11,155 637 558,B01,2,7,0,2,2,1,1,
2.023E+11,155 637 555,A01,1,7,2,-1,1,1,1,
2.023E+11,155 637 554,A01,1,7,0,1,2,9,0,
2.023E+11,155 637 551,A01,0,7,0,0,0,1,1,
2.023E+11,155 637 550,B01,2,7,0,2,1,1,1,
2.023E+11,155 637 552,A01,1,7,0,2,2,13,1,
2.023E+11,155 637 549,A01,2,7,7,0,1,14,1,
2.023E+11,155 637 548,A01,2,7,13,0,9,1,1,
2.023E+11,155 637 547,A01,3,7,0,1,1,1,1,
2.023E+11,155 637 546,A01,1,7,0,1,7,1,1,
2.023E+11,155 637 543,A01,3,7,6,0,9,1,0,
2.023E+11,155 637 541,A01,2,3,5,0,8,1,1,
2.023E+11,155 637 539,A01,2,7,0,1,1,1,0,
2.023E+11,155 637 540,A01,2,7,0,2,1,1,1,
2.023E+11,155 637 544,C01,2,7,0,2,5,15,1,
2.023E+11,155 637 545,B01,2,7,0,2,3,1,1,
2.023E+11,155 637 538,B01,3,7,0,2,7,23,1,
2.023E+11,155 637 542,A01,3,7,13,2,2,1,1,
2.023E+11,155 637 535,A01,3,33,16,0,0,1,1,
2.023E+11,155 637 532,A01,0,7,2,0,7,1,1,
2.023E+11,155 637 533,A01,0,33,0,2,1,1,1,
2.023E+11,155 637 536,B01,0,14,0,2,4,4,1,
2.023E+11,155 637 530,A01,2,1,13,0,0,1,5,
2.023E+11,155 637 531,A01,1,7,0,2,1,13,2,
2.023E+11,155 637 534,B01,2,7,0,2,6,1,1,
2.023E+11,155 637 537,C01,2,7,0,2,1,1,1,
2.023E+11,155 637 528,A01,0,10,2,0,3,13,1,
2.023E+11,155 637 526,A01,2,7,0,2,2,15,1,
2.023E+11,155 637 527,B01,1,30,0,2,1,1,1,
2.023E+11,155 637 524,A01,3,2,0,2,8,1,1,
2.023E+11,155 637 529,B01,3,7,0,2,8,1,1,
2.023E+11,155 637 523,B01,1,14,0,2,3,1,1,
2.023E+11,155 637 525,A01,2,7,0,2,3,13,1,
2.023E+11,155 637 521,A01,3,10,0,0,8,15,1,
2.023E+11,155 637 522,B01,3,32,0,2,2,17,1,
2.023E+11,155 637 519,A01,3,31,0,0,0,1,1,
2.023E+11,155 637 517,A01,2,33,0,2,3,15,1,
2.023E+11,155 637 520,B01,1,7,0,2,1,13,1,
2.023E+11,155 637 516,A01,2,2,0,2,8,1,1,
2.023E+11,155 637 518,B01,1,7,7,2,8,17,1,
2.023E+11,155 637 514,B01,1,7,0,2,3,1,1,
2.023E+11,155 637 515,A01,2,7,0,2,3,1,1,
2.023E+11,155 637 512,A01,1,7,13,0,3,1,0,
2.023E+11,155 637 511,A01,1,7,14,0,9,14,1,
2.023E+11,155 637 510,B01,1,7,0,2,1,1,1,
2.023E+11,155 637 513,A01,3,7,0,2,8,15,2,
2.023E+11,155 637 507,A01,2,7,6,0,1,1,1,
2.023E+11,155 637 508,A01,2,7,1,0,1,5,1,
2.023E+11,155 637 509,B01,2,14,0,2,4,24,1,
2.023E+11,155 637 506,A01,1,7,12,0,1,17,1,
2.023E+11,155 637 503,A01,1,7,0,2,2,0,0,
2.023E+11,155 637 505,B01,2,15,0,2,3,13,0,
2.023E+11,155 637 502,A01,1,7,17,0,2,1,1,
2.023E+11,155 637 501,A01,1,33,15,0,1,14,1,
2.023E+11,155 637 500,B01,1,33,0,2,1,1,1,
2.023E+11,155 637 504,A01,2,7,0,2,3,15,0,
2.023E+11,155 637 498,A01,3,7,0,2,1,9,0,
2.023E+11,155 637 499,B01,2,2,0,2,7,1,-1,
2.023E+11,155 637 496,A01,2,7,15,0,9,13,1,
2.023E+11,155 637 495,A01,1,7,4,0,2,1,1,
2.023E+11,155 637 494,A01,1,33,13,2,1,17,1,
2.023E+11,155 637 497,B01,2,17,0,2,2,13,1,
2.023E+11,155 637 493,A01,1,7,0,1,1,2,1,
2.023E+11,155 637 490,A01,1,7,2,0,3,0,0,
2.023E+11,155 637 492,A01,2,7,2,0,0,2,1,
2.023E+11,155 637 485,A01,2,7,0,2,3,1,1,
2.023E+11,155 637 486,B01,1,7,0,2,3,1,1,
2.023E+11,155 637 487,B01,1,7,0,2,1,1,1,
2.023E+11,155 637 491,A01,2,7,0,2,5,19,1,
2.023E+11,155 637 483,A01,1,7,0,1,1,1,1,
2.023E+11,155 637 482,A01,1,7,0,1,1,1,1,
2.023E+11,155 637 481,A01,2,7,0,2,8,2,3,
2.023E+11,155 637 484,B01,1,7,0,2,1,15,1,
2.023E+11,155 637 480,A01,1,7,13,9,0,1,1,
2.023E+11,155 637 478,A01,2,15,13,0,0,13,1,
2.023E+11,155 637 477,A01,2,7,0,2,1,5,1,
2.023E+11,155 637 479,B01,1,15,0,2,1,1,1,
2.023E+11,155 637 472,B01,1,7,0,2,1,1,1,
2.023E+11,155 637 473,C01,1,15,0,0,6,1,1,
2.023E+11,155 637 476,A01,1,33,0,0,1,1,1,
2.023E+11,155 637 471,A01,1,7,0,9,2,17,1,
2.023E+11,155 637 474,B01,1,1,0,2,3,1,5,
2.023E+11,155 637 470,A01,2,7,0,2,8,1,1,
2.023E+11,155 637 475,B01,1,7,0,2,1,1,1,
2.023E+11,155 637 468,A01,2,10,4,1,3,1,1,
2.023E+11,155 637 467,A01,1,7,13,0,1,1,1,
2.023E+11,155 637 466,A01,2,7,0,0,2,17,1,
2.023E+11,155 637 469,B01,2,10,0,0,2,15,0,
2.023E+11,155 637 463,A01,1,7,0,2,3,19,2,
2.023E+11,155 637 465,B01,2,2,0,2,1,13,1,
2.023E+11,155 637 460,A01,1,7,2,0,8,1,1,
2.023E+11,155 637 457,A01,2,7,4,0,1,1,1,
2.023E+11,155 637 458,D01,2,7,1,2,3,1,1,
2.023E+11,155 637 461,B01,2,7,4,0,5,1,1,
2.023E+11,155 637 462,E01,2,10,0,2,4,1,1,
2.023E+11,155 637 464,C01,2,17,0,0,6,24,1,
2.023E+11,155 637 456,B01,2,7,0,2,1,1,1,
2.023E+11,155 637 459,A01,1,7,0,2,1,1,1,
2.023E+11,155 637 453,A01,1,7,0,2,2,2,1,
2.023E+11,155 637 454,B01,1,17,0,2,4,2,1,
2.023E+11,155 637 452,A01,1,7,0,2,3,1,1,
2.023E+11,155 637 455,B01,3,7,0,2,6,9,1,
2.023E+11,155 637 449,A01,2,33,0,2,8,13,1,
2.023E+11,155 637 450,B01,1,32,0,2,3,15,1,
2.023E+11,155 637 447,A01,3,80,0,0,0,0,3,
2.023E+11,155 637 448,A01,2,7,0,2,1,1,1,
2.023E+11,155 637 451,B01,1,7,0,2,1,1,1,
2.023E+11,155 637 441,A01,1,7,0,2,3,5,1,
2.023E+11,155 637 444,B01,2,7,0,2,2,1,1,
2.023E+11,155 637 442,A01,2,2,0,0,8,26,1,
2.023E+11,155 637 440,A01,2,7,0,2,3,0,1,
2.023E+11,155 637 445,B01,1,7,0,2,8,1,1,
2.023E+11,155 637 439,A01,3,7,0,2,8,19,1,
2.023E+11,155 637 443,B01,1,38,7,2,2,1,1,1
2.023E+11,155 637 446,C01,2,7,0,0,0,1,1,
2.023E+11,155 637 437,A01,3,34,0,2,1,1,1,
2.023E+11,155 637 438,B01,3,32,0,2,1,17,1,
2.023E+11,155 637 435,A01,2,7,13,0,3,11,1,
2.023E+11,155 637 434,A01,1,10,0,2,2,21,1,
2.023E+11,155 637 436,B01,1,1,0,2,4,0,5,
2.023E+11,155 637 433,A01,2,7,0,1,1,1,1,
2.023E+11,155 637 432,A01,3,7,0,1,1,21,1,
2.023E+11,155 637 431,A01,2,13,0,0,0,17,1,
2.023E+11,155 637 429,A01,3,7,0,1,1,1,1,
2.023E+11,155 637 428,A01,1,7,2,0,8,1,1,
2.023E+11,155 637 427,A01,1,10,0,2,1,17,1,
2.023E+11,155 637 430,B01,2,38,0,2,1,1,1,1
2.023E+11,155 637 426,A01,2,7,15,0,2,1,1,
2.023E+11,155 637 424,A01,2,7,2,2,1,5,1,
2.023E+11,155 637 425,B01,1,7,0,2,1,1,1,
2.023E+11,155 637 420,A01,2,2,0,0,7,1,1,
2.023E+11,155 637 419,A01,1,7,0,2,2,18,1,
2.023E+11,155 637 423,B01,1,7,0,2,3,15,1,
2.023E+11,155 637 418,A01,1,33,0,0,1,1,1,
2.023E+11,155 637 422,B01,2,15,0,0,6,19,1,
2.023E+11,155 637 417,B01,1,10,0,2,1,1,1,
2.023E+11,155 637 421,A01,1,17,3,0,9,6,1,
2.023E+11,155 637 416,A01,3,7,0,1,3,16,1,
2.023E+11,155 637 412,A01,1,7,0,2,1,1,1,
2.023E+11,155 637 414,B01,1,14,0,0,4,1,1,
2.023E+11,155 637 410,A01,2,10,0,2,3,19,1,
2.023E+11,155 637 413,B01,1,7,1,2,2,1,1,
2.023E+11,155 637 411,B01,0,2,0,2,1,1,1,
2.023E+11,155 637 415,A01,1,7,0,2,2,19,1,
2.023E+11,155 637 408,A01,2,7,0,2,3,13,1,
2.023E+11,155 637 409,B01,1,7,0,2,3,1,1,
2.023E+11,155 637 406,A01,1,7,2,0,1,14,1,
2.023E+11,155 637 405,A01,2,7,0,1,3,1,1,
2.023E+11,155 637 404,C01,1,10,3,2,1,11,1,
2.023E+11,155 637 407,A01,1,13,0,0,0,1,1,
2.023E+11,155 637 403,A01,1,33,0,0,0,1,1,
2.023E+11,155 637 399,A01,1,7,0,0,4,26,1,
2.023E+11,155 637 402,B01,1,20,0,2,1,2,1,
2.023E+11,155 637 398,B01,2,7,0,2,1,1,1,
2.023E+11,155 637 401,A01,2,7,0,2,4,1,1,
2.023E+11,155 637 397,A01,1,7,0,6,7,21,1,
2.023E+11,155 637 394,A01,1,7,6,0,1,0,1,
2.023E+11,155 637 392,A01,2,7,0,2,3,1,1,
2.023E+11,155 637 395,B01,2,7,0,0,0,1,1,
2.023E+11,155 637 396,C01,2,7,14,0,1,1,1,
2.023E+11,155 637 400,D01,2,7,0,0,1,2,1,
2.023E+11,155 637 390,B01,3,7,0,2,1,1,1,
2.023E+11,155 637 391,A01,3,31,0,2,1,1,1,
2.023E+11,155 637 386,B01,1,17,0,2,3,1,6,
2.023E+11,155 637 389,A01,2,17,0,2,2,13,1,
2.023E+11,155 637 384,A01,0,7,0,2,1,13,1,
2.023E+11,155 637 387,B01,0,31,0,2,1,13,0,
2.023E+11,155 637 385,B01,2,1,0,2,6,1,5,
2.023E+11,155 637 388,A01,2,0,0,2,0,1,0,
2.023E+11,155 637 380,C01,1,14,0,2,1,2,1,
2.023E+11,155 637 381,B01,1,7,0,2,9,2,1,
2.023E+11,155 637 383,A01,1,17,0,2,4,2,1,
2.023E+11,155 637 378,A01,1,7,6,0,1,14,2,
2.023E+11,155 637 377,A01,1,7,0,2,2,19,1,
2.023E+11,155 637 382,B01,2,7,0,2,3,1,1,
2.023E+11,155 637 376,A01,2,7,0,2,2,0,1,
2.023E+11,155 637 379,B01,2,1,0,0,4,0,5,
2.023E+11,155 637 374,A01,1,7,0,2,4,9,1,
2.023E+11,155 637 375,B01,1,7,0,2,1,9,1,
2.023E+11,155 637 371,A01,1,7,0,9,2,15,1,
2.023E+11,155 637 373,B01,1,1,0,2,1,1,5,
2.023E+11,155 637 372,A01,1,7,11,0,1,1,1,
2.023E+11,155 637 368,B01,2,7,0,2,4,2,1,
2.023E+11,155 637 369,A01,2,7,0,2,1,2,1,
2.023E+11,155 637 366,A01,1,33,0,0,1,0,1,
2.023E+11,155 637 363,A01,3,7,0,1,3,0,1,
2.023E+11,155 637 365,B01,3,7,0,2,7,1,1,
2.023E+11,155 637 367,A01,1,33,0,2,1,1,1,
2.023E+11,155 637 359,E01,1,7,0,2,5,1,1,
2.023E+11,155 637 360,C01,1,7,0,2,4,2,1,
2.023E+11,155 637 361,B01,1,7,0,2,6,2,1,
2.023E+11,155 637 362,A01,1,14,0,2,2,2,1,
2.023E+11,155 637 364,D01,1,7,0,2,2,21,1,
2.023E+11,155 637 358,A01,1,7,13,0,2,1,3,