Num_Acc,id_vehicule,num_veh,senc,catv,obs,obsm,choc,manv,motor,occutc
2.023E+11,155 635 948,A01,3,7,0,4,3,13,1,
2.023E+11,155 635 943,A01,2,33,0,0,1,14,1,
2.023E+11,155 635 941,B01,1,1,0,0,8,16,5,
2.023E+11,155 635 942,A01,1,7,0,0,1,15,1,
2.023E+11,155 635 940,A01,2,7,1,0,4,1,1,
2.023E+11,155 635 938,A01,1,7,0,2,1,1,1,
2.023E+11,155 635 939,B01,1,10,0,2,4,1,1,
2.023E+11,155 635 937,A01,1,7,1,0,0,1,1,
2.023E+11,155 635 936,A01,2,15,0,1,0,1,1,
2.023E+11,155 635 935,A01,1,7,0,1,1,1,3,
2.023E+11,155 635 933,A01,2,7,6,2,1,1,1,
2.023E+11,155 635 934,B01,2,37,0,2,5,1,1,1
2.023E+11,155 635 931,A01,3,32,0,2,2,17,0,
2.023E+11,155 635 932,B01,3,7,0,2,3,15,0,
2.023E+11,155 635 929,A01,3,10,0,2,8,15,1,
2.023E+11,155 635 930,B01,3,33,0,2,1,17,1,
2.023E+11,155 635 927,A01,2,7,0,2,1,1,1,
2.023E+11,155 635 928,B01,2,7,0,0,4,1,1,
2.023E+11,155 635 926,A01,2,7,13,0,9,1,1,
2.023E+11,155 635 924,A01,3,7,0,1,2,1,1,
2.023E+11,155 635 923,A01,1,30,0,2,1,1,1,
2.023E+11,155 635 925,B01,2,7,0,2,6,19,1,
2.023E+11,155 635 921,A01,3,7,0,1,0,0,1,
2.023E+11,155 635 919,B01,1,7,0,2,1,2,0,
2.023E+11,155 635 920,A01,1,7,0,2,1,5,0,
2.023E+11,155 635 922,C01,1,7,0,2,5,1,0,
2.023E+11,155 635 918,A01,2,7,13,0,9,19,1,
2.023E+11,155 635 916,B01,1,33,0,2,8,1,1,
2.023E+11,155 635 917,A01,1,10,0,2,2,14,1,
2.023E+11,155 635 914,B01,2,32,0,9,1,1,1,
2.023E+11,155 635 915,A01,2,50,0,2,1,17,3,
2.023E+11,155 635 913,A01,2,7,1,0,1,19,1,
2.023E+11,155 635 911,A01,2,7,0,2,1,1,1,
2.023E+11,155 635 912,B01,2,30,0,2,4,1,1,
2.023E+11,155 635 909,A01,2,7,0,2,1,1,1,
2.023E+11,155 635 910,B01,2,10,0,2,4,1,1,
2.023E+11,155 635 907,B01,2,43,0,2,1,3,1,
2.023E+11,155 635 908,A01,2,7,0,2,5,12,2,
2.023E+11,155 635 906,A01,2,7,0,1,1,1,1,
2.023E+11,155 635 904,A01,1,33,0,2,4,2,1,
2.023E+11,155 635 905,Z01,0,7,0,2,4,1,0,
2.023E+11,155 635 901,A01,0,7,0,2,2,15,1,
2.023E+11,155 635 903,B01,1,1,0,2,1,1,5,
2.023E+11,155 635 900,A01,1,1,0,2,1,13,5,
2.023E+11,155 635 902,B01,1,1,0,2,1,1,5,
2.023E+11,155 635 897,A01,1,7,0,2,7,22,1,
2.023E+11,155 635 899,B01,1,50,0,2,8,1,3,
2.023E+11,155 635 898,A01,2,50,0,1,1,5,3,
2.023E+11,155 635 895,A01,3,7,0,2,3,9,1,
2.023E+11,155 635 896,B01,1,2,0,2,1,1,1,
2.023E+11,155 635 894,A01,1,7,0,1,3,1,1,
2.023E+11,155 635 893,A01,2,10,0,0,2,21,1,
2.023E+11,155 635 892,A01,3,7,1,0,2,1,1,
2.023E+11,155 635 891,A01,2,7,0,1,1,1,1,
2.023E+11,155 635 889,A01,2,33,0,0,1,1,1,
2.023E+11,155 635 888,A01,3,10,0,2,3,15,0,
2.023E+11,155 635 890,B01,3,7,0,2,1,1,0,
2.023E+11,155 635 887,A01,1,7,0,1,8,4,1,
2.023E+11,155 635 886,A01,3,50,0,0,0,25,3,
2.023E+11,155 635 883,B01,1,80,1,0,1,1,3,
2.023E+11,155 635 885,A01,1,7,0,2,7,22,1,
2.023E+11,155 635 881,A01,1,7,0,1,2,16,3,
2.023E+11,155 635 882,B01,1,34,0,2,1,1,0,
2.023E+11,155 635 884,A01,2,7,0,2,2,19,1,
2.023E+11,155 635 880,A01,1,1,0,1,1,1,5,
2.023E+11,155 635 879,A01,2,7,0,1,3,15,1,
2.023E+11,155 635 877,B01,1,80,0,2,1,1,3,
2.023E+11,155 635 878,A01,1,7,0,2,7,22,1,
2.023E+11,155 635 874,A01,1,7,0,2,1,1,2,
2.023E+11,155 635 876,B01,3,43,0,2,8,1,1,
2.023E+11,155 635 875,A01,3,7,0,1,1,25,1,
2.023E+11,155 635 873,A01,2,80,0,1,1,1,3,
2.023E+11,155 635 870,A01,2,10,0,2,2,15,1,
2.023E+11,155 635 872,B01,2,33,0,2,1,1,1,
2.023E+11,155 635 868,A01,3,7,14,0,1,5,1,
2.023E+11,155 635 869,A01,1,10,0,2,1,2,1,
2.023E+11,155 635 871,B01,1,7,0,2,4,2,1,
2.023E+11,155 635 867,A01,1,32,0,1,2,5,0,
2.023E+11,155 635 863,A01,2,30,0,2,4,2,4,
2.023E+11,155 635 864,B01,2,7,0,2,1,2,4,
2.023E+11,155 635 861,B01,1,1,0,2,8,0,5,
2.023E+11,155 635 862,OA01,2,10,0,2,8,16,0,
2.023E+11,155 635 860,A01,3,7,0,1,3,14,1,
2.023E+11,155 635 859,A01,2,7,0,1,1,13,1,
2.023E+11,155 635 857,B01,0,7,0,0,0,0,0,
2.023E+11,155 635 858,A01,2,1,0,0,0,0,5,
2.023E+11,155 635 854,B01,3,32,0,2,1,2,1,
2.023E+11,155 635 855,A01,3,10,0,2,0,0,0,
2.023E+11,155 635 853,B01,1,7,0,2,1,0,0,
2.023E+11,155 635 856,A01,3,7,0,2,3,9,0,
2.023E+11,155 635 851,A01,2,7,0,2,2,16,2,
2.023E+11,155 635 852,B01,2,32,0,2,8,1,1,
2.023E+11,155 635 850,A01,3,7,0,1,1,1,1,
2.023E+11,155 635 847,C01,2,10,0,2,1,2,3,
2.023E+11,155 635 848,A01,2,7,0,2,4,2,2,
2.023E+11,155 635 849,B01,2,7,0,2,4,2,1,
2.023E+11,155 635 844,B01,2,33,0,2,2,17,1,
2.023E+11,155 635 845,A01,2,7,0,2,3,1,1,
2.023E+11,155 635 843,A01,1,2,0,1,1,1,1,
2.023E+11,155 635 842,A01,1,32,1,0,1,1,1,
2.023E+11,155 635 846,B01,0,7,0,2,2,24,1,
2.023E+11,155 635 840,B01,2,7,0,0,7,16,1,
2.023E+11,155 635 841,A01,2,7,2,0,1,21,1,
2.023E+11,155 635 839,A01,3,7,8,0,1,19,1,
2.023E+11,155 635 838,A01,1,2,0,0,0,2,1,
2.023E+11,155 635 834,A01,2,10,0,2,2,0,1,
2.023E+11,155 635 835,B01,1,7,0,2,1,1,1,
2.023E+11,155 635 836,A01,1,7,8,2,8,1,2,
2.023E+11,155 635 837,Z01,2,7,0,2,0,0,0,
2.023E+11,155 635 832,A01,3,7,0,1,1,4,1,
2.023E+11,155 635 833,A01,3,7,0,1,2,14,1,
2.023E+11,155 635 830,A01,3,7,0,2,3,13,1,
2.023E+11,155 635 831,B01,3,7,9,2,8,1,1,
2.023E+11,155 635 829,A01,1,7,13,0,1,21,1,
2.023E+11,155 635 827,B01,1,33,0,2,1,1,1,
2.023E+11,155 635 828,A01,2,7,0,2,1,1,1,
2.023E+11,155 635 826,A01,3,35,0,1,1,15,1,
2.023E+11,155 635 824,A01,3,7,16,0,5,19,1,
2.023E+11,155 635 825,B01,3,7,0,2,1,19,1,
2.023E+11,155 635 822,A01,1,7,0,2,1,1,1,
2.023E+11,155 635 823,B01,2,7,0,2,8,0,1,
2.023E+11,155 635 821,A01,3,7,0,1,3,1,1,
2.023E+11,155 635 819,B01,3,33,0,2,1,5,1,
2.023E+11,155 635 820,A01,3,7,0,2,6,0,1,
2.023E+11,155 635 816,B01,1,32,0,2,4,2,0,
2.023E+11,155 635 817,C01,1,7,0,0,4,2,1,
2.023E+11,155 635 818,A01,1,7,0,2,1,0,1,
2.023E+11,155 635 814,A01,3,7,0,2,1,1,1,
2.023E+11,155 635 815,B01,3,7,0,2,4,1,1,
2.023E+11,155 635 812,A01,2,33,0,2,1,2,1,
2.023E+11,155 635 813,B01,2,7,0,2,6,2,2,
2.023E+11,155 635 811,A01,1,50,0,1,8,5,3,
2.023E+11,155 635 810,A01,3,7,0,1,1,1,1,
2.023E+11,155 635 809,A01,1,7,0,1,1,1,3,
2.023E+11,155 635 808,A01,2,33,0,0,0,2,1,
2.023E+11,155 635 806,A01,2,33,0,2,1,12,1,
2.023E+11,155 635 807,B01,2,7,0,2,6,1,1,
2.023E+11,155 635 804,B01,1,7,0,2,5,2,1,
2.023E+11,155 635 805,A01,1,33,0,2,1,3,1,
2.023E+11,155 635 802,Z01,1,7,0,1,0,15,1,
2.023E+11,155 635 801,A01,3,10,0,1,2,15,1,
2.023E+11,155 635 799,B01,1,2,0,2,8,1,3,
2.023E+11,155 635 800,Z01,1,7,0,2,7,17,3,
2.023E+11,155 635 797,B01,2,33,0,2,3,1,1,
2.023E+11,155 635 798,A01,2,10,0,2,3,15,1,
2.023E+11,155 635 796,A01,2,50,0,1,1,1,3,
2.023E+11,155 635 794,B01,2,7,0,2,7,15,1,
2.023E+11,155 635 795,A01,1,32,0,2,1,2,3,
2.023E+11,155 635 793,A01,1,80,1,0,2,1,3,
2.023E+11,155 635 792,A01,2,30,0,1,1,5,1,
2.023E+11,155 635 791,A01,3,7,0,1,7,1,1,
2.023E+11,155 635 789,A01,1,7,0,2,2,1,1,
2.023E+11,155 635 790,B01,1,50,0,2,3,13,3,
2.023E+11,155 635 787,A01,3,1,0,2,1,13,5,
2.023E+11,155 635 788,B01,3,7,0,2,0,0,1,
2.023E+11,155 635 785,B01,2,7,0,2,2,15,1,
2.023E+11,155 635 786,A01,1,31,0,2,2,17,1,
2.023E+11,155 635 784,A01,2,7,0,1,1,1,1,
2.023E+11,155 635 783,A01,3,7,9,0,1,1,1,
2.023E+11,155 635 781,A01,3,7,0,2,4,15,0,
2.023E+11,155 635 782,B01,3,30,0,2,0,0,0,
2.023E+11,155 635 780,A01,3,7,0,1,3,1,1,
2.023E+11,155 635 779,A01,3,7,0,1,5,1,1,
2.023E+11,155 635 777,A01,2,7,0,2,3,13,0,
2.023E+11,155 635 778,B01,2,32,0,2,2,1,1,
2.023E+11,155 635 775,B01,3,7,0,2,1,1,1,
2.023E+11,155 635 776,A01,3,7,9,2,8,2,1,
2.023E+11,155 635 773,A01,2,7,0,2,2,20,1,
2.023E+11,155 635 774,B01,2,30,0,2,1,1,1,
2.023E+11,155 635 771,A01,2,7,0,2,5,15,1,
2.023E+11,155 635 772,B01,1,30,0,2,3,1,1,
2.023E+11,155 635 769,A01,3,33,0,2,8,11,1,
2.023E+11,155 635 770,MA01,3,33,0,2,8,11,1,
2.023E+11,155 635 768,A01,3,7,6,0,0,0,1,
2.023E+11,155 635 766,B01,1,7,0,2,1,1,1,
2.023E+11,155 635 767,A01,2,7,1,2,7,19,1,
2.023E+11,155 635 765,A01,1,7,1,1,2,2,0,
2.023E+11,155 635 763,B01,1,33,0,2,0,0,1,
2.023E+11,155 635 764,A01,1,7,0,2,3,15,1,
2.023E+11,155 635 760,B01,2,7,0,2,4,1,1,
2.023E+11,155 635 761,A01,2,3,0,2,1,0,0,
2.023E+11,155 635 762,C01,2,7,0,2,4,1,1,
2.023E+11,155 635 758,B01,3,7,0,2,5,16,1,
2.023E+11,155 635 759,A01,3,2,0,2,1,18,1,
2.023E+11,155 635 756,B01,3,20,0,0,3,0,1,
2.023E+11,155 635 757,A01,3,30,1,0,0,2,1,
2.023E+11,155 635 754,B01,1,2,0,2,1,1,3,
2.023E+11,155 635 755,A01,2,7,0,2,3,1,1,
2.023E+11,155 635 752,A01,0,7,0,2,6,0,1,
2.023E+11,155 635 753,B01,0,7,1,0,3,5,1,
2.023E+11,155 635 750,B01,3,7,0,2,4,23,1,
2.023E+11,155 635 751,A01,3,7,0,2,1,1,1,
2.023E+11,155 635 748,A01,0,7,0,2,5,15,1,
2.023E+11,155 635 749,B01,0,30,0,2,1,1,0,
2.023E+11,155 635 746,A01,0,33,0,2,1,3,1,
2.023E+11,155 635 747,B01,0,7,0,0,6,23,1,
2.023E+11,155 635 744,A01,1,7,0,2,2,16,1,
2.023E+11,155 635 745,B01,1,1,0,2,1,1,5,
2.023E+11,155 635 742,A01,3,7,0,2,3,15,1,
2.023E+11,155 635 743,B01,3,1,0,2,1,2,5,
2.023E+11,155 635 740,B01,3,1,1,0,0,0,5,
2.023E+11,155 635 741,A01,3,7,16,0,0,0,0,
2.023E+11,155 635 738,B01,2,31,0,2,3,1,1,
2.023E+11,155 635 739,A01,2,10,0,2,2,15,1,
2.023E+11,155 635 736,A01,1,50,0,2,8,19,3,
2.023E+11,155 635 737,B01,1,33,0,2,2,1,0,
2.023E+11,155 635 734,A01,2,7,0,2,2,2,1,
2.023E+11,155 635 735,B01,2,30,0,2,4,2,1,
2.023E+11,155 635 733,A01,3,7,0,1,1,1,1,
2.023E+11,155 635 730,C01,2,7,8,2,1,21,1,
2.023E+11,155 635 731,A01,1,7,0,0,6,15,1,
2.023E+11,155 635 732,B01,1,7,0,2,9,2,1,
2.023E+11,155 635 728,A01,2,10,0,2,2,1,1,
2.023E+11,155 635 729,B01,2,21,0,2,6,1,1,
2.023E+11,155 635 726,A01,1,7,0,2,1,1,1,
2.023E+11,155 635 727,B01,2,2,0,2,1,5,1,
2.023E+11,155 635 724,A01,2,7,0,2,1,14,1,
2.023E+11,155 635 725,B01,2,17,0,0,4,1,1,
2.023E+11,155 635 722,B01,1,7,0,2,1,1,1,
2.023E+11,155 635 723,A01,1,7,0,2,5,16,1,
2.023E+11,155 635 721,A01,2,2,0,0,0,1,1,
2.023E+11,155 635 719,A01,1,7,0,2,1,1,0,
2.023E+11,155 635 720,B01,2,7,0,2,1,13,0,
2.023E+11,155 635 718,A01,2,7,13,0,1,1,1,
2.023E+11,155 635 717,A01,1,14,0,1,6,16,1,
2.023E+11,155 635 716,A01,1,2,0,0,0,1,1,
2.023E+11,155 635 714,A01,1,7,13,0,4,15,1,
2.023E+11,155 635 715,B01,1,7,0,2,1,1,1,
2.023E+11,155 635 712,B01,0,7,0,0,1,9,1,
2.023E+11,155 635 713,A01,0,7,0,0,1,21,1,
2.023E+11,155 635 711,A01,-1,3,13,0,1,16,0,
2.023E+11,155 635 710,A01,2,1,0,0,9,1,5,
2.023E+11,155 635 709,A01,1,33,13,0,2,1,1,
2.023E+11,155 635 707,A01,1,7,0,2,3,9,0,
2.023E+11,155 635 708,B01,2,7,0,2,2,1,0,
2.023E+11,155 635 705,A01,1,7,0,2,1,9,1,
2.023E+11,155 635 706,B01,3,1,0,2,5,1,5,
2.023E+11,155 635 703,B01,2,7,0,2,1,23,0,
2.023E+11,155 635 704,A01,2,7,12,0,3,1,0,
2.023E+11,155 635 702,A01,0,7,0,1,0,1,0,
2.023E+11,155 635 700,B01,1,7,0,0,1,0,1,
2.023E+11,155 635 701,A01,2,7,0,0,1,17,1,
2.023E+11,155 635 698,A01,2,7,0,2,1,13,1,
2.023E+11,155 635 699,B01,1,7,0,2,1,1,1,
2.023E+11,155 635 696,A01,2,7,0,2,2,15,1,
2.023E+11,155 635 697,B01,1,1,0,2,1,1,5,
2.023E+11,155 635 694,A01,1,21,0,2,3,15,1,
2.023E+11,155 635 695,B01,1,33,0,0,3,17,1,
2.023E+11,155 635 693,A01,3,7,0,1,1,1,1,
2.023E+11,155 635 691,B01,2,33,0,2,3,2,1,
2.023E+11,155 635 692,A01,2,7,0,2,6,2,1,
2.023E+11,155 635 689,A01,1,7,0,2,3,1,1,
2.023E+11,155 635 690,B01,2,2,0,2,1,13,1,
2.023E+11,155 635 688,A01,1,31,0,6,1,0,1,
2.023E+11,155 635 686,A01,2,33,0,2,1,1,1,
2.023E+11,155 635 687,B01,1,7,0,2,5,15,1,
2.023E+11,155 635 683,C01,1,15,0,2,2,1,1,
2.023E+11,155 635 684,A01,2,7,0,2,8,3,1,
2.023E+11,155 635 685,B01,2,7,0,2,6,1,1,
2.023E+11,155 635 682,A01,1,7,0,0,8,24,1,
2.023E+11,155 635 681,A01,1,33,7,0,0,1,1,
2.023E+11,155 635 680,A01,1,10,13,0,1,0,1,
2.023E+11,155 635 679,A01,0,2,0,0,3,1,1,
2.023E+11,155 635 677,A01,2,15,0,2,2,1,1,
2.023E+11,155 635 678,B01,2,1,0,2,4,1,5,
2.023E+11,155 635 675,B01,2,7,0,2,6,1,1,
2.023E+11,155 635 676,A01,1,7,6,2,3,1,1,
2.023E+11,155 635 673,A01,2,7,6,0,1,0,0,
2.023E+11,155 635 674,B01,1,7,7,0,1,0,0,
2.023E+11,155 635 671,A01,1,7,0,2,2,17,1,
2.023E+11,155 635 672,B01,1,1,0,2,3,1,5,
2.023E+11,155 635 670,A01,0,33,0,0,0,0,1,
2.023E+11,155 635 668,B01,1,7,13,2,8,1,1,
2.023E+11,155 635 669,A01,2,7,13,2,1,1,1,
2.023E+11,155 635 667,A01,3,7,6,0,3,1,0,
2.023E+11,155 635 666,A01,3,7,0,1,3,1,1,
2.023E+11,155 635 665,A01,1,7,2,0,1,1,1,
2.023E+11,155 635 664,A01,2,7,0,0,0,0,1,
2.023E+11,155 635 662,A01,2,33,0,2,2,17,1,
2.023E+11,155 635 663,B01,2,7,0,0,3,15,1,
2.023E+11,155 635 661,A01,1,7,4,0,8,1,1,
2.023E+11,155 635 659,A01,1,17,0,9,3,15,1,
2.023E+11,155 635 660,B01,3,1,0,2,7,15,5,
2.023E+11,155 635 657,A01,1,10,0,2,6,1,1,
2.023E+11,155 635 658,B01,2,2,0,2,3,1,1,
2.023E+11,155 635 655,A01,1,7,0,2,1,13,1,
2.023E+11,155 635 656,B01,2,33,0,2,1,1,1,
2.023E+11,155 635 653,A01,2,7,0,2,1,0,1,
2.023E+11,155 635 654,B01,2,14,0,0,5,1,1,
2.023E+11,155 635 652,A01,2,7,4,0,3,1,1,
2.023E+11,155 635 650,B01,1,17,0,0,6,2,1,
2.023E+11,155 635 651,A01,1,10,0,2,1,2,1,
2.023E+11,155 635 648,A01,0,10,0,0,4,24,1,
2.023E+11,155 635 649,B01,0,33,1,0,1,18,1,
2.023E+11,155 635 646,A01,1,7,0,2,6,9,1,
2.023E+11,155 635 647,B01,2,32,0,2,1,1,1,
2.023E+11,155 635 645,A01,1,2,0,1,1,1,1,
2.023E+11,155 635 643,A01,2,7,0,2,1,10,3,
2.023E+11,155 635 644,B01,1,33,0,2,3,21,1,
2.023E+11,155 635 640,C01,1,7,0,2,1,1,1,
2.023E+11,155 635 641,A01,1,7,0,0,4,0,1,
2.023E+11,155 635 642,B01,1,7,0,2,4,1,1,
2.023E+11,155 635 639,A01,1,7,0,1,2,15,1,
2.023E+11,155 635 637,B01,1,80,0,2,8,0,3,
2.023E+11,155 635 638,A01,1,7,0,2,7,12,1,
2.023E+11,155 635 635,A01,2,3,0,2,2,13,6,
2.023E+11,155 635 636,B01,1,7,0,2,3,1,6,
2.023E+11,155 635 633,A01,2,7,0,2,1,13,1,
2.023E+11,155 635 634,B01,1,7,0,2,3,21,2,
2.023E+11,155 635 631,A01,1,7,6,2,3,21,1,
2.023E+11,155 635 632,B01,2,7,0,2,1,26,1,
2.023E+11,155 635 628,A01,3,7,0,2,4,23,1,
2.023E+11,155 635 629,B01,3,14,0,2,1,21,1,
2.023E+11,155 635 630,C01,3,7,0,2,1,21,1,
2.023E+11,155 635 626,A01,1,7,0,2,1,2,0,
2.023E+11,155 635 627,B01,1,32,0,2,4,2,1,
2.023E+11,155 635 624,A01,1,7,0,2,5,1,1,
2.023E+11,155 635 625,B01,1,2,0,2,3,1,1,
2.023E+11,155 635 622,A01,1,1,0,0,4,2,5,
2.023E+11,155 635 623,B01,1,10,0,2,2,2,1,
2.023E+11,155 635 620,B01,1,2,0,2,1,1,1,
2.023E+11,155 635 621,A01,2,7,0,2,2,15,1,
2.023E+11,155 635 619,A01,2,33,12,0,1,17,1,
2.023E+11,155 635 617,A01,1,2,0,2,1,1,1,
2.023E+11,155 635 618,B01,1,10,0,2,5,10,1,
2.023E+11,155 635 616,A01,1,7,2,0,8,0,1,
2.023E+11,155 635 614,A01,1,7,0,2,5,1,1,
2.023E+11,155 635 615,B01,1,33,0,2,1,1,1,
2.023E+11,155 635 611,A01,1,34,0,2,1,3,1,
2.023E+11,155 635 612,C01,1,33,0,2,7,1,1,
2.023E+11,155 635 613,B01,1,7,0,2,6,1,1,
2.023E+11,155 635 609,B01,2,31,0,2,7,3,1,
2.023E+11,155 635 610,A01,2,7,0,2,8,11,1,
2.023E+11,155 635 607,B01,1,15,0,2,2,12,1,
2.023E+11,155 635 608,A01,1,7,0,2,8,1,1,
2.023E+11,155 635 606,A01,1,7,4,0,3,13,1,
2.023E+11,155 635 603,A01,2,7,0,2,1,2,2,
2.023E+11,155 635 604,B01,2,7,0,2,4,2,1,
2.023E+11,155 635 605,C01,2,7,0,2,4,2,1,
2.023E+11,155 635 601,A01,2,7,0,2,1,2,1,
2.023E+11,155 635 602,B01,2,7,0,2,4,2,1,
2.023E+11,155 635 599,A01,2,31,0,2,1,26,1,
2.023E+11,155 635 600,B01,2,10,4,2,5,1,1,
2.023E+11,155 635 597,A01,2,7,0,2,6,11,1,
2.023E+11,155 635 598,B01,2,32,0,2,1,3,1,
2.023E+11,155 635 595,A01,2,33,0,2,1,1,1,
2.023E+11,155 635 596,B01,2,7,0,2,4,12,1,
2.023E+11,155 635 592,A01,2,7,0,2,1,1,1,
2.023E+11,155 635 593,C01,2,7,0,2,4,2,1,
2.023E+11,155 635 594,B01,2,10,0,2,1,1,1,
2.023E+11,155 635 590,A01,2,33,0,2,2,1,1,
2.023E+11,155 635 591,B01,1,7,0,2,4,13,1,
2.023E+11,155 635 589,A01,2,7,0,0,0,2,1,
2.023E+11,155 635 587,B01,2,31,0,2,3,3,1,
2.023E+11,155 635 588,A01,2,99,0,2,5,1,1,
2.023E+11,155 635 585,B01,2,33,0,2,7,2,1,
2.023E+11,155 635 586,A01,2,10,0,2,8,11,1,
2.023E+11,155 635 583,A01,2,10,0,0,0,0,1,
2.023E+11,155 635 584,B01,2,17,0,0,5,23,1,
2.023E+11,155 635 578,E01,1,17,0,2,1,1,1,
2.023E+11,155 635 579,D01,1,10,0,2,1,1,1,
2.023E+11,155 635 580,C01,2,10,3,2,8,1,1,
2.023E+11,155 635 581,A01,2,10,0,2,5,23,1,
2.023E+11,155 635 582,B01,2,7,1,0,3,2,1,
2.023E+11,155 635 577,A01,3,1,0,1,1,26,5,
2.023E+11,155 635 575,A01,1,33,0,2,1,2,1,
2.023E+11,155 635 576,B01,1,7,0,2,5,2,3,
2.023E+11,155 635 573,B01,1,7,0,2,4,2,1,
2.023E+11,155 635 574,A01,2,7,0,1,1,1,1,
2.023E+11,155 635 571,A01,1,3,0,2,0,15,3,
2.023E+11,155 635 572,B01,1,1,0,2,7,1,5,
2.023E+11,155 635 569,A01,1,10,0,2,2,11,1,
2.023E+11,155 635 570,B01,1,7,0,2,3,1,1,
2.023E+11,155 635 567,A01,2,7,0,2,4,1,0,
2.023E+11,155 635 568,B01,2,31,0,2,1,2,1,
2.023E+11,155 635 565,A01,3,7,0,2,1,1,6,
2.023E+11,155 635 566,B01,3,2,14,0,2,14,6,
2.023E+11,155 635 564,A01,2,7,14,0,1,1,1,
2.023E+11,155 635 562,B01,2,7,0,2,1,1,1,
2.023E+11,155 635 563,A01,1,7,0,2,2,15,1,
2.023E+11,155 635 561,A01,3,7,0,1,2,25,1,
2.023E+11,155 635 559,A01,1,14,0,9,0,1,1,
2.023E+11,155 635 560,Y01,1,1,0,0,0,1,5,
2.023E+11,155 635 557,A01,2,7,0,2,3,10,1,
2.023E+11,155 635 558,B01,1,33,1,2,1,1,1,
2.023E+11,155 635 555,B01,2,50,0,0,1,1,3,
2.023E+11,155 635 556,A01,2,7,0,0,3,9,1,
2.023E+11,155 635 553,A01,2,33,14,2,6,17,1,
2.023E+11,155 635 554,B01,2,7,0,2,6,1,1,
2.023E+11,155 635 552,A01,1,7,16,0,1,16,1,
2.023E+11,155 635 550,A01,1,7,0,0,2,2,1,
2.023E+11,155 635 551,B01,1,1,0,2,8,1,5,
2.023E+11,155 635 549,A01,1,2,0,0,8,26,1,
2.023E+11,155 635 547,A01,2,7,0,2,1,2,1,
2.023E+11,155 635 548,B01,2,2,0,2,4,2,1,
2.023E+11,155 635 546,A01,1,7,10,0,3,13,1,
2.023E+11,155 635 544,A01,1,30,0,2,1,1,1,
2.023E+11,155 635 545,B01,1,7,0,2,4,1,1,
2.023E+11,155 635 542,B01,2,1,0,2,1,19,5,
2.023E+11,155 635 543,A01,2,7,0,2,3,15,1,
2.023E+11,155 635 541,A01,1,7,0,1,3,1,1,
2.023E+11,155 635 538,B01,3,2,0,2,1,2,1,
2.023E+11,155 635 539,C01,3,2,0,2,2,2,2,
2.023E+11,155 635 540,A01,3,10,0,2,3,15,1,
2.023E+11,155 635 536,B01,0,13,0,0,0,0,1,
2.023E+11,155 635 537,A01,3,7,0,2,4,23,1,
2.023E+11,155 635 534,B01,3,1,0,2,8,1,5,
2.023E+11,155 635 535,A01,3,10,0,2,1,9,1,
2.023E+11,155 635 532,A01,3,33,0,2,7,13,1,
2.023E+11,155 635 533,B01,3,10,0,2,8,13,1,
2.023E+11,155 635 530,A01,1,7,0,2,7,26,1,
2.023E+11,155 635 531,B01,1,1,0,0,8,26,5,
2.023E+11,155 635 528,A01,1,7,0,2,0,13,1,
2.023E+11,155 635 529,B01,2,7,0,2,0,1,1,
2.023E+11,155 635 527,A01,1,10,1,1,1,26,1,
2.023E+11,155 635 526,A01,3,7,0,1,0,1,0,
2.023E+11,155 635 525,A01,1,7,4,0,8,17,1,
2.023E+11,155 635 523,B01,1,7,0,2,2,0,1,
2.023E+11,155 635 524,A01,1,7,0,2,0,26,1,
2.023E+11,155 635 521,A01,2,33,0,2,7,17,1,
2.023E+11,155 635 522,B01,2,7,0,2,8,15,0,
2.023E+11,155 635 519,A01,1,33,0,2,1,1,1,
2.023E+11,155 635 520,B01,2,7,0,2,1,15,1,
2.023E+11,155 635 518,A01,1,10,0,1,1,1,1,
2.023E+11,155 635 517,A01,1,7,0,1,3,2,1,
2.023E+11,155 635 516,A01,3,21,0,0,0,1,1,
2.023E+11,155 635 513,A01,2,7,0,2,1,1,1,
2.023E+11,155 635 514,C01,1,7,0,2,8,1,1,
2.023E+11,155 635 515,B01,1,7,0,2,1,1,1,
2.023E+11,155 635 510,A01,1,7,0,2,1,13,1,
2.023E+11,155 635 511,B01,2,7,0,2,1,1,1,
2.023E+11,155 635 512,C01,2,10,0,2,6,1,1,
2.023E+11,155 635 509,A01,1,7,4,0,2,14,1,
2.023E+11,155 635 507,A01,3,50,0,2,1,1,3,
2.023E+11,155 635 508,B01,1,7,0,0,2,23,1,
2.023E+11,155 635 503,A01,2,15,0,2,1,1,1,
2.023E+11,155 635 504,B01,1,7,0,0,0,23,1,
2.023E+11,155 635 505,C01,1,7,0,2,7,13,1,
2.023E+11,155 635 506,D01,1,7,0,2,3,1,1,
2.023E+11,155 635 501,A01,2,20,0,0,4,2,1,
2.023E+11,155 635 502,B01,2,15,0,2,1,2,1,
2.023E+11,155 635 498,A01,2,7,0,2,3,13,1,
2.023E+11,155 635 499,B01,1,7,0,2,3,1,1,
2.023E+11,155 635 500,C01,1,7,0,2,3,2,1,
2.023E+11,155 635 496,A01,1,10,0,2,3,13,1,
2.023E+11,155 635 497,B01,2,14,0,2,3,1,1,
2.023E+11,155 635 493,C01,2,7,0,2,5,1,0,
2.023E+11,155 635 494,B01,2,7,0,2,2,12,0,