Num_Acc,id_vehicule,num_veh,senc,catv,obs,obsm,choc,manv,motor,occutc
2.023E+11,155 634 121,C01,1,10,0,0,3,1,1,
2.023E+11,155 634 111,A01,3,7,0,1,4,4,3,
2.023E+11,155 634 108,A01,3,7,0,2,3,16,0,
2.023E+11,155 634 113,B01,1,33,0,2,1,1,0,
2.023E+11,155 634 103,B01,2,7,0,2,3,1,1,
2.023E+11,155 634 107,A01,1,7,0,2,3,13,1,
2.023E+11,155 634 102,A01,1,7,0,2,3,1,1,
2.023E+11,155 634 105,B01,2,7,0,2,8,19,1,
2.023E+11,155 634 101,A01,1,7,15,0,2,16,1,
2.023E+11,155 634 100,A01,1,33,0,1,5,1,1,
2.023E+11,155 634 098,A01,1,14,13,0,1,1,1,
2.023E+11,155 634 097,A01,1,7,0,2,1,9,1,
2.023E+11,155 634 099,B01,1,1,0,2,4,1,5,
2.023E+11,155 634 095,B01,2,33,0,2,1,13,1,
2.023E+11,155 634 096,A01,1,10,0,2,3,1,1,
2.023E+11,155 634 092,A01,1,7,0,2,2,11,1,
2.023E+11,155 634 094,B01,2,7,0,2,1,1,1,
2.023E+11,155 634 091,B01,2,32,0,2,1,17,1,
2.023E+11,155 634 093,A01,1,33,0,2,1,17,1,
2.023E+11,155 634 090,A01,0,2,13,0,0,0,0,
2.023E+11,155 634 089,A01,1,7,13,0,1,1,1,
2.023E+11,155 634 088,A01,2,7,0,1,1,1,1,
2.023E+11,155 634 087,A01,2,7,0,0,5,23,1,
2.023E+11,155 634 081,A01,1,10,0,2,7,15,1,
2.023E+11,155 634 084,B01,2,32,0,2,1,1,1,
2.023E+11,155 634 083,A01,2,1,12,0,0,21,5,
2.023E+11,155 634 082,A01,1,7,0,2,3,5,1,
2.023E+11,155 634 086,B01,2,7,0,2,3,13,1,
2.023E+11,155 634 080,A01,3,50,0,0,1,2,3,
2.023E+11,155 634 078,A01,2,50,0,1,1,1,3,
2.023E+11,155 634 077,A01,2,33,0,2,1,1,1,
2.023E+11,155 634 079,B01,1,7,0,2,2,10,1,
2.023E+11,155 634 076,A01,2,7,0,0,5,14,0,
2.023E+11,155 634 074,A01,1,7,0,0,0,13,1,
2.023E+11,155 634 072,C01,2,7,0,2,3,0,1,
2.023E+11,155 634 073,B01,2,7,0,2,3,0,1,
2.023E+11,155 634 075,A01,1,7,0,2,3,13,1,
2.023E+11,155 634 070,A01,3,10,0,1,5,4,0,
2.023E+11,155 634 067,A01,2,7,0,9,3,1,1,
2.023E+11,155 634 069,B01,2,1,0,2,4,11,5,
2.023E+11,155 634 064,B01,1,7,6,2,8,1,1,
2.023E+11,155 634 066,A01,2,38,6,2,6,13,1,1
2.023E+11,155 634 063,B01,1,33,0,2,1,1,1,
2.023E+11,155 634 065,A01,2,7,0,2,2,15,1,
2.023E+11,155 634 060,A01,3,7,0,2,3,9,1,
2.023E+11,155 634 062,B01,3,30,0,2,2,1,1,
2.023E+11,155 634 058,A01,1,7,0,2,2,15,1,
2.023E+11,155 634 061,B01,2,7,0,2,3,1,1,
2.023E+11,155 634 056,A01,2,31,2,2,1,1,1,
2.023E+11,155 634 059,B01,2,7,0,2,1,17,0,
2.023E+11,155 634 055,B01,1,7,0,2,8,15,1,
2.023E+11,155 634 057,A01,1,33,0,2,1,17,1,
2.023E+11,155 634 054,A01,1,50,0,0,7,0,3,
2.023E+11,155 634 051,A01,3,33,0,2,1,1,1,
2.023E+11,155 634 053,B01,3,33,0,2,1,1,1,
2.023E+11,155 634 049,A01,1,7,0,0,6,0,1,
2.023E+11,155 634 052,B01,1,7,0,2,2,0,1,
2.023E+11,155 634 048,A01,1,2,15,0,1,5,1,
2.023E+11,155 634 047,A01,0,7,0,2,3,1,1,
2.023E+11,155 634 050,B01,0,7,0,2,0,1,1,
2.023E+11,155 634 044,A01,2,33,0,0,8,0,1,
2.023E+11,155 634 042,B01,2,1,0,2,1,1,5,
2.023E+11,155 634 046,A01,2,1,0,0,0,1,5,
2.023E+11,155 634 040,B01,3,7,15,2,3,9,1,
2.023E+11,155 634 043,A01,2,7,0,2,2,1,1,
2.023E+11,155 634 038,A01,1,7,8,0,1,1,1,
2.023E+11,155 634 035,A01,1,7,0,1,2,1,1,
2.023E+11,155 634 037,A01,3,7,0,0,3,1,1,
2.023E+11,155 634 039,B01,3,7,0,2,1,15,1,
2.023E+11,155 634 034,A01,1,7,0,2,1,5,1,
2.023E+11,155 634 036,B01,2,10,0,2,1,1,1,
2.023E+11,155 634 033,A01,1,7,9,0,0,1,1,
2.023E+11,155 634 032,A01,3,1,0,5,0,1,5,
2.023E+11,155 634 030,A01,2,7,16,0,0,15,0,
2.023E+11,155 634 029,A01,1,33,13,0,1,1,1,
2.023E+11,155 634 027,B01,2,1,0,2,8,2,5,
2.023E+11,155 634 031,A01,2,10,0,9,2,2,0,
2.023E+11,155 634 028,A01,1,7,0,0,0,14,1,
2.023E+11,155 634 024,A01,2,7,16,0,0,1,0,
2.023E+11,155 634 021,A01,1,7,0,9,3,17,1,
2.023E+11,155 634 025,B01,2,80,0,0,2,5,3,
2.023E+11,155 634 020,B01,2,10,0,2,1,21,1,
2.023E+11,155 634 023,C01,1,7,0,2,1,1,1,
2.023E+11,155 634 026,A01,2,7,0,0,5,26,1,
2.023E+11,155 634 017,A01,1,7,0,1,4,20,1,
2.023E+11,155 634 014,B01,1,15,0,2,1,1,1,
2.023E+11,155 634 018,A01,2,7,0,2,8,9,1,
2.023E+11,155 634 016,A01,2,15,0,1,2,1,1,
2.023E+11,155 634 015,A01,2,7,12,0,5,1,1,
2.023E+11,155 634 012,A01,1,13,16,0,9,1,1,
2.023E+11,155 634 011,A01,2,7,13,0,1,1,1,
2.023E+11,155 634 009,A01,1,7,0,0,3,1,1,
2.023E+11,155 634 010,B01,2,3,0,2,2,1,1,
2.023E+11,155 634 013,A01,2,7,0,0,5,23,1,
2.023E+11,155 634 008,A01,3,7,0,1,3,1,1,
2.023E+11,155 634 006,A01,2,2,14,0,1,1,1,
2.023E+11,155 634 005,A01,1,7,0,2,8,1,1,
2.023E+11,155 634 007,B01,2,33,0,2,0,1,1,
2.023E+11,155 634 004,A01,3,7,0,1,3,1,1,
2.023E+11,155 634 002,A01,2,15,2,0,2,1,0,
2.023E+11,155 634 001,B01,2,33,4,2,8,3,1,
2.023E+11,155 634 003,A01,2,7,4,2,7,12,1,
2.023E+11,155 633 999,A01,0,33,7,0,3,0,1,
2.023E+11,155 633 997,A01,2,2,16,0,1,14,0,
2.023E+11,155 633 996,B01,1,15,0,2,9,21,1,
2.023E+11,155 633 998,A01,2,7,0,2,8,13,0,
2.023E+11,155 634 000,C01,2,7,0,2,9,1,0,
2.023E+11,155 633 992,B01,0,10,0,2,9,1,1,
2.023E+11,155 633 994,A01,2,10,0,2,4,14,1,
2.023E+11,155 633 988,B01,2,7,4,2,5,0,1,
2.023E+11,155 633 991,C01,2,33,4,2,8,2,1,
2.023E+11,155 633 993,D01,2,7,4,2,2,2,1,
2.023E+11,155 633 995,A01,2,7,4,2,3,2,1,
2.023E+11,155 633 987,B01,2,7,0,2,1,1,0,
2.023E+11,155 633 990,A01,1,7,0,2,1,13,0,
2.023E+11,155 633 986,A01,2,7,13,2,8,17,1,
2.023E+11,155 633 989,B01,1,7,0,2,2,1,1,
2.023E+11,155 633 984,A01,1,7,0,2,4,1,1,
2.023E+11,155 633 985,B01,1,7,4,2,1,1,3,
2.023E+11,155 633 982,A01,2,7,9,0,9,0,1,
2.023E+11,155 633 981,A01,2,33,0,0,0,10,1,
2.023E+11,155 633 983,A01,1,33,0,0,7,1,1,
2.023E+11,155 633 980,A01,1,7,2,0,0,14,1,
2.023E+11,155 633 978,A01,3,7,0,1,2,21,1,
2.023E+11,155 633 977,B01,2,15,0,2,4,0,1,
2.023E+11,155 633 979,A01,2,7,3,2,1,0,1,
2.023E+11,155 633 976,A01,1,10,0,1,1,1,1,
2.023E+11,155 633 973,A01,3,32,12,0,0,1,1,
2.023E+11,155 633 974,A01,1,7,0,2,4,2,1,
2.023E+11,155 633 975,B01,1,7,0,2,1,2,1,
2.023E+11,155 633 969,A01,1,33,0,0,-1,2,1,
2.023E+11,155 633 968,A01,2,42,0,2,0,3,1,
2.023E+11,155 633 970,B01,2,7,0,2,0,12,1,
2.023E+11,155 633 972,C01,2,7,0,2,4,1,1,
2.023E+11,155 633 965,B01,2,7,0,2,4,2,1,
2.023E+11,155 633 967,C01,2,7,0,0,4,2,1,
2.023E+11,155 633 971,A01,2,15,0,2,1,2,1,
2.023E+11,155 633 962,A01,2,10,0,2,1,1,1,
2.023E+11,155 633 964,B01,2,10,0,2,4,2,1,
2.023E+11,155 633 961,A01,2,33,0,2,0,0,1,
2.023E+11,155 633 963,B01,2,7,0,2,0,0,1,
2.023E+11,155 633 960,A01,1,33,14,9,0,1,1,
2.023E+11,155 633 958,B01,1,33,0,2,2,1,1,
2.023E+11,155 633 959,A01,1,7,0,2,1,15,1,
2.023E+11,155 633 955,A01,2,7,0,2,1,2,3,
2.023E+11,155 633 956,B01,2,15,0,2,4,2,1,
2.023E+11,155 633 951,A01,1,7,0,2,1,14,1,
2.023E+11,155 633 953,B01,1,7,0,2,4,9,1,
2.023E+11,155 633 949,A01,1,7,0,0,2,21,1,
2.023E+11,155 633 948,C01,2,7,0,2,4,1,1,
2.023E+11,155 633 952,B01,2,7,0,2,3,2,1,
2.023E+11,155 633 954,A01,2,7,0,2,1,1,1,
2.023E+11,155 633 957,D01,2,7,0,2,4,2,1,
2.023E+11,155 633 947,A01,1,7,0,0,1,1,1,
2.023E+11,155 633 950,B01,1,7,0,0,8,1,1,
2.023E+11,155 633 944,A01,1,30,0,2,0,1,1,
2.023E+11,155 633 946,B01,1,7,0,2,2,2,3,
2.023E+11,155 633 943,A01,2,10,4,0,1,1,1,
2.023E+11,155 633 941,A01,2,7,6,0,2,1,1,
2.023E+11,155 633 940,A01,1,7,0,2,1,11,1,
2.023E+11,155 633 942,B01,2,7,0,2,1,1,1,
2.023E+11,155 633 938,A01,1,7,5,0,1,14,1,
2.023E+11,155 633 937,A01,2,7,0,2,3,1,1,
2.023E+11,155 633 939,B01,1,7,0,2,2,1,1,
2.023E+11,155 633 935,A01,2,17,0,2,4,1,1,
2.023E+11,155 633 936,B01,2,7,0,2,1,1,1,
2.023E+11,155 633 933,A01,3,1,0,0,0,26,5,
2.023E+11,155 633 934,A01,1,7,0,1,3,1,3,
2.023E+11,155 633 930,A01,1,7,0,2,1,2,1,
2.023E+11,155 633 932,B01,1,2,0,0,4,2,1,
2.023E+11,155 633 928,A01,1,7,13,0,1,11,0,
2.023E+11,155 633 929,A01,0,7,0,2,3,1,1,
2.023E+11,155 633 931,B01,0,7,0,2,1,26,0,
2.023E+11,155 633 926,A01,1,32,0,2,1,18,3,
2.023E+11,155 633 927,B01,1,7,0,2,5,22,2,
2.023E+11,155 633 924,A01,1,7,5,0,1,0,1,
2.023E+11,155 633 923,A01,2,7,13,0,3,1,1,
2.023E+11,155 633 922,B01,1,7,0,2,8,9,1,
2.023E+11,155 633 925,A01,2,30,0,2,1,3,1,
2.023E+11,155 633 918,Z01,2,7,0,2,5,22,0,
2.023E+11,155 633 921,A01,2,1,0,2,1,1,5,
2.023E+11,155 633 919,A01,3,7,13,0,1,0,1,
2.023E+11,155 633 916,A01,1,33,0,2,3,0,1,
2.023E+11,155 633 920,B01,1,7,0,2,3,0,1,
2.023E+11,155 633 914,C01,1,10,0,0,0,0,1,
2.023E+11,155 633 915,B01,1,33,0,2,0,0,1,
2.023E+11,155 633 917,A01,1,7,0,2,0,0,1,
2.023E+11,155 633 913,A01,1,7,0,1,1,15,1,
2.023E+11,155 633 910,A01,1,7,0,2,1,13,1,
2.023E+11,155 633 911,B01,2,7,0,2,3,1,2,
2.023E+11,155 633 909,B01,2,7,1,0,3,11,1,
2.023E+11,155 633 912,A01,1,10,0,2,3,23,1,
2.023E+11,155 633 906,A01,3,7,0,2,1,13,1,
2.023E+11,155 633 908,B01,3,7,0,2,3,1,1,
2.023E+11,155 633 907,Z01,2,7,0,1,1,1,2,
2.023E+11,155 633 904,A01,3,7,0,1,2,1,1,
2.023E+11,155 633 903,A01,2,7,3,2,2,17,1,
2.023E+11,155 633 905,B01,2,7,0,0,6,1,1,
2.023E+11,155 633 900,A01,2,7,0,2,0,15,1,
2.023E+11,155 633 902,B01,2,2,0,2,1,3,1,
2.023E+11,155 633 899,A01,1,7,0,2,2,16,1,
2.023E+11,155 633 901,B01,1,80,0,2,8,1,3,
2.023E+11,155 633 897,B01,3,99,0,2,1,1,0,
2.023E+11,155 633 898,A01,3,7,0,2,3,1,1,
2.023E+11,155 633 894,A01,2,7,2,0,2,1,1,
2.023E+11,155 633 895,A01,1,33,0,1,1,1,1,
2.023E+11,155 633 893,A01,2,7,0,2,1,2,1,
2.023E+11,155 633 896,B01,2,31,0,2,4,2,3,
2.023E+11,155 633 890,A01,1,7,1,0,1,2,1,
2.023E+11,155 633 892,B01,1,33,0,0,4,1,1,
2.023E+11,155 633 889,B01,1,33,0,2,1,13,1,
2.023E+11,155 633 891,A01,2,14,0,2,1,1,1,
2.023E+11,155 633 888,A01,2,7,0,1,1,15,1,
2.023E+11,155 633 887,A01,2,14,0,1,1,16,1,
2.023E+11,155 633 886,A01,1,33,0,0,8,1,1,
2.023E+11,155 633 884,A01,3,7,15,0,2,0,0,
2.023E+11,155 633 881,B01,1,1,0,2,7,1,5,
2.023E+11,155 633 883,Z01,1,1,0,2,7,17,5,
2.023E+11,155 633 882,B01,1,10,14,0,4,0,1,
2.023E+11,155 633 885,A01,1,7,0,2,1,2,1,
2.023E+11,155 633 877,B01,1,50,0,2,1,17,3,
2.023E+11,155 633 879,A01,1,7,0,2,8,15,1,
2.023E+11,155 633 876,A01,1,7,0,1,2,0,1,
2.023E+11,155 633 874,B01,2,7,0,2,6,2,1,
2.023E+11,155 633 878,A01,2,7,0,2,3,14,1,
2.023E+11,155 633 873,B01,2,7,0,2,3,13,1,
2.023E+11,155 633 875,A01,1,33,0,2,1,17,1,
2.023E+11,155 633 872,A01,1,10,0,1,1,1,1,
2.023E+11,155 633 870,A01,2,7,0,1,1,1,1,
2.023E+11,155 633 869,A01,1,33,0,0,7,1,1,
2.023E+11,155 633 868,A01,2,1,0,0,4,1,5,
2.023E+11,155 633 871,B01,2,7,0,9,2,2,1,
2.023E+11,155 633 866,A01,2,80,0,0,0,1,3,
2.023E+11,155 633 865,A01,2,10,0,2,3,0,0,
2.023E+11,155 633 867,B01,1,7,0,2,1,0,0,
2.023E+11,155 633 863,A01,1,7,0,1,3,17,1,
2.023E+11,155 633 862,A01,1,1,0,1,1,1,5,
2.023E+11,155 633 861,A01,1,31,0,2,2,13,1,
2.023E+11,155 633 864,B01,3,7,0,2,3,19,1,
2.023E+11,155 633 857,A01,1,32,12,0,1,26,1,
2.023E+11,155 633 858,B01,1,7,0,2,1,1,1,
2.023E+11,155 633 859,A01,2,7,0,2,1,1,1,
2.023E+11,155 633 856,A01,2,7,2,0,1,1,1,
2.023E+11,155 633 853,A01,1,33,0,2,1,2,1,
2.023E+11,155 633 854,B01,1,7,0,0,6,2,1,
2.023E+11,155 633 851,A01,1,7,0,1,2,1,1,
2.023E+11,155 633 852,B01,3,7,0,2,4,2,1,
2.023E+11,155 633 855,A01,3,7,0,2,1,2,1,
2.023E+11,155 633 849,A01,2,7,0,1,2,1,2,
2.023E+11,155 633 847,A01,2,7,0,2,3,13,1,
2.023E+11,155 633 850,B01,1,7,13,2,8,1,1,
2.023E+11,155 633 845,A01,1,7,0,1,1,1,1,
2.023E+11,155 633 839,C01,0,10,0,2,1,0,1,
2.023E+11,155 633 842,B01,3,7,0,2,4,15,1,
2.023E+11,155 633 837,E01,1,7,0,2,4,1,1,
2.023E+11,155 633 840,C01,1,10,0,2,4,1,1,
2.023E+11,155 633 841,B01,1,7,0,2,5,1,1,
2.023E+11,155 633 843,D01,1,7,0,2,4,1,1,
2.023E+11,155 633 844,A01,1,10,0,2,3,11,1,
2.023E+11,155 633 836,B01,2,2,0,2,1,1,1,
2.023E+11,155 633 838,A01,1,7,0,2,3,20,1,
2.023E+11,155 633 833,B01,2,7,0,2,3,1,1,
2.023E+11,155 633 835,A01,2,10,0,2,2,18,1,
2.023E+11,155 633 832,A01,0,3,0,2,5,1,1,
2.023E+11,155 633 834,B01,2,80,0,2,1,9,3,
2.023E+11,155 633 827,B01,2,7,0,2,1,1,1,
2.023E+11,155 633 830,C01,2,7,0,0,0,1,1,
2.023E+11,155 633 831,A01,1,7,0,2,1,13,1,
2.023E+11,155 633 826,A01,2,7,0,2,6,19,1,
2.023E+11,155 633 828,B01,2,34,0,2,1,1,1,
2.023E+11,155 633 825,A01,1,10,0,2,1,2,1,
2.023E+11,155 633 829,B01,1,7,0,2,4,1,2,
2.023E+11,155 633 822,A01,2,33,0,2,8,1,1,
2.023E+11,155 633 824,Z01,2,7,0,2,0,0,0,
2.023E+11,155 633 823,A01,2,50,0,1,1,5,3,
2.023E+11,155 633 820,A01,1,50,0,0,0,1,3,
2.023E+11,155 633 818,A01,2,7,0,2,7,1,1,
2.023E+11,155 633 821,B01,1,7,0,2,1,1,1,
2.023E+11,155 633 817,B01,3,7,0,2,1,9,0,
2.023E+11,155 633 819,A01,3,7,0,2,9,1,0,
2.023E+11,155 633 815,A01,1,10,0,2,1,0,1,
2.023E+11,155 633 816,B01,1,7,0,2,4,1,1,
2.023E+11,155 633 812,B01,2,33,0,2,8,3,1,
2.023E+11,155 633 814,A01,2,7,0,2,7,14,1,
2.023E+11,155 633 809,B01,1,43,0,2,3,1,1,
2.023E+11,155 633 811,A01,1,33,0,2,3,3,1,
2.023E+11,155 633 810,B01,2,1,0,2,3,0,5,
2.023E+11,155 633 813,A01,2,37,0,2,2,1,1,1
2.023E+11,155 633 806,B01,2,7,0,2,4,1,1,
2.023E+11,155 633 808,A01,2,7,0,2,4,1,1,
2.023E+11,155 633 805,A01,1,7,0,1,2,16,1,
2.023E+11,155 633 804,B01,2,33,0,2,7,0,1,
2.023E+11,155 633 807,A01,2,7,0,2,8,11,1,
2.023E+11,155 633 803,A01,1,7,4,0,1,1,1,
2.023E+11,155 633 799,A01,1,7,0,2,0,17,1,
2.023E+11,155 633 802,B01,1,1,0,2,7,1,5,
2.023E+11,155 633 798,A01,1,7,0,2,3,1,1,
2.023E+11,155 633 800,B01,1,34,0,2,1,3,1,
2.023E+11,155 633 801,C01,1,10,0,2,4,1,1,
2.023E+11,155 633 793,B01,2,33,0,2,4,3,1,
2.023E+11,155 633 796,C01,2,7,0,2,4,1,1,
2.023E+11,155 633 797,A01,2,7,0,2,7,12,1,
2.023E+11,155 633 788,A01,1,7,0,2,8,11,2,
2.023E+11,155 633 790,B01,1,33,0,2,7,3,1,
2.023E+11,155 633 792,C01,1,7,0,2,7,0,1,
2.023E+11,155 633 795,D01,1,34,0,2,1,1,1,
2.023E+11,155 633 789,B01,1,7,0,2,4,1,1,
2.023E+11,155 633 791,C01,1,7,0,2,4,1,1,
2.023E+11,155 633 794,A01,1,10,0,2,1,2,1,
2.023E+11,155 633 786,A01,1,31,0,2,1,3,1,
2.023E+11,155 633 787,B01,1,7,0,2,2,12,1,
2.023E+11,155 633 783,A01,1,33,0,2,1,3,1,
2.023E+11,155 633 784,C01,1,10,0,2,6,1,1,
2.023E+11,155 633 785,B01,1,7,0,2,5,1,1,
2.023E+11,155 633 780,A01,1,7,0,2,1,13,1,
2.023E+11,155 633 782,B01,1,7,0,2,1,1,1,
2.023E+11,155 633 776,A01,2,33,0,2,5,3,1,
2.023E+11,155 633 778,B01,2,7,0,2,8,11,1,
2.023E+11,155 633 777,A01,2,7,0,2,1,1,1,
2.023E+11,155 633 779,B01,2,7,0,2,4,2,1,
2.023E+11,155 633 781,C01,2,7,0,2,4,2,2,
2.023E+11,155 633 774,B01,2,80,1,0,1,2,3,
2.023E+11,155 633 775,A01,2,7,0,9,3,22,1,
2.023E+11,155 633 770,A01,2,7,0,2,4,11,1,
2.023E+11,155 633 772,B01,2,33,0,2,1,1,1,
2.023E+11,155 633 768,A01,1,10,0,2,1,2,1,
2.023E+11,155 633 771,B01,1,10,0,2,4,2,1,
2.023E+11,155 633 773,C01,1,7,0,2,4,2,1,
2.023E+11,155 633 767,B01,2,1,0,2,1,1,5,
2.023E+11,155 633 769,A01,2,15,1,0,5,24,1,
2.023E+11,155 633 764,B01,2,31,0,2,8,3,1,
2.023E+11,155 633 766,A01,1,7,0,2,7,12,1,
2.023E+11,155 633 763,Z01,1,7,0,1,1,26,0,
2.023E+11,155 633 762,A01,2,7,0,2,5,26,1,
2.023E+11,155 633 765,B01,2,34,0,2,8,26,1,
2.023E+11,155 633 757,A01,2,7,0,2,6,12,1,
2.023E+11,155 633 761,B01,2,33,0,2,1,3,1,
2.023E+11,155 633 758,A01,1,7,0,2,1,2,1,
2.023E+11,155 633 760,B01,1,7,0,2,4,2,1,
2.023E+11,155 633 756,B01,2,10,0,2,2,1,1,
2.023E+11,155 633 759,A01,2,43,0,2,6,3,1,
2.023E+11,155 633 754,A01,2,7,4,0,9,2,1,
2.023E+11,155 633 752,A01,1,15,0,2,7,21,1,
2.023E+11,155 633 755,B01,1,15,0,2,6,1,1,
2.023E+11,155 633 751,B01,3,7,0,2,4,1,1,
2.023E+11,155 633 753,A01,3,33,0,2,1,2,1,
2.023E+11,155 633 749,A01,2,7,0,1,3,1,1,
2.023E+11,155 633 750,A01,2,10,0,2,4,2,1,
2.023E+11,155 633 748,A01,2,7,13,0,9,14,1,
2.023E+11,155 633 747,A01,2,10,4,0,7,1,1,
2.023E+11,155 633 744,B01,2,7,0,2,1,1,1,
2.023E+11,155 633 746,A01,2,34,0,2,1,1,1,
2.023E+11,155 633 743,A01,2,80,0,2,1,1,3,
2.023E+11,155 633 745,B01,1,7,0,2,3,1,1,
2.023E+11,155 633 742,A01,1,7,3,0,0,1,1,
2.023E+11,155 633 738,A01,2,32,4,0,3,2,1,
2.023E+11,155 633 737,C01,0,7,0,2,3,1,1,
2.023E+11,155 633 739,B01,0,7,0,2,4,1,1,
2.023E+11,155 633 740,A01,0,7,0,2,1,1,1,
2.023E+11,155 633 735,A01,1,7,4,0,9,11,1,
2.023E+11,155 633 731,A01,2,7,0,2,2,1,3,
2.023E+11,155 633 734,B01,1,7,0,2,8,15,1,
2.023E+11,155 633 729,B01,1,7,4,2,1,1,1,
2.023E+11,155 633 730,A01,1,10,4,2,4,1,1,
2.023E+11,155 633 724,A01,1,7,0,2,2,13,1,
2.023E+11,155 633 725,B01,2,99,0,2,1,1,1,
2.023E+11,155 633 726,A01,1,7,0,1,3,15,1,
2.023E+11,155 633 721,B01,2,10,0,2,4,23,3,
2.023E+11,155 633 722,C01,2,10,0,2,4,23,1,
2.023E+11,155 633 723,A01,2,7,0,2,1,23,1,
2.023E+11,155 633 717,B01,2,7,0,0,3,26,1,
2.023E+11,155 633 719,A01,2,7,0,2,1,15,1,
2.023E+11,155 633 715,A01,2,37,0,0,1,0,1,3
2.023E+11,155 633 718,C01,2,7,0,2,4,0,1,
2.023E+11,155 633 720,B01,2,7,0,2,4,0,1,
2.023E+11,155 633 714,B01,2,7,0,2,4,11,1,
2.023E+11,155 633 716,A01,2,31,0,2,1,3,1,
2.023E+11,155 633 709,Z01,1,7,0,2,2,24,1,
2.023E+11,155 633 711,B01,1,30,1,0,1,1,1,
2.023E+11,155 633 708,A01,2,7,0,0,8,2,1,
2.023E+11,155 633 710,B01,2,7,3,2,7,17,1,
2.023E+11,155 633 705,A01,3,7,4,0,2,2,1,
2.023E+11,155 633 706,B01,1,1,0,2,1,1,5,
2.023E+11,155 633 707,A01,1,7,0,2,3,15,1,
2.023E+11,155 633 704,A01,2,30,1,0,3,1,1,
2.023E+11,155 633 702,A01,1,33,12,0,8,11,1,
2.023E+11,155 633 701,B01,1,1,0,2,1,1,5,
2.023E+11,155 633 703,A01,1,7,0,2,2,14,1,
2.023E+11,155 633 699,A01,3,32,0,0,0,1,1,
2.023E+11,155 633 697,A01,0,7,0,1,2,1,0,
2.023E+11,155 633 696,B01,2,7,0,2,1,11,1,
2.023E+11,155 633 698,A01,1,7,16,2,7,15,1,
2.023E+11,155 633 695,A01,2,50,0,1,1,1,3,
2.023E+11,155 633 688,A01,1,10,0,2,1,1,1,
2.023E+11,155 633 690,C01,1,7,0,2,6,1,1,
2.023E+11,155 633 692,B01,2,32,0,2,1,23,1,
2.023E+11,155 633 689,B01,2,7,12,0,2,21,1,
2.023E+11,155 633 694,A01,1,7,0,0,0,0,2,
2.023E+11,155 633 691,A01,2,7,0,2,8,16,1,
2.023E+11,155 633 693,B01,2,1,0,2,7,16,5,
2.023E+11,155 633 685,A01,1,99,0,0,0,15,6,
2.023E+11,155 633 684,B01,2,7,0,2,8,1,1,
2.023E+11,155 633 686,A01,2,2,0,2,1,9,1,
2.023E+11,155 633 683,B01,3,7,0,2,3,1,1,
2.023E+11,155 633 687,A01,3,7,0,2,2,19,1,
2.023E+11,155 633 680,A01,2,7,1,0,6,1,1,
2.023E+11,155 633 682,B01,2,7,0,1,1,25,1,
2.023E+11,155 633 678,A01,2,50,0,2,1,26,3,
2.023E+11,155 633 681,B01,1,7,0,9,2,9,1,
2.023E+11,155 633 677,B01,2,7,0,2,5,1,1,
2.023E+11,155 633 679,A01,2,2,0,2,3,1,1,
2.023E+11,155 633 675,B01,2,32,0,2,3,11,1,
2.023E+11,155 633 676,A01,2,7,0,2,2,1,1,
2.023E+11,155 633 673,A01,2,7,0,2,1,1,1,
2.023E+11,155 633 674,B01,2,7,0,2,4,1,1,
2.023E+11,155 633 669,A01,1,33,0,2,3,3,1,
2.023E+11,155 633 670,B01,1,7,0,2,5,1,1,
2.023E+11,155 633 672,C01,1,15,0,2,8,2,1,
2.023E+11,155 633 668,A01,1,7,1,2,1,1,1,
2.023E+11,155 633 671,B01,1,7,1,2,8,1,1,
2.023E+11,155 633 666,A01,1,7,0,2,3,19,0,
2.023E+11,155 633 667,B01,2,15,0,2,2,19,1,
2.023E+11,155 633 663,B01,3,32,0,2,1,1,1,
2.023E+11,155 633 665,A01,3,7,0,2,1,16,0,
2.023E+11,155 633 660,A01,0,7,1,0,9,1,1,
2.023E+11,155 633 661,A01,2,7,0,2,7,16,1,
2.023E+11,155 633 664,B01,2,50,0,2,2,21,3,
2.023E+11,155 633 656,A01,3,7,9,0,1,1,1,
2.023E+11,155 633 654,A01,1,37,0,1,2,5,1,1
2.023E+11,155 633 653,A01,1,7,0,2,3,10,0,
2.023E+11,155 633 655,B01,2,7,0,2,2,13,0,
2.023E+11,155 633 651,A01,2,7,7,0,1,14,1,
2.023E+11,155 633 648,A01,3,7,0,2,1,19,1,
2.023E+11,155 633 650,B01,3,7,7,2,9,1,0,
2.023E+11,155 633 644,A01,1,7,0,2,3,1,1,
2.023E+11,155 633 647,B01,1,2,0,2,1,1,1,
2.023E+11,155 633 642,A01,2,7,0,2,1,15,1,
2.023E+11,155 633 645,B01,1,7,0,2,6,1,0,
2.023E+11,155 633 646,C01,1,7,0,2,0,0,0,
2.023E+11,155 633 641,A01,0,33,0,0,0,1,1,
2.023E+11,155 633 640,A01,1,7,0,2,4,2,1,
2.023E+11,155 633 643,B01,1,10,0,1,4,2,1,
2.023E+11,155 633 634,Z01,1,10,0,2,0,0,0,
2.023E+11,155 633 638,A01,1,1,0,2,8,17,5,
2.023E+11,155 633 636,A01,1,1,12,0,1,25,5,
2.023E+11,155 633 635,A01,0,33,0,2,1,18,0,
2.023E+11,155 633 639,B01,0,30,0,0,4,14,1,
2.023E+11,155 633 633,B01,1,10,0,2,2,2,6,