Num_Acc,id_vehicule,num_veh,senc,catv,obs,obsm,choc,manv,motor,occutc
2.023E+11,155 633 637,A01,1,50,0,2,1,2,3,
2.023E+11,155 633 630,B01,1,30,0,2,1,1,1,
2.023E+11,155 633 632,A01,2,7,0,2,1,1,1,
2.023E+11,155 633 628,A01,2,7,0,2,3,15,0,
2.023E+11,155 633 631,B01,1,31,0,2,3,1,0,
2.023E+11,155 633 629,A01,2,7,0,1,1,1,0,
2.023E+11,155 633 625,A01,1,50,0,2,1,1,3,
2.023E+11,155 633 626,B01,1,50,0,2,1,1,3,
2.023E+11,155 633 624,B01,1,7,0,2,2,1,1,
2.023E+11,155 633 627,A01,1,1,0,2,1,9,5,
2.023E+11,155 633 621,A01,1,17,4,0,2,14,1,
2.023E+11,155 633 623,B01,1,7,0,9,1,2,1,
2.023E+11,155 633 620,A01,2,7,0,2,6,4,1,
2.023E+11,155 633 622,B01,1,7,0,2,1,1,1,
2.023E+11,155 633 617,A01,1,7,0,2,7,1,1,
2.023E+11,155 633 619,B01,2,7,0,2,1,1,1,
2.023E+11,155 633 615,B01,1,33,0,2,1,1,1,
2.023E+11,155 633 618,A01,2,7,0,2,1,15,1,
2.023E+11,155 633 616,A01,2,7,0,1,1,1,1,
2.023E+11,155 633 613,A01,2,1,0,0,7,0,5,
2.023E+11,155 633 612,A01,1,7,15,0,1,0,1,
2.023E+11,155 633 611,A01,1,41,0,0,7,26,1,
2.023E+11,155 633 607,B01,3,7,0,2,3,15,1,
2.023E+11,155 633 610,A01,1,33,0,2,1,1,1,
2.023E+11,155 633 606,A01,3,7,0,1,2,0,1,
2.023E+11,155 633 605,A01,1,2,0,2,1,2,1,
2.023E+11,155 633 608,B01,1,7,0,2,4,1,1,
2.023E+11,155 633 600,C01,2,1,0,2,1,0,5,
2.023E+11,155 633 603,A01,1,31,0,2,1,26,1,
2.023E+11,155 633 604,B01,2,1,0,2,1,5,5,
2.023E+11,155 633 601,A01,1,33,0,0,9,1,1,
2.023E+11,155 633 595,A01,1,7,0,2,2,1,1,
2.023E+11,155 633 598,B01,1,7,0,2,8,15,1,
2.023E+11,155 633 596,A01,3,7,0,1,2,1,1,
2.023E+11,155 633 597,C01,1,7,0,2,4,2,1,
2.023E+11,155 633 599,B01,1,7,0,2,1,2,1,
2.023E+11,155 633 602,A01,1,7,0,2,1,2,1,
2.023E+11,155 633 593,A01,1,7,0,1,1,1,1,
2.023E+11,155 633 592,B01,3,10,0,2,2,1,1,
2.023E+11,155 633 594,A01,3,7,0,2,1,15,1,
2.023E+11,155 633 589,A01,1,7,6,0,0,26,1,
2.023E+11,155 633 587,A01,2,33,13,0,1,14,1,
2.023E+11,155 633 586,A01,2,31,0,2,1,11,1,
2.023E+11,155 633 590,B01,2,7,0,0,5,1,1,
2.023E+11,155 633 588,A01,3,7,0,2,1,19,1,
2.023E+11,155 633 591,B01,3,1,0,2,7,1,5,
2.023E+11,155 633 585,A01,2,7,15,0,1,21,1,
2.023E+11,155 633 583,A01,0,2,0,2,1,13,1,
2.023E+11,155 633 584,B01,3,7,0,2,2,16,1,
2.023E+11,155 633 578,A01,1,7,0,2,1,1,1,
2.023E+11,155 633 580,B01,1,7,0,2,1,1,1,
2.023E+11,155 633 582,C01,2,7,0,2,4,1,1,
2.023E+11,155 633 572,C01,1,7,0,0,0,1,1,
2.023E+11,155 633 576,B01,1,7,0,2,4,1,1,
2.023E+11,155 633 579,A01,1,7,0,2,1,2,1,
2.023E+11,155 633 574,A01,1,7,0,2,1,15,1,
2.023E+11,155 633 577,B01,2,50,0,2,1,1,3,
2.023E+11,155 633 573,A01,1,7,0,2,2,13,1,
2.023E+11,155 633 575,B01,1,7,0,2,6,1,1,
2.023E+11,155 633 581,C01,1,7,0,2,5,1,3,
2.023E+11,155 633 569,A01,2,7,3,0,2,14,1,
2.023E+11,155 633 567,A01,3,10,0,2,3,1,1,
2.023E+11,155 633 570,B01,3,7,0,2,3,1,1,
2.023E+11,155 633 566,B01,3,7,0,2,6,1,1,
2.023E+11,155 633 571,A01,3,15,0,2,7,9,1,
2.023E+11,155 633 565,A01,3,33,0,2,5,18,1,
2.023E+11,155 633 568,B01,3,14,0,2,2,1,1,
2.023E+11,155 633 561,B01,3,50,0,2,7,1,3,
2.023E+11,155 633 564,A01,1,7,0,2,1,1,1,
2.023E+11,155 633 562,A01,1,7,0,1,2,1,1,
2.023E+11,155 633 563,A01,3,30,8,0,1,13,1,
2.023E+11,155 633 558,A01,3,7,1,0,1,1,1,
2.023E+11,155 633 559,A01,1,1,0,2,4,9,5,
2.023E+11,155 633 560,B01,1,7,0,2,1,1,3,
2.023E+11,155 633 556,A01,2,7,2,0,1,1,1,
2.023E+11,155 633 554,A01,1,7,12,2,3,16,1,
2.023E+11,155 633 555,A01,1,1,0,1,1,1,5,
2.023E+11,155 633 553,A01,1,7,0,2,5,0,1,
2.023E+11,155 633 557,B01,1,10,0,2,3,0,1,
2.023E+11,155 633 551,B01,1,50,0,2,8,2,3,
2.023E+11,155 633 552,A01,1,7,0,2,5,16,2,
2.023E+11,155 633 547,A01,1,7,0,1,5,0,1,
2.023E+11,155 633 548,A01,1,1,0,2,4,15,5,
2.023E+11,155 633 550,Z01,1,7,0,2,0,2,0,
2.023E+11,155 633 545,Z01,1,7,12,1,1,15,1,
2.023E+11,155 633 540,A01,2,1,1,0,1,1,5,
2.023E+11,155 633 543,B01,2,7,1,0,3,16,2,
2.023E+11,155 633 538,B01,2,7,0,2,3,1,1,
2.023E+11,155 633 542,A01,1,7,0,2,3,15,1,
2.023E+11,155 633 537,B01,1,7,0,2,1,5,1,
2.023E+11,155 633 539,A01,2,7,0,2,1,5,1,
2.023E+11,155 633 532,A01,3,7,0,1,4,20,1,
2.023E+11,155 633 530,A01,3,30,0,2,1,15,1,
2.023E+11,155 633 533,B01,3,33,0,2,3,1,1,
2.023E+11,155 633 534,A01,1,80,0,0,7,1,3,
2.023E+11,155 633 529,B01,2,1,14,0,0,0,5,
2.023E+11,155 633 531,A01,2,7,14,0,2,2,0,
2.023E+11,155 633 527,A01,1,7,0,1,8,2,2,
2.023E+11,155 633 524,B01,3,7,0,2,6,2,1,
2.023E+11,155 633 528,A01,3,7,0,2,2,2,1,
2.023E+11,155 633 522,A01,2,7,0,2,3,15,1,
2.023E+11,155 633 525,B01,2,33,0,2,1,1,1,
2.023E+11,155 633 520,Z01,1,7,0,2,1,1,1,
2.023E+11,155 633 521,A01,1,7,0,2,4,23,1,
2.023E+11,155 633 518,B01,2,7,0,2,4,2,0,
2.023E+11,155 633 519,A01,2,7,0,2,1,2,0,
2.023E+11,155 633 523,A01,3,7,0,2,3,15,1,
2.023E+11,155 633 526,B01,3,7,0,2,3,1,1,
2.023E+11,155 633 517,A01,2,7,14,0,7,1,1,
2.023E+11,155 633 515,A01,1,7,0,2,7,17,1,
2.023E+11,155 633 516,B01,1,32,0,2,8,1,1,
2.023E+11,155 633 514,A01,0,31,16,0,8,15,1,
2.023E+11,155 633 507,B01,1,7,0,2,8,1,1,
2.023E+11,155 633 511,A01,2,7,0,2,2,15,1,
2.023E+11,155 633 508,A01,1,10,0,2,8,22,1,
2.023E+11,155 633 513,B01,1,1,1,0,3,2,5,
2.023E+11,155 633 509,B01,0,1,0,2,4,1,5,
2.023E+11,155 633 510,A01,0,43,0,2,1,18,1,
2.023E+11,155 633 506,A01,1,7,0,2,1,1,1,
2.023E+11,155 633 512,B01,2,7,0,2,1,1,1,
2.023E+11,155 633 502,A01,1,7,3,0,1,13,0,
2.023E+11,155 633 504,B01,2,7,0,2,1,0,3,
2.023E+11,155 633 499,A01,3,7,0,2,2,26,0,
2.023E+11,155 633 505,B01,1,7,0,0,3,1,1,
2.023E+11,155 633 500,A01,1,1,0,2,1,2,5,
2.023E+11,155 633 503,B01,2,1,0,2,1,1,5,
2.023E+11,155 633 498,A01,3,2,0,2,4,1,1,
2.023E+11,155 633 501,B01,3,7,0,2,2,0,1,
2.023E+11,155 633 495,B01,2,33,0,0,0,0,0,
2.023E+11,155 633 497,A01,1,7,0,2,8,10,0,
2.023E+11,155 633 493,A01,2,30,0,2,1,2,1,
2.023E+11,155 633 496,B01,2,7,0,2,4,2,1,
2.023E+11,155 633 490,A01,3,7,0,2,3,1,1,
2.023E+11,155 633 492,B01,3,50,0,2,1,26,3,
2.023E+11,155 633 487,A01,2,7,15,1,1,16,1,
2.023E+11,155 633 489,B01,3,7,0,2,7,1,1,
2.023E+11,155 633 494,A01,3,7,0,2,1,1,1,
2.023E+11,155 633 486,A01,2,7,0,1,1,19,1,
2.023E+11,155 633 484,A01,3,7,0,2,1,15,1,
2.023E+11,155 633 485,B01,0,7,0,2,3,1,1,
2.023E+11,155 633 483,A01,1,7,0,1,7,9,1,
2.023E+11,155 633 482,A01,3,7,0,1,1,1,1,
2.023E+11,155 633 480,A01,3,7,6,0,1,1,1,
2.023E+11,155 633 479,A01,0,7,0,2,1,1,1,
2.023E+11,155 633 481,B01,3,7,0,2,3,16,1,
2.023E+11,155 633 476,B01,1,10,0,2,1,15,1,
2.023E+11,155 633 478,A01,2,2,0,2,1,1,1,
2.023E+11,155 633 475,A01,2,7,0,2,3,15,1,
2.023E+11,155 633 477,B01,1,1,0,2,1,1,5,
2.023E+11,155 633 474,A01,0,7,0,1,2,1,2,
2.023E+11,155 633 472,A01,1,7,8,0,3,1,1,
2.023E+11,155 633 471,A01,0,7,0,2,1,1,1,
2.023E+11,155 633 473,B01,0,7,0,2,2,1,2,
2.023E+11,155 633 470,A01,3,7,8,0,1,2,1,
2.023E+11,155 633 468,A01,0,2,0,0,0,0,0,
2.023E+11,155 633 469,A01,1,7,0,1,1,1,1,
2.023E+11,155 633 466,B01,1,50,0,0,4,1,3,
2.023E+11,155 633 467,A01,3,7,0,2,1,1,1,
2.023E+11,155 633 463,A01,3,7,0,2,8,10,1,
2.023E+11,155 633 465,B01,3,31,0,2,1,21,1,
2.023E+11,155 633 462,A01,3,37,1,0,1,2,1,2
2.023E+11,155 633 464,B01,3,37,0,2,4,24,1,1
2.023E+11,155 633 459,B01,1,7,0,2,6,1,1,
2.023E+11,155 633 461,A01,1,10,0,2,2,2,1,
2.023E+11,155 633 458,A01,2,7,0,2,2,1,1,
2.023E+11,155 633 460,B01,1,7,0,2,1,1,1,
2.023E+11,155 633 457,A01,1,1,0,0,0,1,5,
2.023E+11,155 633 455,A01,0,7,13,0,3,1,1,
2.023E+11,155 633 454,A01,2,7,13,0,8,1,1,
2.023E+11,155 633 453,A01,1,7,0,2,1,2,1,
2.023E+11,155 633 456,B01,1,30,0,2,4,1,1,
2.023E+11,155 633 451,A01,1,7,0,9,2,2,0,
2.023E+11,155 633 452,B01,1,1,0,2,0,1,5,
2.023E+11,155 633 449,A01,1,7,6,0,2,14,1,
2.023E+11,155 633 447,A01,2,33,0,0,9,1,1,
2.023E+11,155 633 448,B01,2,33,0,2,2,0,1,
2.023E+11,155 633 450,A01,1,2,0,2,1,9,1,
2.023E+11,155 633 446,A01,1,31,0,9,1,1,1,
2.023E+11,155 633 443,A01,1,7,0,0,3,15,1,
2.023E+11,155 633 445,B01,2,31,0,0,0,1,1,
2.023E+11,155 633 442,B01,1,7,13,2,6,1,1,
2.023E+11,155 633 444,A01,1,7,0,2,2,1,1,
2.023E+11,155 633 440,B01,1,33,0,0,1,1,1,
2.023E+11,155 633 441,A01,2,10,0,0,7,19,1,
2.023E+11,155 633 439,A01,1,7,0,1,1,16,1,
2.023E+11,155 633 436,A01,1,7,0,2,4,2,1,
2.023E+11,155 633 437,B01,1,7,0,2,1,2,1,
2.023E+11,155 633 438,C01,1,7,0,2,4,2,1,
2.023E+11,155 633 434,A01,3,7,0,9,1,26,1,
2.023E+11,155 633 435,B01,3,50,0,2,7,1,3,
2.023E+11,155 633 432,A01,2,7,0,2,2,15,0,
2.023E+11,155 633 433,B01,1,32,0,2,1,1,1,
2.023E+11,155 633 430,A01,1,7,0,1,7,1,1,
2.023E+11,155 633 427,A01,1,2,0,2,1,2,0,
2.023E+11,155 633 428,B01,1,13,0,0,4,2,0,
2.023E+11,155 633 426,Z01,2,0,0,1,0,0,0,
2.023E+11,155 633 425,A01,1,7,15,0,3,13,1,
2.023E+11,155 633 422,B01,2,7,0,2,4,1,1,
2.023E+11,155 633 424,A01,2,10,0,2,1,2,1,
2.023E+11,155 633 421,A01,2,7,0,2,8,1,1,
2.023E+11,155 633 423,B01,1,31,0,2,8,5,1,
2.023E+11,155 633 418,A01,2,7,0,9,2,1,0,
2.023E+11,155 633 420,B01,1,31,0,2,2,5,1,
2.023E+11,155 633 419,A01,2,7,0,1,8,1,1,
2.023E+11,155 633 416,A01,1,7,13,2,1,5,1,
2.023E+11,155 633 417,B01,2,10,0,2,8,1,1,
2.023E+11,155 633 415,A01,3,7,8,0,1,1,1,
2.023E+11,155 633 413,A01,1,7,0,2,3,15,0,
2.023E+11,155 633 414,B01,1,33,0,2,2,17,0,
2.023E+11,155 633 411,A01,2,7,0,0,0,20,1,
2.023E+11,155 633 412,B01,2,1,6,0,1,1,5,
2.023E+11,155 633 407,A01,3,7,0,2,1,13,1,
2.023E+11,155 633 409,B01,3,7,0,2,1,1,1,
2.023E+11,155 633 410,C01,3,7,0,2,1,2,1,
2.023E+11,155 633 404,A01,1,33,0,2,1,1,1,
2.023E+11,155 633 405,B01,1,7,0,2,4,1,0,
2.023E+11,155 633 406,A01,2,7,0,2,8,13,2,
2.023E+11,155 633 408,B01,2,7,0,2,7,17,1,
2.023E+11,155 633 402,A01,2,7,0,2,1,1,1,
2.023E+11,155 633 403,B01,1,7,0,2,3,1,1,
2.023E+11,155 633 401,A01,3,33,0,0,0,1,1,
2.023E+11,155 633 399,A01,1,7,2,0,3,1,1,
2.023E+11,155 633 397,A01,0,7,0,2,1,2,1,
2.023E+11,155 633 398,B01,3,7,0,2,4,23,1,
2.023E+11,155 633 400,C01,0,7,0,2,4,23,1,
2.023E+11,155 633 395,A01,1,10,13,0,2,1,1,
2.023E+11,155 633 393,A01,1,7,0,1,1,1,1,
2.023E+11,155 633 392,A01,2,7,0,2,1,1,1,
2.023E+11,155 633 394,B01,2,3,0,2,4,15,1,
2.023E+11,155 633 391,A01,3,33,0,0,5,0,1,
2.023E+11,155 633 390,A01,2,80,0,0,1,16,3,
2.023E+11,155 633 389,A01,0,1,9,0,1,1,5,
2.023E+11,155 633 387,A01,2,7,0,1,1,2,1,
2.023E+11,155 633 386,A01,1,33,3,0,8,1,1,
2.023E+11,155 633 383,A01,1,50,0,0,0,1,3,
2.023E+11,155 633 381,B01,1,7,0,2,2,15,1,
2.023E+11,155 633 382,A01,3,1,0,2,1,19,5,
2.023E+11,155 633 380,Z01,3,13,0,2,0,0,0,
2.023E+11,155 633 384,A01,3,7,0,2,6,0,1,
2.023E+11,155 633 379,A01,1,33,13,0,1,1,1,
2.023E+11,155 633 378,A01,3,33,14,0,1,1,1,
2.023E+11,155 633 375,C01,1,7,0,2,1,2,1,
2.023E+11,155 633 376,A01,1,7,0,2,1,2,1,
2.023E+11,155 633 377,B01,1,10,0,2,4,2,0,
2.023E+11,155 633 373,A01,2,7,0,2,1,5,1,
2.023E+11,155 633 374,B01,1,7,0,2,6,1,1,
2.023E+11,155 633 372,A01,1,7,0,6,1,1,1,
2.023E+11,155 633 369,A01,3,33,6,0,1,0,0,
2.023E+11,155 633 368,A01,3,7,0,2,1,15,1,
2.023E+11,155 633 371,B01,2,1,0,2,7,1,5,
2.023E+11,155 633 367,A01,3,7,0,2,1,2,1,
2.023E+11,155 633 370,B01,3,7,0,2,4,2,1,
2.023E+11,155 633 364,B01,3,60,0,2,2,1,5,
2.023E+11,155 633 366,A01,3,7,0,2,2,1,0,
2.023E+11,155 633 362,A01,2,7,0,2,8,19,1,
2.023E+11,155 633 365,B01,1,33,0,2,3,1,1,
2.023E+11,155 633 363,A01,1,7,1,1,1,1,1,
2.023E+11,155 633 360,A01,3,7,0,1,1,1,0,
2.023E+11,155 633 358,A01,0,7,0,9,1,15,1,
2.023E+11,155 633 361,B01,0,33,0,0,3,1,1,
2.023E+11,155 633 357,A01,1,7,0,2,8,11,1,
2.023E+11,155 633 359,B01,1,30,0,2,7,3,3,
2.023E+11,155 633 355,A01,2,7,13,0,1,0,1,
2.023E+11,155 633 354,B01,1,50,0,2,7,1,3,
2.023E+11,155 633 356,A01,3,7,0,2,3,9,1,
2.023E+11,155 633 353,Z01,3,7,0,1,2,1,1,
2.023E+11,155 633 351,A01,1,7,1,0,2,14,1,
2.023E+11,155 633 350,B01,2,7,0,2,3,1,1,
2.023E+11,155 633 352,A01,2,7,0,2,1,1,1,
2.023E+11,155 633 348,A01,2,40,0,1,1,1,3,
2.023E+11,155 633 346,B01,3,2,0,2,6,1,1,
2.023E+11,155 633 349,A01,3,33,0,2,3,1,1,
2.023E+11,155 633 345,A01,3,7,0,2,1,19,1,
2.023E+11,155 633 347,B01,2,7,0,2,7,1,1,
2.023E+11,155 633 344,A01,2,7,0,1,3,1,1,
2.023E+11,155 633 342,A01,1,7,16,0,0,15,1,
2.023E+11,155 633 343,A01,2,37,0,1,2,1,4,1
2.023E+11,155 633 339,B01,3,7,0,2,1,1,1,
2.023E+11,155 633 341,A01,3,7,0,2,1,11,1,
2.023E+11,155 633 338,A01,2,32,0,1,1,21,1,
2.023E+11,155 633 337,A01,0,7,0,2,3,1,1,
2.023E+11,155 633 340,B01,3,7,0,2,3,13,1,
2.023E+11,155 633 334,A01,2,32,0,0,1,0,1,
2.023E+11,155 633 335,B01,1,1,0,2,7,2,5,
2.023E+11,155 633 336,A01,1,7,0,2,3,2,1,
2.023E+11,155 633 331,A01,1,1,0,2,6,13,5,
2.023E+11,155 633 333,B01,2,80,0,2,3,1,3,
2.023E+11,155 633 330,A01,0,7,0,1,2,2,1,
2.023E+11,155 633 329,B01,1,15,0,2,1,1,1,
2.023E+11,155 633 332,A01,0,7,0,2,8,9,1,
2.023E+11,155 633 327,A01,1,33,0,1,1,17,1,
2.023E+11,155 633 326,A01,1,30,0,2,1,1,3,
2.023E+11,155 633 328,B01,1,1,0,2,4,1,5,
2.023E+11,155 633 323,A01,1,33,6,0,1,1,1,
2.023E+11,155 633 322,A01,1,7,0,1,2,1,1,
2.023E+11,155 633 321,A01,1,1,12,0,8,13,5,
2.023E+11,155 633 319,A01,2,7,0,2,1,13,1,
2.023E+11,155 633 320,B01,1,7,0,2,3,1,1,
2.023E+11,155 633 312,A01,1,7,0,2,1,2,1,
2.023E+11,155 633 316,B01,1,7,0,2,4,1,1,
2.023E+11,155 633 318,C01,1,7,0,2,4,2,1,
2.023E+11,155 633 314,A01,1,10,0,2,7,15,1,
2.023E+11,155 633 317,B01,2,33,0,2,1,1,1,
2.023E+11,155 633 310,A01,1,7,0,1,1,1,1,
2.023E+11,155 633 307,A01,1,10,0,2,3,24,0,
2.023E+11,155 633 309,B01,1,1,0,2,2,26,5,
2.023E+11,155 633 306,C01,1,50,0,2,5,1,3,
2.023E+11,155 633 308,A01,1,7,0,2,3,1,0,
2.023E+11,155 633 311,B01,1,50,0,2,5,1,3,
2.023E+11,155 633 305,A01,1,7,4,0,1,15,1,
2.023E+11,155 633 303,A01,3,7,0,1,1,15,1,
2.023E+11,155 633 301,B01,1,7,0,2,1,1,1,
2.023E+11,155 633 304,A01,1,10,0,2,5,1,1,
2.023E+11,155 633 300,A01,2,10,0,2,1,15,3,
2.023E+11,155 633 302,B01,1,33,0,2,1,1,1,
2.023E+11,155 633 297,A01,2,7,0,2,5,12,0,
2.023E+11,155 633 299,B01,2,30,0,2,1,1,0,
2.023E+11,155 633 296,A01,2,7,0,2,2,15,1,
2.023E+11,155 633 298,B01,1,33,0,2,1,1,1,
2.023E+11,155 633 294,A01,3,7,0,2,1,5,1,
2.023E+11,155 633 295,B01,3,7,0,2,1,1,1,
2.023E+11,155 633 291,A01,2,13,0,2,2,2,1,
2.023E+11,155 633 293,B01,3,37,0,2,0,0,1,1
2.023E+11,155 633 290,B01,1,7,0,2,3,1,1,
2.023E+11,155 633 292,A01,1,2,0,2,1,19,1,
2.023E+11,155 633 288,A01,2,7,0,1,4,20,1,
2.023E+11,155 633 285,C01,2,7,0,2,4,2,1,
2.023E+11,155 633 286,A01,2,7,0,2,1,2,1,
2.023E+11,155 633 289,B01,2,7,0,2,1,2,1,
2.023E+11,155 633 282,A01,1,99,1,0,1,26,0,
2.023E+11,155 633 284,B01,2,10,0,2,7,24,1,
2.023E+11,155 633 283,A01,3,7,0,2,2,17,3,
2.023E+11,155 633 287,B01,3,33,0,2,8,13,1,
2.023E+11,155 633 281,A01,1,31,9,0,1,1,1,
2.023E+11,155 633 279,A01,1,33,0,0,7,21,1,
2.023E+11,155 633 278,B01,1,33,0,2,1,1,1,
2.023E+11,155 633 280,A01,2,7,0,2,3,13,1,
2.023E+11,155 633 277,A01,1,7,0,1,2,1,1,
2.023E+11,155 633 274,A01,2,7,0,9,8,1,1,
2.023E+11,155 633 276,B01,2,1,0,2,7,2,5,
2.023E+11,155 633 272,A01,0,21,0,2,3,16,1,
2.023E+11,155 633 275,B01,1,7,0,2,2,1,1,
2.023E+11,155 633 271,A01,3,7,0,2,3,1,2,
2.023E+11,155 633 273,B01,3,1,0,2,7,1,5,
2.023E+11,155 633 269,A01,2,7,0,1,8,15,1,
2.023E+11,155 633 268,A01,2,7,0,9,3,19,3,
2.023E+11,155 633 270,B01,3,1,0,2,6,19,5,
2.023E+11,155 633 264,A01,1,7,13,0,2,14,1,
2.023E+11,155 633 265,B01,3,7,0,2,3,15,1,
2.023E+11,155 633 267,A01,2,2,0,2,7,1,1,
2.023E+11,155 633 263,B01,3,7,0,2,3,1,1,
2.023E+11,155 633 266,A01,3,7,0,2,3,1,1,
2.023E+11,155 633 262,A01,3,2,0,0,7,16,1,
2.023E+11,155 633 261,A01,3,7,9,0,1,15,1,
2.023E+11,155 633 260,A01,2,7,0,0,1,0,1,
2.023E+11,155 633 257,B01,0,7,0,2,5,1,1,
2.023E+11,155 633 259,A01,1,1,0,2,1,2,5,
2.023E+11,155 633 255,A01,1,7,0,1,1,1,0,
2.023E+11,155 633 253,A01,1,7,9,0,1,14,1,
2.023E+11,155 633 252,A01,2,10,0,2,3,13,1,
2.023E+11,155 633 254,B01,1,7,0,2,3,1,1,
2.023E+11,155 633 250,A01,3,7,0,1,3,15,1,
2.023E+11,155 633 249,A01,3,7,2,2,0,5,1,
2.023E+11,155 633 251,B01,3,7,0,2,1,2,1,
2.023E+11,155 633 246,A01,1,7,8,0,1,1,2,
2.023E+11,155 633 245,A01,1,33,0,2,1,1,1,
2.023E+11,155 633 247,B01,3,7,0,2,3,15,1,
2.023E+11,155 633 248,A01,1,7,0,1,6,16,1,
2.023E+11,155 633 241,A01,2,33,0,2,1,1,1,
2.023E+11,155 633 243,B01,2,7,0,2,5,1,1,
2.023E+11,155 633 240,A01,3,33,0,0,8,1,1,
2.023E+11,155 633 238,A01,3,2,12,0,2,1,1,
2.023E+11,155 633 236,D01,1,7,0,9,1,0,1,
2.023E+11,155 633 239,A01,1,10,0,2,1,1,1,
2.023E+11,155 633 242,B01,1,7,0,0,4,23,1,
2.023E+11,155 633 244,C01,1,7,0,2,1,2,1,
2.023E+11,155 633 235,A01,1,7,0,2,3,1,1,
2.023E+11,155 633 237,B01,1,7,0,2,8,15,1,
2.023E+11,155 633 234,A01,1,7,17,0,4,1,1,
2.023E+11,155 633 233,A01,2,7,13,0,1,17,1,
2.023E+11,155 633 231,A01,1,33,0,0,7,0,1,
2.023E+11,155 633 232,A01,1,7,2,0,1,9,3,
2.023E+11,155 633 230,A01,1,33,13,0,0,17,1,
2.023E+11,155 633 229,A01,2,33,1,0,1,1,1,
2.023E+11,155 633 227,A01,1,36,13,0,2,1,1,
2.023E+11,155 633 225,A01,1,33,6,0,1,1,1,
2.023E+11,155 633 223,A01,3,2,0,2,1,13,1,
2.023E+11,155 633 224,B01,3,7,0,2,2,1,1,
2.023E+11,155 633 226,B01,1,10,0,2,3,1,1,
2.023E+11,155 633 228,A01,2,10,0,2,3,11,1,
2.023E+11,155 633 221,A01,1,7,0,2,3,15,1,
2.023E+11,155 633 222,B01,2,33,0,2,6,1,1,
2.023E+11,155 633 219,A01,1,7,2,0,0,21,1,
2.023E+11,155 633 220,A01,1,7,1,1,3,1,6,
2.023E+11,155 633 218,A01,1,7,13,0,1,14,1,
2.023E+11,155 633 217,A01,3,10,2,0,2,0,1,
2.023E+11,155 633 216,A01,1,7,0,1,1,1,1,
2.023E+11,155 633 214,A01,1,7,0,2,1,17,6,
2.023E+11,155 633 215,B01,2,33,0,2,1,1,0,
2.023E+11,155 633 213,A01,2,7,2,0,8,1,1,
2.023E+11,155 633 210,A01,1,14,0,2,2,1,1,
2.023E+11,155 633 212,B01,3,1,0,2,3,16,5,
2.023E+11,155 633 211,A01,1,7,2,0,8,17,1,
2.023E+11,155 633 207,B01,2,17,0,2,6,0,0,
2.023E+11,155 633 208,C01,2,17,0,2,6,0,6,
2.023E+11,155 633 209,A01,2,7,0,2,2,0,0,
2.023E+11,155 633 205,A01,3,7,0,1,1,1,1,
2.023E+11,155 633 201,A01,1,7,2,0,3,19,1,
2.023E+11,155 633 198,A01,2,7,4,0,6,1,1,
2.023E+11,155 633 199,B01,2,7,4,2,2,2,1,
2.023E+11,155 633 197,A01,1,7,2,0,3,1,1,
2.023E+11,155 633 192,A01,2,7,0,1,2,16,1,
2.023E+11,155 633 189,F01,1,7,0,2,2,2,2,
2.023E+11,155 633 190,G01,1,10,0,2,3,2,1,
2.023E+11,155 633 191,A01,1,7,0,2,4,2,1,
2.023E+11,155 633 193,B01,1,7,0,2,1,2,1,
2.023E+11,155 633 194,C01,1,7,0,2,4,2,1,
2.023E+11,155 633 195,D01,1,7,0,2,1,12,1,
2.023E+11,155 633 196,E01,1,10,0,2,4,2,1,
2.023E+11,155 633 188,A01,1,7,0,0,8,1,1,
2.023E+11,155 633 187,A01,2,33,13,0,9,1,1,
2.023E+11,155 633 186,A01,1,7,10,0,1,14,1,
2.023E+11,155 633 185,A01,1,33,0,0,7,1,1,
2.023E+11,155 633 184,A01,1,10,16,0,9,13,1,
2.023E+11,155 633 183,A01,2,7,8,0,1,1,1,
2.023E+11,155 633 180,A01,1,7,2,0,1,1,1,
2.023E+11,155 633 181,B01,2,1,16,2,4,1,5,
2.023E+11,155 633 182,A01,2,37,0,9,2,1,1,1
2.023E+11,155 633 179,A01,3,36,6,0,1,0,3,
2.023E+11,155 633 175,B01,2,7,0,0,2,2,1,
2.023E+11,155 633 177,A01,2,32,0,0,6,23,1,
2.023E+11,155 633 176,B01,2,7,0,2,1,1,0,
2.023E+11,155 633 178,A01,2,7,0,2,2,19,0,
2.023E+11,155 633 173,A01,1,33,0,2,1,17,1,
2.023E+11,155 633 174,B01,1,7,0,2,6,15,3,
2.023E+11,155 633 169,A01,1,7,0,2,1,1,0,
2.023E+11,155 633 172,B01,1,7,0,2,4,1,0,
2.023E+11,155 633 170,A01,3,7,0,9,3,1,0,
2.023E+11,155 633 171,B01,3,1,0,2,3,15,5,
2.023E+11,155 633 166,A01,1,7,0,1,2,17,1,
2.023E+11,155 633 167,B01,1,1,0,2,8,11,5,
2.023E+11,155 633 168,A01,2,7,13,0,1,1,1,
2.023E+11,155 633 165,A01,2,33,0,0,8,1,0,
2.023E+11,155 633 162,A01,2,33,0,2,1,1,1,
2.023E+11,155 633 163,B01,1,7,0,2,7,19,1,
2.023E+11,155 633 159,B01,1,7,0,2,3,1,1,
2.023E+11,155 633 160,A01,2,31,0,2,3,5,1,
2.023E+11,155 633 161,A01,2,7,0,2,3,1,1,