Num_Acc,id_vehicule,num_veh,senc,catv,obs,obsm,choc,manv,motor,occutc
2.023E+11,155 630 838,A01,1,7,0,1,3,15,1,
2.023E+11,155 630 837,B01,2,7,0,2,4,2,1,
2.023E+11,155 630 840,A01,2,7,0,2,1,2,1,
2.023E+11,155 630 832,B01,1,7,0,2,0,0,1,
2.023E+11,155 630 834,A01,1,7,0,2,1,2,2,
2.023E+11,155 630 833,A01,2,7,0,2,3,13,1,
2.023E+11,155 630 835,B01,1,15,0,2,3,0,1,
2.023E+11,155 630 831,A01,1,10,8,0,1,1,1,
2.023E+11,155 630 830,A01,2,7,0,2,5,23,1,
2.023E+11,155 630 836,B01,2,7,0,2,3,2,1,
2.023E+11,155 630 827,A01,1,7,0,1,4,4,1,
2.023E+11,155 630 825,A01,2,10,13,0,1,1,1,
2.023E+11,155 630 824,A01,0,1,0,1,1,1,5,
2.023E+11,155 630 823,D01,2,7,0,2,4,2,1,
2.023E+11,155 630 826,C01,2,7,0,2,4,2,1,
2.023E+11,155 630 828,A01,2,10,0,2,1,2,1,
2.023E+11,155 630 829,B01,2,7,0,2,4,2,1,
2.023E+11,155 630 821,A01,2,7,0,1,3,2,1,
2.023E+11,155 630 820,A01,2,7,3,0,7,12,1,
2.023E+11,155 630 819,A01,1,7,0,0,0,19,1,
2.023E+11,155 630 822,B01,1,7,3,0,1,21,1,
2.023E+11,155 630 817,A01,2,7,0,0,4,1,0,
2.023E+11,155 630 818,B01,2,7,0,2,1,1,0,
2.023E+11,155 630 814,A01,1,7,0,2,3,22,1,
2.023E+11,155 630 816,B01,1,1,1,0,2,1,5,
2.023E+11,155 630 812,A01,1,10,0,0,5,12,1,
2.023E+11,155 630 815,B01,1,31,0,2,1,1,1,
2.023E+11,155 630 809,A01,2,7,0,2,3,1,1,
2.023E+11,155 630 813,B01,1,33,0,2,8,1,1,
2.023E+11,155 630 810,A01,3,10,0,2,2,16,0,
2.023E+11,155 630 811,B01,3,10,0,2,5,15,0,
2.023E+11,155 630 805,A01,1,10,0,2,5,16,1,
2.023E+11,155 630 808,B01,1,32,0,2,8,1,1,
2.023E+11,155 630 803,A01,2,7,0,2,1,1,1,
2.023E+11,155 630 806,B01,2,7,0,2,1,1,1,
2.023E+11,155 630 807,C01,2,7,0,0,4,1,1,
2.023E+11,155 630 802,A01,2,7,0,2,3,2,1,
2.023E+11,155 630 804,B01,2,31,0,2,4,2,1,
2.023E+11,155 630 800,A01,2,7,0,0,7,1,1,
2.023E+11,155 630 799,Z01,1,14,1,0,0,20,0,
2.023E+11,155 630 801,B01,1,1,1,0,0,26,5,
2.023E+11,155 630 795,B01,2,7,0,2,4,1,1,
2.023E+11,155 630 797,A01,2,7,0,2,1,2,1,
2.023E+11,155 630 792,A01,1,30,0,2,8,1,1,
2.023E+11,155 630 796,B01,1,7,0,2,3,1,1,
2.023E+11,155 630 791,A01,1,31,0,2,1,18,1,
2.023E+11,155 630 794,B01,1,7,0,2,5,15,1,
2.023E+11,155 630 790,A01,0,7,1,0,2,17,0,
2.023E+11,155 630 793,B01,0,37,0,2,6,24,0,1
2.023E+11,155 630 787,A01,2,21,0,0,2,1,1,
2.023E+11,155 630 788,A01,3,7,0,1,3,2,1,
2.023E+11,155 630 785,B01,1,10,0,2,1,1,0,
2.023E+11,155 630 786,A01,1,10,0,2,4,1,0,
2.023E+11,155 630 783,A01,1,10,0,2,2,1,1,
2.023E+11,155 630 789,B01,1,41,0,2,8,15,1,
2.023E+11,155 630 782,B01,1,10,0,2,3,15,4,
2.023E+11,155 630 784,A01,1,33,15,2,1,17,1,
2.023E+11,155 630 779,A01,1,7,0,2,2,17,1,
2.023E+11,155 630 780,B01,1,7,0,2,3,15,1,
2.023E+11,155 630 777,A01,1,32,0,1,0,1,1,
2.023E+11,155 630 776,A01,2,10,16,0,0,13,1,
2.023E+11,155 630 775,C01,2,7,0,2,1,1,1,
2.023E+11,155 630 778,B01,2,7,0,2,4,1,1,
2.023E+11,155 630 781,A01,2,7,0,1,1,1,1,
2.023E+11,155 630 770,B01,1,7,0,2,4,1,0,
2.023E+11,155 630 773,A01,1,7,0,2,1,2,0,
2.023E+11,155 630 771,B01,1,30,0,2,2,23,1,
2.023E+11,155 630 774,A01,1,7,0,2,3,15,1,
2.023E+11,155 630 767,A01,0,99,0,1,3,19,6,
2.023E+11,155 630 766,A01,1,7,0,2,3,13,1,
2.023E+11,155 630 768,B01,2,14,2,2,1,26,1,
2.023E+11,155 630 764,A01,1,33,0,2,1,2,1,
2.023E+11,155 630 765,B01,1,10,0,0,4,2,1,
2.023E+11,155 630 761,A01,0,7,0,2,2,17,1,
2.023E+11,155 630 763,B01,0,10,0,0,3,15,3,
2.023E+11,155 630 759,A01,2,7,0,2,3,5,1,
2.023E+11,155 630 762,B01,1,10,0,2,3,1,1,
2.023E+11,155 630 758,A01,1,7,0,2,2,17,1,
2.023E+11,155 630 760,B01,1,21,0,2,6,15,1,
2.023E+11,155 630 755,B01,3,31,0,0,8,13,3,
2.023E+11,155 630 757,A01,3,7,0,0,0,15,1,
2.023E+11,155 630 750,A01,3,7,0,2,3,15,1,
2.023E+11,155 630 748,A01,3,1,0,6,1,1,5,
2.023E+11,155 630 747,A01,1,7,0,2,1,5,1,
2.023E+11,155 630 749,B01,2,10,0,2,1,23,1,
2.023E+11,155 630 746,A01,3,7,0,1,1,15,1,
2.023E+11,155 630 743,A01,2,7,0,2,2,15,2,
2.023E+11,155 630 745,B01,1,33,0,2,1,1,1,
2.023E+11,155 630 741,A01,3,1,0,0,7,1,5,
2.023E+11,155 630 739,A01,2,35,0,0,0,1,1,
2.023E+11,155 630 738,A01,1,7,0,9,3,1,1,
2.023E+11,155 630 740,B01,2,1,0,2,7,0,5,
2.023E+11,155 630 737,Z01,0,10,0,1,0,16,0,
2.023E+11,155 630 735,A01,1,7,16,0,0,13,1,
2.023E+11,155 630 734,B01,2,10,0,2,2,14,1,
2.023E+11,155 630 736,A01,2,14,0,0,6,23,1,
2.023E+11,155 630 731,B01,0,60,1,0,1,1,5,
2.023E+11,155 630 733,A01,0,10,0,2,8,22,1,
2.023E+11,155 630 730,A01,2,7,2,0,1,13,1,
2.023E+11,155 630 727,A01,1,7,16,0,9,1,1,
2.023E+11,155 630 726,B01,2,7,0,2,6,1,1,
2.023E+11,155 630 729,A01,2,31,0,2,1,21,1,
2.023E+11,155 630 725,B01,2,7,0,2,5,2,1,
2.023E+11,155 630 728,A01,2,32,0,2,1,2,1,
2.023E+11,155 630 722,A01,1,80,0,2,8,13,3,
2.023E+11,155 630 724,B01,1,33,0,2,2,17,1,
2.023E+11,155 630 720,A01,2,7,0,1,1,1,1,
2.023E+11,155 630 717,D01,2,7,0,2,1,1,1,
2.023E+11,155 630 719,B01,2,7,0,2,1,1,1,
2.023E+11,155 630 721,A01,1,7,0,2,1,26,0,
2.023E+11,155 630 723,C01,2,10,0,2,1,1,1,
2.023E+11,155 630 716,A01,3,7,0,2,1,17,0,
2.023E+11,155 630 718,B01,3,3,0,2,3,15,0,
2.023E+11,155 630 714,A01,2,7,0,2,1,15,0,
2.023E+11,155 630 715,B01,1,33,0,2,1,1,0,
2.023E+11,155 630 708,A01,1,7,0,2,1,1,1,
2.023E+11,155 630 711,B01,2,33,0,2,1,17,1,
2.023E+11,155 630 710,A01,2,7,3,2,0,1,1,
2.023E+11,155 630 712,B01,2,7,0,2,0,2,1,
2.023E+11,155 630 713,C01,2,7,0,2,1,2,1,
2.023E+11,155 630 707,A01,3,7,0,2,3,1,1,
2.023E+11,155 630 709,B01,3,33,0,2,1,26,1,
2.023E+11,155 630 703,A01,2,43,1,0,1,1,1,
2.023E+11,155 630 706,B01,2,10,0,2,4,23,1,
2.023E+11,155 630 704,A01,2,15,3,0,2,14,1,
2.023E+11,155 630 702,A01,2,33,0,2,2,1,1,
2.023E+11,155 630 705,B01,3,7,0,2,3,9,1,
2.023E+11,155 630 701,A01,1,7,2,0,2,1,1,
2.023E+11,155 630 698,A01,1,7,0,2,1,2,1,
2.023E+11,155 630 700,B01,1,14,0,2,4,1,1,
2.023E+11,155 630 697,A01,2,7,0,0,6,9,1,
2.023E+11,155 630 699,B01,1,33,0,2,3,1,1,
2.023E+11,155 630 694,A01,1,7,0,2,3,13,1,
2.023E+11,155 630 696,B01,2,7,0,2,3,1,1,
2.023E+11,155 630 691,A01,2,7,0,2,8,13,0,
2.023E+11,155 630 693,B01,1,7,0,0,3,1,1,
2.023E+11,155 630 690,A01,2,10,0,2,1,2,1,
2.023E+11,155 630 692,B01,2,7,0,2,4,2,1,
2.023E+11,155 630 695,C01,2,7,0,2,4,2,1,
2.023E+11,155 630 687,A01,1,31,0,0,7,0,3,
2.023E+11,155 630 685,B01,1,10,0,0,6,16,1,
2.023E+11,155 630 688,A01,1,33,0,0,1,1,1,
2.023E+11,155 630 684,A01,1,7,0,2,1,15,1,
2.023E+11,155 630 686,B01,1,7,0,2,1,1,1,
2.023E+11,155 630 689,C01,2,7,0,2,1,1,1,
2.023E+11,155 630 680,B01,1,33,0,2,1,2,1,
2.023E+11,155 630 683,A01,1,7,0,2,4,2,1,
2.023E+11,155 630 677,A01,1,10,0,1,1,15,1,
2.023E+11,155 630 676,B01,2,10,0,0,0,1,1,
2.023E+11,155 630 678,A01,1,80,12,0,9,21,3,
2.023E+11,155 630 675,C01,2,7,0,0,6,1,1,
2.023E+11,155 630 679,A01,2,7,0,2,1,1,1,
2.023E+11,155 630 681,B01,1,10,0,2,1,1,1,
2.023E+11,155 630 674,A01,2,1,0,0,0,21,5,
2.023E+11,155 630 673,A01,3,7,0,0,2,0,1,
2.023E+11,155 630 672,A01,1,15,2,0,3,1,1,
2.023E+11,155 630 671,A01,3,30,0,0,0,16,1,
2.023E+11,155 630 668,A01,1,7,0,2,2,19,1,
2.023E+11,155 630 669,B01,2,2,0,2,1,1,3,
2.023E+11,155 630 666,A01,2,7,17,0,1,1,1,
2.023E+11,155 630 665,A01,1,7,0,2,2,16,1,
2.023E+11,155 630 667,B01,1,1,0,2,1,1,5,
2.023E+11,155 630 663,A01,2,7,0,0,2,2,1,
2.023E+11,155 630 664,B01,2,7,0,0,6,24,1,
2.023E+11,155 630 660,B01,2,80,0,2,7,19,3,
2.023E+11,155 630 661,A01,1,7,0,2,1,17,1,
2.023E+11,155 630 654,A01,1,7,0,1,1,1,1,
2.023E+11,155 630 652,A01,1,7,17,0,1,17,0,
2.023E+11,155 630 653,A01,1,7,0,2,1,1,1,
2.023E+11,155 630 655,B01,1,31,0,2,4,23,1,
2.023E+11,155 630 650,B01,1,1,0,2,0,1,5,
2.023E+11,155 630 651,A01,1,7,13,9,7,1,1,
2.023E+11,155 630 649,A01,1,2,14,0,7,13,1,
2.023E+11,155 630 647,B01,2,7,0,2,6,1,2,
2.023E+11,155 630 648,A01,2,80,0,2,6,1,3,
2.023E+11,155 630 644,A01,2,7,0,2,3,13,1,
2.023E+11,155 630 646,B01,1,7,0,2,3,1,0,
2.023E+11,155 630 643,A01,1,7,0,2,3,19,1,
2.023E+11,155 630 645,B01,1,13,0,2,1,1,1,
2.023E+11,155 630 641,B01,2,1,0,2,2,1,5,
2.023E+11,155 630 642,A01,2,80,0,2,3,15,3,
2.023E+11,155 630 639,A01,2,2,0,2,1,1,1,
2.023E+11,155 630 640,B01,1,7,0,9,3,1,1,
2.023E+11,155 630 638,A01,1,7,0,1,2,0,1,
2.023E+11,155 630 635,B01,2,7,0,2,4,23,1,
2.023E+11,155 630 636,A01,2,1,0,2,1,1,5,
2.023E+11,155 630 634,B01,3,37,0,2,3,1,1,1
2.023E+11,155 630 637,A01,3,1,0,2,7,5,5,
2.023E+11,155 630 630,A01,1,7,0,2,3,15,1,
2.023E+11,155 630 632,B01,2,7,0,2,1,1,1,
2.023E+11,155 630 633,C01,1,7,0,2,1,23,1,
2.023E+11,155 630 628,A01,2,7,0,2,3,13,1,
2.023E+11,155 630 631,B01,1,7,0,2,3,1,1,
2.023E+11,155 630 627,A01,2,1,0,2,1,1,5,
2.023E+11,155 630 629,Z01,2,7,0,2,0,22,1,
2.023E+11,155 630 626,A01,2,2,0,0,0,1,1,
2.023E+11,155 630 623,A01,2,7,0,2,3,13,1,
2.023E+11,155 630 625,B01,2,7,0,2,3,1,0,
2.023E+11,155 630 621,A01,1,7,0,2,1,2,1,
2.023E+11,155 630 622,B01,1,7,0,0,4,1,1,
2.023E+11,155 630 618,B01,1,1,0,2,1,1,5,
2.023E+11,155 630 619,A01,2,7,0,2,2,16,1,
2.023E+11,155 630 617,A01,1,7,2,0,1,1,1,
2.023E+11,155 630 615,A01,1,7,6,0,1,13,1,
2.023E+11,155 630 613,A01,2,2,0,1,1,17,1,
2.023E+11,155 630 614,B01,2,7,0,2,3,1,1,
2.023E+11,155 630 616,A01,1,7,0,2,3,13,1,
2.023E+11,155 630 611,B01,1,15,0,0,4,23,1,
2.023E+11,155 630 612,A01,1,1,0,2,4,2,5,
2.023E+11,155 630 607,A01,2,33,0,2,8,1,1,
2.023E+11,155 630 609,B01,2,1,0,2,7,2,5,
2.023E+11,155 630 608,A01,2,7,3,0,1,2,1,
2.023E+11,155 630 610,B01,2,7,3,0,4,23,1,
2.023E+11,155 630 604,A01,1,7,0,1,1,1,1,
2.023E+11,155 630 605,B01,1,7,0,2,3,15,1,
2.023E+11,155 630 606,A01,1,33,0,2,1,17,1,
2.023E+11,155 630 602,A01,1,2,0,2,1,0,1,
2.023E+11,155 630 603,B01,1,7,0,2,3,16,1,
2.023E+11,155 630 599,B01,1,2,0,2,8,2,1,
2.023E+11,155 630 601,A01,2,7,0,2,2,17,1,
2.023E+11,155 630 597,A01,3,33,0,2,1,15,1,
2.023E+11,155 630 600,B01,3,10,0,2,8,1,1,
2.023E+11,155 630 596,A01,1,7,13,0,9,1,1,
2.023E+11,155 630 593,A01,2,2,0,2,3,13,1,
2.023E+11,155 630 595,B01,1,7,0,2,3,1,1,
2.023E+11,155 630 591,C01,3,7,0,0,4,2,0,
2.023E+11,155 630 592,B01,3,7,0,2,4,2,1,
2.023E+11,155 630 594,A01,3,7,0,2,1,2,1,
2.023E+11,155 630 589,A01,3,2,12,0,8,1,1,
2.023E+11,155 630 588,A01,2,7,0,2,2,1,0,
2.023E+11,155 630 590,B01,2,2,0,2,9,5,0,
2.023E+11,155 630 587,A01,2,7,1,0,2,1,1,
2.023E+11,155 630 582,B01,3,7,0,2,3,15,1,
2.023E+11,155 630 586,A01,3,2,0,2,7,1,1,
2.023E+11,155 630 581,A01,3,7,0,2,2,17,1,
2.023E+11,155 630 584,B01,3,7,0,2,6,1,1,
2.023E+11,155 630 580,A01,1,17,0,2,1,2,1,
2.023E+11,155 630 583,B01,1,10,0,2,9,2,1,
2.023E+11,155 630 585,C01,1,10,0,0,4,2,1,
2.023E+11,155 630 577,A01,2,33,0,2,7,17,1,
2.023E+11,155 630 579,B01,2,7,0,2,3,15,1,
2.023E+11,155 630 574,A01,1,33,0,2,1,17,1,
2.023E+11,155 630 576,B01,1,7,0,2,8,1,1,
2.023E+11,155 630 578,C01,1,7,0,2,4,1,1,
2.023E+11,155 630 572,A01,1,17,0,0,6,23,1,
2.023E+11,155 630 573,B01,1,10,0,2,9,23,1,
2.023E+11,155 630 575,C01,1,10,0,2,1,1,1,
2.023E+11,155 630 569,A01,1,7,0,2,1,2,0,
2.023E+11,155 630 571,B01,2,7,0,2,8,9,0,
2.023E+11,155 630 568,B01,2,15,0,2,1,2,1,
2.023E+11,155 630 570,A01,2,7,0,2,4,0,1,
2.023E+11,155 630 566,A01,1,7,4,0,1,2,1,
2.023E+11,155 630 564,A01,2,7,5,2,8,18,1,
2.023E+11,155 630 567,B01,2,15,0,2,7,1,1,
2.023E+11,155 630 563,B01,2,33,0,2,1,1,1,
2.023E+11,155 630 565,A01,2,7,0,2,8,11,1,
2.023E+11,155 630 560,A01,1,34,0,2,1,12,1,
2.023E+11,155 630 562,B01,1,14,0,0,4,1,1,
2.023E+11,155 630 561,A01,2,7,13,0,7,26,1,
2.023E+11,155 630 554,A01,1,7,3,0,2,17,1,
2.023E+11,155 630 557,B01,1,7,0,0,6,13,1,
2.023E+11,155 630 553,A01,1,7,0,2,3,10,1,
2.023E+11,155 630 556,B01,1,43,0,2,1,17,1,
2.023E+11,155 630 552,A01,2,13,0,2,1,2,1,
2.023E+11,155 630 555,C01,2,7,0,2,4,2,1,
2.023E+11,155 630 558,B01,2,7,0,2,4,2,1,
2.023E+11,155 630 559,D01,2,7,0,2,4,2,1,
2.023E+11,155 630 548,A01,1,7,3,0,3,21,1,
2.023E+11,155 630 547,A01,1,2,0,2,1,13,1,
2.023E+11,155 630 550,B01,2,15,0,2,1,13,1,
2.023E+11,155 630 546,C01,2,7,0,2,1,2,6,
2.023E+11,155 630 549,A01,2,7,3,0,6,1,6,
2.023E+11,155 630 551,B01,2,7,3,2,2,11,6,
2.023E+11,155 630 542,A01,1,7,6,0,1,0,0,
2.023E+11,155 630 541,A01,1,33,0,2,7,2,1,
2.023E+11,155 630 544,B01,1,7,0,2,8,2,1,
2.023E+11,155 630 543,B01,1,7,0,2,1,1,1,
2.023E+11,155 630 545,A01,2,7,0,2,1,15,1,
2.023E+11,155 630 538,A01,1,7,0,2,2,21,1,
2.023E+11,155 630 540,B01,1,7,0,2,6,2,1,
2.023E+11,155 630 534,B01,2,10,0,0,3,1,1,
2.023E+11,155 630 536,A01,1,7,14,0,1,13,0,
2.023E+11,155 630 535,A01,1,7,0,2,1,13,1,
2.023E+11,155 630 537,B01,2,7,0,2,1,1,1,
2.023E+11,155 630 539,C01,2,10,0,2,1,1,1,
2.023E+11,155 630 533,A01,2,7,4,0,1,1,1,
2.023E+11,155 630 530,A01,1,15,13,2,3,21,1,
2.023E+11,155 630 532,B01,2,7,13,2,3,13,1,
2.023E+11,155 630 528,A01,1,10,0,1,3,1,1,
2.023E+11,155 630 527,A01,1,33,0,0,6,1,1,
2.023E+11,155 630 524,A01,2,7,0,2,2,13,1,
2.023E+11,155 630 526,B01,1,7,0,2,1,1,1,
2.023E+11,155 630 523,B01,1,7,0,2,4,1,1,
2.023E+11,155 630 525,A01,1,7,0,2,1,26,1,
2.023E+11,155 630 521,B01,3,17,0,2,8,1,1,
2.023E+11,155 630 522,A01,3,7,0,2,3,1,1,
2.023E+11,155 630 516,C01,2,7,0,2,4,1,1,
2.023E+11,155 630 518,A01,2,7,0,2,8,13,1,
2.023E+11,155 630 519,B01,2,32,0,2,1,3,1,
2.023E+11,155 630 517,A01,1,10,0,2,6,1,1,
2.023E+11,155 630 520,B01,1,7,0,2,1,1,1,
2.023E+11,155 630 514,A01,1,10,0,2,1,13,1,
2.023E+11,155 630 515,B01,2,7,0,2,3,1,1,
2.023E+11,155 630 513,A01,2,7,13,0,2,1,1,
2.023E+11,155 630 511,A01,1,33,0,0,0,21,1,
2.023E+11,155 630 508,C01,2,7,0,2,5,1,1,
2.023E+11,155 630 510,B01,2,7,0,2,8,13,1,
2.023E+11,155 630 512,A01,2,33,0,2,8,3,1,
2.023E+11,155 630 506,A01,1,7,3,0,3,2,0,
2.023E+11,155 630 502,A01,2,33,0,2,2,3,1,
2.023E+11,155 630 505,B01,2,10,0,2,6,1,1,
2.023E+11,155 630 500,C01,1,7,0,0,5,19,1,
2.023E+11,155 630 503,B01,1,33,0,2,1,1,1,
2.023E+11,155 630 494,A01,2,7,3,2,1,13,1,
2.023E+11,155 630 497,C01,2,7,0,2,1,1,1,
2.023E+11,155 630 499,D01,2,17,0,0,8,1,1,
2.023E+11,155 630 501,E01,2,7,0,0,1,1,1,
2.023E+11,155 630 504,B01,2,10,0,2,1,1,1,
2.023E+11,155 630 492,D01,2,7,0,2,4,2,1,
2.023E+11,155 630 495,A01,2,10,0,2,1,2,1,
2.023E+11,155 630 496,B01,2,7,0,2,4,1,1,
2.023E+11,155 630 498,C01,2,7,0,2,4,2,1,
2.023E+11,155 630 491,B01,1,7,0,0,4,1,1,
2.023E+11,155 630 493,A01,1,7,0,2,1,2,1,
2.023E+11,155 630 490,A01,1,7,0,1,3,0,1,
2.023E+11,155 630 487,A01,3,30,0,2,0,13,0,
2.023E+11,155 630 489,B01,3,7,0,2,3,1,1,
2.023E+11,155 630 486,B01,3,7,0,2,1,1,1,
2.023E+11,155 630 488,A01,3,7,0,2,1,1,1,
2.023E+11,155 630 485,A01,1,7,6,0,1,1,1,
2.023E+11,155 630 482,A01,1,7,0,2,1,1,1,
2.023E+11,155 630 484,B01,1,7,0,2,3,1,1,
2.023E+11,155 630 479,A01,2,7,0,0,4,1,0,
2.023E+11,155 630 481,B01,2,31,0,2,1,1,0,
2.023E+11,155 630 483,C01,1,7,0,9,2,1,0,
2.023E+11,155 630 478,A01,1,32,0,1,8,5,1,
2.023E+11,155 630 477,B01,3,7,0,2,1,1,1,
2.023E+11,155 630 480,A01,3,2,0,2,5,1,1,
2.023E+11,155 630 474,B01,2,7,13,2,1,1,1,
2.023E+11,155 630 476,A01,2,7,13,2,3,19,1,
2.023E+11,155 630 473,A01,2,7,0,1,2,1,1,
2.023E+11,155 630 472,A01,1,7,0,2,3,1,1,
2.023E+11,155 630 475,B01,1,7,1,0,3,16,1,
2.023E+11,155 630 471,A01,1,10,13,0,1,0,1,
2.023E+11,155 630 468,A01,2,7,0,2,1,15,1,
2.023E+11,155 630 470,B01,1,7,0,2,1,1,1,
2.023E+11,155 630 466,A01,2,1,0,2,6,1,5,
2.023E+11,155 630 469,B01,2,7,0,2,1,2,0,
2.023E+11,155 630 465,A01,2,7,0,2,1,1,0,
2.023E+11,155 630 467,B01,0,2,0,2,0,0,0,
2.023E+11,155 630 464,A01,0,7,9,0,1,0,1,
2.023E+11,155 630 462,B01,1,1,0,2,7,19,5,
2.023E+11,155 630 463,A01,1,7,0,2,1,1,1,
2.023E+11,155 630 459,A01,3,7,6,0,7,1,0,
2.023E+11,155 630 456,B01,2,2,0,2,1,1,1,
2.023E+11,155 630 458,A01,1,10,0,2,2,19,1,
2.023E+11,155 630 454,A01,1,40,0,2,1,9,3,
2.023E+11,155 630 457,B01,2,1,0,4,6,19,5,
2.023E+11,155 630 453,B01,1,7,-1,-1,-1,19,1,
2.023E+11,155 630 455,A01,1,10,0,0,1,1,1,
2.023E+11,155 630 450,B01,1,7,0,2,1,2,1,
2.023E+11,155 630 452,A01,1,33,0,0,4,1,1,
2.023E+11,155 630 449,B01,3,7,0,2,3,1,1,
2.023E+11,155 630 451,A01,1,7,0,2,3,1,1,
2.023E+11,155 630 447,A01,1,33,0,2,1,17,1,
2.023E+11,155 630 448,B01,1,7,0,2,8,15,1,
2.023E+11,155 630 443,C01,1,10,0,2,1,21,1,
2.023E+11,155 630 445,A01,1,10,0,2,4,1,1,
2.023E+11,155 630 446,B01,1,7,0,2,1,2,1,
2.023E+11,155 630 441,A01,1,7,0,2,1,1,1,
2.023E+11,155 630 444,B01,2,50,0,2,7,19,3,
2.023E+11,155 630 440,A01,2,7,0,2,3,1,1,
2.023E+11,155 630 442,B01,1,7,0,2,3,1,1,
2.023E+11,155 630 434,A01,2,7,0,2,4,1,1,
2.023E+11,155 630 438,B01,2,7,0,2,1,2,1,
2.023E+11,155 630 439,C01,2,10,0,2,1,2,1,
2.023E+11,155 630 435,A01,3,2,0,2,3,1,1,
2.023E+11,155 630 437,B01,3,7,0,2,3,1,1,
2.023E+11,155 630 436,A01,1,7,0,1,1,13,1,
2.023E+11,155 630 432,A01,2,7,0,0,1,0,1,
2.023E+11,155 630 430,A01,1,7,0,2,3,1,1,
2.023E+11,155 630 433,B01,2,7,0,0,3,13,1,
2.023E+11,155 630 429,A01,0,10,0,2,2,26,1,
2.023E+11,155 630 431,B01,0,33,0,0,0,0,1,
2.023E+11,155 630 427,A01,1,7,4,0,1,1,1,
2.023E+11,155 630 426,A01,2,7,0,2,6,21,1,
2.023E+11,155 630 428,B01,2,7,0,2,2,0,1,
2.023E+11,155 630 424,A01,2,7,0,2,2,12,1,
2.023E+11,155 630 425,B01,2,33,0,2,3,1,1,
2.023E+11,155 630 421,A01,2,7,0,2,2,1,1,
2.023E+11,155 630 423,B01,2,7,0,2,6,1,1,
2.023E+11,155 630 420,A01,2,33,0,2,0,3,1,
2.023E+11,155 630 422,B01,2,7,0,2,6,12,1,
2.023E+11,155 630 419,A01,2,7,0,1,2,13,1,
2.023E+11,155 630 418,A01,1,7,4,0,1,1,1,
2.023E+11,155 630 415,A01,2,7,0,1,1,1,1,
2.023E+11,155 630 413,A01,1,7,0,2,1,2,1,
2.023E+11,155 630 416,B01,1,10,0,2,4,1,1,
2.023E+11,155 630 417,C01,1,10,0,2,4,1,1,
2.023E+11,155 630 412,B01,2,7,0,2,2,15,1,
2.023E+11,155 630 414,A01,1,32,0,2,1,8,1,
2.023E+11,155 630 410,B01,1,7,0,2,6,2,1,
2.023E+11,155 630 411,A01,1,7,3,2,1,2,1,
2.023E+11,155 630 407,A01,2,7,0,2,0,13,1,
2.023E+11,155 630 409,B01,1,7,0,2,1,1,1,
2.023E+11,155 630 406,A01,2,33,0,2,8,2,1,
2.023E+11,155 630 408,B01,2,7,0,2,7,2,1,
2.023E+11,155 630 405,A01,2,99,0,1,2,1,1,
2.023E+11,155 630 402,A01,2,7,0,2,1,2,1,
2.023E+11,155 630 404,B01,2,10,0,2,4,1,1,
2.023E+11,155 630 398,A01,3,7,0,2,1,17,1,
2.023E+11,155 630 401,B01,3,7,6,2,3,15,1,
2.023E+11,155 630 399,A01,1,7,0,1,2,1,1,
2.023E+11,155 630 396,B01,1,7,0,2,4,1,1,
2.023E+11,155 630 400,A01,1,10,0,2,1,1,1,
2.023E+11,155 630 403,C01,1,7,0,2,4,1,1,
2.023E+11,155 630 395,A01,2,7,0,2,1,2,1,
2.023E+11,155 630 397,B01,2,7,0,2,4,2,1,
2.023E+11,155 630 394,A01,1,7,0,2,1,15,1,
2.023E+11,155 630 392,A01,1,7,4,0,3,13,0,
2.023E+11,155 630 390,A01,2,7,0,2,1,5,1,
2.023E+11,155 630 393,B01,1,7,0,2,1,1,1,
2.023E+11,155 630 388,A01,1,42,4,0,2,1,1,
2.023E+11,155 630 384,A01,1,7,0,2,4,1,1,
2.023E+11,155 630 387,B01,1,7,0,2,4,1,1,
2.023E+11,155 630 389,C01,1,10,0,2,5,1,1,
2.023E+11,155 630 391,D01,1,43,0,2,1,3,1,
2.023E+11,155 630 382,A01,1,7,1,2,2,17,0,
2.023E+11,155 630 385,B01,1,7,0,2,1,20,0,
2.023E+11,155 630 383,A01,1,7,4,2,1,0,1,
2.023E+11,155 630 386,B01,1,10,0,0,0,0,1,
2.023E+11,155 630 379,A01,3,15,0,2,2,12,1,
2.023E+11,155 630 381,B01,1,7,0,2,8,1,1,
2.023E+11,155 630 376,A01,1,7,0,2,1,2,1,
2.023E+11,155 630 380,B01,1,7,0,2,4,2,1,
2.023E+11,155 630 375,A01,1,34,0,2,3,9,1,
2.023E+11,155 630 378,B01,1,7,0,2,2,1,1,
2.023E+11,155 630 370,D01,1,7,3,0,1,1,1,
2.023E+11,155 630 373,A01,1,7,0,2,8,3,1,
2.023E+11,155 630 374,B01,1,7,0,2,7,1,1,
2.023E+11,155 630 377,C01,1,7,3,2,3,1,2,
2.023E+11,155 630 369,A01,1,7,1,2,3,2,1,
2.023E+11,155 630 372,A01,1,33,0,1,1,1,1,
2.023E+11,155 630 368,B01,1,7,0,2,4,2,1,
2.023E+11,155 630 371,A01,1,33,0,2,1,2,1,
2.023E+11,155 630 362,B01,2,7,0,2,3,0,1,
2.023E+11,155 630 367,A01,1,7,0,2,0,13,1,
2.023E+11,155 630 361,A01,2,43,0,2,2,3,1,