Num_Acc,id_vehicule,num_veh,senc,catv,obs,obsm,choc,manv,motor,occutc
2.023E+11,155 628 957,A01,3,10,4,2,3,21,1,
2.023E+11,155 628 958,B01,2,7,10,0,4,23,1,
2.023E+11,155 628 956,A01,3,7,0,1,8,15,1,
2.023E+11,155 628 954,B01,2,7,0,9,3,16,1,
2.023E+11,155 628 955,A01,1,1,0,2,1,19,5,
2.023E+11,155 628 952,A01,3,10,0,2,1,2,1,
2.023E+11,155 628 953,B01,3,7,0,2,7,2,1,
2.023E+11,155 628 950,Z01,1,0,0,9,2,26,0,
2.023E+11,155 628 951,A01,2,50,0,2,1,15,3,
2.023E+11,155 628 948,B01,1,1,0,2,4,1,5,
2.023E+11,155 628 949,A01,1,7,0,2,2,9,1,
2.023E+11,155 628 944,A01,1,7,8,0,1,0,2,
2.023E+11,155 628 942,B01,2,7,0,2,2,21,1,
2.023E+11,155 628 943,A01,2,7,0,2,6,1,0,
2.023E+11,155 628 941,A01,3,7,9,1,1,14,1,
2.023E+11,155 628 940,A01,1,7,9,0,1,0,1,
2.023E+11,155 628 938,B01,1,7,0,2,4,2,1,
2.023E+11,155 628 939,A01,1,30,0,2,1,2,1,
2.023E+11,155 628 937,A01,1,10,0,1,1,1,1,
2.023E+11,155 628 936,A01,0,7,0,1,1,1,3,
2.023E+11,155 628 935,A01,1,7,0,1,2,9,1,
2.023E+11,155 628 933,B01,1,2,0,2,1,1,1,
2.023E+11,155 628 934,A01,1,10,0,2,3,15,3,
2.023E+11,155 628 930,A01,1,7,0,2,1,2,1,
2.023E+11,155 628 931,B01,1,7,0,2,4,2,1,
2.023E+11,155 628 932,C01,1,7,0,2,4,2,0,
2.023E+11,155 628 928,A01,2,7,0,2,2,15,1,
2.023E+11,155 628 929,B01,2,30,0,2,1,1,1,
2.023E+11,155 628 926,A01,0,1,0,2,4,0,5,
2.023E+11,155 628 927,B01,0,7,0,9,5,16,1,
2.023E+11,155 628 925,A01,1,7,12,1,2,1,1,
2.023E+11,155 628 923,A01,2,13,0,2,6,4,1,
2.023E+11,155 628 924,B01,2,37,0,2,3,26,1,4
2.023E+11,155 628 922,A01,1,7,1,1,1,21,1,
2.023E+11,155 628 921,A01,2,1,0,0,1,26,5,
2.023E+11,155 628 919,A01,1,7,0,2,3,16,1,
2.023E+11,155 628 920,B01,1,2,0,2,2,2,0,
2.023E+11,155 628 917,A01,1,7,0,2,2,0,1,
2.023E+11,155 628 918,B01,2,7,0,2,3,0,1,
2.023E+11,155 628 914,A01,2,7,0,2,2,12,1,
2.023E+11,155 628 915,B01,2,43,0,2,1,3,1,
2.023E+11,155 628 916,C01,2,7,0,2,4,1,1,
2.023E+11,155 628 912,B01,1,7,0,2,4,2,1,
2.023E+11,155 628 913,A01,1,7,0,2,1,2,1,
2.023E+11,155 628 911,A01,2,10,0,1,3,16,1,
2.023E+11,155 628 910,A01,2,33,0,1,1,16,1,
2.023E+11,155 628 908,A01,3,10,0,2,6,14,1,
2.023E+11,155 628 909,B01,3,1,0,2,1,1,5,
2.023E+11,155 628 907,A01,2,50,0,0,1,1,3,
2.023E+11,155 628 906,A01,1,34,0,0,8,1,1,
2.023E+11,155 628 904,A01,1,7,0,2,1,9,1,
2.023E+11,155 628 905,B01,2,1,0,2,7,5,5,
2.023E+11,155 628 902,A01,2,7,0,2,3,16,1,
2.023E+11,155 628 903,B01,1,80,0,2,1,1,3,
2.023E+11,155 628 900,A01,2,7,0,2,3,9,1,
2.023E+11,155 628 901,B01,2,30,0,2,1,1,3,
2.023E+11,155 628 898,A01,1,7,0,2,7,20,1,
2.023E+11,155 628 899,B01,1,30,0,2,3,18,1,
2.023E+11,155 628 896,A01,1,10,0,2,1,1,1,
2.023E+11,155 628 897,B01,2,50,0,2,2,1,3,
2.023E+11,155 628 895,A01,3,33,1,0,2,20,1,
2.023E+11,155 628 892,A01,1,50,0,2,1,13,3,
2.023E+11,155 628 893,B01,2,80,0,2,1,1,3,
2.023E+11,155 628 890,B01,2,37,0,2,5,17,1,1
2.023E+11,155 628 891,A01,1,1,0,2,3,21,5,
2.023E+11,155 628 887,B01,1,7,0,2,6,2,1,
2.023E+11,155 628 888,C01,1,7,0,2,4,2,1,
2.023E+11,155 628 889,A01,1,10,0,2,1,2,1,
2.023E+11,155 628 886,A01,2,1,0,1,1,1,5,
2.023E+11,155 628 884,Z01,1,10,0,2,3,15,0,
2.023E+11,155 628 885,B01,2,80,0,2,1,1,3,
2.023E+11,155 628 883,A01,1,1,0,1,1,1,5,
2.023E+11,155 628 881,B01,0,10,0,2,6,9,1,
2.023E+11,155 628 882,A01,2,7,0,2,1,1,1,
2.023E+11,155 628 879,A01,0,7,0,2,6,1,6,
2.023E+11,155 628 880,B01,0,33,0,2,2,15,0,
2.023E+11,155 628 877,B01,0,33,0,2,4,23,0,
2.023E+11,155 628 878,A01,0,10,0,2,1,1,0,
2.023E+11,155 628 876,A01,1,7,0,1,1,16,0,
2.023E+11,155 628 874,A01,2,7,0,2,3,15,1,
2.023E+11,155 628 875,B01,1,43,0,2,1,1,1,
2.023E+11,155 628 873,A01,2,34,0,1,1,1,1,
2.023E+11,155 628 872,A01,3,7,0,1,1,15,1,
2.023E+11,155 628 871,A01,3,7,0,1,2,1,1,
2.023E+11,155 628 868,A01,0,7,0,2,1,2,1,
2.023E+11,155 628 869,B01,0,10,0,2,4,2,1,
2.023E+11,155 628 870,C01,0,7,0,2,4,2,1,
2.023E+11,155 628 867,A01,0,7,2,0,1,0,1,
2.023E+11,155 628 865,B01,3,1,0,2,0,15,5,
2.023E+11,155 628 866,A01,1,10,0,2,3,16,1,
2.023E+11,155 628 863,A01,3,7,0,2,1,15,1,
2.023E+11,155 628 864,B01,0,7,0,2,3,1,1,
2.023E+11,155 628 861,A01,0,7,0,2,2,16,3,
2.023E+11,155 628 862,B01,0,30,0,2,1,1,1,
2.023E+11,155 628 859,B01,1,60,0,2,1,19,5,
2.023E+11,155 628 860,A01,1,10,0,9,1,15,1,
2.023E+11,155 628 858,A01,3,60,0,0,1,25,5,
2.023E+11,155 628 857,A01,2,7,6,0,1,26,1,
2.023E+11,155 628 856,A01,1,7,0,1,1,1,1,
2.023E+11,155 628 854,C01,3,31,0,2,7,1,0,
2.023E+11,155 628 855,A01,0,1,0,2,7,1,5,
2.023E+11,155 628 853,A01,1,50,0,1,1,1,3,
2.023E+11,155 628 850,A01,3,7,0,2,3,1,1,
2.023E+11,155 628 851,C01,1,7,0,2,3,23,2,
2.023E+11,155 628 852,B01,0,7,0,2,2,9,1,
2.023E+11,155 628 848,A01,2,50,0,2,1,26,3,
2.023E+11,155 628 849,B01,2,7,0,2,4,23,0,
2.023E+11,155 628 846,A01,1,32,0,2,8,0,1,
2.023E+11,155 628 847,B01,0,7,0,0,0,0,0,
2.023E+11,155 628 844,A01,0,7,0,2,1,0,0,
2.023E+11,155 628 845,B01,0,34,0,2,4,1,1,
2.023E+11,155 628 842,B01,1,1,0,2,7,26,5,
2.023E+11,155 628 843,A01,1,10,0,2,3,26,1,
2.023E+11,155 628 840,A01,1,3,1,0,2,14,1,
2.023E+11,155 628 841,B01,0,7,0,2,6,23,1,
2.023E+11,155 628 839,A01,2,7,14,1,3,21,0,
2.023E+11,155 628 838,A01,1,17,3,0,3,13,1,
2.023E+11,155 628 836,A01,3,16,0,9,5,1,1,
2.023E+11,155 628 837,B01,3,1,0,2,0,1,5,
2.023E+11,155 628 835,A01,3,7,13,0,3,26,1,
2.023E+11,155 628 833,A01,2,7,0,2,1,13,1,
2.023E+11,155 628 834,B01,1,7,6,2,3,1,1,
2.023E+11,155 628 832,A01,3,2,8,0,0,21,3,
2.023E+11,155 628 831,A01,1,7,2,0,1,1,1,
2.023E+11,155 628 829,B01,1,33,0,2,1,1,1,
2.023E+11,155 628 830,A01,2,7,0,2,1,15,1,
2.023E+11,155 628 827,A01,2,7,0,2,3,9,1,
2.023E+11,155 628 828,B01,1,33,0,2,1,17,1,
2.023E+11,155 628 826,A01,1,33,0,0,7,16,1,
2.023E+11,155 628 824,B01,2,7,0,0,1,1,1,
2.023E+11,155 628 825,A01,1,10,0,2,8,1,1,
2.023E+11,155 628 823,A01,2,7,0,1,6,4,1,
2.023E+11,155 628 822,A01,2,33,0,0,8,1,1,
2.023E+11,155 628 821,A01,1,7,13,0,3,0,1,
2.023E+11,155 628 819,A01,3,36,0,2,1,13,1,
2.023E+11,155 628 820,B01,3,1,0,2,1,1,5,
2.023E+11,155 628 818,A01,1,36,15,0,8,1,1,
2.023E+11,155 628 816,A01,1,33,0,2,1,13,1,
2.023E+11,155 628 817,B01,2,7,0,2,8,1,1,
2.023E+11,155 628 814,A01,2,7,8,0,9,1,1,
2.023E+11,155 628 813,A01,1,33,13,0,1,16,1,
2.023E+11,155 628 812,A01,2,20,0,0,7,1,1,
2.023E+11,155 628 811,A01,0,31,13,0,7,1,1,
2.023E+11,155 628 809,A01,2,7,0,2,1,13,1,
2.023E+11,155 628 810,B01,1,7,0,2,1,1,1,
2.023E+11,155 628 808,A01,1,33,0,0,0,1,1,
2.023E+11,155 628 807,A01,2,33,13,0,1,0,1,
2.023E+11,155 628 806,A01,2,7,0,1,1,1,1,
2.023E+11,155 628 805,A01,3,33,0,0,0,16,1,
2.023E+11,155 628 803,A01,3,7,0,2,1,19,1,
2.023E+11,155 628 804,B01,2,1,0,2,6,1,5,
2.023E+11,155 628 801,A01,1,7,0,2,7,19,1,
2.023E+11,155 628 802,C01,1,7,0,2,3,1,1,
2.023E+11,155 628 799,A01,2,38,0,2,3,1,1,1
2.023E+11,155 628 800,B01,1,7,0,2,3,13,1,
2.023E+11,155 628 797,A01,2,31,0,2,9,21,1,
2.023E+11,155 628 798,B01,1,7,0,2,8,1,1,
2.023E+11,155 628 795,A01,2,30,0,2,1,2,1,
2.023E+11,155 628 796,B01,2,7,0,0,5,23,1,
2.023E+11,155 628 791,A01,1,7,0,2,3,13,1,
2.023E+11,155 628 792,B01,2,15,0,2,3,1,1,
2.023E+11,155 628 793,C01,1,7,0,2,6,1,1,
2.023E+11,155 628 794,D01,1,7,0,9,1,1,1,
2.023E+11,155 628 789,A01,2,7,0,2,1,1,1,
2.023E+11,155 628 790,B01,1,7,0,2,8,9,3,
2.023E+11,155 628 788,A01,1,7,16,0,9,1,1,
2.023E+11,155 628 786,A01,2,7,0,0,1,13,1,
2.023E+11,155 628 787,B01,1,7,14,2,1,1,1,
2.023E+11,155 628 785,A01,2,1,0,0,0,0,5,
2.023E+11,155 628 783,A01,2,33,0,2,0,0,1,
2.023E+11,155 628 784,B01,2,30,0,2,0,0,1,
2.023E+11,155 628 782,A01,1,7,0,1,2,1,0,
2.023E+11,155 628 780,A01,2,7,0,0,-1,10,1,
2.023E+11,155 628 781,B01,1,33,10,0,9,21,1,
2.023E+11,155 628 779,A01,1,33,13,0,9,17,1,
2.023E+11,155 628 777,B01,1,7,0,0,6,1,0,
2.023E+11,155 628 778,A01,2,33,0,2,1,19,0,
2.023E+11,155 628 775,A01,2,10,0,2,6,9,1,
2.023E+11,155 628 776,B01,1,33,0,2,1,1,1,
2.023E+11,155 628 773,A01,2,33,0,2,2,17,1,
2.023E+11,155 628 774,B01,2,38,0,9,8,15,1,1
2.023E+11,155 628 772,A01,2,3,0,1,2,0,1,
2.023E+11,155 628 770,A01,1,7,0,2,6,19,1,
2.023E+11,155 628 771,B01,1,7,0,2,1,1,1,
2.023E+11,155 628 768,B01,1,7,0,2,1,1,1,
2.023E+11,155 628 769,A01,2,7,0,2,7,13,1,
2.023E+11,155 628 766,A01,2,1,0,2,8,13,5,
2.023E+11,155 628 767,B01,1,21,0,9,6,1,1,
2.023E+11,155 628 764,A01,2,10,0,2,2,12,1,
2.023E+11,155 628 765,B01,2,33,3,2,6,1,1,
2.023E+11,155 628 762,A01,1,7,0,2,2,15,1,
2.023E+11,155 628 763,B01,2,33,0,2,2,1,1,
2.023E+11,155 628 761,A01,1,7,2,0,1,0,1,
2.023E+11,155 628 760,A01,2,33,0,6,2,19,6,
2.023E+11,155 628 756,B01,1,7,0,2,8,13,1,
2.023E+11,155 628 757,A01,1,43,0,2,3,7,1,
2.023E+11,155 628 754,A01,1,7,0,2,4,2,1,
2.023E+11,155 628 755,B01,1,7,0,2,1,2,1,
2.023E+11,155 628 752,A01,1,15,4,2,1,1,1,
2.023E+11,155 628 753,B01,2,10,0,2,6,1,1,
2.023E+11,155 628 751,A01,1,7,3,0,8,13,1,
2.023E+11,155 628 748,A01,1,15,0,2,2,12,1,
2.023E+11,155 628 749,B01,1,7,0,2,8,18,1,
2.023E+11,155 628 750,C01,1,10,0,2,7,1,1,
2.023E+11,155 628 746,A01,1,7,0,2,4,1,1,
2.023E+11,155 628 747,B01,1,33,0,2,1,2,1,
2.023E+11,155 628 744,A01,2,7,0,2,1,1,0,
2.023E+11,155 628 745,B01,2,10,0,2,4,1,0,
2.023E+11,155 628 742,A01,2,10,0,2,1,1,1,
2.023E+11,155 628 743,B01,2,15,0,2,6,2,1,
2.023E+11,155 628 740,B01,2,7,0,2,4,1,1,
2.023E+11,155 628 741,A01,2,15,0,2,1,1,1,
2.023E+11,155 628 738,B01,1,7,0,2,2,12,1,
2.023E+11,155 628 739,A01,1,33,0,2,0,1,1,
2.023E+11,155 628 735,A01,2,7,4,2,3,11,1,
2.023E+11,155 628 736,B01,2,10,4,2,5,1,1,
2.023E+11,155 628 737,C01,2,10,4,2,6,1,1,
2.023E+11,155 628 733,A01,2,7,0,2,8,13,1,
2.023E+11,155 628 734,B01,2,31,0,2,1,3,1,
2.023E+11,155 628 731,A01,2,7,0,0,0,17,1,
2.023E+11,155 628 732,B01,2,32,14,0,1,1,0,
2.023E+11,155 628 729,B01,2,7,0,2,4,1,1,
2.023E+11,155 628 730,A01,2,7,0,2,1,1,1,
2.023E+11,155 628 727,B01,2,7,0,2,1,1,1,
2.023E+11,155 628 728,A01,2,33,0,2,1,1,1,
2.023E+11,155 628 725,A01,1,7,0,2,1,11,1,
2.023E+11,155 628 726,B01,1,7,0,2,4,1,1,
2.023E+11,155 628 723,B01,1,10,0,2,1,1,4,
2.023E+11,155 628 724,A01,1,17,0,2,4,24,1,
2.023E+11,155 628 721,A01,1,33,0,2,3,12,1,
2.023E+11,155 628 722,B01,1,7,0,2,2,0,1,
2.023E+11,155 628 719,A01,1,13,0,2,5,12,1,
2.023E+11,155 628 720,B01,1,7,4,2,3,1,1,
2.023E+11,155 628 716,A01,2,7,1,2,1,1,1,
2.023E+11,155 628 717,B01,2,7,0,0,4,23,1,
2.023E+11,155 628 718,C01,2,99,0,2,4,1,1,
2.023E+11,155 628 713,A01,1,7,0,2,5,26,1,
2.023E+11,155 628 714,B01,1,7,0,2,0,26,1,
2.023E+11,155 628 715,C01,1,33,0,2,8,2,1,
2.023E+11,155 628 712,A01,1,7,0,1,1,1,1,
2.023E+11,155 628 710,A01,2,7,0,2,1,2,1,
2.023E+11,155 628 711,B01,2,7,0,2,4,2,1,
2.023E+11,155 628 708,A01,2,20,3,2,1,1,1,
2.023E+11,155 628 709,B01,2,7,4,2,8,11,1,
2.023E+11,155 628 707,A01,2,33,0,0,0,0,1,
2.023E+11,155 628 703,A01,1,7,0,1,1,1,1,
2.023E+11,155 628 702,A01,1,7,2,0,1,0,1,
2.023E+11,155 628 700,A01,1,7,0,2,5,0,3,
2.023E+11,155 628 701,Z01,1,7,0,2,1,21,1,
2.023E+11,155 628 699,A01,3,33,1,0,1,1,1,
2.023E+11,155 628 698,A01,1,1,0,0,8,1,5,
2.023E+11,155 628 697,A01,2,50,15,0,1,13,3,
2.023E+11,155 628 696,A01,1,7,0,1,2,14,0,
2.023E+11,155 628 694,A01,2,7,0,0,4,23,1,
2.023E+11,155 628 695,B01,2,1,0,2,1,1,5,
2.023E+11,155 628 692,B01,1,7,0,2,7,1,1,
2.023E+11,155 628 693,A01,1,80,0,2,8,13,3,
2.023E+11,155 628 690,A01,2,7,0,2,2,16,1,
2.023E+11,155 628 691,B01,2,1,14,2,2,2,5,
2.023E+11,155 628 688,A01,3,1,0,2,8,5,5,
2.023E+11,155 628 689,B01,3,7,0,2,6,2,3,
2.023E+11,155 628 687,A01,1,31,0,0,0,1,0,
2.023E+11,155 628 686,A01,3,99,0,0,1,26,0,
2.023E+11,155 628 685,A01,2,7,0,1,3,26,1,
2.023E+11,155 628 683,B01,2,30,0,2,1,1,1,
2.023E+11,155 628 684,A01,1,7,0,2,5,19,1,
2.023E+11,155 628 681,A01,3,37,1,2,1,1,1,1
2.023E+11,155 628 682,B01,3,7,0,2,4,2,1,
2.023E+11,155 628 679,A01,3,7,0,2,1,1,0,
2.023E+11,155 628 680,B01,3,7,0,2,8,1,0,
2.023E+11,155 628 678,A01,2,7,0,1,2,1,1,
2.023E+11,155 628 677,A01,3,7,0,1,3,15,0,
2.023E+11,155 628 675,A01,2,7,0,2,3,15,1,
2.023E+11,155 628 676,B01,1,7,0,2,1,1,1,
2.023E+11,155 628 673,B01,1,30,0,2,7,9,1,
2.023E+11,155 628 674,A01,1,10,0,2,1,1,0,
2.023E+11,155 628 672,Z01,1,33,0,1,1,0,1,
2.023E+11,155 628 670,A01,1,13,0,2,2,15,1,
2.023E+11,155 628 671,B01,1,3,0,2,8,15,1,
2.023E+11,155 628 668,A01,0,7,0,2,2,15,1,
2.023E+11,155 628 669,B01,0,33,0,2,6,1,1,
2.023E+11,155 628 666,B01,0,1,0,2,1,1,5,
2.023E+11,155 628 667,A01,0,7,0,2,3,9,1,
2.023E+11,155 628 664,A01,2,32,0,2,3,13,1,
2.023E+11,155 628 665,B01,1,7,0,2,3,1,1,
2.023E+11,155 628 662,A01,2,7,0,2,4,26,0,
2.023E+11,155 628 663,B01,2,7,0,2,1,1,0,
2.023E+11,155 628 661,A01,1,30,0,0,8,2,1,
2.023E+11,155 628 659,A01,1,7,0,2,1,2,1,
2.023E+11,155 628 660,B01,1,7,0,0,4,2,1,
2.023E+11,155 628 658,A01,1,7,0,1,1,1,1,
2.023E+11,155 628 656,A01,1,7,0,2,2,1,1,
2.023E+11,155 628 657,B01,1,33,0,2,1,1,1,
2.023E+11,155 628 654,A01,1,7,0,2,3,1,1,
2.023E+11,155 628 655,B01,2,30,0,2,6,1,3,
2.023E+11,155 628 653,A01,3,14,0,1,2,2,1,
2.023E+11,155 628 651,B01,0,2,0,2,8,1,1,
2.023E+11,155 628 652,A01,0,7,0,2,1,19,1,
2.023E+11,155 628 650,A01,3,7,2,0,3,1,1,
2.023E+11,155 628 649,A01,1,7,0,1,2,1,1,
2.023E+11,155 628 648,A01,3,7,0,1,1,1,1,
2.023E+11,155 628 647,A01,1,17,0,1,3,1,1,
2.023E+11,155 628 645,A01,2,33,0,0,2,17,1,
2.023E+11,155 628 646,B01,2,7,0,0,3,15,1,
2.023E+11,155 628 643,B01,2,7,0,2,3,13,1,
2.023E+11,155 628 644,A01,1,10,0,2,1,1,1,
2.023E+11,155 628 641,A01,2,7,0,2,1,1,1,
2.023E+11,155 628 642,B01,1,7,8,2,8,15,1,
2.023E+11,155 628 639,B01,2,7,8,0,6,2,1,
2.023E+11,155 628 640,A01,2,7,0,2,2,2,1,
2.023E+11,155 628 637,B01,2,33,0,2,1,2,1,
2.023E+11,155 628 638,A01,2,10,0,2,5,1,1,
2.023E+11,155 628 635,B01,1,7,0,2,1,13,2,
2.023E+11,155 628 636,A01,2,10,0,2,1,21,1,
2.023E+11,155 628 634,A01,0,99,0,0,0,0,1,
2.023E+11,155 628 633,A01,2,7,0,1,2,11,0,
2.023E+11,155 628 632,A01,3,20,0,1,0,26,1,
2.023E+11,155 628 630,A01,2,7,0,2,3,13,1,
2.023E+11,155 628 631,B01,1,15,0,2,3,1,1,
2.023E+11,155 628 628,A01,1,7,0,2,1,2,1,
2.023E+11,155 628 629,B01,1,7,0,2,4,1,1,
2.023E+11,155 628 626,A01,1,7,0,2,2,5,1,
2.023E+11,155 628 627,B01,2,7,0,2,2,21,1,
2.023E+11,155 628 624,A01,2,7,0,2,8,9,1,
2.023E+11,155 628 625,B01,1,7,0,2,7,0,1,
2.023E+11,155 628 622,A01,3,7,12,2,1,1,1,
2.023E+11,155 628 623,B01,3,7,0,2,1,1,1,
2.023E+11,155 628 620,A01,1,7,0,2,8,15,1,
2.023E+11,155 628 621,B01,1,2,0,2,1,17,1,
2.023E+11,155 628 618,B01,1,10,13,2,8,1,1,
2.023E+11,155 628 619,A01,1,7,0,2,2,1,1,
2.023E+11,155 628 617,A01,1,2,0,2,1,2,1,
2.023E+11,155 628 615,A01,2,7,13,0,7,14,1,
2.023E+11,155 628 614,A01,1,2,0,2,1,2,1,
2.023E+11,155 628 616,B01,1,2,0,2,9,2,1,
2.023E+11,155 628 613,A01,3,7,2,0,3,1,1,
2.023E+11,155 628 611,A01,0,33,0,0,7,1,1,
2.023E+11,155 628 610,A01,1,2,0,2,1,19,3,
2.023E+11,155 628 612,B01,2,31,0,2,8,1,1,
2.023E+11,155 628 607,A01,1,80,0,0,0,1,3,
2.023E+11,155 628 608,A01,2,7,0,2,3,15,1,
2.023E+11,155 628 609,B01,1,33,0,2,1,0,1,
2.023E+11,155 628 606,A01,1,33,0,0,0,17,1,
2.023E+11,155 628 604,B01,1,2,0,2,8,1,1,
2.023E+11,155 628 605,A01,2,7,0,2,1,1,1,
2.023E+11,155 628 602,A01,1,20,3,2,3,13,1,
2.023E+11,155 628 603,B01,2,7,0,2,3,1,1,
2.023E+11,155 628 601,A01,1,10,0,1,2,15,1,
2.023E+11,155 628 599,A01,1,7,3,2,3,13,1,
2.023E+11,155 628 600,B01,2,15,0,2,3,1,1,
2.023E+11,155 628 598,A01,1,1,12,0,1,20,5,
2.023E+11,155 628 596,A01,3,0,0,1,0,0,0,
2.023E+11,155 628 597,A01,2,33,0,1,1,1,1,
2.023E+11,155 628 594,A01,1,7,4,0,9,1,1,
2.023E+11,155 628 593,A01,1,7,0,2,2,14,1,
2.023E+11,155 628 595,B01,1,7,3,2,6,1,2,
2.023E+11,155 628 591,A01,1,7,0,2,1,2,1,
2.023E+11,155 628 592,Z01,1,7,0,2,4,0,0,
2.023E+11,155 628 590,A01,1,33,10,0,1,17,1,
2.023E+11,155 628 588,A01,1,7,0,2,1,1,1,
2.023E+11,155 628 589,B01,1,7,0,2,4,1,1,
2.023E+11,155 628 587,A01,2,33,4,0,8,13,0,
2.023E+11,155 628 585,A01,2,7,11,0,1,1,1,
2.023E+11,155 628 584,A01,3,1,0,2,4,0,5,
2.023E+11,155 628 586,Z01,3,7,0,2,0,0,0,
2.023E+11,155 628 582,A01,1,7,13,0,3,1,1,
2.023E+11,155 628 578,A01,1,7,3,2,1,13,1,
2.023E+11,155 628 579,B01,2,17,3,2,1,1,1,
2.023E+11,155 628 575,A01,3,2,0,2,2,5,1,
2.023E+11,155 628 576,B01,3,21,0,2,1,1,1,
2.023E+11,155 628 573,A01,1,7,0,1,7,1,1,
2.023E+11,155 628 572,A01,1,7,0,2,1,1,1,
2.023E+11,155 628 574,B01,1,14,0,0,4,1,1,
2.023E+11,155 628 568,A01,2,38,0,2,5,16,1,1
2.023E+11,155 628 569,B01,2,43,0,2,1,18,1,
2.023E+11,155 628 566,B01,3,36,0,2,1,1,0,
2.023E+11,155 628 567,A01,3,7,0,2,1,1,1,
2.023E+11,155 628 563,A01,1,10,0,2,3,13,1,
2.023E+11,155 628 565,B01,2,10,0,2,3,1,1,
2.023E+11,155 628 562,A01,3,7,0,2,1,15,1,
2.023E+11,155 628 564,B01,3,2,0,2,1,17,1,
2.023E+11,155 628 560,B01,1,7,0,0,4,1,1,
2.023E+11,155 628 561,A01,1,32,1,0,1,2,1,
2.023E+11,155 628 558,B01,3,80,0,2,0,0,3,
2.023E+11,155 628 559,A01,3,7,0,2,3,9,1,
2.023E+11,155 628 555,A01,3,7,0,2,2,9,1,
2.023E+11,155 628 557,B01,1,2,0,2,1,1,1,
2.023E+11,155 628 552,A01,3,10,2,0,1,1,1,
2.023E+11,155 628 551,D01,2,33,0,2,9,1,1,
2.023E+11,155 628 553,C01,2,7,0,2,1,1,1,
2.023E+11,155 628 554,B01,2,7,0,2,1,1,1,
2.023E+11,155 628 556,A01,2,7,0,2,4,1,1,
2.023E+11,155 628 547,B01,2,7,0,2,8,1,1,
2.023E+11,155 628 550,A01,1,7,0,2,1,1,1,
2.023E+11,155 628 548,A01,3,2,0,2,1,1,1,
2.023E+11,155 628 549,B01,3,7,0,2,3,15,1,
2.023E+11,155 628 546,A01,1,7,17,0,2,13,1,
2.023E+11,155 628 544,B01,1,7,0,2,1,1,0,
2.023E+11,155 628 545,A01,2,7,0,2,3,9,1,
2.023E+11,155 628 541,A01,2,7,0,1,2,1,1,
2.023E+11,155 628 542,A01,2,7,0,0,3,11,1,
2.023E+11,155 628 543,B01,1,38,0,0,0,23,1,1
2.023E+11,155 628 538,A01,2,34,0,2,1,1,1,
2.023E+11,155 628 540,B01,1,7,0,2,5,19,2,
2.023E+11,155 628 537,A01,2,7,0,2,3,13,1,
2.023E+11,155 628 539,B01,1,7,0,2,2,1,1,
2.023E+11,155 628 535,B01,1,37,0,2,2,1,1,1
2.023E+11,155 628 536,A01,1,1,0,2,3,9,5,
2.023E+11,155 628 534,A01,1,7,16,0,0,21,1,
2.023E+11,155 628 532,A01,2,7,0,1,3,1,1,
2.023E+11,155 628 531,A01,1,7,0,2,6,13,0,
2.023E+11,155 628 533,B01,1,33,0,2,1,17,0,
2.023E+11,155 628 530,A01,1,7,0,1,3,16,1,
2.023E+11,155 628 529,A01,1,33,0,0,1,1,1,
2.023E+11,155 628 528,A01,0,7,0,1,1,9,1,
2.023E+11,155 628 527,A01,0,99,12,0,1,1,1,
2.023E+11,155 628 526,A01,1,7,2,0,1,1,1,
2.023E+11,155 628 525,A01,1,7,6,0,2,0,1,
2.023E+11,155 628 521,A01,1,7,0,2,3,1,3,
2.023E+11,155 628 523,B01,2,33,0,2,1,17,1,
2.023E+11,155 628 522,B01,3,7,0,2,5,1,0,
2.023E+11,155 628 524,A01,3,33,0,2,3,1,1,
2.023E+11,155 628 519,A01,2,7,0,1,2,1,1,
2.023E+11,155 628 518,B01,1,7,0,2,2,1,0,
2.023E+11,155 628 520,A01,2,7,0,0,5,9,1,
2.023E+11,155 628 517,A01,2,7,0,1,1,1,1,
2.023E+11,155 628 516,A01,1,7,6,0,1,0,1,
2.023E+11,155 628 514,B01,1,7,0,2,5,15,1,
2.023E+11,155 628 515,A01,1,7,0,2,3,2,1,
2.023E+11,155 628 513,A01,3,7,0,1,2,1,1,
2.023E+11,155 628 512,A01,2,7,0,1,2,1,1,
2.023E+11,155 628 511,A01,0,7,0,1,7,20,3,
2.023E+11,155 628 509,B01,3,99,0,2,2,9,1,
2.023E+11,155 628 510,A01,1,7,0,2,1,1,1,
2.023E+11,155 628 508,A01,1,32,1,0,1,1,1,
2.023E+11,155 628 507,A01,3,7,0,2,1,26,1,
2.023E+11,155 628 503,A01,2,43,4,0,8,9,1,
2.023E+11,155 628 502,A01,2,1,0,2,4,1,5,
2.023E+11,155 628 504,Z01,2,7,0,2,1,1,1,
2.023E+11,155 628 500,A01,3,3,0,0,0,1,1,
2.023E+11,155 628 499,A01,2,31,0,2,2,1,1,
2.023E+11,155 628 501,B01,2,10,0,2,8,1,1,
2.023E+11,155 628 497,A01,3,50,0,2,1,5,3,
2.023E+11,155 628 498,B01,3,7,0,2,3,1,1,
2.023E+11,155 628 494,B01,3,7,0,2,4,23,1,
2.023E+11,155 628 496,A01,3,7,0,2,2,1,1,