Num_Acc,id_vehicule,num_veh,senc,catv,obs,obsm,choc,manv,motor,occutc
2.023E+11,155 628 026,A01,3,7,0,2,3,15,1,
2.023E+11,155 628 028,B01,2,33,0,2,1,1,1,
2.023E+11,155 628 023,A01,1,7,13,0,1,14,1,
2.023E+11,155 628 022,A01,1,7,11,2,1,6,1,
2.023E+11,155 628 025,B01,2,7,0,2,3,1,1,
2.023E+11,155 628 024,A01,2,7,3,0,1,14,1,
2.023E+11,155 628 020,A01,2,7,0,2,1,14,1,
2.023E+11,155 628 021,B01,2,7,0,2,8,1,1,
2.023E+11,155 628 019,A01,3,7,0,1,3,1,1,
2.023E+11,155 628 018,A01,1,7,6,0,1,0,2,
2.023E+11,155 628 017,A01,1,7,0,1,0,1,1,
2.023E+11,155 628 015,B01,2,1,0,2,2,1,5,
2.023E+11,155 628 016,A01,2,7,0,9,6,9,1,
2.023E+11,155 628 014,A01,3,7,0,1,3,16,1,
2.023E+11,155 628 008,B01,2,1,0,2,3,1,5,
2.023E+11,155 628 011,A01,2,17,0,2,5,16,1,
2.023E+11,155 628 010,A01,0,7,16,0,0,1,1,
2.023E+11,155 628 005,Z01,1,7,0,1,1,1,0,
2.023E+11,155 628 004,A01,2,7,3,2,1,26,1,
2.023E+11,155 628 006,C01,2,7,0,2,4,0,1,
2.023E+11,155 628 007,D01,2,7,3,2,0,0,1,
2.023E+11,155 628 009,E01,2,7,3,2,0,21,1,
2.023E+11,155 628 012,F01,2,14,0,2,2,21,1,
2.023E+11,155 628 013,B01,2,10,0,2,0,21,1,
2.023E+11,155 628 003,A01,0,1,0,1,1,1,5,
2.023E+11,155 628 000,A01,1,30,0,2,1,13,1,
2.023E+11,155 628 002,B01,2,32,0,2,1,1,1,
2.023E+11,155 627 999,A01,1,7,0,1,4,20,1,
2.023E+11,155 627 998,A01,2,7,0,2,3,15,0,
2.023E+11,155 628 001,B01,2,2,0,2,1,17,0,
2.023E+11,155 627 996,A01,2,7,0,2,3,13,1,
2.023E+11,155 627 997,B01,1,14,0,2,3,1,6,
2.023E+11,155 627 995,Z01,2,7,0,1,0,1,0,
2.023E+11,155 627 992,A01,3,3,0,2,8,19,1,
2.023E+11,155 627 994,B01,1,17,0,2,1,1,1,
2.023E+11,155 627 991,A01,3,1,0,1,3,1,5,
2.023E+11,155 627 990,A01,2,21,0,2,8,15,1,
2.023E+11,155 627 993,B01,2,33,0,2,1,17,1,
2.023E+11,155 627 988,A01,2,7,0,2,2,5,1,
2.023E+11,155 627 989,B01,1,7,0,2,2,1,1,
2.023E+11,155 627 987,A01,2,50,0,1,1,1,3,
2.023E+11,155 627 986,A01,1,7,8,0,1,13,1,
2.023E+11,155 627 984,A01,2,7,0,2,3,2,0,
2.023E+11,155 627 985,B01,1,2,0,2,1,1,0,
2.023E+11,155 627 983,A01,1,7,0,1,2,16,1,
2.023E+11,155 627 981,A01,1,33,0,0,7,3,1,
2.023E+11,155 627 980,A01,1,33,0,2,1,1,1,
2.023E+11,155 627 982,B01,1,7,0,2,3,10,1,
2.023E+11,155 627 979,Z01,2,7,0,1,2,16,1,
2.023E+11,155 627 977,A01,2,7,0,1,2,0,1,
2.023E+11,155 627 976,B01,1,33,0,2,3,1,1,
2.023E+11,155 627 978,A01,1,10,0,2,1,19,1,
2.023E+11,155 627 974,A01,3,7,0,2,2,16,2,
2.023E+11,155 627 975,B01,3,1,0,2,3,1,5,
2.023E+11,155 627 973,A01,2,7,17,0,2,1,1,
2.023E+11,155 627 971,B01,3,7,0,2,3,1,1,
2.023E+11,155 627 972,A01,3,7,0,2,3,17,1,
2.023E+11,155 627 970,A01,1,50,0,0,0,1,3,
2.023E+11,155 627 968,A01,1,1,0,0,4,2,5,
2.023E+11,155 627 969,B01,1,7,0,9,1,1,1,
2.023E+11,155 627 966,B01,2,34,0,2,8,1,1,
2.023E+11,155 627 967,A01,1,7,8,2,2,15,1,
2.023E+11,155 627 964,A01,2,33,0,0,0,17,1,
2.023E+11,155 627 965,Z01,1,32,0,1,1,1,0,
2.023E+11,155 627 963,A01,1,33,0,0,7,1,1,
2.023E+11,155 627 959,A01,3,7,0,1,0,15,0,
2.023E+11,155 627 960,A01,2,7,11,0,3,15,1,
2.023E+11,155 627 962,B01,2,7,11,0,1,19,1,
2.023E+11,155 627 958,A01,1,10,0,2,1,19,1,
2.023E+11,155 627 961,B01,2,33,0,2,1,1,1,
2.023E+11,155 627 957,A01,0,7,0,1,1,0,1,
2.023E+11,155 627 956,A01,2,30,9,0,1,0,1,
2.023E+11,155 627 955,A01,1,7,2,0,2,1,1,
2.023E+11,155 627 952,A01,3,7,0,2,3,1,1,
2.023E+11,155 627 954,B01,3,7,0,2,3,1,1,
2.023E+11,155 627 948,B01,1,33,0,2,1,0,1,
2.023E+11,155 627 951,A01,2,33,0,2,1,0,1,
2.023E+11,155 627 950,B01,3,2,0,2,1,1,1,
2.023E+11,155 627 953,A01,3,7,0,2,2,15,1,
2.023E+11,155 627 947,A01,1,7,0,2,1,1,1,
2.023E+11,155 627 949,B01,2,7,0,2,1,5,1,
2.023E+11,155 627 945,A01,3,7,0,1,1,26,1,
2.023E+11,155 627 944,B01,1,1,1,0,1,1,5,
2.023E+11,155 627 946,A01,1,14,0,2,6,24,1,
2.023E+11,155 627 942,A01,1,7,0,2,2,12,1,
2.023E+11,155 627 943,B01,1,7,8,2,8,0,1,
2.023E+11,155 627 939,A01,1,7,0,0,4,2,0,
2.023E+11,155 627 941,B01,1,7,0,2,1,2,0,
2.023E+11,155 627 940,A01,2,31,11,0,1,17,1,
2.023E+11,155 627 938,A01,2,7,2,0,0,13,1,
2.023E+11,155 627 936,A01,1,7,0,1,1,1,1,
2.023E+11,155 627 935,B01,1,7,0,2,7,17,1,
2.023E+11,155 627 937,A01,1,2,0,2,8,15,1,
2.023E+11,155 627 932,B01,0,7,0,2,4,2,1,
2.023E+11,155 627 933,A01,0,7,0,2,1,2,1,
2.023E+11,155 627 931,A01,1,7,0,2,1,15,1,
2.023E+11,155 627 934,B01,2,31,0,2,1,1,3,
2.023E+11,155 627 930,A01,2,33,0,0,2,1,1,
2.023E+11,155 627 927,B01,0,60,0,2,0,0,5,
2.023E+11,155 627 929,A01,1,42,0,2,1,19,1,
2.023E+11,155 627 926,A01,2,7,0,0,8,0,0,
2.023E+11,155 627 928,B01,2,1,0,0,1,1,5,
2.023E+11,155 627 924,B01,1,7,0,2,3,1,1,
2.023E+11,155 627 925,A01,1,7,0,2,3,17,1,
2.023E+11,155 627 923,A01,1,2,0,0,0,2,1,
2.023E+11,155 627 921,A01,1,7,0,2,1,13,1,
2.023E+11,155 627 922,B01,2,7,0,2,1,26,3,
2.023E+11,155 627 920,A01,3,2,9,0,1,13,1,
2.023E+11,155 627 918,A01,3,10,0,2,2,2,1,
2.023E+11,155 627 919,B01,3,2,0,0,4,26,1,
2.023E+11,155 627 916,B01,2,10,0,2,1,1,1,
2.023E+11,155 627 917,A01,2,7,0,0,4,1,1,
2.023E+11,155 627 914,A01,1,7,0,2,4,1,1,
2.023E+11,155 627 915,B01,1,7,0,2,1,1,1,
2.023E+11,155 627 912,A01,2,7,14,0,0,26,1,
2.023E+11,155 627 913,B01,1,7,0,2,4,17,1,
2.023E+11,155 627 907,A01,2,7,0,2,1,2,0,
2.023E+11,155 627 909,C01,2,7,0,2,4,2,0,
2.023E+11,155 627 910,B01,2,7,0,2,4,2,0,
2.023E+11,155 627 908,A01,1,7,0,2,4,1,1,
2.023E+11,155 627 911,B01,1,7,0,2,1,1,1,
2.023E+11,155 627 904,B01,1,7,0,2,8,1,2,
2.023E+11,155 627 906,A01,1,7,0,2,2,14,1,
2.023E+11,155 627 899,D01,2,7,0,2,4,1,1,
2.023E+11,155 627 900,A01,2,10,0,2,1,14,1,
2.023E+11,155 627 901,B01,2,7,0,2,4,1,1,
2.023E+11,155 627 903,C01,2,7,0,2,4,1,1,
2.023E+11,155 627 902,B01,2,7,0,2,1,2,1,
2.023E+11,155 627 905,A01,2,7,0,2,4,23,1,
2.023E+11,155 627 898,A01,2,7,0,0,-1,26,2,
2.023E+11,155 627 896,A01,2,7,0,2,6,1,1,
2.023E+11,155 627 897,B01,2,33,0,2,1,3,1,
2.023E+11,155 627 894,A01,2,7,0,2,3,1,1,
2.023E+11,155 627 895,B01,1,7,0,2,3,1,1,
2.023E+11,155 627 890,B01,1,7,0,2,1,0,0,
2.023E+11,155 627 891,C01,1,7,0,2,1,0,0,
2.023E+11,155 627 892,D01,1,7,0,2,1,0,0,
2.023E+11,155 627 893,A01,1,10,0,2,1,1,1,
2.023E+11,155 627 886,A01,2,7,0,2,1,2,1,
2.023E+11,155 627 887,B01,2,7,0,2,1,2,1,
2.023E+11,155 627 888,C01,2,7,0,2,2,0,1,
2.023E+11,155 627 889,D01,2,7,0,2,4,2,1,
2.023E+11,155 627 884,A01,1,7,0,2,1,2,1,
2.023E+11,155 627 885,B01,1,7,0,2,4,1,1,
2.023E+11,155 627 882,B01,2,7,3,2,2,12,1,
2.023E+11,155 627 883,A01,2,33,3,2,3,18,1,
2.023E+11,155 627 878,A01,2,7,0,2,5,14,1,
2.023E+11,155 627 879,B01,2,33,0,2,1,3,1,
2.023E+11,155 627 876,B01,2,7,0,2,6,1,1,
2.023E+11,155 627 877,A01,2,7,3,2,3,1,1,
2.023E+11,155 627 873,C01,2,7,0,2,6,1,1,
2.023E+11,155 627 874,B01,2,7,0,2,7,1,1,
2.023E+11,155 627 875,A01,2,33,0,2,3,1,1,
2.023E+11,155 627 871,A01,2,33,0,2,1,3,1,
2.023E+11,155 627 872,B01,2,33,0,2,4,3,1,
2.023E+11,155 627 870,A01,2,10,0,1,2,1,1,
2.023E+11,155 627 868,A01,2,7,3,0,4,26,1,
2.023E+11,155 627 869,B01,2,10,0,2,1,2,1,
2.023E+11,155 627 866,B01,1,7,0,2,4,23,1,
2.023E+11,155 627 867,A01,1,10,14,0,1,2,1,
2.023E+11,155 627 863,A01,2,7,1,0,2,1,1,
2.023E+11,155 627 861,C01,2,15,0,0,3,23,1,
2.023E+11,155 627 862,A01,2,7,0,2,4,11,1,
2.023E+11,155 627 864,D01,2,33,1,0,1,17,1,
2.023E+11,155 627 865,B01,2,30,0,0,4,0,1,
2.023E+11,155 627 859,A01,2,7,0,2,4,23,1,
2.023E+11,155 627 860,B01,2,7,0,2,1,2,1,
2.023E+11,155 627 855,A01,0,7,1,2,1,13,1,
2.023E+11,155 627 857,B01,3,10,0,2,1,1,1,
2.023E+11,155 627 856,B01,1,14,0,2,0,2,1,
2.023E+11,155 627 858,A01,1,7,0,2,1,2,1,
2.023E+11,155 627 851,B01,1,7,0,2,1,2,1,
2.023E+11,155 627 853,C01,1,7,0,1,1,2,2,
2.023E+11,155 627 854,A01,1,7,0,1,1,26,1,
2.023E+11,155 627 850,B01,1,33,0,2,7,1,1,
2.023E+11,155 627 852,A01,1,7,0,2,3,17,1,
2.023E+11,155 627 848,B01,2,7,0,2,8,1,1,
2.023E+11,155 627 849,A01,2,2,0,2,1,1,1,
2.023E+11,155 627 847,A01,3,7,2,0,9,1,1,
2.023E+11,155 627 843,A01,1,33,0,2,1,17,0,
2.023E+11,155 627 845,B01,1,7,0,0,8,1,1,
2.023E+11,155 627 846,C01,2,7,0,2,1,1,0,
2.023E+11,155 627 841,A01,2,7,0,1,5,4,1,
2.023E+11,155 627 842,B01,1,7,0,2,2,1,1,
2.023E+11,155 627 844,A01,1,7,0,2,1,15,1,
2.023E+11,155 627 838,B01,3,50,0,0,7,2,3,
2.023E+11,155 627 840,A01,2,7,0,0,3,2,1,
2.023E+11,155 627 837,B01,3,50,0,2,1,0,3,
2.023E+11,155 627 839,A01,2,30,0,2,1,26,1,
2.023E+11,155 627 836,A01,1,37,0,1,1,1,0,1
2.023E+11,155 627 832,A01,1,7,0,2,1,15,1,
2.023E+11,155 627 835,B01,0,33,0,2,1,1,1,
2.023E+11,155 627 829,B01,2,7,0,2,1,2,1,
2.023E+11,155 627 830,C01,2,7,0,2,4,2,1,
2.023E+11,155 627 831,A01,2,7,0,2,1,2,1,
2.023E+11,155 627 824,A01,1,7,0,2,1,2,1,
2.023E+11,155 627 826,C01,1,7,0,2,4,0,1,
2.023E+11,155 627 827,B01,1,7,0,2,4,1,1,
2.023E+11,155 627 825,A01,2,7,0,2,8,9,1,
2.023E+11,155 627 828,B01,0,7,0,2,2,1,1,
2.023E+11,155 627 822,A01,2,10,0,9,1,9,0,
2.023E+11,155 627 823,B01,2,50,0,2,7,15,3,
2.023E+11,155 627 821,A01,3,7,1,1,1,1,1,
2.023E+11,155 627 819,B01,2,7,0,2,2,0,1,
2.023E+11,155 627 820,A01,2,33,0,2,1,1,1,
2.023E+11,155 627 817,A01,2,7,0,0,2,14,1,
2.023E+11,155 627 816,A01,1,2,0,2,2,1,1,
2.023E+11,155 627 818,B01,1,14,0,2,1,1,1,
2.023E+11,155 627 815,A01,1,7,2,0,1,1,1,
2.023E+11,155 627 812,A01,0,7,0,2,3,9,1,
2.023E+11,155 627 814,B01,0,33,0,2,1,1,1,
2.023E+11,155 627 810,A01,3,50,0,1,1,5,3,
2.023E+11,155 627 806,A01,2,10,0,0,8,15,1,
2.023E+11,155 627 808,B01,2,33,0,2,1,17,1,
2.023E+11,155 627 809,C01,2,7,0,0,6,15,1,
2.023E+11,155 627 811,D01,2,31,0,2,1,2,1,
2.023E+11,155 627 805,A01,1,33,0,2,1,3,1,
2.023E+11,155 627 807,B01,1,7,0,2,5,12,1,
2.023E+11,155 627 804,A01,2,7,8,0,9,1,1,
2.023E+11,155 627 803,A01,3,36,0,0,6,13,1,
2.023E+11,155 627 801,A01,2,7,1,2,5,12,1,
2.023E+11,155 627 802,B01,2,33,0,2,3,3,1,
2.023E+11,155 627 797,A01,1,7,0,2,1,13,1,
2.023E+11,155 627 798,B01,2,7,0,2,1,1,1,
2.023E+11,155 627 794,B01,2,33,0,2,1,1,1,
2.023E+11,155 627 796,A01,1,7,0,2,1,13,1,
2.023E+11,155 627 795,A01,1,33,0,0,0,1,1,
2.023E+11,155 627 790,A01,1,33,0,0,0,3,1,
2.023E+11,155 627 791,A01,1,7,0,2,2,2,1,
2.023E+11,155 627 793,B01,1,50,0,2,1,15,3,
2.023E+11,155 627 787,B01,2,7,0,2,3,0,1,
2.023E+11,155 627 789,A01,2,7,0,2,5,0,1,
2.023E+11,155 627 785,B01,2,7,0,2,4,2,1,
2.023E+11,155 627 788,A01,2,32,0,2,1,2,1,
2.023E+11,155 627 784,A01,3,7,0,2,3,1,1,
2.023E+11,155 627 786,B01,3,7,0,2,5,19,1,
2.023E+11,155 627 782,B01,2,10,0,2,1,2,1,
2.023E+11,155 627 783,A01,2,7,0,2,4,2,1,
2.023E+11,155 627 781,A01,1,32,0,1,2,1,1,
2.023E+11,155 627 778,B01,3,7,0,2,4,2,1,
2.023E+11,155 627 780,A01,3,7,0,2,1,2,1,
2.023E+11,155 627 777,A01,1,7,0,2,4,2,1,
2.023E+11,155 627 779,B01,1,7,0,2,1,2,1,
2.023E+11,155 627 776,A01,1,50,0,1,1,1,3,
2.023E+11,155 627 771,B01,2,32,0,2,4,1,1,
2.023E+11,155 627 773,A01,2,7,0,2,1,12,1,
2.023E+11,155 627 769,A01,3,7,0,0,0,0,1,
2.023E+11,155 627 772,C01,3,7,0,2,1,2,1,
2.023E+11,155 627 774,B01,3,7,0,2,1,2,1,
2.023E+11,155 627 775,D01,3,10,0,2,1,2,1,
2.023E+11,155 627 768,A01,1,7,0,2,2,16,1,
2.023E+11,155 627 770,B01,1,1,0,2,1,1,5,
2.023E+11,155 627 764,A01,2,50,0,1,1,25,3,
2.023E+11,155 627 762,B01,1,7,16,2,6,1,1,
2.023E+11,155 627 766,U01,1,7,4,2,1,12,1,
2.023E+11,155 627 767,A01,1,7,0,2,2,12,1,
2.023E+11,155 627 763,A01,1,7,0,2,2,1,1,
2.023E+11,155 627 765,B01,3,60,0,2,1,19,5,
2.023E+11,155 627 757,A01,1,7,0,2,1,12,1,
2.023E+11,155 627 759,B01,1,7,0,2,6,1,1,
2.023E+11,155 627 760,B01,1,43,0,2,1,1,1,
2.023E+11,155 627 761,A01,2,80,0,2,8,19,3,
2.023E+11,155 627 756,B01,1,7,8,0,8,0,1,
2.023E+11,155 627 758,A01,3,7,0,2,3,16,1,
2.023E+11,155 627 754,A01,2,50,0,0,0,1,3,
2.023E+11,155 627 751,A01,1,34,0,2,3,2,1,
2.023E+11,155 627 755,B01,1,1,0,2,3,2,5,
2.023E+11,155 627 750,A01,2,7,0,2,1,2,1,
2.023E+11,155 627 753,B01,2,7,0,2,4,2,1,
2.023E+11,155 627 749,B01,1,7,0,2,8,23,3,
2.023E+11,155 627 752,A01,2,50,0,2,7,5,3,
2.023E+11,155 627 748,A01,1,7,6,0,1,13,1,
2.023E+11,155 627 746,A01,2,33,4,0,2,1,0,
2.023E+11,155 627 747,A01,2,1,0,0,0,1,5,
2.023E+11,155 627 743,A01,2,7,2,0,1,1,1,
2.023E+11,155 627 742,B01,3,7,0,2,4,23,1,
2.023E+11,155 627 744,A01,3,10,0,2,1,2,1,
2.023E+11,155 627 741,A01,1,7,0,2,4,1,1,
2.023E+11,155 627 745,B01,1,14,0,2,2,1,1,
2.023E+11,155 627 740,A01,2,1,0,1,1,1,5,
2.023E+11,155 627 735,B01,1,7,0,2,1,2,1,
2.023E+11,155 627 738,C01,1,7,0,2,1,1,1,
2.023E+11,155 627 739,A01,1,7,0,2,1,2,0,
2.023E+11,155 627 737,A01,1,7,0,1,3,0,1,
2.023E+11,155 627 734,A01,3,2,0,2,8,9,1,
2.023E+11,155 627 736,B01,1,7,0,2,1,1,1,
2.023E+11,155 627 731,A01,2,33,0,2,1,1,1,
2.023E+11,155 627 733,C01,1,7,0,2,1,1,2,
2.023E+11,155 627 729,A01,2,7,0,1,2,1,1,
2.023E+11,155 627 727,A01,2,7,15,2,1,1,1,
2.023E+11,155 627 732,B01,1,10,0,2,2,1,1,
2.023E+11,155 627 726,A01,3,7,0,1,1,9,0,
2.023E+11,155 627 724,A01,2,7,7,0,1,1,1,
2.023E+11,155 627 722,A01,2,7,0,2,2,17,1,
2.023E+11,155 627 723,B01,2,80,0,2,3,13,3,
2.023E+11,155 627 721,B01,1,7,0,2,2,0,1,
2.023E+11,155 627 725,A01,2,7,0,2,1,1,1,
2.023E+11,155 627 720,A01,2,7,2,0,1,0,1,
2.023E+11,155 627 716,A01,0,7,0,2,3,10,1,
2.023E+11,155 627 719,B01,3,37,0,2,2,1,0,3
2.023E+11,155 627 717,A01,3,7,0,1,0,1,0,
2.023E+11,155 627 715,B01,1,50,0,2,1,1,3,
2.023E+11,155 627 718,A01,2,7,0,2,2,15,1,
2.023E+11,155 627 714,A01,1,7,0,1,1,15,1,
2.023E+11,155 627 711,B01,1,32,0,2,7,1,1,
2.023E+11,155 627 713,A01,1,7,0,2,8,1,1,
2.023E+11,155 627 712,A01,2,33,12,0,0,21,1,
2.023E+11,155 627 708,B01,3,7,0,2,1,15,1,
2.023E+11,155 627 710,A01,3,31,0,2,1,17,1,
2.023E+11,155 627 707,A01,2,7,0,2,1,17,3,
2.023E+11,155 627 709,B01,1,31,0,2,1,1,0,
2.023E+11,155 627 706,A01,1,7,0,2,0,1,1,
2.023E+11,155 627 702,A01,1,7,0,2,8,15,1,
2.023E+11,155 627 705,B01,1,33,0,2,1,17,1,
2.023E+11,155 627 699,A01,2,7,0,2,2,9,1,
2.023E+11,155 627 701,B01,1,2,0,2,1,1,1,
2.023E+11,155 627 697,C01,1,7,0,2,1,23,1,
2.023E+11,155 627 700,A01,1,7,0,2,3,19,1,
2.023E+11,155 627 704,B01,1,7,0,2,7,1,1,
2.023E+11,155 627 694,B01,3,7,0,2,4,2,1,
2.023E+11,155 627 695,A01,3,15,0,2,1,2,1,
2.023E+11,155 627 692,B01,1,33,0,2,1,1,1,
2.023E+11,155 627 693,A01,2,10,0,2,3,10,1,
2.023E+11,155 627 690,A01,3,7,1,0,2,2,1,
2.023E+11,155 627 689,A01,1,7,0,2,1,2,1,
2.023E+11,155 627 691,B01,1,7,0,0,4,0,1,
2.023E+11,155 627 687,A01,1,7,0,1,3,7,1,
2.023E+11,155 627 685,B01,3,7,0,2,2,1,1,
2.023E+11,155 627 688,A01,3,7,0,2,1,9,1,
2.023E+11,155 627 683,A01,1,7,0,2,1,2,1,
2.023E+11,155 627 686,B01,1,15,0,0,4,2,1,
2.023E+11,155 627 682,A01,2,7,13,0,5,14,1,
2.023E+11,155 627 681,A01,1,7,0,2,4,2,1,
2.023E+11,155 627 684,B01,1,10,0,2,1,2,1,
2.023E+11,155 627 677,A01,2,7,7,0,3,26,1,
2.023E+11,155 627 675,A01,2,7,0,2,4,2,1,
2.023E+11,155 627 679,B01,2,7,0,2,1,0,1,
2.023E+11,155 627 676,A01,1,7,0,2,3,16,1,
2.023E+11,155 627 680,B01,1,7,0,2,3,1,1,
2.023E+11,155 627 674,B01,2,7,0,2,2,5,0,
2.023E+11,155 627 678,A01,2,33,0,2,8,15,1,
2.023E+11,155 627 668,A01,2,7,2,0,1,13,1,
2.023E+11,155 627 667,B01,0,1,0,0,0,0,5,
2.023E+11,155 627 670,A01,0,10,1,0,4,24,1,
2.023E+11,155 627 669,C01,1,10,0,2,6,1,1,
2.023E+11,155 627 672,A01,1,33,0,2,3,1,1,
2.023E+11,155 627 673,B01,1,7,0,2,5,1,1,
2.023E+11,155 627 666,B01,0,37,0,2,8,0,1,1
2.023E+11,155 627 671,A01,0,7,1,0,1,19,1,
2.023E+11,155 627 664,A01,3,7,1,0,2,1,1,
2.023E+11,155 627 662,B01,0,33,0,2,1,1,1,
2.023E+11,155 627 665,A01,0,7,0,2,3,9,1,
2.023E+11,155 627 660,A01,1,7,0,2,2,2,0,
2.023E+11,155 627 663,B01,1,17,0,0,6,2,0,
2.023E+11,155 627 656,A01,3,7,0,2,2,15,1,
2.023E+11,155 627 658,B01,3,2,0,2,1,1,1,
2.023E+11,155 627 659,B01,1,1,0,2,6,2,5,
2.023E+11,155 627 661,A01,1,7,0,2,2,15,1,
2.023E+11,155 627 655,A01,1,34,0,2,1,1,1,
2.023E+11,155 627 657,B01,1,7,0,0,5,4,1,
2.023E+11,155 627 654,A01,2,7,4,0,9,1,1,
2.023E+11,155 627 651,B01,1,33,0,2,1,0,1,
2.023E+11,155 627 653,A01,1,7,0,2,3,19,1,
2.023E+11,155 627 648,B01,3,7,0,2,4,2,0,
2.023E+11,155 627 650,A01,3,7,0,2,1,0,1,
2.023E+11,155 627 649,B01,1,3,0,0,0,0,0,
2.023E+11,155 627 652,A01,1,32,0,0,0,0,0,
2.023E+11,155 627 646,A01,1,7,16,0,3,1,1,
2.023E+11,155 627 643,C01,2,7,3,9,8,0,1,
2.023E+11,155 627 644,A01,2,10,0,2,1,11,1,
2.023E+11,155 627 647,B01,1,7,0,2,1,26,1,
2.023E+11,155 627 641,B01,1,31,0,2,0,1,1,
2.023E+11,155 627 645,A01,3,7,0,2,2,15,1,
2.023E+11,155 627 639,A01,2,7,0,1,1,1,1,
2.023E+11,155 627 640,A01,2,7,0,2,2,1,1,
2.023E+11,155 627 642,B01,1,7,0,2,1,15,1,
2.023E+11,155 627 638,A01,0,7,0,1,1,26,0,
2.023E+11,155 627 637,A01,3,7,0,1,1,1,1,
2.023E+11,155 627 636,A01,1,7,0,1,0,1,1,
2.023E+11,155 627 633,A01,3,10,0,2,6,9,1,
2.023E+11,155 627 634,B01,3,32,0,2,1,1,1,
2.023E+11,155 627 630,B01,1,7,0,2,0,0,1,
2.023E+11,155 627 635,A01,2,7,0,2,0,0,0,
2.023E+11,155 627 631,B01,1,7,0,2,1,1,1,
2.023E+11,155 627 632,A01,1,7,0,2,2,1,1,
2.023E+11,155 627 627,A01,1,33,0,2,1,1,1,
2.023E+11,155 627 629,B01,1,10,0,2,4,1,1,
2.023E+11,155 627 626,A01,2,7,0,2,1,15,1,
2.023E+11,155 627 628,B01,1,33,0,2,1,1,1,
2.023E+11,155 627 624,A01,1,2,0,1,1,26,1,
2.023E+11,155 627 621,A01,0,7,0,2,1,1,0,
2.023E+11,155 627 623,B01,0,30,0,2,9,1,0,
2.023E+11,155 627 625,C01,0,7,0,2,4,1,0,
2.023E+11,155 627 620,A01,1,31,13,0,1,1,1,
2.023E+11,155 627 617,A01,2,7,0,2,7,12,1,
2.023E+11,155 627 619,B01,2,33,0,2,3,1,1,
2.023E+11,155 627 622,C01,2,7,0,2,1,1,1,
2.023E+11,155 627 616,A01,3,7,0,2,3,26,1,
2.023E+11,155 627 618,B01,2,1,0,2,1,1,5,
2.023E+11,155 627 615,A01,1,7,8,0,2,14,1,
2.023E+11,155 627 614,A01,1,7,0,0,2,1,1,
2.023E+11,155 627 611,A01,0,7,0,0,2,2,0,
2.023E+11,155 627 608,B01,1,7,0,2,4,2,2,
2.023E+11,155 627 613,A01,1,33,0,2,1,2,1,
2.023E+11,155 627 607,A01,1,7,0,2,1,1,0,
2.023E+11,155 627 610,C01,1,10,0,2,4,1,2,
2.023E+11,155 627 612,B01,1,10,0,2,1,1,1,
2.023E+11,155 627 606,A01,1,7,0,2,1,19,1,
2.023E+11,155 627 609,B01,2,7,9,2,6,1,1,
2.023E+11,155 627 605,A01,2,7,0,1,2,1,1,
2.023E+11,155 627 604,A01,1,7,0,1,2,15,1,
2.023E+11,155 627 601,A01,3,7,3,0,2,1,1,
2.023E+11,155 627 599,A01,2,7,0,2,1,15,1,
2.023E+11,155 627 602,B01,1,30,0,2,7,1,3,
2.023E+11,155 627 600,A01,1,33,0,2,2,1,1,
2.023E+11,155 627 603,B01,1,10,0,2,1,9,0,
2.023E+11,155 627 595,Z01,2,7,14,2,1,1,1,
2.023E+11,155 627 598,A01,1,7,14,2,8,1,1,
2.023E+11,155 627 594,A01,1,10,0,2,1,15,1,
2.023E+11,155 627 597,B01,2,7,10,2,1,1,1,
2.023E+11,155 627 592,A01,1,7,15,2,1,1,1,
2.023E+11,155 627 596,B01,1,1,0,0,4,1,5,
2.023E+11,155 627 593,A01,0,1,14,0,1,1,5,
2.023E+11,155 627 588,B01,2,33,0,2,1,17,1,
2.023E+11,155 627 590,A01,2,7,0,2,8,15,1,
2.023E+11,155 627 587,A01,1,7,2,0,0,26,1,
2.023E+11,155 627 589,A01,3,7,0,2,3,15,1,
2.023E+11,155 627 591,B01,3,43,0,2,1,1,1,
2.023E+11,155 627 586,A01,1,7,1,0,3,1,0,
2.023E+11,155 627 585,A01,1,7,3,0,2,1,1,
2.023E+11,155 627 580,A01,3,33,0,2,3,11,1,
2.023E+11,155 627 584,B01,3,7,0,2,7,11,1,
2.023E+11,155 627 579,B01,2,7,0,0,4,23,0,
2.023E+11,155 627 581,A01,2,80,0,2,1,1,3,
2.023E+11,155 627 575,C01,2,7,0,2,0,0,3,
2.023E+11,155 627 577,B01,0,30,0,2,8,2,1,
2.023E+11,155 627 582,A01,0,7,0,2,1,2,2,
2.023E+11,155 627 573,A01,1,10,6,2,8,1,1,
2.023E+11,155 627 578,B01,2,7,0,2,1,19,1,
2.023E+11,155 627 572,A01,2,33,0,2,6,1,1,
2.023E+11,155 627 576,B01,1,1,0,2,1,1,5,
2.023E+11,155 627 570,A01,1,50,0,0,0,1,3,
2.023E+11,155 627 568,A01,1,34,0,1,1,1,1,
2.023E+11,155 627 567,A01,2,7,0,2,7,0,1,
2.023E+11,155 627 571,B01,2,2,0,2,1,1,1,
2.023E+11,155 627 566,A01,2,7,0,2,8,13,1,
2.023E+11,155 627 569,B01,1,10,0,2,1,1,1,
2.023E+11,155 627 565,Z01,2,14,12,1,0,13,0,