Num_Acc,id_vehicule,num_veh,senc,catv,obs,obsm,choc,manv,motor,occutc
2.023E+11,155 627 563,A01,3,7,0,1,2,1,1,
2.023E+11,155 627 561,B01,3,7,0,2,4,2,1,
2.023E+11,155 627 564,A01,3,7,0,2,1,2,1,
2.023E+11,155 627 560,A01,3,10,0,0,3,1,1,
2.023E+11,155 627 562,B01,3,80,0,2,1,13,3,
2.023E+11,155 627 559,A01,3,37,0,1,5,26,6,1
2.023E+11,155 627 557,A01,0,7,0,1,4,4,1,
2.023E+11,155 627 558,A01,1,7,0,1,3,1,1,
2.023E+11,155 627 555,A01,1,7,0,1,3,16,0,
2.023E+11,155 627 553,A01,1,7,14,2,1,17,1,
2.023E+11,155 627 556,B01,1,7,14,2,3,2,1,
2.023E+11,155 627 552,A01,1,10,0,1,5,4,0,
2.023E+11,155 627 551,A01,1,7,0,2,1,1,0,
2.023E+11,155 627 554,B01,1,7,0,2,6,15,0,
2.023E+11,155 627 546,A01,1,7,0,2,3,1,0,
2.023E+11,155 627 550,B01,2,7,0,2,3,1,0,
2.023E+11,155 627 545,B01,2,1,0,2,8,16,5,
2.023E+11,155 627 548,A01,1,7,0,9,2,15,1,
2.023E+11,155 627 544,A01,3,50,0,2,1,5,3,
2.023E+11,155 627 549,B01,1,7,0,2,1,16,1,
2.023E+11,155 627 543,B01,1,34,0,2,1,2,1,
2.023E+11,155 627 547,A01,2,7,0,2,2,15,1,
2.023E+11,155 627 541,A01,1,30,0,2,4,1,1,
2.023E+11,155 627 542,B01,1,7,0,2,1,2,1,
2.023E+11,155 627 535,B01,3,7,0,2,1,1,1,
2.023E+11,155 627 538,A01,1,7,0,2,1,5,1,
2.023E+11,155 627 537,A01,2,7,0,2,1,5,1,
2.023E+11,155 627 540,B01,1,34,0,2,1,1,1,
2.023E+11,155 627 536,A01,1,7,0,9,2,16,1,
2.023E+11,155 627 539,B01,2,50,0,2,1,1,3,
2.023E+11,155 627 529,C01,1,7,0,2,1,2,1,
2.023E+11,155 627 532,A01,1,7,0,2,5,1,2,
2.023E+11,155 627 534,B01,1,7,0,2,4,2,1,
2.023E+11,155 627 527,A01,1,50,0,2,3,19,3,
2.023E+11,155 627 533,B01,1,7,0,2,1,1,1,
2.023E+11,155 627 528,B01,1,1,0,2,8,16,5,
2.023E+11,155 627 531,A01,1,10,0,2,7,1,1,
2.023E+11,155 627 526,A01,1,7,0,2,3,15,1,
2.023E+11,155 627 530,B01,2,2,0,2,8,1,1,
2.023E+11,155 627 524,A01,2,7,0,1,2,15,1,
2.023E+11,155 627 522,A01,2,7,0,2,7,12,1,
2.023E+11,155 627 525,B01,2,7,0,2,6,1,1,
2.023E+11,155 627 519,A01,3,7,0,2,1,16,1,
2.023E+11,155 627 520,B01,2,31,0,2,1,21,1,
2.023E+11,155 627 521,A01,1,7,0,2,1,5,1,
2.023E+11,155 627 517,C01,2,7,0,2,8,1,4,
2.023E+11,155 627 518,A01,1,7,0,2,3,13,1,
2.023E+11,155 627 523,B01,2,15,16,2,3,1,1,
2.023E+11,155 627 515,A01,2,7,0,1,1,2,1,
2.023E+11,155 627 514,A01,0,7,0,1,1,1,0,
2.023E+11,155 627 511,A01,1,7,0,1,7,1,1,
2.023E+11,155 627 513,B01,2,7,0,2,4,23,1,
2.023E+11,155 627 516,A01,1,7,0,2,1,1,1,
2.023E+11,155 627 508,A01,1,7,0,1,8,9,3,
2.023E+11,155 627 507,B01,3,50,0,2,2,1,3,
2.023E+11,155 627 510,A01,2,7,0,9,3,9,1,
2.023E+11,155 627 506,B01,2,7,0,2,8,1,1,
2.023E+11,155 627 509,A01,2,7,0,2,1,17,1,
2.023E+11,155 627 505,A01,3,10,0,1,4,4,1,
2.023E+11,155 627 503,A01,3,7,0,1,2,1,1,
2.023E+11,155 627 504,A01,1,7,4,0,1,11,1,
2.023E+11,155 627 500,A01,1,7,0,2,2,15,1,
2.023E+11,155 627 502,B01,2,2,0,2,1,1,0,
2.023E+11,155 627 499,A01,1,33,0,2,2,1,0,
2.023E+11,155 627 501,B01,2,7,0,2,1,10,0,
2.023E+11,155 627 496,A01,1,7,0,2,2,1,1,
2.023E+11,155 627 497,B01,1,7,0,2,8,1,1,
2.023E+11,155 627 495,A01,1,32,4,0,2,1,1,
2.023E+11,155 627 492,B01,2,7,0,2,1,1,1,
2.023E+11,155 627 494,A01,2,36,0,2,6,15,1,
2.023E+11,155 627 486,B01,3,60,0,0,0,0,5,
2.023E+11,155 627 489,A01,3,14,0,2,4,21,0,
2.023E+11,155 627 488,B01,2,10,0,2,1,1,2,
2.023E+11,155 627 491,C01,2,10,0,2,1,1,1,
2.023E+11,155 627 493,A01,2,7,0,2,1,5,1,
2.023E+11,155 627 487,B01,1,15,0,2,6,2,1,
2.023E+11,155 627 490,A01,1,7,4,2,2,14,1,
2.023E+11,155 627 482,A01,2,7,0,1,3,1,1,
2.023E+11,155 627 481,B01,2,7,0,2,2,1,1,
2.023E+11,155 627 484,A01,2,7,0,2,6,11,1,
2.023E+11,155 627 480,B01,3,7,0,2,3,21,1,
2.023E+11,155 627 483,A01,3,1,0,2,0,13,5,
2.023E+11,155 627 479,B01,2,7,0,2,1,1,0,
2.023E+11,155 627 485,A01,1,7,0,2,8,15,0,
2.023E+11,155 627 478,A01,2,31,0,1,8,17,3,
2.023E+11,155 627 477,A01,2,7,4,0,1,1,1,
2.023E+11,155 627 474,A01,2,7,3,0,1,1,1,
2.023E+11,155 627 471,A01,1,7,3,0,7,21,1,
2.023E+11,155 627 470,A01,1,10,0,2,1,1,1,
2.023E+11,155 627 472,C01,1,7,0,2,4,23,1,
2.023E+11,155 627 473,B01,1,10,0,2,4,23,1,
2.023E+11,155 627 467,A01,0,7,14,0,2,17,1,
2.023E+11,155 627 465,B01,2,7,14,0,1,1,1,
2.023E+11,155 627 468,A01,2,7,3,0,2,1,1,
2.023E+11,155 627 469,C01,2,7,14,0,1,1,1,
2.023E+11,155 627 462,B01,2,7,0,2,0,9,1,
2.023E+11,155 627 464,A01,2,30,0,2,7,1,1,
2.023E+11,155 627 463,B01,2,10,0,2,4,2,1,
2.023E+11,155 627 466,A01,2,33,0,2,1,2,1,
2.023E+11,155 627 459,A01,2,7,0,0,7,14,1,
2.023E+11,155 627 457,A01,1,7,6,0,9,1,1,
2.023E+11,155 627 458,A01,2,7,4,0,1,1,1,
2.023E+11,155 627 456,C01,1,15,0,2,8,1,1,
2.023E+11,155 627 460,A01,1,7,13,2,1,17,1,
2.023E+11,155 627 461,B01,1,7,0,2,1,16,1,
2.023E+11,155 627 453,A01,2,7,4,0,1,1,1,
2.023E+11,155 627 452,A01,1,2,0,0,4,1,1,
2.023E+11,155 627 455,B01,1,10,0,2,1,2,1,
2.023E+11,155 627 451,A01,1,7,1,0,3,1,1,
2.023E+11,155 627 454,B01,1,7,0,0,5,24,1,
2.023E+11,155 627 447,A01,3,7,0,2,3,15,0,
2.023E+11,155 627 450,B01,3,7,0,2,3,1,0,
2.023E+11,155 627 448,A01,1,7,4,0,1,1,1,
2.023E+11,155 627 445,A01,3,1,0,2,1,26,5,
2.023E+11,155 627 446,B01,3,1,0,2,1,0,5,
2.023E+11,155 627 444,B01,3,7,0,2,3,1,1,
2.023E+11,155 627 449,A01,3,7,0,2,2,9,1,
2.023E+11,155 627 443,A01,1,7,0,1,1,1,1,
2.023E+11,155 627 442,A01,1,7,4,0,1,16,1,
2.023E+11,155 627 440,A01,1,7,0,2,7,22,1,
2.023E+11,155 627 441,B01,1,0,0,2,0,0,0,
2.023E+11,155 627 439,A01,1,7,10,0,9,17,1,
2.023E+11,155 627 434,A01,3,7,13,0,1,1,1,
2.023E+11,155 627 433,A01,2,7,0,1,3,1,1,
2.023E+11,155 627 432,A01,2,7,0,2,2,12,1,
2.023E+11,155 627 437,B01,2,37,0,2,8,1,1,1
2.023E+11,155 627 431,A01,2,7,3,0,3,2,2,
2.023E+11,155 627 429,A01,2,7,0,1,2,1,1,
2.023E+11,155 627 427,A01,1,10,0,2,2,2,1,
2.023E+11,155 627 428,B01,1,7,0,2,4,2,1,
2.023E+11,155 627 424,B01,2,7,3,0,5,1,1,
2.023E+11,155 627 426,A01,2,33,0,2,1,2,1,
2.023E+11,155 627 425,A01,3,36,2,0,2,1,1,
2.023E+11,155 627 423,A01,2,7,0,1,2,1,1,
2.023E+11,155 627 420,A01,1,1,0,1,1,0,5,
2.023E+11,155 627 419,B01,1,7,3,2,2,1,1,
2.023E+11,155 627 422,A01,1,7,3,2,3,9,1,
2.023E+11,155 627 418,A01,1,7,0,2,1,14,2,
2.023E+11,155 627 417,A01,2,99,0,2,1,15,1,
2.023E+11,155 627 421,B01,2,33,0,2,7,17,1,
2.023E+11,155 627 413,A01,2,7,0,2,1,1,1,
2.023E+11,155 627 415,B01,2,7,0,2,8,26,1,
2.023E+11,155 627 412,A01,3,7,0,2,3,16,1,
2.023E+11,155 627 416,B01,3,2,0,2,3,15,0,
2.023E+11,155 627 411,A01,1,7,0,0,6,15,2,
2.023E+11,155 627 414,B01,1,33,0,2,1,17,1,
2.023E+11,155 627 410,A01,2,7,2,0,1,1,1,
2.023E+11,155 627 408,A01,1,2,13,0,0,1,1,
2.023E+11,155 627 406,A01,1,7,0,2,1,1,1,
2.023E+11,155 627 407,B01,1,7,0,2,4,23,1,
2.023E+11,155 627 409,C01,1,7,0,2,4,23,1,
2.023E+11,155 627 405,A01,1,10,0,1,1,1,1,
2.023E+11,155 627 404,A01,2,7,0,0,0,1,1,
2.023E+11,155 627 401,A01,1,7,6,0,1,13,1,
2.023E+11,155 627 399,A01,3,30,0,0,7,1,6,
2.023E+11,155 627 398,A01,2,7,13,0,8,1,1,
2.023E+11,155 627 403,B01,1,7,0,2,1,1,1,
2.023E+11,155 627 397,A01,3,33,12,0,3,16,1,
2.023E+11,155 627 395,A01,3,10,0,1,2,15,1,
2.023E+11,155 627 394,A01,1,7,14,9,1,1,1,
2.023E+11,155 627 396,B01,1,80,0,2,8,16,3,
2.023E+11,155 627 391,B01,1,50,0,2,8,19,3,
2.023E+11,155 627 392,A01,1,7,0,2,1,1,1,
2.023E+11,155 627 388,A01,1,33,0,2,2,12,0,
2.023E+11,155 627 389,B01,1,10,0,2,3,2,1,
2.023E+11,155 627 387,A01,3,3,0,2,2,1,1,
2.023E+11,155 627 390,B01,3,7,0,2,1,26,1,
2.023E+11,155 627 385,A01,1,7,0,2,7,19,1,
2.023E+11,155 627 393,B01,2,7,0,2,1,1,1,
2.023E+11,155 627 384,B01,0,37,0,0,1,1,1,1
2.023E+11,155 627 386,A01,0,7,0,2,1,13,1,
2.023E+11,155 627 382,A01,0,1,0,2,1,15,5,
2.023E+11,155 627 383,B01,0,7,0,2,1,1,1,
2.023E+11,155 627 378,A01,3,7,0,1,1,1,1,
2.023E+11,155 627 380,B01,3,43,0,2,1,2,1,
2.023E+11,155 627 377,A01,1,7,0,2,3,19,0,
2.023E+11,155 627 381,B01,1,33,0,2,1,1,1,
2.023E+11,155 627 374,B01,1,7,0,2,3,1,1,
2.023E+11,155 627 376,A01,2,10,0,2,1,13,1,
2.023E+11,155 627 372,A01,1,7,0,2,1,16,1,
2.023E+11,155 627 375,B01,3,7,0,2,7,1,1,
2.023E+11,155 627 379,C01,3,7,0,2,6,1,1,
2.023E+11,155 627 373,A01,1,31,13,0,1,1,1,
2.023E+11,155 627 369,A01,1,7,6,0,1,13,1,
2.023E+11,155 627 370,A01,1,80,0,0,9,14,3,
2.023E+11,155 627 371,B01,2,15,0,0,0,1,1,
2.023E+11,155 627 367,Z01,1,7,0,1,1,15,1,
2.023E+11,155 627 366,A01,2,33,0,0,0,1,1,
2.023E+11,155 627 365,B01,2,37,0,2,6,0,1,2
2.023E+11,155 627 368,A01,2,2,0,2,7,17,1,
2.023E+11,155 627 362,B01,1,10,0,2,3,19,1,
2.023E+11,155 627 364,A01,2,7,0,2,1,1,1,
2.023E+11,155 627 361,A01,1,33,16,0,1,1,1,
2.023E+11,155 627 358,A01,1,7,0,2,1,3,1,
2.023E+11,155 627 360,B01,1,7,0,2,4,1,1,
2.023E+11,155 627 363,C01,1,7,0,2,0,0,1,
2.023E+11,155 627 356,A01,2,10,6,0,1,14,1,
2.023E+11,155 627 355,A01,1,7,15,0,2,14,1,
2.023E+11,155 627 351,A01,1,33,0,0,2,1,1,
2.023E+11,155 627 352,B01,2,7,0,2,0,0,1,
2.023E+11,155 627 354,A01,2,7,0,1,1,13,1,
2.023E+11,155 627 350,B01,3,7,0,2,7,26,1,
2.023E+11,155 627 353,C01,3,7,0,2,1,26,1,
2.023E+11,155 627 357,D01,3,7,0,2,1,26,1,
2.023E+11,155 627 359,A01,3,7,0,2,9,1,1,
2.023E+11,155 627 348,B01,1,1,0,2,7,16,5,
2.023E+11,155 627 349,A01,1,37,0,2,0,11,1,1
2.023E+11,155 627 344,B01,1,7,0,2,4,23,1,
2.023E+11,155 627 347,A01,1,7,0,2,1,1,1,
2.023E+11,155 627 342,B01,2,7,0,2,8,1,1,
2.023E+11,155 627 345,A01,1,7,0,2,3,13,1,
2.023E+11,155 627 341,A01,1,7,0,2,1,1,1,
2.023E+11,155 627 343,B01,1,7,0,2,1,1,1,
2.023E+11,155 627 346,C01,1,7,0,2,0,1,1,
2.023E+11,155 627 337,B01,1,50,0,2,8,15,3,
2.023E+11,155 627 339,A01,1,7,0,2,3,1,1,
2.023E+11,155 627 338,A01,1,7,0,2,1,1,1,
2.023E+11,155 627 340,B01,1,7,0,0,8,16,1,
2.023E+11,155 627 334,A01,1,0,0,0,0,0,0,
2.023E+11,155 627 335,B01,1,2,0,0,0,0,0,
2.023E+11,155 627 333,A01,1,7,13,0,9,0,1,
2.023E+11,155 627 330,A01,3,2,0,2,1,1,1,
2.023E+11,155 627 332,B01,3,21,0,2,1,1,1,
2.023E+11,155 627 328,A01,1,7,0,4,1,1,1,
2.023E+11,155 627 331,B01,1,40,0,2,1,1,3,
2.023E+11,155 627 327,B01,2,30,0,2,3,1,1,
2.023E+11,155 627 329,Z01,1,7,0,2,2,15,1,
2.023E+11,155 627 326,A01,1,7,2,0,3,14,1,
2.023E+11,155 627 325,A01,2,33,7,0,8,1,1,
2.023E+11,155 627 322,A01,2,7,0,2,1,1,1,
2.023E+11,155 627 324,B01,3,50,0,2,7,1,3,
2.023E+11,155 627 320,B01,3,7,0,2,2,1,1,
2.023E+11,155 627 323,A01,3,13,0,2,4,19,1,
2.023E+11,155 627 319,A01,1,7,13,0,1,13,1,
2.023E+11,155 627 318,A01,1,7,0,2,1,1,1,
2.023E+11,155 627 321,B01,2,7,0,2,1,1,1,
2.023E+11,155 627 316,A01,2,37,0,1,7,1,1,1
2.023E+11,155 627 313,A01,1,30,0,2,1,13,1,
2.023E+11,155 627 317,B01,2,7,0,2,0,1,1,
2.023E+11,155 627 312,B01,3,10,0,0,3,1,1,
2.023E+11,155 627 314,A01,3,33,0,2,1,17,1,
2.023E+11,155 627 309,A01,1,2,0,2,2,0,0,
2.023E+11,155 627 310,Z01,2,7,0,2,3,1,0,
2.023E+11,155 627 307,A01,3,10,17,0,3,13,1,
2.023E+11,155 627 306,A01,2,33,0,2,8,17,1,
2.023E+11,155 627 311,B01,1,7,0,2,3,1,1,
2.023E+11,155 627 305,A01,3,50,0,2,2,13,3,
2.023E+11,155 627 308,B01,2,50,0,2,2,15,3,
2.023E+11,155 627 303,A01,2,31,0,2,1,19,1,
2.023E+11,155 627 304,B01,2,7,0,2,2,11,1,
2.023E+11,155 627 302,A01,1,7,8,0,3,13,1,
2.023E+11,155 627 299,A01,2,7,0,1,7,1,1,
2.023E+11,155 627 298,A01,2,30,0,2,8,1,1,
2.023E+11,155 627 300,Z01,1,0,0,9,7,16,1,
2.023E+11,155 627 297,B01,2,33,0,2,3,1,1,
2.023E+11,155 627 301,A01,1,7,0,2,1,1,1,
2.023E+11,155 627 295,A01,1,7,0,1,2,16,1,
2.023E+11,155 627 291,C01,1,17,13,0,0,1,6,
2.023E+11,155 627 294,A01,2,7,0,0,1,15,1,
2.023E+11,155 627 296,D01,1,7,0,0,1,23,1,
2.023E+11,155 627 292,A01,1,7,0,0,9,1,1,
2.023E+11,155 627 290,A01,1,7,0,1,3,1,1,
2.023E+11,155 627 289,B01,2,2,0,9,1,1,1,
2.023E+11,155 627 293,A01,2,7,0,2,7,9,1,
2.023E+11,155 627 287,A01,1,2,0,2,1,5,1,
2.023E+11,155 627 288,B01,2,7,0,2,3,1,1,
2.023E+11,155 627 283,A01,0,7,0,2,2,15,1,
2.023E+11,155 627 286,B01,0,33,0,2,1,21,1,
2.023E+11,155 627 282,A01,2,7,0,2,1,2,1,
2.023E+11,155 627 285,B01,2,7,0,2,4,1,1,
2.023E+11,155 627 281,B01,2,10,0,2,7,1,1,
2.023E+11,155 627 284,A01,1,2,0,2,1,1,1,
2.023E+11,155 627 277,A01,2,33,0,2,1,13,1,
2.023E+11,155 627 279,B01,1,37,0,2,2,1,1,1
2.023E+11,155 627 275,B01,3,2,0,2,7,1,1,
2.023E+11,155 627 278,A01,1,7,0,2,3,9,1,
2.023E+11,155 627 273,A01,1,7,0,2,1,2,1,
2.023E+11,155 627 276,B01,1,7,0,2,4,2,1,
2.023E+11,155 627 272,B01,2,10,0,2,0,15,0,
2.023E+11,155 627 274,A01,2,33,0,0,7,1,1,
2.023E+11,155 627 269,A01,1,7,0,2,1,15,1,
2.023E+11,155 627 270,B01,1,33,0,2,7,1,1,
2.023E+11,155 627 268,A01,3,50,0,2,2,1,3,
2.023E+11,155 627 271,B01,3,10,0,9,3,1,1,
2.023E+11,155 627 266,A01,1,0,0,1,2,1,1,
2.023E+11,155 627 264,B01,2,10,0,2,1,9,1,
2.023E+11,155 627 267,A01,2,7,0,2,2,9,1,
2.023E+11,155 627 262,A01,1,7,0,1,2,1,1,
2.023E+11,155 627 261,A01,2,36,0,2,0,1,1,
2.023E+11,155 627 263,B01,1,7,0,2,1,1,1,
2.023E+11,155 627 265,C01,2,7,0,2,8,1,1,
2.023E+11,155 627 258,B01,1,7,0,1,1,1,1,
2.023E+11,155 627 257,B01,2,7,0,2,0,14,0,
2.023E+11,155 627 260,A01,1,33,0,2,3,1,1,
2.023E+11,155 627 256,A01,2,7,0,2,2,17,1,
2.023E+11,155 627 259,B01,1,7,0,2,2,1,3,
2.023E+11,155 627 255,A01,3,7,0,1,2,1,1,
2.023E+11,155 627 253,A01,2,7,0,0,1,13,1,
2.023E+11,155 627 254,B01,2,30,0,2,1,1,1,
2.023E+11,155 627 250,A01,2,7,2,0,0,1,1,
2.023E+11,155 627 248,B01,1,7,0,2,4,2,1,
2.023E+11,155 627 252,A01,1,14,0,2,2,26,1,
2.023E+11,155 627 249,B01,2,33,0,2,1,1,1,
2.023E+11,155 627 251,A01,2,7,0,2,3,9,1,
2.023E+11,155 627 246,B01,3,50,0,2,1,17,3,
2.023E+11,155 627 247,A01,3,7,0,2,1,15,1,
2.023E+11,155 627 243,A01,2,7,0,2,1,2,1,
2.023E+11,155 627 245,B01,2,21,0,2,4,2,1,
2.023E+11,155 627 242,A01,1,7,8,0,2,1,1,
2.023E+11,155 627 241,B01,3,7,0,2,3,1,1,
2.023E+11,155 627 244,A01,3,7,0,2,1,13,1,
2.023E+11,155 627 240,A01,0,7,1,2,1,1,1,
2.023E+11,155 627 234,A01,1,7,6,2,3,1,1,
2.023E+11,155 627 238,B01,1,7,0,2,1,19,1,
2.023E+11,155 627 233,A01,3,30,0,2,1,26,1,
2.023E+11,155 627 236,B01,3,7,0,2,2,26,1,
2.023E+11,155 627 230,B01,1,7,0,2,2,1,1,
2.023E+11,155 627 232,C01,1,10,0,2,3,1,1,
2.023E+11,155 627 235,A01,1,7,0,2,1,19,1,
2.023E+11,155 627 229,A01,1,7,5,0,1,1,1,
2.023E+11,155 627 227,B01,1,7,0,2,1,2,1,
2.023E+11,155 627 231,C01,1,7,0,2,4,2,1,
2.023E+11,155 627 237,D01,1,7,0,2,4,23,1,
2.023E+11,155 627 239,A01,1,10,0,2,1,1,1,
2.023E+11,155 627 224,B01,1,1,0,2,0,13,5,
2.023E+11,155 627 225,A01,2,7,0,9,3,14,2,
2.023E+11,155 627 223,A01,1,7,0,1,1,1,1,
2.023E+11,155 627 221,B01,2,10,0,2,8,1,1,
2.023E+11,155 627 226,C01,2,7,0,2,8,1,1,
2.023E+11,155 627 228,A01,2,7,0,2,1,1,1,
2.023E+11,155 627 217,A01,1,1,0,0,0,1,5,
2.023E+11,155 627 219,A01,3,7,2,0,2,1,0,
2.023E+11,155 627 216,A01,1,7,0,2,2,14,1,
2.023E+11,155 627 220,B01,1,33,0,2,8,1,1,
2.023E+11,155 627 222,C01,1,7,0,2,4,1,1,
2.023E+11,155 627 215,A01,1,30,0,2,2,3,1,
2.023E+11,155 627 218,B01,1,7,0,2,3,11,1,
2.023E+11,155 627 210,B01,2,2,0,2,3,15,1,
2.023E+11,155 627 214,A01,2,7,0,2,2,15,0,
2.023E+11,155 627 207,A01,2,7,0,2,1,1,1,
2.023E+11,155 627 211,B01,2,32,0,2,3,15,1,
2.023E+11,155 627 206,A01,1,33,4,2,8,3,1,
2.023E+11,155 627 209,B01,1,7,4,2,6,13,1,
2.023E+11,155 627 205,B01,1,7,0,2,4,23,1,
2.023E+11,155 627 208,D01,1,7,0,2,4,23,1,
2.023E+11,155 627 212,C01,1,7,0,2,4,23,1,
2.023E+11,155 627 213,A01,1,7,0,2,1,2,1,
2.023E+11,155 627 204,A01,3,2,0,0,7,2,1,
2.023E+11,155 627 201,A01,1,7,0,1,0,2,1,
2.023E+11,155 627 200,A01,1,7,2,0,7,17,1,
2.023E+11,155 627 198,A01,2,7,0,2,4,2,1,
2.023E+11,155 627 203,B01,2,7,0,2,1,2,1,
2.023E+11,155 627 197,C01,0,10,0,2,0,0,1,
2.023E+11,155 627 199,B01,0,7,0,2,3,13,1,
2.023E+11,155 627 202,A01,0,33,0,2,4,17,1,
2.023E+11,155 627 196,A01,2,31,0,0,1,13,1,
2.023E+11,155 627 193,B01,2,7,0,2,1,15,1,
2.023E+11,155 627 195,A01,1,7,0,2,1,1,1,
2.023E+11,155 627 190,A01,1,7,0,2,1,1,2,
2.023E+11,155 627 194,B01,1,10,0,2,6,0,1,
2.023E+11,155 627 191,Z01,1,7,0,1,0,0,0,
2.023E+11,155 627 189,A01,0,7,0,2,3,15,1,
2.023E+11,155 627 192,B01,0,2,0,2,1,1,1,
2.023E+11,155 627 188,A01,2,1,0,0,0,1,5,
2.023E+11,155 627 186,A01,2,41,0,1,1,1,3,
2.023E+11,155 627 185,A01,1,32,0,2,1,1,1,
2.023E+11,155 627 187,B01,1,7,0,2,5,1,1,
2.023E+11,155 627 180,B01,1,7,0,2,8,0,0,
2.023E+11,155 627 184,A01,1,7,0,2,1,19,0,
2.023E+11,155 627 181,A01,1,7,0,2,3,11,0,
2.023E+11,155 627 183,B01,1,33,0,2,7,3,1,
2.023E+11,155 627 178,B01,0,80,0,2,0,0,3,
2.023E+11,155 627 182,A01,0,7,0,9,2,16,1,
2.023E+11,155 627 177,B01,1,7,0,2,8,0,1,
2.023E+11,155 627 179,A01,1,15,0,2,2,12,1,
2.023E+11,155 627 176,A01,2,15,3,0,1,1,1,
2.023E+11,155 627 172,A01,1,7,0,2,2,15,1,
2.023E+11,155 627 174,B01,2,33,0,2,1,2,1,
2.023E+11,155 627 170,B01,1,7,0,2,7,1,1,
2.023E+11,155 627 173,Z01,1,7,0,2,3,11,0,
2.023E+11,155 627 168,B01,2,14,0,2,1,1,1,
2.023E+11,155 627 175,A01,2,7,0,2,7,1,1,
2.023E+11,155 627 169,A01,1,7,4,2,1,11,1,
2.023E+11,155 627 171,B01,1,7,3,2,5,1,1,
2.023E+11,155 627 165,A01,3,7,0,1,1,15,1,
2.023E+11,155 627 162,A01,2,7,4,1,3,23,1,
2.023E+11,155 627 166,C01,2,7,0,2,1,2,1,
2.023E+11,155 627 163,A01,2,14,0,2,4,2,1,
2.023E+11,155 627 167,B01,2,14,0,2,7,2,1,
2.023E+11,155 627 164,A01,3,7,0,1,4,20,1,
2.023E+11,155 627 160,A01,1,7,4,0,3,1,1,
2.023E+11,155 627 158,B01,1,50,0,2,0,0,3,
2.023E+11,155 627 161,A01,2,7,0,2,0,0,1,
2.023E+11,155 627 156,A01,2,7,0,2,3,2,1,
2.023E+11,155 627 159,B01,2,33,0,2,2,21,1,
2.023E+11,155 627 155,B01,2,7,0,2,2,15,1,
2.023E+11,155 627 157,A01,2,37,0,2,3,1,1,3
2.023E+11,155 627 154,A01,1,7,4,0,1,0,1,
2.023E+11,155 627 140,D01,1,7,0,2,1,1,1,
2.023E+11,155 627 143,E01,1,7,0,2,1,1,1,
2.023E+11,155 627 145,B01,1,10,0,2,6,23,1,
2.023E+11,155 627 149,C01,1,7,0,2,7,1,1,
2.023E+11,155 627 153,A01,1,10,0,2,2,14,1,
2.023E+11,155 627 137,B01,0,10,0,0,4,24,2,
2.023E+11,155 627 142,A01,0,10,1,0,1,2,1,
2.023E+11,155 627 138,B01,2,7,0,2,4,2,1,
2.023E+11,155 627 139,A01,2,10,0,2,1,2,3,
2.023E+11,155 627 131,B01,2,14,0,2,6,23,1,
2.023E+11,155 627 134,A01,2,7,14,0,2,17,1,
2.023E+11,155 627 133,B01,3,10,0,2,6,2,1,
2.023E+11,155 627 135,F01,3,10,0,2,4,2,1,
2.023E+11,155 627 136,G01,3,10,0,2,4,2,1,
2.023E+11,155 627 141,C01,3,7,0,2,6,2,1,
2.023E+11,155 627 144,D01,3,7,0,2,4,2,3,
2.023E+11,155 627 148,A01,3,14,0,2,1,2,1,
2.023E+11,155 627 152,E01,3,10,0,2,6,2,1,
2.023E+11,155 627 130,A01,1,7,0,2,3,1,1,
2.023E+11,155 627 129,A01,1,7,0,2,0,0,1,
2.023E+11,155 627 132,B01,1,33,0,0,0,0,1,
2.023E+11,155 627 126,A01,1,7,0,1,1,2,1,
2.023E+11,155 627 124,B01,2,33,0,2,2,17,1,
2.023E+11,155 627 127,A01,2,7,0,2,8,15,1,
2.023E+11,155 627 123,T01,3,50,0,9,1,0,3,
2.023E+11,155 627 128,U01,3,50,0,9,1,5,3,
2.023E+11,155 627 122,A01,1,7,0,2,3,1,1,
2.023E+11,155 627 125,B01,1,7,0,2,2,0,1,
2.023E+11,155 627 116,A01,1,7,0,2,1,13,1,
2.023E+11,155 627 120,B01,1,7,0,2,1,1,1,
2.023E+11,155 627 117,B01,2,1,0,2,0,0,5,
2.023E+11,155 627 121,A01,2,7,0,2,1,15,1,
2.023E+11,155 627 118,A01,3,7,0,1,2,2,1,
2.023E+11,155 627 119,A01,3,7,0,2,2,26,1,
2.023E+11,155 627 113,A01,0,34,5,2,9,14,6,
2.023E+11,155 627 109,A01,1,7,0,2,1,1,1,
2.023E+11,155 627 111,B01,1,10,0,2,9,11,1,
2.023E+11,155 627 115,C01,1,7,0,2,8,0,1,
2.023E+11,155 627 110,B01,1,7,0,2,0,0,1,
2.023E+11,155 627 114,A01,1,7,0,2,3,16,2,
2.023E+11,155 627 108,A01,1,7,0,2,3,17,1,
2.023E+11,155 627 112,B01,1,7,0,2,7,2,1,
2.023E+11,155 627 107,A01,1,33,0,9,1,26,1,
2.023E+11,155 627 105,A01,1,32,0,2,7,2,1,
2.023E+11,155 627 106,B01,1,7,0,2,3,15,3,
2.023E+11,155 627 103,A01,2,7,0,1,1,9,1,
2.023E+11,155 627 104,A01,1,33,0,9,8,15,0,
2.023E+11,155 627 102,A01,1,3,0,1,3,15,3,
2.023E+11,155 627 101,Z01,3,7,0,1,2,1,1,
2.023E+11,155 627 098,A01,3,7,0,2,3,9,1,