Num_Acc,id_vehicule,num_veh,senc,catv,obs,obsm,choc,manv,motor,occutc
2.023E+11,155 627 100,B01,3,33,0,2,1,1,1,
2.023E+11,155 627 097,A01,2,10,0,1,1,9,1,
2.023E+11,155 627 096,B01,2,7,0,2,1,1,1,
2.023E+11,155 627 099,A01,2,50,0,2,2,1,3,
2.023E+11,155 627 095,A01,3,7,0,1,3,26,1,
2.023E+11,155 627 094,A01,3,10,0,1,6,4,1,
2.023E+11,155 627 089,A01,1,7,0,2,1,2,1,
2.023E+11,155 627 093,B01,1,7,0,2,4,23,1,
2.023E+11,155 627 088,A01,3,7,0,2,7,10,2,
2.023E+11,155 627 091,B01,3,14,0,2,1,1,1,
2.023E+11,155 627 086,B01,1,7,0,2,4,2,1,
2.023E+11,155 627 090,C01,1,7,0,2,0,0,1,
2.023E+11,155 627 092,A01,1,7,0,2,3,2,1,
2.023E+11,155 627 083,A01,1,10,0,2,1,1,1,
2.023E+11,155 627 085,B01,1,10,0,2,4,1,1,
2.023E+11,155 627 087,C01,1,10,0,2,4,1,1,
2.023E+11,155 627 082,A01,1,7,0,1,1,1,1,
2.023E+11,155 627 081,A01,1,7,0,2,3,1,1,
2.023E+11,155 627 084,B01,1,1,0,2,1,1,5,
2.023E+11,155 627 077,A01,3,10,0,1,1,2,1,
2.023E+11,155 627 079,A01,2,7,1,0,3,13,1,
2.023E+11,155 627 078,B01,3,3,0,2,1,19,1,
2.023E+11,155 627 080,A01,1,7,0,2,8,1,1,
2.023E+11,155 627 075,A01,3,7,0,2,3,1,1,
2.023E+11,155 627 076,B01,3,7,0,2,1,15,1,
2.023E+11,155 627 072,A01,1,7,0,2,3,11,1,
2.023E+11,155 627 074,B01,1,33,0,2,7,3,1,
2.023E+11,155 627 071,A01,2,7,0,1,2,1,1,
2.023E+11,155 627 070,A01,2,7,0,2,1,1,1,
2.023E+11,155 627 073,B01,2,7,0,2,4,1,1,
2.023E+11,155 627 067,A01,3,31,0,2,1,1,1,
2.023E+11,155 627 069,B01,3,7,0,2,3,15,1,
2.023E+11,155 627 064,A01,1,7,0,2,1,15,2,
2.023E+11,155 627 065,B01,2,2,0,2,8,1,1,
2.023E+11,155 627 062,B01,3,7,0,2,1,1,1,
2.023E+11,155 627 068,A01,1,7,0,2,2,1,1,
2.023E+11,155 627 061,B01,1,7,0,0,0,0,1,
2.023E+11,155 627 063,C01,1,7,0,0,8,2,1,
2.023E+11,155 627 066,A01,1,7,0,2,1,21,1,
2.023E+11,155 627 059,Z01,2,7,0,1,1,1,1,
2.023E+11,155 627 055,A01,1,10,0,9,7,16,1,
2.023E+11,155 627 058,B01,1,50,0,2,8,19,3,
2.023E+11,155 627 054,A01,3,7,0,2,5,19,1,
2.023E+11,155 627 057,B01,1,38,0,2,1,1,1,1
2.023E+11,155 627 060,C01,1,7,0,2,8,1,1,
2.023E+11,155 627 056,A01,2,7,0,1,2,16,1,
2.023E+11,155 627 052,B01,1,30,0,2,7,21,1,
2.023E+11,155 627 053,A01,2,1,0,2,0,5,5,
2.023E+11,155 627 049,A01,3,10,0,2,1,2,1,
2.023E+11,155 627 051,B01,0,10,0,0,6,10,1,
2.023E+11,155 627 048,A01,1,7,0,1,2,15,1,
2.023E+11,155 627 044,B01,1,50,0,2,4,1,3,
2.023E+11,155 627 046,A01,1,43,0,2,1,1,1,
2.023E+11,155 627 041,A01,1,7,2,0,0,0,1,
2.023E+11,155 627 039,A01,1,7,7,0,1,13,1,
2.023E+11,155 627 036,A01,1,7,0,1,2,1,1,
2.023E+11,155 627 034,B01,1,1,0,2,1,1,5,
2.023E+11,155 627 035,A01,2,7,0,2,3,1,1,
2.023E+11,155 627 032,B01,3,1,0,2,4,19,5,
2.023E+11,155 627 033,A01,3,7,0,2,1,0,1,
2.023E+11,155 627 029,A01,1,1,0,0,2,1,5,
2.023E+11,155 627 030,A01,1,7,0,2,5,24,1,
2.023E+11,155 627 031,B01,1,7,1,0,3,13,1,
2.023E+11,155 627 026,B01,1,7,1,0,8,1,1,
2.023E+11,155 627 028,A01,1,10,0,2,1,16,1,
2.023E+11,155 627 025,Z01,3,7,0,2,0,13,1,
2.023E+11,155 627 027,A01,3,31,0,2,5,1,1,
2.023E+11,155 627 023,B01,1,31,0,5,1,1,1,
2.023E+11,155 627 020,B01,1,37,0,2,2,2,1,1
2.023E+11,155 627 021,A01,1,30,0,2,3,2,1,
2.023E+11,155 627 017,A01,1,7,0,2,8,10,1,
2.023E+11,155 627 019,B01,1,33,0,2,7,1,1,
2.023E+11,155 627 016,A01,1,10,0,2,1,13,1,
2.023E+11,155 627 018,B01,1,7,0,2,1,1,1,
2.023E+11,155 627 014,B01,1,7,1,2,4,24,1,
2.023E+11,155 627 015,A01,1,7,0,2,1,1,1,
2.023E+11,155 627 012,A01,1,7,0,2,3,2,1,
2.023E+11,155 627 013,B01,1,10,0,2,4,2,1,
2.023E+11,155 627 011,A01,0,7,0,1,1,1,1,
2.023E+11,155 627 010,A01,2,7,12,1,1,14,1,
2.023E+11,155 627 008,A01,3,33,0,2,1,1,1,
2.023E+11,155 627 009,B01,3,7,0,2,2,15,1,
2.023E+11,155 627 005,B01,1,31,0,2,3,1,1,
2.023E+11,155 627 006,A01,1,7,0,2,3,10,1,
2.023E+11,155 627 004,B01,3,1,0,2,4,12,5,
2.023E+11,155 627 007,A01,3,7,0,2,3,26,1,
2.023E+11,155 627 003,A01,2,7,0,1,1,15,1,
2.023E+11,155 627 000,B01,3,2,0,2,1,1,1,
2.023E+11,155 627 002,A01,3,7,0,2,2,15,1,
2.023E+11,155 626 999,A01,1,10,0,2,8,15,1,
2.023E+11,155 627 001,B01,1,30,0,2,2,17,3,
2.023E+11,155 626 997,A01,2,1,0,2,8,2,5,
2.023E+11,155 626 998,B01,2,7,0,2,7,17,-1,
2.023E+11,155 626 995,A01,2,60,12,0,0,1,3,
2.023E+11,155 626 994,B01,1,7,0,2,5,1,1,
2.023E+11,155 626 996,A01,1,1,0,2,1,1,5,
2.023E+11,155 626 989,B01,2,7,0,2,0,1,2,
2.023E+11,155 626 991,A01,2,30,0,2,0,1,1,
2.023E+11,155 626 988,A01,3,7,0,2,1,26,1,
2.023E+11,155 626 992,B01,1,2,0,2,4,1,1,
2.023E+11,155 626 987,A01,3,7,0,1,1,15,0,
2.023E+11,155 626 986,A01,1,7,0,1,1,1,1,
2.023E+11,155 626 984,B01,3,7,0,9,8,1,1,
2.023E+11,155 626 985,A01,3,1,0,2,8,19,5,
2.023E+11,155 626 981,A01,2,7,0,2,2,15,1,
2.023E+11,155 626 983,B01,1,33,0,2,3,1,1,
2.023E+11,155 626 980,B01,1,7,0,0,2,16,1,
2.023E+11,155 626 982,A01,2,50,0,2,1,1,3,
2.023E+11,155 626 977,B01,3,1,0,2,8,1,5,
2.023E+11,155 626 979,A01,3,10,0,9,3,15,1,
2.023E+11,155 626 976,A01,2,33,0,2,1,1,1,
2.023E+11,155 626 978,B01,1,7,0,2,7,15,1,
2.023E+11,155 626 975,A01,3,7,0,1,1,0,1,
2.023E+11,155 626 973,A01,1,7,0,2,2,9,1,
2.023E+11,155 626 974,B01,1,50,0,2,2,1,3,
2.023E+11,155 626 970,A01,1,50,0,2,7,15,3,
2.023E+11,155 626 972,B01,2,7,0,2,2,1,1,
2.023E+11,155 626 969,B01,2,7,0,2,2,1,1,
2.023E+11,155 626 971,A01,3,7,0,2,3,15,1,
2.023E+11,155 626 966,A01,2,7,0,2,9,21,1,
2.023E+11,155 626 967,B01,2,37,0,2,3,1,1,1
2.023E+11,155 626 968,C01,2,7,0,2,5,23,1,
2.023E+11,155 626 963,A01,0,7,12,0,3,1,1,
2.023E+11,155 626 964,A01,3,7,0,1,1,15,1,
2.023E+11,155 626 962,B01,1,7,0,2,2,15,1,
2.023E+11,155 626 965,A01,1,50,0,2,6,1,3,
2.023E+11,155 626 960,B01,0,7,0,2,1,1,0,
2.023E+11,155 626 961,A01,0,7,0,2,4,1,1,
2.023E+11,155 626 958,A01,3,10,0,1,4,20,6,
2.023E+11,155 626 959,A01,1,7,0,1,3,0,1,
2.023E+11,155 626 957,A01,1,10,1,0,6,21,0,
2.023E+11,155 626 951,A01,1,7,0,2,0,0,0,
2.023E+11,155 626 954,B01,1,30,0,2,5,2,0,
2.023E+11,155 626 953,A01,2,7,0,9,2,1,1,
2.023E+11,155 626 955,B01,2,1,0,2,8,1,5,
2.023E+11,155 626 952,A01,3,30,0,2,1,15,1,
2.023E+11,155 626 956,B01,1,30,0,2,1,1,1,
2.023E+11,155 626 947,B01,3,50,0,2,1,1,3,
2.023E+11,155 626 950,A01,1,7,0,2,3,2,2,
2.023E+11,155 626 946,A01,1,50,0,4,3,15,3,
2.023E+11,155 626 949,B01,1,40,0,2,3,15,3,
2.023E+11,155 626 944,B01,2,7,0,2,1,2,2,
2.023E+11,155 626 945,C01,2,7,0,2,4,2,1,
2.023E+11,155 626 948,A01,2,7,0,2,1,2,1,
2.023E+11,155 626 942,B01,1,7,0,2,3,15,1,
2.023E+11,155 626 943,A01,1,2,0,2,1,17,1,
2.023E+11,155 626 938,A01,1,7,8,0,1,1,1,
2.023E+11,155 626 939,A01,1,30,0,2,8,9,1,
2.023E+11,155 626 941,B01,1,7,0,2,1,1,1,
2.023E+11,155 626 937,A01,2,7,0,2,3,10,1,
2.023E+11,155 626 940,B01,2,34,0,2,3,2,1,
2.023E+11,155 626 936,A01,2,43,0,0,0,1,1,
2.023E+11,155 626 931,B01,1,33,0,2,1,15,0,
2.023E+11,155 626 932,A01,2,7,0,2,3,9,0,
2.023E+11,155 626 930,C01,2,7,0,2,1,23,1,
2.023E+11,155 626 934,B01,1,7,0,2,6,1,1,
2.023E+11,155 626 935,A01,1,7,0,2,1,12,1,
2.023E+11,155 626 927,B01,2,10,0,2,0,15,1,
2.023E+11,155 626 929,A01,1,32,0,2,1,1,1,
2.023E+11,155 626 924,A01,3,3,0,2,1,1,1,
2.023E+11,155 626 928,B01,3,7,0,2,8,15,1,
2.023E+11,155 626 925,A01,1,7,0,2,1,15,1,
2.023E+11,155 626 926,B01,2,33,0,2,1,1,1,
2.023E+11,155 626 917,A01,2,2,0,2,3,26,1,
2.023E+11,155 626 919,B01,1,7,0,2,2,1,1,
2.023E+11,155 626 914,D01,1,7,0,2,3,2,1,
2.023E+11,155 626 916,C01,1,7,0,2,4,23,1,
2.023E+11,155 626 920,A01,1,7,0,2,1,2,1,
2.023E+11,155 626 921,B01,1,7,0,0,6,23,1,
2.023E+11,155 626 922,E01,1,7,0,2,7,21,1,
2.023E+11,155 626 923,F01,1,15,0,2,8,1,1,
2.023E+11,155 626 915,B01,1,7,0,2,1,1,1,
2.023E+11,155 626 918,A01,2,7,0,2,7,19,1,
2.023E+11,155 626 909,A01,1,7,0,2,1,13,1,
2.023E+11,155 626 912,B01,2,7,0,2,1,1,1,
2.023E+11,155 626 911,A01,2,7,13,0,0,2,1,
2.023E+11,155 626 908,A01,1,10,0,2,1,2,1,
2.023E+11,155 626 910,B01,1,7,0,2,4,2,1,
2.023E+11,155 626 913,C01,1,7,0,2,4,2,1,
2.023E+11,155 626 906,A01,2,7,0,2,3,1,0,
2.023E+11,155 626 907,B01,1,7,0,2,8,1,0,
2.023E+11,155 626 904,A01,1,7,0,1,7,15,0,
2.023E+11,155 626 903,A01,2,7,0,2,1,0,1,
2.023E+11,155 626 905,B01,2,7,0,2,4,0,1,
2.023E+11,155 626 902,A01,2,7,2,0,2,1,1,
2.023E+11,155 626 897,A01,2,33,0,0,1,17,1,
2.023E+11,155 626 900,B01,1,7,0,0,1,16,1,
2.023E+11,155 626 899,A01,3,7,2,0,4,1,1,
2.023E+11,155 626 898,B01,1,1,0,2,1,1,5,
2.023E+11,155 626 901,A01,1,7,0,2,5,20,1,
2.023E+11,155 626 892,A01,3,7,0,2,3,1,1,
2.023E+11,155 626 895,B01,3,10,0,2,3,1,1,
2.023E+11,155 626 890,C01,1,7,0,2,1,1,1,
2.023E+11,155 626 893,B01,1,7,0,2,1,1,1,
2.023E+11,155 626 896,A01,2,7,8,0,2,1,1,
2.023E+11,155 626 891,B01,1,7,0,2,7,26,1,
2.023E+11,155 626 894,A01,1,33,0,2,1,1,1,
2.023E+11,155 626 889,A01,2,2,0,0,2,21,1,
2.023E+11,155 626 886,B01,1,7,0,2,8,15,-1,
2.023E+11,155 626 888,A01,1,33,0,2,2,17,1,
2.023E+11,155 626 887,A01,2,7,0,1,1,1,1,
2.023E+11,155 626 883,A01,2,50,14,0,8,1,3,
2.023E+11,155 626 881,B01,1,7,0,2,2,1,1,
2.023E+11,155 626 885,A01,2,7,8,2,8,1,1,
2.023E+11,155 626 880,B01,1,7,0,0,0,26,0,
2.023E+11,155 626 882,A01,1,7,0,0,8,23,3,
2.023E+11,155 626 884,C01,1,7,1,0,0,1,0,
2.023E+11,155 626 878,A01,1,7,0,1,1,1,0,
2.023E+11,155 626 877,A01,0,7,0,1,1,15,1,
2.023E+11,155 626 876,A01,2,7,0,2,8,15,1,
2.023E+11,155 626 879,B01,2,30,0,2,1,1,1,
2.023E+11,155 626 873,A01,2,7,0,2,3,13,1,
2.023E+11,155 626 875,B01,1,7,0,2,8,1,1,
2.023E+11,155 626 872,A01,2,7,0,1,1,23,1,
2.023E+11,155 626 874,B01,2,7,0,2,1,2,1,
2.023E+11,155 626 869,A01,1,7,13,0,2,1,1,
2.023E+11,155 626 870,B01,1,7,0,2,1,1,1,
2.023E+11,155 626 871,A01,1,7,0,2,6,9,1,
2.023E+11,155 626 868,A01,1,7,0,1,1,1,1,
2.023E+11,155 626 865,A01,2,1,0,2,4,2,5,
2.023E+11,155 626 867,B01,2,7,0,2,0,2,0,
2.023E+11,155 626 864,A01,2,7,0,9,3,9,1,
2.023E+11,155 626 866,B01,2,1,0,2,1,1,5,
2.023E+11,155 626 863,A01,1,7,2,9,1,12,1,
2.023E+11,155 626 858,C01,1,7,0,0,3,23,1,
2.023E+11,155 626 860,A01,2,10,0,2,2,2,1,
2.023E+11,155 626 862,B01,1,10,0,2,1,1,1,
2.023E+11,155 626 857,A01,2,7,0,1,2,26,1,
2.023E+11,155 626 859,A01,1,7,11,2,1,6,1,
2.023E+11,155 626 861,B01,2,7,0,2,1,1,1,
2.023E+11,155 626 854,A01,3,7,0,1,1,15,3,
2.023E+11,155 626 856,A01,2,7,9,1,3,25,1,
2.023E+11,155 626 852,A01,3,7,0,2,4,1,1,
2.023E+11,155 626 853,C01,3,7,0,2,1,1,1,
2.023E+11,155 626 855,B01,3,7,0,2,4,1,1,
2.023E+11,155 626 849,A01,0,7,0,0,4,2,1,
2.023E+11,155 626 851,B01,0,7,0,2,0,0,1,
2.023E+11,155 626 846,A01,1,7,0,2,4,1,1,
2.023E+11,155 626 848,B01,1,7,0,2,1,1,1,
2.023E+11,155 626 844,A01,3,2,8,0,1,1,1,
2.023E+11,155 626 843,A01,2,7,6,0,1,1,1,
2.023E+11,155 626 842,A01,1,33,0,0,9,1,1,
2.023E+11,155 626 845,A01,1,7,0,1,1,1,1,
2.023E+11,155 626 840,A01,1,50,0,2,3,15,3,
2.023E+11,155 626 841,B01,1,7,0,9,2,1,2,
2.023E+11,155 626 836,A01,1,7,0,2,3,13,1,
2.023E+11,155 626 838,B01,2,7,0,2,3,1,1,
2.023E+11,155 626 837,A01,1,50,0,2,1,1,3,
2.023E+11,155 626 839,B01,1,7,0,2,0,16,0,
2.023E+11,155 626 835,A01,1,7,0,1,2,1,1,
2.023E+11,155 626 832,A01,1,7,0,9,3,1,1,
2.023E+11,155 626 834,B01,2,1,0,2,7,0,5,
2.023E+11,155 626 830,A01,2,7,6,0,1,14,1,
2.023E+11,155 626 831,B01,1,1,0,2,0,0,0,
2.023E+11,155 626 833,A01,1,7,0,2,7,1,1,
2.023E+11,155 626 829,A01,1,7,6,0,1,1,1,
2.023E+11,155 626 828,A01,2,7,15,0,1,0,0,
2.023E+11,155 626 826,B01,1,2,0,2,1,2,1,
2.023E+11,155 626 827,A01,1,7,1,2,3,10,0,
2.023E+11,155 626 824,B01,2,7,0,0,6,2,1,
2.023E+11,155 626 825,A01,2,7,0,2,2,2,3,
2.023E+11,155 626 820,B01,2,7,0,2,1,1,1,
2.023E+11,155 626 822,A01,1,33,0,2,1,13,1,
2.023E+11,155 626 817,A01,3,7,0,9,3,15,1,
2.023E+11,155 626 819,B01,3,1,0,2,1,5,5,
2.023E+11,155 626 816,A01,2,7,0,9,2,0,0,
2.023E+11,155 626 818,B01,2,1,0,2,3,1,5,
2.023E+11,155 626 814,A01,1,7,0,2,1,1,1,
2.023E+11,155 626 815,B01,1,7,0,2,4,1,1,
2.023E+11,155 626 813,A01,3,7,0,1,3,12,1,
2.023E+11,155 626 810,A01,2,7,2,0,1,14,1,
2.023E+11,155 626 808,A01,2,7,0,1,2,1,1,
2.023E+11,155 626 806,A01,2,7,0,0,7,1,0,
2.023E+11,155 626 807,A01,1,7,0,2,3,10,1,
2.023E+11,155 626 809,B01,1,7,0,2,2,1,1,
2.023E+11,155 626 803,B01,1,30,0,0,8,15,1,
2.023E+11,155 626 805,A01,1,7,0,2,2,17,0,
2.023E+11,155 626 804,A01,1,7,0,1,2,1,1,
2.023E+11,155 626 801,B01,2,7,0,2,1,1,1,
2.023E+11,155 626 802,A01,1,7,0,2,1,13,1,
2.023E+11,155 626 800,A01,2,7,2,0,2,0,1,
2.023E+11,155 626 797,A01,3,7,1,0,2,14,1,
2.023E+11,155 626 798,A01,1,7,0,2,3,9,1,
2.023E+11,155 626 799,B01,2,31,0,2,7,15,1,
2.023E+11,155 626 795,A01,1,7,0,2,2,15,1,
2.023E+11,155 626 796,B01,2,32,0,2,1,1,1,
2.023E+11,155 626 793,A01,3,7,15,0,1,1,1,
2.023E+11,155 626 791,A01,2,2,12,0,8,1,1,
2.023E+11,155 626 790,C01,1,7,0,2,3,1,0,
2.023E+11,155 626 792,B01,1,7,9,2,3,1,0,
2.023E+11,155 626 794,A01,2,10,0,2,3,1,1,
2.023E+11,155 626 788,A01,1,7,3,0,8,13,1,
2.023E+11,155 626 785,A01,1,7,0,2,1,1,0,
2.023E+11,155 626 787,B01,1,7,0,2,4,23,0,
2.023E+11,155 626 789,C01,1,7,0,0,4,23,0,
2.023E+11,155 626 784,A01,0,7,0,0,9,1,1,
2.023E+11,155 626 783,A01,2,7,0,9,3,1,1,
2.023E+11,155 626 786,B01,3,1,0,2,1,1,5,
2.023E+11,155 626 782,A01,3,7,1,0,2,14,1,
2.023E+11,155 626 780,A01,1,7,0,1,2,26,0,
2.023E+11,155 626 779,A01,1,7,0,2,2,0,1,
2.023E+11,155 626 781,B01,1,7,3,0,4,0,1,
2.023E+11,155 626 776,A01,1,7,0,2,1,17,1,
2.023E+11,155 626 778,B01,2,7,0,2,1,1,1,
2.023E+11,155 626 775,A01,1,50,0,1,1,19,3,
2.023E+11,155 626 774,A01,2,7,0,2,4,2,0,
2.023E+11,155 626 777,B01,2,7,0,2,1,2,0,
2.023E+11,155 626 772,A01,1,17,2,0,8,14,1,
2.023E+11,155 626 770,B01,1,7,0,2,1,9,1,
2.023E+11,155 626 773,A01,2,7,0,2,4,1,1,
2.023E+11,155 626 769,B01,2,10,0,0,8,23,1,
2.023E+11,155 626 771,A01,2,17,1,0,8,2,1,
2.023E+11,155 626 767,B01,2,7,0,2,8,15,1,
2.023E+11,155 626 768,A01,2,2,0,2,1,17,1,
2.023E+11,155 626 764,A01,1,33,0,2,1,1,1,
2.023E+11,155 626 765,B01,1,7,0,2,1,1,1,
2.023E+11,155 626 763,A01,0,7,0,2,7,16,1,
2.023E+11,155 626 766,B01,0,33,0,2,8,18,1,
2.023E+11,155 626 760,A01,2,37,0,0,6,1,1,1
2.023E+11,155 626 762,B01,2,2,0,0,2,1,1,
2.023E+11,155 626 757,B01,1,7,0,2,3,15,1,
2.023E+11,155 626 761,A01,1,43,0,2,2,17,1,
2.023E+11,155 626 758,A01,2,2,0,2,1,1,1,
2.023E+11,155 626 759,B01,2,7,0,2,4,23,-1,
2.023E+11,155 626 755,A01,1,7,0,2,5,15,1,
2.023E+11,155 626 756,B01,1,34,0,2,1,1,1,
2.023E+11,155 626 752,B01,1,1,0,2,7,16,5,
2.023E+11,155 626 754,A01,1,2,0,2,4,14,3,
2.023E+11,155 626 750,B01,2,50,0,2,8,19,3,
2.023E+11,155 626 753,A01,2,7,0,2,1,15,0,
2.023E+11,155 626 749,B01,1,2,0,2,8,1,1,
2.023E+11,155 626 751,A01,1,10,0,2,1,1,1,
2.023E+11,155 626 747,A01,3,7,2,0,8,13,1,
2.023E+11,155 626 746,B01,2,43,0,2,1,1,1,
2.023E+11,155 626 748,A01,2,7,0,2,4,9,1,
2.023E+11,155 626 744,B01,2,2,0,2,1,1,1,
2.023E+11,155 626 745,A01,1,7,0,2,2,15,1,
2.023E+11,155 626 742,A01,0,7,0,2,3,20,1,
2.023E+11,155 626 743,B01,0,2,0,2,2,1,1,
2.023E+11,155 626 741,A01,1,33,0,1,2,1,1,
2.023E+11,155 626 739,B01,3,60,0,2,1,19,5,
2.023E+11,155 626 740,A01,3,7,0,2,6,1,1,
2.023E+11,155 626 737,A01,1,7,0,2,2,2,1,
2.023E+11,155 626 738,B01,1,50,0,2,8,2,3,
2.023E+11,155 626 734,A01,2,7,0,2,3,22,1,
2.023E+11,155 626 736,B01,2,50,0,0,1,2,3,
2.023E+11,155 626 733,A01,1,7,0,2,1,5,1,
2.023E+11,155 626 735,B01,2,7,0,2,1,1,1,
2.023E+11,155 626 730,A01,1,7,0,2,1,1,1,
2.023E+11,155 626 732,B01,1,10,0,2,4,23,1,
2.023E+11,155 626 729,A01,2,7,12,0,1,1,1,
2.023E+11,155 626 728,A01,1,33,0,2,1,19,1,
2.023E+11,155 626 731,B01,2,34,0,2,8,1,3,
2.023E+11,155 626 727,A01,2,7,2,0,1,14,1,
2.023E+11,155 626 725,A01,1,10,0,1,1,15,1,
2.023E+11,155 626 724,A01,1,7,0,2,3,15,1,
2.023E+11,155 626 726,B01,2,2,0,2,1,1,1,
2.023E+11,155 626 723,A01,1,33,13,0,1,1,1,
2.023E+11,155 626 722,A01,1,7,1,0,1,1,1,
2.023E+11,155 626 721,A01,2,1,15,1,2,1,5,
2.023E+11,155 626 720,A01,3,21,2,0,3,1,1,
2.023E+11,155 626 717,A01,1,7,0,2,8,10,1,
2.023E+11,155 626 719,B01,1,30,0,2,2,17,1,
2.023E+11,155 626 716,B01,1,7,0,2,4,23,1,
2.023E+11,155 626 718,A01,1,7,0,2,1,2,1,
2.023E+11,155 626 715,A01,1,1,0,0,0,0,5,
2.023E+11,155 626 711,B01,2,7,0,2,1,19,0,
2.023E+11,155 626 713,A01,1,7,0,2,1,0,0,
2.023E+11,155 626 709,C01,3,7,0,2,4,1,1,
2.023E+11,155 626 712,A01,-1,7,0,2,1,1,1,
2.023E+11,155 626 714,B01,0,7,0,2,4,1,1,
2.023E+11,155 626 710,A01,3,7,0,1,7,23,1,
2.023E+11,155 626 708,A01,2,7,0,1,1,1,1,
2.023E+11,155 626 706,A01,1,7,3,0,2,0,1,
2.023E+11,155 626 705,A01,3,7,0,1,1,2,1,
2.023E+11,155 626 704,B01,1,7,0,-1,8,1,3,
2.023E+11,155 626 707,A01,1,1,0,2,1,1,5,
2.023E+11,155 626 703,A01,2,1,0,1,7,1,5,
2.023E+11,155 626 699,A01,2,7,0,2,1,1,0,
2.023E+11,155 626 702,B01,2,10,0,2,4,1,1,
2.023E+11,155 626 698,A01,2,7,0,2,1,1,1,
2.023E+11,155 626 701,B01,2,7,1,2,2,9,1,
2.023E+11,155 626 700,A01,2,7,3,0,1,1,1,
2.023E+11,155 626 697,A01,1,33,0,1,1,17,1,
2.023E+11,155 626 696,A01,1,2,0,0,0,1,1,
2.023E+11,155 626 695,A01,2,7,0,1,2,1,1,
2.023E+11,155 626 692,A01,2,7,0,1,1,9,1,
2.023E+11,155 626 693,A01,2,7,0,2,3,15,1,
2.023E+11,155 626 694,B01,1,33,0,2,3,1,1,
2.023E+11,155 626 691,A01,2,33,0,0,0,1,1,
2.023E+11,155 626 686,B01,1,1,0,2,7,9,5,
2.023E+11,155 626 688,A01,1,7,0,2,1,1,1,
2.023E+11,155 626 685,A01,3,7,0,2,4,2,1,
2.023E+11,155 626 689,B01,3,7,0,2,4,2,0,
2.023E+11,155 626 690,C01,3,7,0,2,4,0,1,
2.023E+11,155 626 684,B01,1,32,0,2,7,1,3,
2.023E+11,155 626 687,A01,2,7,0,2,3,10,0,
2.023E+11,155 626 683,A01,1,7,0,1,3,1,1,
2.023E+11,155 626 680,A01,0,7,0,2,3,1,1,
2.023E+11,155 626 682,B01,0,7,0,2,2,1,1,
2.023E+11,155 626 678,A01,2,10,0,0,4,0,1,
2.023E+11,155 626 681,B01,2,1,0,0,0,0,5,
2.023E+11,155 626 675,A01,3,7,3,2,1,1,1,
2.023E+11,155 626 677,B01,3,10,0,2,6,21,1,
2.023E+11,155 626 679,C01,3,7,3,2,6,21,1,
2.023E+11,155 626 674,B01,2,80,0,2,1,1,3,
2.023E+11,155 626 676,A01,1,7,0,2,3,1,3,
2.023E+11,155 626 672,VB01,1,33,0,2,1,2,1,
2.023E+11,155 626 673,A01,1,7,0,2,6,15,1,
2.023E+11,155 626 669,B01,2,7,2,2,6,1,1,
2.023E+11,155 626 670,A01,2,7,1,2,1,1,1,
2.023E+11,155 626 667,A01,1,7,0,2,3,1,1,
2.023E+11,155 626 671,B01,2,1,0,2,1,19,5,
2.023E+11,155 626 666,A01,0,33,1,2,8,12,1,
2.023E+11,155 626 668,B01,0,10,0,2,2,12,1,
2.023E+11,155 626 664,A01,1,7,0,2,5,15,1,
2.023E+11,155 626 665,B01,2,33,0,2,2,1,1,
2.023E+11,155 626 661,A01,2,7,0,2,1,1,1,
2.023E+11,155 626 663,B01,2,7,0,1,1,26,1,
2.023E+11,155 626 660,A01,0,7,0,2,1,13,1,
2.023E+11,155 626 662,B01,0,7,0,2,1,2,1,
2.023E+11,155 626 658,A01,1,7,0,2,8,15,1,
2.023E+11,155 626 659,B01,1,37,0,2,2,1,1,2
2.023E+11,155 626 655,A01,1,13,1,0,5,1,1,
2.023E+11,155 626 657,B01,1,13,0,2,5,24,1,
2.023E+11,155 626 654,A01,3,2,0,2,1,1,1,
2.023E+11,155 626 656,B01,3,7,0,2,4,23,1,
2.023E+11,155 626 652,A01,1,32,12,0,1,1,1,
2.023E+11,155 626 651,A01,3,7,0,2,1,2,1,
2.023E+11,155 626 653,B01,3,7,0,0,4,2,1,
2.023E+11,155 626 648,B01,3,7,0,2,8,1,1,
2.023E+11,155 626 650,A01,3,32,0,2,1,15,1,
2.023E+11,155 626 647,B01,1,7,0,2,1,1,1,
2.023E+11,155 626 649,A01,2,7,0,2,6,1,1,
2.023E+11,155 626 644,A01,2,32,0,2,1,18,1,
2.023E+11,155 626 646,B01,1,10,0,2,7,19,1,
2.023E+11,155 626 643,A01,1,7,0,2,1,9,1,
2.023E+11,155 626 645,B01,2,32,0,2,1,3,1,
2.023E+11,155 626 638,B01,3,50,0,2,7,1,3,
2.023E+11,155 626 640,A01,2,7,0,9,1,9,1,
2.023E+11,155 626 634,E01,1,7,0,2,4,2,1,
2.023E+11,155 626 635,C01,2,7,0,2,4,2,1,
2.023E+11,155 626 637,D01,2,7,0,2,4,2,1,
2.023E+11,155 626 639,F01,2,7,0,2,4,2,1,
2.023E+11,155 626 641,A01,2,7,0,2,1,2,1,
2.023E+11,155 626 642,B01,1,7,0,2,4,0,1,
2.023E+11,155 626 632,B01,1,33,0,2,2,2,1,
2.023E+11,155 626 636,A01,1,1,0,2,1,15,5,