Num_Acc,id_vehicule,num_veh,senc,catv,obs,obsm,choc,manv,motor,occutc
2.023E+11,155 626 631,A01,3,10,0,2,1,1,1,
2.023E+11,155 626 633,B01,3,1,0,2,4,19,5,
2.023E+11,155 626 630,A01,3,7,0,1,1,2,1,
2.023E+11,155 626 629,A01,1,7,0,1,1,2,1,
2.023E+11,155 626 627,A01,1,7,2,0,1,1,1,
2.023E+11,155 626 626,A01,2,7,0,1,2,1,1,
2.023E+11,155 626 623,A01,2,7,14,0,1,1,1,
2.023E+11,155 626 624,B01,2,1,0,2,4,23,5,
2.023E+11,155 626 625,A01,2,33,0,2,5,1,0,
2.023E+11,155 626 628,B01,2,7,0,2,5,1,0,
2.023E+11,155 626 619,C01,1,7,0,2,4,1,1,
2.023E+11,155 626 621,A01,1,7,0,2,1,1,1,
2.023E+11,155 626 622,B01,1,7,0,2,1,1,1,
2.023E+11,155 626 618,A01,2,7,0,2,2,15,1,
2.023E+11,155 626 620,B01,1,7,0,2,1,1,1,
2.023E+11,155 626 615,A01,1,7,0,1,5,21,1,
2.023E+11,155 626 617,A01,0,33,0,0,7,25,0,
2.023E+11,155 626 614,A01,3,7,0,2,2,15,1,
2.023E+11,155 626 616,B01,3,7,0,2,1,1,1,
2.023E+11,155 626 613,A01,2,99,0,1,0,26,0,
2.023E+11,155 626 610,A01,0,7,0,9,1,10,1,
2.023E+11,155 626 612,B01,0,50,0,2,1,1,3,
2.023E+11,155 626 608,B01,3,7,0,2,4,0,1,
2.023E+11,155 626 611,Z01,3,7,0,2,1,0,1,
2.023E+11,155 626 607,B01,3,7,0,2,0,0,1,
2.023E+11,155 626 609,A01,3,7,0,2,0,0,1,
2.023E+11,155 626 604,A01,1,50,0,2,4,2,3,
2.023E+11,155 626 606,Z01,1,7,0,9,1,1,0,
2.023E+11,155 626 605,A01,1,2,1,0,7,1,1,
2.023E+11,155 626 600,A01,1,7,0,2,1,5,1,
2.023E+11,155 626 602,B01,2,7,0,2,1,1,3,
2.023E+11,155 626 599,B01,1,7,0,2,1,1,1,
2.023E+11,155 626 601,A01,1,7,0,2,4,1,1,
2.023E+11,155 626 597,A01,1,7,0,2,2,16,1,
2.023E+11,155 626 598,B01,1,33,0,2,1,3,1,
2.023E+11,155 626 593,A01,2,7,2,0,1,14,1,
2.023E+11,155 626 594,A01,2,33,0,2,7,9,1,
2.023E+11,155 626 596,B01,2,7,0,2,1,13,1,
2.023E+11,155 626 595,B01,2,7,0,0,0,26,1,
2.023E+11,155 626 603,A01,1,32,0,2,2,21,1,
2.023E+11,155 626 590,B01,1,7,0,2,4,2,1,
2.023E+11,155 626 592,A01,1,2,14,0,1,1,1,
2.023E+11,155 626 588,B01,2,7,0,2,7,23,1,
2.023E+11,155 626 591,A01,1,60,0,2,1,19,5,
2.023E+11,155 626 589,B01,1,7,0,1,1,1,1,
2.023E+11,155 626 587,A01,1,7,0,2,1,21,1,
2.023E+11,155 626 586,A01,3,30,0,1,1,1,1,
2.023E+11,155 626 585,A01,0,7,0,0,0,1,1,
2.023E+11,155 626 584,A01,1,14,0,1,0,26,1,
2.023E+11,155 626 581,B01,1,33,0,2,4,2,1,
2.023E+11,155 626 583,A01,1,7,0,2,3,2,1,
2.023E+11,155 626 580,B01,3,1,0,2,7,1,5,
2.023E+11,155 626 582,A01,3,10,0,2,1,9,1,
2.023E+11,155 626 577,A01,0,7,0,2,1,16,1,
2.023E+11,155 626 578,B01,1,1,0,2,8,1,5,
2.023E+11,155 626 579,A01,1,7,0,0,9,0,1,
2.023E+11,155 626 574,B01,0,7,0,2,2,1,1,
2.023E+11,155 626 576,A01,1,7,0,2,1,1,1,
2.023E+11,155 626 572,A01,2,7,3,2,7,1,1,
2.023E+11,155 626 575,B01,2,7,2,0,3,14,1,
2.023E+11,155 626 571,A01,1,37,0,1,3,1,0,1
2.023E+11,155 626 570,A01,3,7,0,2,1,1,1,
2.023E+11,155 626 573,B01,3,7,0,2,1,1,2,
2.023E+11,155 626 568,A01,2,7,0,2,8,9,1,
2.023E+11,155 626 569,B01,2,50,0,2,1,1,3,
2.023E+11,155 626 562,A01,1,32,0,2,7,17,1,
2.023E+11,155 626 565,B01,1,7,0,2,8,11,1,
2.023E+11,155 626 567,C01,2,7,0,2,3,1,1,
2.023E+11,155 626 563,B01,2,7,0,2,2,1,1,
2.023E+11,155 626 566,A01,1,1,0,2,0,5,5,
2.023E+11,155 626 561,B01,0,50,0,2,8,0,3,
2.023E+11,155 626 564,A01,0,7,0,2,1,2,0,
2.023E+11,155 626 560,A01,1,7,3,0,3,14,1,
2.023E+11,155 626 559,A01,3,7,0,1,1,1,1,
2.023E+11,155 626 558,A01,1,7,4,0,3,1,1,
2.023E+11,155 626 553,A01,1,7,0,2,1,26,1,
2.023E+11,155 626 556,C01,1,1,0,2,4,26,5,
2.023E+11,155 626 552,A01,3,7,0,2,4,15,1,
2.023E+11,155 626 555,B01,3,7,0,2,1,2,1,
2.023E+11,155 626 554,A01,1,7,1,2,9,9,1,
2.023E+11,155 626 557,B01,1,17,0,0,6,24,1,
2.023E+11,155 626 548,A01,1,7,0,2,1,1,1,
2.023E+11,155 626 550,B01,1,7,0,2,4,1,0,
2.023E+11,155 626 549,A01,1,10,0,2,1,1,1,
2.023E+11,155 626 551,B01,2,7,0,2,1,1,1,
2.023E+11,155 626 543,B01,3,7,0,2,1,23,1,
2.023E+11,155 626 546,A01,3,50,0,2,1,0,3,
2.023E+11,155 626 542,A01,1,7,0,2,1,1,1,
2.023E+11,155 626 544,B01,1,1,0,2,4,1,5,
2.023E+11,155 626 545,A01,0,7,0,0,0,0,1,
2.023E+11,155 626 547,B01,0,1,0,0,0,0,5,
2.023E+11,155 626 539,A01,1,7,0,2,1,2,1,
2.023E+11,155 626 541,B01,1,7,0,2,4,2,1,
2.023E+11,155 626 538,A01,2,7,0,2,1,15,1,
2.023E+11,155 626 540,B01,2,1,0,2,1,1,5,
2.023E+11,155 626 532,A01,3,31,0,2,1,1,1,
2.023E+11,155 626 533,B01,3,7,0,2,4,1,1,
2.023E+11,155 626 530,B01,3,7,0,2,6,0,1,
2.023E+11,155 626 531,A01,3,7,0,2,1,1,1,
2.023E+11,155 626 529,A01,1,7,13,0,1,13,1,
2.023E+11,155 626 527,A01,2,7,0,1,1,1,1,
2.023E+11,155 626 526,A01,1,7,0,2,2,15,1,
2.023E+11,155 626 528,B01,1,7,0,2,1,1,1,
2.023E+11,155 626 524,A01,1,7,0,2,7,26,1,
2.023E+11,155 626 525,B01,2,7,0,2,1,1,1,
2.023E+11,155 626 521,A01,1,7,0,1,1,1,1,
2.023E+11,155 626 522,A01,3,7,14,2,1,1,1,
2.023E+11,155 626 523,B01,3,7,0,2,1,1,1,
2.023E+11,155 626 519,A01,1,7,0,2,1,15,1,
2.023E+11,155 626 520,B01,1,1,0,2,1,1,5,
2.023E+11,155 626 518,A01,1,3,0,1,1,19,1,
2.023E+11,155 626 516,B01,1,13,0,2,0,0,1,
2.023E+11,155 626 517,A01,1,7,0,2,2,9,1,
2.023E+11,155 626 515,A01,2,7,0,1,3,1,1,
2.023E+11,155 626 512,A01,2,33,0,2,1,1,1,
2.023E+11,155 626 513,B01,2,15,0,2,4,23,1,
2.023E+11,155 626 511,A01,2,32,0,2,1,1,3,
2.023E+11,155 626 514,B01,2,7,0,2,4,13,1,
2.023E+11,155 626 508,B01,1,33,0,2,7,3,1,
2.023E+11,155 626 510,A01,1,7,0,2,3,11,1,
2.023E+11,155 626 507,B01,1,50,0,2,7,1,3,
2.023E+11,155 626 509,A01,2,43,0,2,1,1,1,
2.023E+11,155 626 505,A01,2,7,0,2,0,12,1,
2.023E+11,155 626 506,B01,2,33,0,2,1,3,1,
2.023E+11,155 626 503,A01,1,7,3,0,1,14,1,
2.023E+11,155 626 502,A01,1,7,0,2,2,1,1,
2.023E+11,155 626 504,B01,1,7,0,2,6,24,1,
2.023E+11,155 626 500,A01,2,33,0,2,7,3,1,
2.023E+11,155 626 501,B01,2,7,0,2,5,1,3,
2.023E+11,155 626 499,A01,1,7,8,0,1,1,1,
2.023E+11,155 626 496,A01,1,7,0,2,7,12,0,
2.023E+11,155 626 498,B01,2,33,0,2,3,18,0,
2.023E+11,155 626 495,A01,3,7,2,0,1,11,1,
2.023E+11,155 626 494,A01,2,7,0,2,1,1,1,
2.023E+11,155 626 497,B01,2,30,0,2,4,2,1,
2.023E+11,155 626 490,A01,1,33,0,2,3,21,0,
2.023E+11,155 626 492,B01,1,10,0,2,4,1,1,
2.023E+11,155 626 493,C01,1,7,0,2,4,1,1,
2.023E+11,155 626 488,B01,1,1,0,2,7,19,5,
2.023E+11,155 626 491,A01,0,7,0,2,1,1,1,
2.023E+11,155 626 485,A01,1,7,0,2,3,15,1,
2.023E+11,155 626 486,B01,1,33,0,2,7,3,1,
2.023E+11,155 626 487,A01,2,33,0,2,1,3,1,
2.023E+11,155 626 489,B01,2,31,0,2,4,3,1,
2.023E+11,155 626 483,B01,1,1,0,2,1,1,5,
2.023E+11,155 626 484,A01,1,3,0,2,3,15,1,
2.023E+11,155 626 481,A01,2,7,0,2,7,12,1,
2.023E+11,155 626 482,B01,2,33,0,2,8,1,1,
2.023E+11,155 626 479,A01,2,7,0,1,4,4,1,
2.023E+11,155 626 478,A01,1,7,4,0,1,26,1,
2.023E+11,155 626 476,A01,3,30,1,0,2,14,1,
2.023E+11,155 626 474,A01,2,33,0,2,1,3,1,
2.023E+11,155 626 477,B01,2,7,0,2,5,1,1,
2.023E+11,155 626 475,Z01,2,7,0,2,2,1,2,
2.023E+11,155 626 480,A01,2,7,0,2,3,16,2,
2.023E+11,155 626 473,A01,2,7,3,0,1,14,1,
2.023E+11,155 626 470,A01,1,7,15,0,1,1,1,
2.023E+11,155 626 469,A01,1,7,0,2,7,22,1,
2.023E+11,155 626 472,B01,1,1,0,2,8,1,5,
2.023E+11,155 626 468,A01,2,33,0,2,1,3,1,
2.023E+11,155 626 471,B01,2,7,0,2,4,13,1,
2.023E+11,155 626 467,A01,1,7,1,0,1,0,1,
2.023E+11,155 626 465,A01,1,10,0,2,3,13,1,
2.023E+11,155 626 466,B01,1,7,0,2,5,1,1,
2.023E+11,155 626 464,A01,1,1,0,1,1,1,5,
2.023E+11,155 626 461,A01,2,7,9,0,1,1,1,
2.023E+11,155 626 462,A01,0,7,0,0,2,1,1,
2.023E+11,155 626 463,B01,0,7,0,0,2,15,1,
2.023E+11,155 626 459,A01,3,7,0,1,1,1,1,
2.023E+11,155 626 458,A01,1,7,0,1,2,1,1,
2.023E+11,155 626 457,B01,3,7,0,2,3,1,1,
2.023E+11,155 626 460,A01,-1,32,0,2,2,1,3,
2.023E+11,155 626 454,B01,0,2,0,2,1,1,0,
2.023E+11,155 626 455,A01,3,7,0,2,2,15,0,
2.023E+11,155 626 453,A01,3,7,0,2,3,20,0,
2.023E+11,155 626 456,B01,3,3,0,2,0,0,0,
2.023E+11,155 626 451,A01,1,10,13,0,2,14,1,
2.023E+11,155 626 450,B01,1,33,0,2,4,16,1,
2.023E+11,155 626 452,A01,1,7,0,2,2,16,2,
2.023E+11,155 626 446,A01,2,7,0,2,1,2,1,
2.023E+11,155 626 448,B01,1,7,0,2,3,2,1,
2.023E+11,155 626 449,C01,2,7,0,2,4,0,1,
2.023E+11,155 626 445,A01,3,7,2,0,1,0,0,
2.023E+11,155 626 443,A01,3,1,0,0,0,0,5,
2.023E+11,155 626 442,A01,2,33,16,0,1,1,1,
2.023E+11,155 626 440,A01,1,10,0,1,4,26,1,
2.023E+11,155 626 444,B01,2,80,0,2,1,1,3,
2.023E+11,155 626 447,A01,2,7,0,2,4,1,1,
2.023E+11,155 626 437,C01,2,7,0,2,1,1,1,
2.023E+11,155 626 439,B01,1,7,1,2,4,1,1,
2.023E+11,155 626 441,A01,1,7,14,2,1,1,3,
2.023E+11,155 626 438,A01,1,31,13,0,7,13,1,
2.023E+11,155 626 434,A01,1,43,0,2,1,17,1,
2.023E+11,155 626 436,B01,2,7,0,2,3,15,2,
2.023E+11,155 626 432,B01,2,10,0,2,4,1,1,
2.023E+11,155 626 435,A01,2,7,0,2,1,26,1,
2.023E+11,155 626 431,A01,2,7,0,2,6,20,1,
2.023E+11,155 626 433,B01,1,7,0,2,0,0,0,
2.023E+11,155 626 428,B01,2,1,1,0,2,13,5,
2.023E+11,155 626 430,Z01,2,10,0,2,0,24,0,
2.023E+11,155 626 426,A01,1,7,0,2,2,18,1,
2.023E+11,155 626 427,B01,1,2,0,2,1,1,1,
2.023E+11,155 626 425,A01,3,7,0,2,3,11,0,
2.023E+11,155 626 429,B01,3,32,0,2,2,1,1,
2.023E+11,155 626 424,A01,3,80,14,0,9,1,3,
2.023E+11,155 626 422,A01,1,10,0,2,2,13,1,
2.023E+11,155 626 423,B01,1,30,0,2,3,1,1,
2.023E+11,155 626 417,A01,2,7,0,2,2,15,1,
2.023E+11,155 626 420,B01,1,7,0,2,3,1,1,
2.023E+11,155 626 418,A01,3,33,0,2,1,1,1,
2.023E+11,155 626 421,B01,3,10,0,2,8,15,1,
2.023E+11,155 626 416,A01,2,7,0,2,2,15,1,
2.023E+11,155 626 419,B01,1,50,0,2,1,1,3,
2.023E+11,155 626 412,A01,1,7,0,2,2,16,1,
2.023E+11,155 626 415,B01,2,1,0,2,2,1,5,
2.023E+11,155 626 411,A01,2,14,0,2,2,12,1,
2.023E+11,155 626 414,B01,2,7,0,2,6,2,1,
2.023E+11,155 626 410,B01,2,2,0,2,1,1,1,
2.023E+11,155 626 413,A01,1,7,0,2,1,15,1,
2.023E+11,155 626 409,A01,1,33,0,0,7,12,1,
2.023E+11,155 626 407,A01,2,32,0,2,3,1,1,
2.023E+11,155 626 408,B01,1,7,0,2,7,15,1,
2.023E+11,155 626 404,A01,2,7,0,2,3,2,1,
2.023E+11,155 626 406,B01,2,7,0,2,5,23,2,
2.023E+11,155 626 405,A01,3,7,0,1,2,1,1,
2.023E+11,155 626 402,A01,2,7,0,2,5,16,1,
2.023E+11,155 626 403,B01,2,50,0,2,1,18,3,
2.023E+11,155 626 401,A01,3,7,0,1,2,1,2,
2.023E+11,155 626 399,A01,1,7,0,2,3,13,1,
2.023E+11,155 626 400,B01,2,32,0,2,7,3,1,
2.023E+11,155 626 396,B01,1,33,0,2,3,1,1,
2.023E+11,155 626 398,A01,1,7,0,2,2,10,1,
2.023E+11,155 626 397,A01,1,34,1,1,1,1,1,
2.023E+11,155 626 393,A01,1,30,0,2,5,1,1,
2.023E+11,155 626 395,B01,1,30,0,2,3,15,0,
2.023E+11,155 626 392,B01,1,32,0,2,1,1,1,
2.023E+11,155 626 394,A01,1,7,0,2,1,9,1,
2.023E+11,155 626 390,A01,1,14,0,2,1,2,1,
2.023E+11,155 626 391,B01,1,7,0,2,4,2,1,
2.023E+11,155 626 389,A01,1,37,0,1,2,1,2,1
2.023E+11,155 626 387,A01,3,7,0,2,8,15,0,
2.023E+11,155 626 388,B01,3,32,0,2,1,1,1,
2.023E+11,155 626 385,A01,3,7,0,0,0,1,1,
2.023E+11,155 626 386,B01,3,33,8,0,4,16,1,
2.023E+11,155 626 384,A01,2,1,0,0,0,1,5,
2.023E+11,155 626 383,A01,3,7,0,1,1,15,1,
2.023E+11,155 626 379,B01,2,7,0,2,0,0,1,
2.023E+11,155 626 381,A01,2,33,0,2,1,2,1,
2.023E+11,155 626 382,C01,2,7,0,2,0,0,3,
2.023E+11,155 626 377,B01,0,7,0,2,3,1,1,
2.023E+11,155 626 380,A01,2,7,0,2,1,9,1,
2.023E+11,155 626 378,Z01,3,7,0,1,0,1,0,
2.023E+11,155 626 374,A01,1,7,0,1,1,1,0,
2.023E+11,155 626 373,A01,1,7,0,1,1,1,1,
2.023E+11,155 626 371,A01,1,7,0,2,3,10,1,
2.023E+11,155 626 372,B01,1,33,14,2,1,17,1,
2.023E+11,155 626 368,A01,3,33,0,2,1,1,0,
2.023E+11,155 626 370,B01,3,7,0,2,7,9,0,
2.023E+11,155 626 365,A01,1,7,0,2,4,2,1,
2.023E+11,155 626 366,B01,1,7,0,2,1,2,1,
2.023E+11,155 626 367,B01,1,80,0,2,1,1,3,
2.023E+11,155 626 369,A01,2,80,0,2,1,1,3,
2.023E+11,155 626 363,B01,2,33,0,2,1,1,1,
2.023E+11,155 626 364,A01,2,10,8,2,8,9,1,
2.023E+11,155 626 362,A01,2,7,0,1,1,1,1,
2.023E+11,155 626 361,A01,1,7,1,0,2,14,1,
2.023E+11,155 626 360,A01,1,7,6,0,1,26,1,
2.023E+11,155 626 356,A01,1,50,0,2,1,0,3,
2.023E+11,155 626 357,A01,2,7,0,2,1,9,1,
2.023E+11,155 626 359,B01,2,7,0,2,3,1,1,
2.023E+11,155 626 355,A01,2,7,0,2,3,22,1,
2.023E+11,155 626 358,B01,2,1,0,2,1,1,5,
2.023E+11,155 626 353,A01,1,7,0,2,8,22,2,
2.023E+11,155 626 354,B01,1,32,0,2,1,18,1,
2.023E+11,155 626 351,A01,1,7,0,1,1,16,1,
2.023E+11,155 626 348,A01,3,7,0,2,1,9,1,
2.023E+11,155 626 349,B01,3,33,0,2,1,1,0,
2.023E+11,155 626 347,A01,2,31,8,0,1,14,1,
2.023E+11,155 626 350,B01,2,33,0,2,7,17,1,
2.023E+11,155 626 352,A01,2,7,0,2,3,15,1,
2.023E+11,155 626 345,A01,3,7,0,2,2,25,1,
2.023E+11,155 626 346,B01,3,80,0,2,1,1,3,
2.023E+11,155 626 344,A01,3,2,6,0,7,1,1,
2.023E+11,155 626 341,A01,2,30,0,0,8,15,1,
2.023E+11,155 626 342,A01,1,33,0,2,2,17,1,
2.023E+11,155 626 343,B01,1,10,0,2,3,15,1,
2.023E+11,155 626 338,A01,3,1,0,2,1,15,5,
2.023E+11,155 626 340,B01,3,7,0,2,2,17,1,
2.023E+11,155 626 336,A01,1,33,0,2,1,2,1,
2.023E+11,155 626 337,B01,1,7,0,2,6,2,1,
2.023E+11,155 626 339,C01,1,7,0,0,6,24,1,
2.023E+11,155 626 335,A01,2,34,14,0,0,16,1,
2.023E+11,155 626 334,A01,0,1,0,1,1,1,5,
2.023E+11,155 626 333,A01,1,7,0,1,2,1,1,
2.023E+11,155 626 331,A01,1,7,0,2,3,13,1,
2.023E+11,155 626 332,B01,2,2,0,2,1,1,1,
2.023E+11,155 626 330,A01,2,7,3,0,8,0,1,
2.023E+11,155 626 328,B01,2,7,0,2,3,15,1,
2.023E+11,155 626 329,A01,2,30,0,2,7,17,1,
2.023E+11,155 626 327,A01,3,2,2,0,1,13,1,
2.023E+11,155 626 326,A01,1,7,0,1,3,1,1,
2.023E+11,155 626 322,A01,2,7,0,2,2,12,0,
2.023E+11,155 626 325,B01,2,31,0,2,3,1,1,
2.023E+11,155 626 324,A01,1,33,0,1,1,1,1,
2.023E+11,155 626 321,A01,2,31,0,2,7,17,1,
2.023E+11,155 626 323,B01,2,10,0,2,2,15,1,
2.023E+11,155 626 319,A01,2,7,0,1,2,1,0,
2.023E+11,155 626 318,A01,3,7,0,1,1,15,3,
2.023E+11,155 626 315,A01,3,10,0,0,9,1,1,
2.023E+11,155 626 311,A01,1,7,0,1,2,1,1,
2.023E+11,155 626 312,A01,1,43,0,2,1,1,1,
2.023E+11,155 626 314,B01,1,7,0,0,5,1,3,
2.023E+11,155 626 308,A01,1,31,0,0,0,13,0,
2.023E+11,155 626 307,B01,1,7,0,2,3,1,1,
2.023E+11,155 626 309,A01,2,7,0,2,3,13,1,
2.023E+11,155 626 306,A01,3,7,0,1,2,1,1,
2.023E+11,155 626 302,A01,1,7,0,2,1,26,1,
2.023E+11,155 626 304,B01,1,7,0,2,4,23,1,
2.023E+11,155 626 301,A01,0,7,0,2,1,1,1,
2.023E+11,155 626 303,B01,0,33,0,2,1,1,1,
2.023E+11,155 626 300,A01,1,7,0,2,3,1,1,
2.023E+11,155 626 305,B01,2,1,0,2,1,5,5,
2.023E+11,155 626 297,A01,1,33,12,0,1,1,1,
2.023E+11,155 626 298,A01,3,7,0,1,1,1,1,
2.023E+11,155 626 296,B01,2,7,0,2,5,1,1,
2.023E+11,155 626 299,A01,2,33,0,2,3,3,1,
2.023E+11,155 626 292,A01,2,7,0,2,8,24,1,
2.023E+11,155 626 295,B01,2,80,1,0,0,0,3,
2.023E+11,155 626 289,A01,1,7,1,0,2,14,1,
2.023E+11,155 626 288,A01,1,7,0,2,3,5,1,
2.023E+11,155 626 291,B01,2,7,0,2,1,1,1,
2.023E+11,155 626 287,A01,3,7,0,2,2,26,1,
2.023E+11,155 626 290,B01,3,30,0,2,1,1,1,
2.023E+11,155 626 286,A01,1,7,2,0,1,1,1,
2.023E+11,155 626 285,A01,1,33,0,0,7,1,1,
2.023E+11,155 626 284,A01,2,33,0,0,1,1,1,
2.023E+11,155 626 282,B01,3,7,0,2,8,15,0,
2.023E+11,155 626 283,A01,0,43,0,2,2,3,1,
2.023E+11,155 626 278,A01,1,2,0,2,1,9,1,
2.023E+11,155 626 280,B01,2,7,0,2,3,13,1,
2.023E+11,155 626 279,A01,1,30,0,2,1,26,1,
2.023E+11,155 626 281,B01,1,7,0,2,3,0,1,
2.023E+11,155 626 276,A01,1,7,2,0,1,13,1,
2.023E+11,155 626 275,A01,3,32,0,2,1,17,1,
2.023E+11,155 626 277,B01,3,7,0,2,3,15,2,
2.023E+11,155 626 273,A01,2,33,0,2,1,1,1,
2.023E+11,155 626 274,B01,1,7,0,2,1,15,1,
2.023E+11,155 626 270,B01,1,33,0,2,7,17,1,
2.023E+11,155 626 272,A01,1,7,0,2,8,15,2,
2.023E+11,155 626 268,A01,2,7,2,0,1,1,1,
2.023E+11,155 626 267,A01,1,7,0,2,1,1,2,
2.023E+11,155 626 269,B01,1,7,0,2,5,2,1,
2.023E+11,155 626 266,A01,1,10,0,2,2,1,0,
2.023E+11,155 626 271,B01,1,10,0,2,1,1,1,
2.023E+11,155 626 265,A01,2,50,0,0,9,1,3,
2.023E+11,155 626 262,A01,1,2,0,2,1,18,1,
2.023E+11,155 626 264,B01,1,7,0,2,7,16,1,
2.023E+11,155 626 261,A01,2,7,1,0,3,13,1,
2.023E+11,155 626 263,B01,1,1,0,0,7,17,5,
2.023E+11,155 626 258,A01,1,7,0,2,1,2,1,
2.023E+11,155 626 260,B01,1,7,0,2,5,2,1,
2.023E+11,155 626 257,B01,2,1,0,2,4,1,5,
2.023E+11,155 626 259,A01,2,7,0,2,4,9,1,
2.023E+11,155 626 256,A01,1,3,0,1,1,1,0,
2.023E+11,155 626 255,A01,2,7,8,0,8,1,1,
2.023E+11,155 626 253,A01,1,7,0,2,3,13,1,
2.023E+11,155 626 254,B01,2,32,0,2,8,1,1,
2.023E+11,155 626 250,A01,2,7,0,0,3,15,1,
2.023E+11,155 626 252,B01,2,2,0,2,1,17,1,
2.023E+11,155 626 251,A01,3,7,0,1,2,1,6,
2.023E+11,155 626 249,A01,1,10,0,0,0,1,1,
2.023E+11,155 626 248,A01,2,7,13,0,8,1,1,
2.023E+11,155 626 247,A01,1,33,0,0,1,13,1,
2.023E+11,155 626 246,A01,1,7,0,1,1,16,1,
2.023E+11,155 626 244,A01,2,7,0,2,3,1,1,
2.023E+11,155 626 245,B01,3,1,0,2,9,10,5,
2.023E+11,155 626 241,A01,2,7,2,0,1,13,1,
2.023E+11,155 626 239,A01,3,7,0,2,1,1,1,
2.023E+11,155 626 243,B01,3,99,0,2,4,23,1,
2.023E+11,155 626 240,A01,0,7,0,2,3,15,0,
2.023E+11,155 626 242,B01,0,31,1,2,2,12,1,
2.023E+11,155 626 235,A01,1,7,0,0,1,13,0,
2.023E+11,155 626 238,B01,2,7,0,2,1,1,0,
2.023E+11,155 626 233,A01,1,7,1,0,7,1,1,
2.023E+11,155 626 237,B01,1,7,15,0,8,24,2,
2.023E+11,155 626 234,A01,2,38,0,2,7,1,1,1
2.023E+11,155 626 236,B01,2,1,0,2,8,1,5,
2.023E+11,155 626 230,A01,2,99,0,1,1,0,3,
2.023E+11,155 626 229,B01,1,33,0,2,1,1,1,
2.023E+11,155 626 231,A01,2,7,0,2,2,5,1,
2.023E+11,155 626 226,A01,1,7,0,2,1,26,1,
2.023E+11,155 626 228,B01,2,50,0,2,0,26,3,
2.023E+11,155 626 225,A01,2,7,0,2,1,9,1,
2.023E+11,155 626 227,B01,2,1,0,2,7,1,5,
2.023E+11,155 626 222,A01,1,50,0,2,1,1,3,
2.023E+11,155 626 224,B01,1,10,0,2,2,1,1,
2.023E+11,155 626 220,A01,2,7,0,2,3,13,1,
2.023E+11,155 626 221,B01,1,7,0,2,3,1,1,
2.023E+11,155 626 218,A01,2,33,0,2,1,2,1,
2.023E+11,155 626 219,B01,2,7,0,2,4,2,0,
2.023E+11,155 626 216,A01,3,2,0,2,1,1,1,
2.023E+11,155 626 217,B01,3,10,0,2,5,15,1,
2.023E+11,155 626 215,A01,1,30,1,1,1,17,1,
2.023E+11,155 626 213,A01,3,7,0,0,3,15,0,
2.023E+11,155 626 214,B01,3,34,0,2,1,17,0,
2.023E+11,155 626 211,A01,2,7,1,0,2,14,1,
2.023E+11,155 626 210,A01,1,33,0,2,1,1,1,
2.023E+11,155 626 212,B01,2,7,0,2,3,1,1,
2.023E+11,155 626 207,A01,0,2,0,2,1,3,0,
2.023E+11,155 626 209,B01,0,7,0,2,1,1,0,
2.023E+11,155 626 208,A01,3,7,9,0,1,1,0,
2.023E+11,155 626 206,Z01,3,7,0,1,1,1,1,
2.023E+11,155 626 202,A01,2,7,0,0,4,1,1,
2.023E+11,155 626 205,B01,2,33,0,2,1,1,1,
2.023E+11,155 626 201,A01,1,7,8,2,3,26,1,
2.023E+11,155 626 204,B01,1,7,0,2,5,23,1,
2.023E+11,155 626 200,B01,1,7,0,2,2,1,1,
2.023E+11,155 626 203,A01,2,1,0,2,1,9,5,
2.023E+11,155 626 197,A01,1,3,0,2,7,9,0,
2.023E+11,155 626 199,B01,1,7,0,2,1,1,1,
2.023E+11,155 626 196,Z01,0,7,0,2,0,0,0,
2.023E+11,155 626 198,A01,1,32,0,2,0,1,3,
2.023E+11,155 626 194,A01,3,7,0,2,3,15,1,
2.023E+11,155 626 195,B01,2,33,0,2,1,17,1,
2.023E+11,155 626 193,A01,1,36,16,0,0,1,1,
2.023E+11,155 626 190,A01,3,7,0,2,4,2,1,
2.023E+11,155 626 192,B01,3,7,0,2,1,2,1,
2.023E+11,155 626 188,B01,3,3,0,2,4,9,1,
2.023E+11,155 626 191,A01,3,7,0,2,1,1,1,
2.023E+11,155 626 187,C01,1,38,0,2,3,1,1,3
2.023E+11,155 626 189,A01,2,7,0,2,3,1,1,
2.023E+11,155 626 186,A01,1,40,0,1,3,1,3,
2.023E+11,155 626 185,A01,0,7,0,1,2,1,0,
2.023E+11,155 626 183,A01,2,14,0,1,5,16,1,
2.023E+11,155 626 182,A01,2,33,0,2,8,1,1,
2.023E+11,155 626 184,B01,2,7,0,2,1,1,1,
2.023E+11,155 626 181,A01,3,30,6,0,7,15,1,
2.023E+11,155 626 179,A01,1,7,0,2,1,19,1,
2.023E+11,155 626 180,B01,2,2,0,2,8,1,1,
2.023E+11,155 626 178,A01,3,10,0,2,1,15,1,
2.023E+11,155 626 176,A01,0,7,0,2,1,2,1,
2.023E+11,155 626 177,B01,0,7,0,2,4,1,1,
2.023E+11,155 626 173,A01,2,7,0,2,1,15,0,
2.023E+11,155 626 174,B01,1,15,0,2,3,1,0,
2.023E+11,155 626 172,A01,2,30,0,0,1,17,3,
2.023E+11,155 626 171,A01,2,7,0,2,1,13,3,
2.023E+11,155 626 175,B01,1,7,0,2,1,1,1,
2.023E+11,155 626 169,A01,0,7,2,0,1,0,1,