Num_Acc,id_vehicule,num_veh,senc,catv,obs,obsm,choc,manv,motor,occutc
2.023E+11,155 626 170,A01,3,50,0,0,0,1,3,
2.023E+11,155 626 165,A01,3,7,0,2,1,15,1,
2.023E+11,155 626 167,B01,3,7,0,2,1,1,1,
2.023E+11,155 626 163,A01,2,7,0,2,8,11,1,
2.023E+11,155 626 166,B01,2,33,0,2,7,17,1,
2.023E+11,155 626 160,B01,1,1,0,2,7,0,5,
2.023E+11,155 626 162,A01,1,7,0,2,1,0,1,
2.023E+11,155 626 159,A01,1,2,0,2,1,1,1,
2.023E+11,155 626 161,B01,2,7,0,2,3,1,1,
2.023E+11,155 626 164,A01,1,7,0,2,2,13,1,
2.023E+11,155 626 168,B01,2,7,0,0,3,1,1,
2.023E+11,155 626 158,A01,2,10,0,1,3,1,1,
2.023E+11,155 626 157,A01,1,7,0,1,2,1,1,
2.023E+11,155 626 155,A01,1,7,13,0,1,1,1,
2.023E+11,155 626 154,A01,1,1,0,0,0,1,5,
2.023E+11,155 626 156,A01,3,7,15,0,1,14,1,
2.023E+11,155 626 153,A01,2,7,0,1,3,1,1,
2.023E+11,155 626 150,A01,1,1,0,2,3,1,5,
2.023E+11,155 626 152,B01,1,10,0,9,2,1,1,
2.023E+11,155 626 147,B01,1,1,0,2,8,0,5,
2.023E+11,155 626 149,A01,2,7,0,2,3,15,1,
2.023E+11,155 626 148,A01,2,7,0,0,4,15,1,
2.023E+11,155 626 151,B01,2,7,0,0,1,1,1,
2.023E+11,155 626 146,A01,1,10,0,1,2,1,1,
2.023E+11,155 626 144,B01,3,7,0,2,3,15,1,
2.023E+11,155 626 145,A01,3,33,0,2,7,17,1,
2.023E+11,155 626 140,B01,1,7,0,2,3,1,1,
2.023E+11,155 626 142,A01,2,33,0,2,1,13,1,
2.023E+11,155 626 138,A01,2,10,0,2,3,15,1,
2.023E+11,155 626 139,B01,2,33,0,2,1,1,1,
2.023E+11,155 626 133,B01,1,7,0,1,2,7,1,
2.023E+11,155 626 134,A01,2,3,0,2,3,13,1,
2.023E+11,155 626 136,B01,1,7,0,2,3,1,1,
2.023E+11,155 626 132,A01,1,7,0,0,1,2,1,
2.023E+11,155 626 130,A01,3,7,0,2,3,15,1,
2.023E+11,155 626 131,B01,3,33,0,2,2,3,1,
2.023E+11,155 626 135,A01,1,7,0,9,1,2,1,
2.023E+11,155 626 137,B01,1,21,0,0,4,15,1,
2.023E+11,155 626 128,A01,1,7,9,0,3,0,1,
2.023E+11,155 626 127,A01,1,7,0,2,2,14,1,
2.023E+11,155 626 129,B01,1,33,0,2,7,0,1,
2.023E+11,155 626 123,A01,2,10,0,2,3,1,1,
2.023E+11,155 626 125,B01,2,1,0,2,7,1,5,
2.023E+11,155 626 122,B01,0,7,0,2,2,1,1,
2.023E+11,155 626 124,A01,0,7,0,2,3,1,1,
2.023E+11,155 626 120,A01,1,7,0,2,1,6,1,
2.023E+11,155 626 121,B01,2,17,0,2,0,5,1,
2.023E+11,155 626 126,A01,1,7,13,0,1,1,1,
2.023E+11,155 626 117,A01,1,7,0,2,1,5,1,
2.023E+11,155 626 119,B01,2,7,0,2,1,1,1,
2.023E+11,155 626 115,A01,1,7,0,2,1,13,1,
2.023E+11,155 626 116,B01,1,7,0,2,1,1,1,
2.023E+11,155 626 112,A01,1,7,0,2,8,2,1,
2.023E+11,155 626 113,B01,1,1,0,2,7,2,5,
2.023E+11,155 626 109,A01,1,7,0,2,1,2,1,
2.023E+11,155 626 110,B01,1,7,0,2,4,2,1,
2.023E+11,155 626 111,A01,1,7,0,2,6,1,1,
2.023E+11,155 626 114,B01,2,7,0,2,3,5,1,
2.023E+11,155 626 106,A01,2,7,0,2,1,1,0,
2.023E+11,155 626 108,B01,1,21,0,2,6,15,0,
2.023E+11,155 626 103,A01,2,7,13,0,2,1,1,
2.023E+11,155 626 101,A01,2,7,0,1,3,15,1,
2.023E+11,155 626 102,A01,1,2,0,2,1,1,1,
2.023E+11,155 626 104,B01,1,7,0,2,3,9,1,
2.023E+11,155 626 100,A01,1,15,3,0,1,1,1,
2.023E+11,155 626 099,A01,3,7,0,1,1,1,1,
2.023E+11,155 626 097,A01,1,7,0,9,2,26,1,
2.023E+11,155 626 098,B01,2,80,0,2,1,1,3,
2.023E+11,155 626 094,A01,1,7,13,0,2,14,1,
2.023E+11,155 626 095,B01,1,7,0,2,2,1,1,
2.023E+11,155 626 096,A01,1,7,16,0,3,9,1,
2.023E+11,155 626 093,A01,0,7,0,1,7,1,1,
2.023E+11,155 626 091,A01,1,33,0,2,4,1,1,
2.023E+11,155 626 092,B01,1,10,0,2,4,2,0,
2.023E+11,155 626 090,A01,2,31,0,0,2,1,1,
2.023E+11,155 626 086,A01,1,7,0,2,1,15,1,
2.023E+11,155 626 088,B01,2,32,0,2,1,1,1,
2.023E+11,155 626 084,C01,1,7,0,2,0,2,1,
2.023E+11,155 626 085,A01,1,33,0,2,1,2,1,
2.023E+11,155 626 087,B01,1,7,0,2,4,2,1,
2.023E+11,155 626 083,A01,3,7,0,2,3,9,1,
2.023E+11,155 626 089,B01,2,41,0,2,7,1,3,
2.023E+11,155 626 082,A01,1,10,0,1,2,1,1,
2.023E+11,155 626 080,A01,1,7,2,0,2,1,1,
2.023E+11,155 626 078,C01,2,7,0,2,4,2,1,
2.023E+11,155 626 079,A01,2,7,0,2,2,2,1,
2.023E+11,155 626 081,B01,2,7,0,2,4,1,1,
2.023E+11,155 626 077,A01,1,34,13,0,8,13,1,
2.023E+11,155 626 074,A01,1,7,13,0,1,13,1,
2.023E+11,155 626 073,A01,2,7,0,2,8,15,1,
2.023E+11,155 626 076,B01,2,32,0,2,2,5,1,
2.023E+11,155 626 072,A01,1,33,0,2,7,17,1,
2.023E+11,155 626 075,B01,1,7,0,0,8,15,1,
2.023E+11,155 626 068,A01,1,33,0,2,1,2,1,
2.023E+11,155 626 070,B01,1,32,0,0,0,2,1,
2.023E+11,155 626 065,A01,2,7,0,2,7,10,1,
2.023E+11,155 626 066,B01,2,31,0,2,1,1,1,
2.023E+11,155 626 067,A01,2,7,0,1,2,1,1,
2.023E+11,155 626 063,A01,3,7,12,0,2,14,1,
2.023E+11,155 626 062,A01,1,7,0,2,3,13,0,
2.023E+11,155 626 064,B01,1,7,0,2,3,1,0,
2.023E+11,155 626 058,Z01,1,7,0,2,0,0,1,
2.023E+11,155 626 061,A01,1,33,0,2,1,1,1,
2.023E+11,155 626 057,A01,2,1,0,2,1,1,5,
2.023E+11,155 626 060,B01,2,7,0,2,5,1,1,
2.023E+11,155 626 056,A01,1,7,0,2,6,1,2,
2.023E+11,155 626 059,Z01,1,7,0,2,0,0,1,
2.023E+11,155 626 054,A01,2,7,0,2,3,15,1,
2.023E+11,155 626 055,B01,2,50,0,2,0,1,3,
2.023E+11,155 626 053,A01,1,33,6,0,3,14,1,
2.023E+11,155 626 048,B01,0,1,0,2,8,15,5,
2.023E+11,155 626 051,A01,2,30,0,2,1,1,1,
2.023E+11,155 626 046,A01,2,7,0,2,4,12,1,
2.023E+11,155 626 047,B01,2,10,0,2,5,1,1,
2.023E+11,155 626 049,Z01,2,0,0,2,1,1,0,
2.023E+11,155 626 041,Z01,2,50,0,2,1,1,3,
2.023E+11,155 626 044,A01,2,1,0,2,7,2,5,
2.023E+11,155 626 038,B01,1,10,0,2,5,1,1,
2.023E+11,155 626 040,A01,1,7,0,2,1,18,1,
2.023E+11,155 626 042,C01,1,15,0,2,9,0,1,
2.023E+11,155 626 037,A01,1,80,0,2,1,17,3,
2.023E+11,155 626 039,B01,2,50,0,2,1,18,3,
2.023E+11,155 626 036,B01,2,7,0,2,5,1,1,
2.023E+11,155 626 043,D01,2,7,0,2,1,1,1,
2.023E+11,155 626 045,E01,2,7,0,2,1,1,1,
2.023E+11,155 626 050,A01,2,7,0,2,4,1,1,
2.023E+11,155 626 052,C01,2,7,0,2,1,1,1,
2.023E+11,155 626 033,B01,3,30,0,2,8,1,1,
2.023E+11,155 626 034,A01,3,10,0,2,7,1,1,
2.023E+11,155 626 027,C01,1,7,0,2,4,2,1,
2.023E+11,155 626 030,B01,1,7,0,2,4,2,1,
2.023E+11,155 626 031,E01,1,7,0,2,4,2,1,
2.023E+11,155 626 032,A01,1,7,0,2,1,2,1,
2.023E+11,155 626 035,D01,1,7,0,2,4,2,1,
2.023E+11,155 626 026,A01,2,10,0,2,1,15,1,
2.023E+11,155 626 028,B01,0,50,0,2,3,1,3,
2.023E+11,155 626 024,A01,2,80,0,0,1,21,3,
2.023E+11,155 626 021,A01,2,10,0,2,2,21,1,
2.023E+11,155 626 025,C01,2,7,0,2,4,2,1,
2.023E+11,155 626 029,B01,2,7,0,2,4,2,1,
2.023E+11,155 626 017,A01,1,1,0,2,0,1,5,
2.023E+11,155 626 019,Z01,1,50,0,2,1,13,3,
2.023E+11,155 626 018,C01,2,10,0,2,8,2,0,
2.023E+11,155 626 020,A01,2,33,0,2,1,3,0,
2.023E+11,155 626 022,B01,2,7,0,2,4,2,0,
2.023E+11,155 626 023,D01,1,7,0,0,0,0,1,
2.023E+11,155 626 015,A01,1,1,0,1,1,21,5,
2.023E+11,155 626 013,A01,2,7,0,2,6,12,1,
2.023E+11,155 626 016,B01,2,33,0,2,1,3,1,
2.023E+11,155 626 011,A01,1,50,0,1,1,21,3,
2.023E+11,155 626 007,A01,1,10,0,1,3,1,1,
2.023E+11,155 626 006,D01,1,7,0,2,4,1,1,
2.023E+11,155 626 008,B01,1,7,0,2,4,1,1,
2.023E+11,155 626 009,C01,1,10,0,2,4,1,1,
2.023E+11,155 626 010,A01,1,14,0,2,1,1,1,
2.023E+11,155 626 005,B01,2,7,0,2,4,2,1,
2.023E+11,155 626 012,A01,2,10,0,2,1,2,1,
2.023E+11,155 626 014,C01,1,10,0,2,4,2,1,
2.023E+11,155 626 003,A01,1,7,0,2,2,9,3,
2.023E+11,155 626 004,B01,1,30,0,2,2,2,0,
2.023E+11,155 626 000,A01,1,33,0,2,2,0,0,
2.023E+11,155 626 002,B01,1,7,0,2,0,2,1,
2.023E+11,155 625 998,A01,0,34,0,1,1,7,1,
2.023E+11,155 625 999,A01,1,7,0,2,4,1,1,
2.023E+11,155 626 001,B01,1,7,0,2,1,1,1,
2.023E+11,155 625 996,A01,2,7,0,2,4,14,1,
2.023E+11,155 625 997,B01,2,33,0,2,1,1,1,
2.023E+11,155 625 993,A01,1,7,0,2,2,0,1,
2.023E+11,155 625 995,B01,2,7,0,2,3,0,1,
2.023E+11,155 625 989,A01,2,7,0,2,3,14,1,
2.023E+11,155 625 992,B01,2,7,0,2,5,1,2,
2.023E+11,155 625 988,A01,2,7,0,2,3,16,0,
2.023E+11,155 625 991,B01,3,33,0,2,2,1,0,
2.023E+11,155 625 986,A01,2,7,0,2,8,11,1,
2.023E+11,155 625 987,B01,2,33,0,2,7,2,1,
2.023E+11,155 625 983,A01,1,50,0,2,7,19,3,
2.023E+11,155 625 985,B01,3,7,0,2,1,2,0,
2.023E+11,155 625 978,A01,0,31,0,0,0,1,1,
2.023E+11,155 625 976,C01,2,10,0,2,6,0,1,
2.023E+11,155 625 979,A01,2,33,0,2,0,3,1,
2.023E+11,155 625 980,B01,2,7,0,2,2,2,1,
2.023E+11,155 625 975,E01,2,33,0,2,7,0,1,
2.023E+11,155 625 977,A01,2,7,0,2,1,13,1,
2.023E+11,155 625 981,B01,2,10,0,2,0,0,1,
2.023E+11,155 625 982,C01,2,7,0,2,4,0,1,
2.023E+11,155 625 984,D01,2,7,0,2,4,0,1,
2.023E+11,155 625 972,B01,2,7,0,2,3,1,1,
2.023E+11,155 625 974,A01,1,7,0,2,2,1,0,
2.023E+11,155 625 971,A01,2,7,0,2,1,2,1,
2.023E+11,155 625 973,B01,2,7,0,2,4,0,1,
2.023E+11,155 625 968,A01,1,7,0,2,4,26,1,
2.023E+11,155 625 970,B01,1,7,0,2,1,2,1,
2.023E+11,155 625 965,A01,2,7,0,2,4,1,1,
2.023E+11,155 625 967,B01,2,7,0,2,1,2,1,
2.023E+11,155 625 963,A01,1,7,0,2,1,2,1,
2.023E+11,155 625 964,B01,1,7,15,0,4,1,1,
2.023E+11,155 625 961,A01,1,7,4,2,0,23,0,
2.023E+11,155 625 966,C01,1,10,0,2,1,2,1,
2.023E+11,155 625 969,B01,1,10,4,2,1,2,1,
2.023E+11,155 625 958,A01,2,10,0,2,4,1,1,
2.023E+11,155 625 960,B01,2,7,0,2,4,1,1,
2.023E+11,155 625 962,C01,2,17,0,2,1,11,1,
2.023E+11,155 625 957,B01,2,7,0,2,2,16,1,
2.023E+11,155 625 959,A01,2,43,0,2,3,16,1,
2.023E+11,155 625 953,A01,1,7,0,2,1,1,1,
2.023E+11,155 625 955,B01,1,32,0,2,4,11,1,
2.023E+11,155 625 954,A01,2,7,0,2,1,2,1,
2.023E+11,155 625 956,B01,2,7,0,2,4,2,1,
2.023E+11,155 625 951,A01,2,7,0,2,1,2,1,
2.023E+11,155 625 952,B01,2,33,0,2,4,2,1,
2.023E+11,155 625 949,A01,3,50,0,9,0,0,3,
2.023E+11,155 625 947,B01,2,7,0,2,1,1,1,
2.023E+11,155 625 950,A01,1,7,13,2,5,26,1,
2.023E+11,155 625 946,B01,2,10,0,2,4,23,1,
2.023E+11,155 625 948,A01,2,7,0,2,1,26,1,
2.023E+11,155 625 944,A01,1,33,0,2,8,9,1,
2.023E+11,155 625 945,B01,1,13,0,2,2,1,1,
2.023E+11,155 625 943,A01,2,7,6,0,1,0,0,
2.023E+11,155 625 941,A01,2,60,15,0,1,1,5,
2.023E+11,155 625 940,B01,1,7,0,2,3,1,1,
2.023E+11,155 625 942,A01,1,33,0,2,8,12,1,
2.023E+11,155 625 936,A01,2,7,0,2,3,15,1,
2.023E+11,155 625 938,B01,2,32,0,2,2,17,1,
2.023E+11,155 625 930,A01,3,7,14,2,1,5,6,
2.023E+11,155 625 933,B01,3,7,0,2,1,23,6,
2.023E+11,155 625 931,A01,2,7,0,2,3,2,0,
2.023E+11,155 625 935,B01,2,7,0,2,5,2,0,
2.023E+11,155 625 927,A01,1,33,15,0,0,21,1,
2.023E+11,155 625 928,B01,1,10,0,2,0,1,1,
2.023E+11,155 625 925,A01,2,34,0,2,4,0,1,
2.023E+11,155 625 926,B01,2,7,0,2,5,1,1,
2.023E+11,155 625 929,A01,2,7,0,2,1,2,1,
2.023E+11,155 625 932,B01,2,7,0,2,4,2,1,
2.023E+11,155 625 934,C01,2,10,0,2,4,2,1,
2.023E+11,155 625 922,A01,0,10,0,1,2,1,1,
2.023E+11,155 625 921,B01,3,10,0,2,3,1,1,
2.023E+11,155 625 923,A01,3,2,0,2,1,1,0,
2.023E+11,155 625 924,A01,1,7,4,2,1,1,1,
2.023E+11,155 625 919,B01,2,50,0,2,1,5,3,
2.023E+11,155 625 920,A01,1,7,0,9,3,1,1,
2.023E+11,155 625 916,A01,3,33,0,2,7,18,1,
2.023E+11,155 625 918,B01,3,7,0,2,7,16,1,
2.023E+11,155 625 913,B01,1,7,0,2,6,1,1,
2.023E+11,155 625 915,A01,1,7,0,2,3,1,1,
2.023E+11,155 625 914,A01,1,7,0,2,1,2,1,
2.023E+11,155 625 917,B01,1,7,0,2,4,2,1,
2.023E+11,155 625 911,A01,1,33,13,0,0,13,1,
2.023E+11,155 625 910,A01,1,7,0,2,1,2,1,
2.023E+11,155 625 912,B01,1,7,0,2,4,23,1,
2.023E+11,155 625 908,A01,1,7,13,0,3,1,1,
2.023E+11,155 625 906,A01,0,1,0,1,1,19,0,
2.023E+11,155 625 905,A01,1,13,0,1,7,1,1,
2.023E+11,155 625 907,A01,1,33,0,2,1,3,1,
2.023E+11,155 625 909,B01,1,7,0,2,4,12,1,
2.023E+11,155 625 903,A01,1,33,0,0,8,1,1,
2.023E+11,155 625 902,A01,1,1,0,2,1,1,5,
2.023E+11,155 625 904,B01,2,1,0,2,3,1,5,
2.023E+11,155 625 898,A01,2,7,0,2,1,1,1,
2.023E+11,155 625 900,B01,2,17,0,2,4,1,1,
2.023E+11,155 625 899,Z01,1,7,0,2,4,2,0,
2.023E+11,155 625 901,A01,1,34,0,2,1,26,1,
2.023E+11,155 625 896,A01,2,7,0,2,1,1,1,
2.023E+11,155 625 897,B01,2,7,0,0,4,1,1,
2.023E+11,155 625 894,A01,1,7,2,0,2,1,1,
2.023E+11,155 625 893,A01,3,7,0,0,1,19,0,
2.023E+11,155 625 895,B01,3,7,0,0,8,1,1,
2.023E+11,155 625 891,A01,1,13,0,2,2,12,1,
2.023E+11,155 625 892,B01,1,7,0,2,8,1,1,
2.023E+11,155 625 890,A01,3,7,0,1,2,1,0,
2.023E+11,155 625 889,A01,2,7,0,1,2,1,1,
2.023E+11,155 625 887,A01,2,7,0,2,3,17,1,
2.023E+11,155 625 886,A01,2,7,0,2,1,2,1,
2.023E+11,155 625 888,B01,2,7,3,0,4,2,1,
2.023E+11,155 625 885,A01,2,7,12,0,8,9,1,
2.023E+11,155 625 883,A01,1,7,14,0,2,1,1,
2.023E+11,155 625 882,A01,3,7,0,2,6,1,0,
2.023E+11,155 625 884,B01,3,7,0,2,2,15,0,
2.023E+11,155 625 879,A01,1,7,0,2,1,2,1,
2.023E+11,155 625 881,B01,1,7,0,2,1,2,0,
2.023E+11,155 625 876,A01,1,15,0,0,0,1,0,
2.023E+11,155 625 878,B01,2,7,0,9,1,1,0,
2.023E+11,155 625 880,C01,2,7,0,9,1,1,0,
2.023E+11,155 625 875,A01,1,7,0,9,1,2,1,
2.023E+11,155 625 877,B01,1,2,0,2,4,1,1,
2.023E+11,155 625 872,B01,1,7,0,2,8,15,1,
2.023E+11,155 625 873,A01,1,1,0,2,1,1,5,
2.023E+11,155 625 871,B01,1,7,0,2,1,19,1,
2.023E+11,155 625 874,A01,3,7,0,2,5,19,1,
2.023E+11,155 625 869,A01,1,7,14,0,1,1,1,
2.023E+11,155 625 870,B01,1,7,0,1,4,23,1,
2.023E+11,155 625 866,B01,2,33,0,2,3,1,1,
2.023E+11,155 625 868,A01,1,10,0,2,1,15,1,
2.023E+11,155 625 865,A01,2,32,0,2,1,2,1,
2.023E+11,155 625 867,B01,2,7,0,2,5,2,1,
2.023E+11,155 625 862,A01,1,7,16,0,9,13,1,
2.023E+11,155 625 861,A01,2,7,0,0,1,0,1,
2.023E+11,155 625 863,A01,1,7,0,2,0,0,0,
2.023E+11,155 625 864,B01,1,0,0,2,0,0,0,
2.023E+11,155 625 860,A01,2,43,11,0,1,21,1,
2.023E+11,155 625 859,A01,1,7,13,0,1,0,1,
2.023E+11,155 625 858,A01,1,32,13,0,9,1,1,
2.023E+11,155 625 857,A01,2,10,0,1,1,15,1,
2.023E+11,155 625 856,A01,1,7,0,1,2,16,1,
2.023E+11,155 625 853,A01,1,2,0,2,2,16,1,
2.023E+11,155 625 855,B01,1,2,0,2,3,18,0,
2.023E+11,155 625 852,B01,1,33,0,2,1,1,1,
2.023E+11,155 625 854,A01,2,10,0,2,2,15,1,
2.023E+11,155 625 850,A01,3,15,0,0,4,2,1,
2.023E+11,155 625 851,B01,3,32,0,0,2,2,1,
2.023E+11,155 625 849,A01,0,7,0,2,1,1,6,
2.023E+11,155 625 847,A01,1,33,13,0,0,21,1,
2.023E+11,155 625 845,B01,1,7,0,2,4,2,1,
2.023E+11,155 625 846,A01,1,10,0,2,1,2,1,
2.023E+11,155 625 843,A01,0,7,0,2,1,2,1,
2.023E+11,155 625 848,B01,3,7,0,2,4,0,1,
2.023E+11,155 625 842,B01,2,7,0,2,8,1,1,
2.023E+11,155 625 844,A01,1,7,13,2,1,13,1,
2.023E+11,155 625 841,A01,1,10,0,1,2,1,1,
2.023E+11,155 625 840,A01,2,33,6,0,1,26,1,
2.023E+11,155 625 835,A01,1,7,0,2,1,1,1,
2.023E+11,155 625 837,B01,2,7,0,2,7,9,1,
2.023E+11,155 625 836,B01,1,2,0,2,9,18,1,
2.023E+11,155 625 839,A01,1,7,0,2,7,1,1,
2.023E+11,155 625 833,A01,1,2,15,0,0,14,1,
2.023E+11,155 625 829,A01,2,7,6,0,1,1,1,
2.023E+11,155 625 830,A01,2,7,0,2,1,1,1,
2.023E+11,155 625 834,B01,1,7,0,2,1,1,1,
2.023E+11,155 625 838,C01,2,7,0,2,1,2,1,
2.023E+11,155 625 826,A01,2,10,0,2,3,1,1,
2.023E+11,155 625 828,B01,2,33,0,0,5,16,1,
2.023E+11,155 625 825,A01,2,7,0,2,8,15,2,
2.023E+11,155 625 827,B01,2,1,0,2,1,17,5,
2.023E+11,155 625 824,A01,2,7,0,1,3,1,0,
2.023E+11,155 625 822,A01,3,7,16,0,9,24,1,
2.023E+11,155 625 821,B01,1,7,0,2,3,1,1,
2.023E+11,155 625 823,A01,1,34,0,2,1,1,1,
2.023E+11,155 625 820,A01,1,33,0,6,1,1,1,
2.023E+11,155 625 819,A01,1,7,0,1,2,2,1,
2.023E+11,155 625 817,A01,1,7,13,0,1,1,1,
2.023E+11,155 625 813,A01,3,1,0,0,9,1,5,
2.023E+11,155 625 815,A01,2,30,0,2,1,2,1,
2.023E+11,155 625 818,B01,1,7,0,2,4,2,1,
2.023E+11,155 625 812,A01,1,33,0,6,3,6,1,
2.023E+11,155 625 810,B01,2,3,0,2,5,2,1,
2.023E+11,155 625 811,A01,2,33,0,2,1,2,1,
2.023E+11,155 625 808,A01,1,7,0,2,1,2,0,
2.023E+11,155 625 809,B01,1,50,0,0,4,1,3,
2.023E+11,155 625 807,A01,2,10,0,1,1,1,1,
2.023E+11,155 625 804,B01,1,31,0,2,1,2,3,
2.023E+11,155 625 806,A01,2,7,0,2,1,15,1,
2.023E+11,155 625 803,B01,3,1,0,2,8,11,5,
2.023E+11,155 625 805,A01,3,7,0,2,1,1,0,
2.023E+11,155 625 799,A01,2,7,0,2,2,1,1,
2.023E+11,155 625 801,B01,3,1,0,2,8,19,5,
2.023E+11,155 625 797,A01,2,2,0,2,1,17,0,
2.023E+11,155 625 800,B01,2,14,0,0,6,15,1,
2.023E+11,155 625 798,B01,1,2,0,2,3,1,1,
2.023E+11,155 625 802,A01,1,7,0,2,3,15,2,
2.023E+11,155 625 794,A01,1,7,0,2,2,15,1,
2.023E+11,155 625 795,B01,2,1,0,2,1,1,5,
2.023E+11,155 625 793,B01,3,10,0,2,7,21,1,
2.023E+11,155 625 796,A01,3,3,15,2,7,13,1,
2.023E+11,155 625 792,A01,1,34,12,0,7,14,1,
2.023E+11,155 625 790,A01,2,7,0,2,8,15,1,
2.023E+11,155 625 791,B01,2,14,0,2,2,1,0,
2.023E+11,155 625 788,A01,1,7,0,2,1,15,1,
2.023E+11,155 625 789,B01,2,34,0,2,1,0,1,
2.023E+11,155 625 785,A01,2,7,0,1,2,26,1,
2.023E+11,155 625 786,A01,2,7,5,2,1,1,1,
2.023E+11,155 625 787,B01,2,7,0,2,4,15,1,
2.023E+11,155 625 783,A01,3,7,0,2,2,17,1,
2.023E+11,155 625 784,B01,3,30,0,2,4,1,1,
2.023E+11,155 625 780,A01,1,10,0,2,1,1,1,
2.023E+11,155 625 782,B01,2,1,0,2,1,5,5,
2.023E+11,155 625 779,A01,3,7,0,1,2,1,1,
2.023E+11,155 625 777,B01,2,7,0,2,5,1,1,
2.023E+11,155 625 781,A01,1,7,0,2,7,15,1,
2.023E+11,155 625 776,B01,2,33,0,2,3,1,1,
2.023E+11,155 625 778,A01,1,7,0,2,3,13,1,
2.023E+11,155 625 773,A01,3,36,2,0,3,0,1,
2.023E+11,155 625 771,B01,3,1,0,2,2,19,5,
2.023E+11,155 625 774,A01,3,7,0,9,3,16,1,
2.023E+11,155 625 769,B01,1,7,0,2,8,1,1,
2.023E+11,155 625 772,C01,3,7,0,9,6,1,1,
2.023E+11,155 625 775,A01,3,7,9,2,1,1,1,
2.023E+11,155 625 768,A01,2,10,0,0,2,1,1,
2.023E+11,155 625 770,B01,2,17,0,0,6,1,1,
2.023E+11,155 625 764,A01,2,10,0,1,2,21,1,
2.023E+11,155 625 766,A01,2,7,0,2,1,15,1,
2.023E+11,155 625 767,B01,1,30,0,2,8,1,1,
2.023E+11,155 625 765,A01,3,3,0,0,3,26,1,
2.023E+11,155 625 761,A01,2,7,0,2,1,2,1,
2.023E+11,155 625 763,B01,2,10,0,0,4,2,1,
2.023E+11,155 625 762,A01,1,0,0,0,0,0,0,
2.023E+11,155 625 759,A01,3,33,3,0,1,2,1,
2.023E+11,155 625 758,B01,1,30,0,2,7,0,1,
2.023E+11,155 625 760,A01,1,7,0,2,1,9,1,
2.023E+11,155 625 757,A01,3,32,0,1,0,21,0,
2.023E+11,155 625 755,A01,1,7,0,0,3,2,1,
2.023E+11,155 625 756,B01,1,33,14,0,1,2,1,
2.023E+11,155 625 754,A01,3,7,12,0,1,1,1,
2.023E+11,155 625 753,A01,3,10,0,1,1,17,1,
2.023E+11,155 625 751,A01,1,7,0,2,9,12,1,
2.023E+11,155 625 752,B01,1,7,0,2,9,1,1,
2.023E+11,155 625 749,A01,2,7,0,2,1,1,2,
2.023E+11,155 625 750,B01,2,50,0,2,8,15,3,
2.023E+11,155 625 748,A01,2,17,6,0,1,13,1,
2.023E+11,155 625 745,A01,3,14,0,1,0,0,1,
2.023E+11,155 625 746,B01,3,7,0,2,6,15,0,
2.023E+11,155 625 747,A01,1,33,0,2,1,12,1,
2.023E+11,155 625 744,Z01,1,50,0,1,1,1,3,
2.023E+11,155 625 741,B01,2,7,0,2,8,15,1,
2.023E+11,155 625 743,A01,1,14,0,2,1,1,1,
2.023E+11,155 625 739,A01,1,7,0,9,8,16,1,
2.023E+11,155 625 742,B01,1,80,0,2,7,1,3,
2.023E+11,155 625 735,A01,1,7,0,2,1,15,1,
2.023E+11,155 625 737,B01,2,7,0,2,2,1,1,
2.023E+11,155 625 734,A01,1,33,0,0,9,1,1,
2.023E+11,155 625 729,A01,2,33,0,2,1,1,1,
2.023E+11,155 625 732,B01,2,7,0,2,3,15,1,
2.023E+11,155 625 728,A01,1,7,0,2,3,17,1,
2.023E+11,155 625 730,B01,2,10,0,2,3,1,1,
2.023E+11,155 625 731,C01,1,7,0,2,6,26,2,
2.023E+11,155 625 727,B01,1,7,0,2,2,1,1,
2.023E+11,155 625 733,A01,1,10,0,2,1,2,1,
2.023E+11,155 625 725,A01,1,7,0,1,8,15,1,
2.023E+11,155 625 724,B01,2,50,12,0,1,14,3,
2.023E+11,155 625 726,A01,1,7,0,0,0,15,1,
2.023E+11,155 625 718,B01,1,7,0,2,3,9,1,
2.023E+11,155 625 720,A01,2,33,0,2,7,1,1,
2.023E+11,155 625 719,A01,3,7,0,2,1,1,1,
2.023E+11,155 625 721,B01,1,1,0,2,8,16,5,
2.023E+11,155 625 722,B01,3,7,7,0,3,1,1,
2.023E+11,155 625 723,A01,3,30,0,2,8,1,1,
2.023E+11,155 625 717,A01,2,7,2,0,1,2,1,
2.023E+11,155 625 716,A01,1,7,0,1,1,1,1,
2.023E+11,155 625 715,A01,2,7,0,1,1,1,1,
2.023E+11,155 625 713,A01,1,34,0,2,1,2,1,
2.023E+11,155 625 714,B01,1,7,0,2,4,2,2,
2.023E+11,155 625 712,A01,3,7,0,1,1,1,1,
2.023E+11,155 625 709,A01,3,7,0,2,6,13,3,
2.023E+11,155 625 710,B01,3,1,0,2,2,14,5,
2.023E+11,155 625 711,A01,1,7,0,1,0,9,1,
2.023E+11,155 625 708,A01,2,33,6,0,7,2,1,
2.023E+11,155 625 706,A01,1,7,0,2,2,9,1,
2.023E+11,155 625 707,B01,1,99,0,2,3,0,1,
2.023E+11,155 625 703,A01,1,2,8,0,1,19,0,