Num_Acc,id_vehicule,num_veh,senc,catv,obs,obsm,choc,manv,motor,occutc
2.023E+11,155 624 764,B01,2,7,0,2,2,1,1,
2.023E+11,155 624 761,A01,1,2,0,1,1,0,3,
2.023E+11,155 624 760,A01,1,14,0,1,3,1,1,
2.023E+11,155 624 757,C01,2,7,0,0,4,1,1,
2.023E+11,155 624 758,A01,2,7,15,2,7,14,1,
2.023E+11,155 624 759,B01,2,7,0,2,8,1,1,
2.023E+11,155 624 756,A01,2,7,3,0,1,21,1,
2.023E+11,155 624 754,A01,1,7,0,2,5,2,1,
2.023E+11,155 624 755,B01,1,33,0,2,1,2,1,
2.023E+11,155 624 751,A01,2,7,0,2,1,2,1,
2.023E+11,155 624 752,B01,2,7,0,0,4,2,2,
2.023E+11,155 624 753,C01,2,7,0,0,8,2,1,
2.023E+11,155 624 750,A01,3,33,14,0,1,1,1,
2.023E+11,155 624 749,A01,1,33,5,0,0,1,1,
2.023E+11,155 624 746,B01,2,7,0,2,4,1,1,
2.023E+11,155 624 747,C01,2,7,0,2,4,1,1,
2.023E+11,155 624 748,A01,2,7,0,2,1,1,1,
2.023E+11,155 624 745,A01,3,10,13,0,2,14,1,
2.023E+11,155 624 744,A01,1,7,0,1,3,21,1,
2.023E+11,155 624 742,B01,1,7,0,2,1,1,1,
2.023E+11,155 624 743,A01,2,10,0,2,3,13,1,
2.023E+11,155 624 739,B01,1,13,16,2,5,1,1,
2.023E+11,155 624 740,C01,2,7,0,2,1,1,1,
2.023E+11,155 624 741,A01,1,10,0,2,1,1,1,
2.023E+11,155 624 738,A01,1,7,2,0,1,1,1,
2.023E+11,155 624 736,A01,1,32,0,2,1,2,1,
2.023E+11,155 624 737,B01,1,32,0,2,6,2,1,
2.023E+11,155 624 734,A01,2,33,0,2,1,17,1,
2.023E+11,155 624 735,B01,2,7,0,2,3,15,0,
2.023E+11,155 624 732,A01,1,7,0,2,8,11,1,
2.023E+11,155 624 733,B01,1,50,0,2,1,1,3,
2.023E+11,155 624 730,A01,2,7,0,2,3,13,0,
2.023E+11,155 624 731,B01,1,33,13,2,3,1,1,
2.023E+11,155 624 728,A01,3,7,0,2,1,13,1,
2.023E+11,155 624 729,B01,3,10,0,2,6,0,1,
2.023E+11,155 624 727,A01,3,7,0,0,0,0,1,
2.023E+11,155 624 726,A01,2,2,0,0,9,1,1,
2.023E+11,155 624 724,A01,1,33,12,2,5,1,1,
2.023E+11,155 624 725,B01,3,7,0,2,5,26,1,
2.023E+11,155 624 723,A01,0,7,6,0,1,2,0,
2.023E+11,155 624 721,A01,2,7,0,2,3,13,1,
2.023E+11,155 624 722,B01,1,7,0,2,3,1,1,
2.023E+11,155 624 720,A01,3,7,0,1,5,4,1,
2.023E+11,155 624 719,A01,3,50,0,0,1,1,3,
2.023E+11,155 624 718,A01,1,7,6,0,3,2,0,
2.023E+11,155 624 716,B01,1,31,0,2,1,1,1,
2.023E+11,155 624 717,A01,3,7,0,2,3,19,1,
2.023E+11,155 624 714,A01,1,7,0,2,0,0,1,
2.023E+11,155 624 715,B01,1,1,0,2,0,13,5,
2.023E+11,155 624 712,A01,3,7,0,2,3,15,1,
2.023E+11,155 624 713,B01,3,1,0,2,8,1,5,
2.023E+11,155 624 710,A01,1,7,0,0,4,2,2,
2.023E+11,155 624 711,B01,1,2,0,2,1,2,1,
2.023E+11,155 624 707,A01,1,7,0,2,8,1,1,
2.023E+11,155 624 708,B01,1,7,0,2,3,1,1,
2.023E+11,155 624 709,C01,1,7,0,2,1,9,1,
2.023E+11,155 624 705,A01,2,7,0,2,1,2,1,
2.023E+11,155 624 706,B01,2,7,0,2,4,2,1,
2.023E+11,155 624 704,A01,1,43,14,0,1,1,1,
2.023E+11,155 624 701,A01,1,99,0,2,3,1,1,
2.023E+11,155 624 702,B01,1,7,0,2,4,1,1,
2.023E+11,155 624 703,C01,1,7,0,2,4,1,1,
2.023E+11,155 624 700,A01,1,33,16,0,8,1,1,
2.023E+11,155 624 697,A01,2,34,0,2,7,1,1,
2.023E+11,155 624 699,Z01,2,7,0,0,0,0,0,
2.023E+11,155 624 696,A01,1,7,1,2,3,2,1,
2.023E+11,155 624 698,Z01,2,17,0,2,3,0,0,
2.023E+11,155 624 691,C01,2,7,0,2,4,1,1,
2.023E+11,155 624 693,D01,2,7,0,2,4,1,1,
2.023E+11,155 624 694,B01,2,7,0,2,1,1,1,
2.023E+11,155 624 695,A01,2,7,0,2,1,1,1,
2.023E+11,155 624 689,D01,1,7,0,2,8,1,1,
2.023E+11,155 624 690,A01,1,7,0,2,1,13,1,
2.023E+11,155 624 692,B01,2,7,0,2,8,1,1,
2.023E+11,155 624 687,B01,2,7,0,0,5,0,1,
2.023E+11,155 624 688,A01,2,7,0,2,1,1,1,
2.023E+11,155 624 684,A01,2,7,4,0,9,26,1,
2.023E+11,155 624 685,A01,2,7,0,2,1,2,0,
2.023E+11,155 624 686,B01,2,7,0,2,4,1,1,
2.023E+11,155 624 682,A01,3,7,6,0,1,1,0,
2.023E+11,155 624 681,A01,1,7,0,2,7,0,1,
2.023E+11,155 624 683,B01,1,7,0,2,0,1,1,
2.023E+11,155 624 679,A01,1,7,0,1,2,0,0,
2.023E+11,155 624 677,C01,2,33,0,2,3,21,1,
2.023E+11,155 624 678,A01,2,7,0,2,3,1,1,
2.023E+11,155 624 680,B01,2,7,0,2,2,12,1,
2.023E+11,155 624 676,A01,2,7,0,1,1,16,1,
2.023E+11,155 624 674,A01,1,36,0,2,3,13,1,
2.023E+11,155 624 675,B01,2,7,0,2,3,1,1,
2.023E+11,155 624 673,A01,1,7,15,0,2,14,1,
2.023E+11,155 624 672,A01,3,7,0,1,4,4,1,
2.023E+11,155 624 670,A01,3,10,0,1,1,1,1,
2.023E+11,155 624 671,A01,1,32,0,1,1,1,1,
2.023E+11,155 624 668,A01,1,7,0,2,3,9,1,
2.023E+11,155 624 669,B01,1,7,0,2,0,0,1,
2.023E+11,155 624 666,B01,2,7,0,2,2,1,1,
2.023E+11,155 624 667,A01,1,7,5,0,8,15,2,
2.023E+11,155 624 663,Z01,2,7,0,2,0,2,0,
2.023E+11,155 624 664,B01,2,7,0,2,8,23,1,
2.023E+11,155 624 665,C01,2,7,0,2,4,2,1,
2.023E+11,155 624 659,A01,1,7,0,2,2,16,1,
2.023E+11,155 624 661,B01,1,7,0,2,3,1,1,
2.023E+11,155 624 660,A01,1,7,0,9,1,9,1,
2.023E+11,155 624 662,B01,2,1,0,2,8,5,5,
2.023E+11,155 624 658,A01,3,30,0,1,0,0,1,
2.023E+11,155 624 657,A01,3,7,0,1,1,21,1,
2.023E+11,155 624 655,A01,1,7,0,2,2,14,1,
2.023E+11,155 624 656,B01,1,2,0,2,1,1,1,
2.023E+11,155 624 651,A01,2,7,0,2,1,5,1,
2.023E+11,155 624 653,B01,1,7,0,2,1,1,1,
2.023E+11,155 624 652,B01,1,50,0,2,3,1,3,
2.023E+11,155 624 654,A01,1,7,0,9,5,17,1,
2.023E+11,155 624 649,B01,1,7,0,2,8,1,1,
2.023E+11,155 624 650,A01,1,7,0,2,2,1,1,
2.023E+11,155 624 647,A01,1,7,0,2,1,1,1,
2.023E+11,155 624 648,B01,1,60,0,9,8,19,5,
2.023E+11,155 624 646,A01,2,7,9,0,2,1,0,
2.023E+11,155 624 640,A01,1,7,0,2,1,2,1,
2.023E+11,155 624 644,B01,1,7,0,2,4,1,1,
2.023E+11,155 624 634,A01,1,7,0,2,2,1,1,
2.023E+11,155 624 635,B01,1,32,0,2,3,16,1,
2.023E+11,155 624 633,A01,1,7,0,2,1,1,1,
2.023E+11,155 624 636,B01,1,7,0,2,3,1,1,
2.023E+11,155 624 631,A01,2,33,0,2,7,21,1,
2.023E+11,155 624 632,B01,2,33,0,2,8,16,1,
2.023E+11,155 624 629,B01,0,7,0,2,3,1,1,
2.023E+11,155 624 630,A01,0,7,7,2,1,9,1,
2.023E+11,155 624 628,A01,1,7,0,1,2,1,1,
2.023E+11,155 624 627,A01,2,33,12,0,1,14,1,
2.023E+11,155 624 625,B01,1,37,1,0,0,0,1,1
2.023E+11,155 624 626,A01,1,7,0,1,2,17,1,
2.023E+11,155 624 623,A01,2,33,0,0,1,26,1,
2.023E+11,155 624 622,A01,2,7,0,2,1,15,1,
2.023E+11,155 624 624,B01,2,50,0,2,3,1,3,
2.023E+11,155 624 621,A01,3,7,9,0,0,13,1,
2.023E+11,155 624 618,A01,3,7,0,2,2,15,1,
2.023E+11,155 624 619,B01,0,7,0,2,2,16,1,
2.023E+11,155 624 617,B01,2,7,0,2,3,1,1,
2.023E+11,155 624 620,A01,1,50,0,2,1,1,3,
2.023E+11,155 624 614,A01,2,7,0,1,2,2,1,
2.023E+11,155 624 613,A01,2,7,0,2,2,15,1,
2.023E+11,155 624 615,B01,1,1,0,2,1,1,5,
2.023E+11,155 624 612,A01,2,32,8,0,0,1,1,
2.023E+11,155 624 609,A01,1,7,0,0,3,16,1,
2.023E+11,155 624 610,B01,2,1,0,2,1,1,5,
2.023E+11,155 624 608,A01,1,7,0,2,3,9,1,
2.023E+11,155 624 611,B01,1,7,0,2,2,1,1,
2.023E+11,155 624 606,A01,2,7,0,2,2,19,1,
2.023E+11,155 624 607,B01,1,32,0,2,1,19,1,
2.023E+11,155 624 605,A01,3,32,0,0,8,1,1,
2.023E+11,155 624 604,A01,0,30,0,0,7,1,0,
2.023E+11,155 624 602,A01,1,7,0,0,1,17,1,
2.023E+11,155 624 601,B01,3,7,0,2,1,1,1,
2.023E+11,155 624 603,A01,3,7,0,2,1,21,1,
2.023E+11,155 624 600,A01,1,10,13,0,9,1,1,
2.023E+11,155 624 597,A01,1,7,0,1,7,1,1,
2.023E+11,155 624 596,A01,1,7,0,2,1,21,1,
2.023E+11,155 624 598,B01,1,7,0,2,1,16,1,
2.023E+11,155 624 599,C01,0,7,0,2,1,23,1,
2.023E+11,155 624 594,Z01,1,7,0,1,1,26,0,
2.023E+11,155 624 595,A01,1,7,6,0,2,13,1,
2.023E+11,155 624 592,A01,1,2,0,2,1,1,1,
2.023E+11,155 624 593,B01,1,7,0,2,8,16,1,
2.023E+11,155 624 591,A01,3,7,1,1,2,26,1,
2.023E+11,155 624 589,B01,2,50,0,2,0,0,3,
2.023E+11,155 624 590,A01,2,7,0,2,2,16,1,
2.023E+11,155 624 588,A01,3,7,0,1,5,1,1,
2.023E+11,155 624 587,A01,1,7,1,0,2,1,1,
2.023E+11,155 624 586,A01,3,7,0,1,1,26,1,
2.023E+11,155 624 583,A01,1,14,0,2,1,2,0,
2.023E+11,155 624 585,B01,1,7,0,2,4,1,1,
2.023E+11,155 624 584,A01,2,7,0,1,2,1,1,
2.023E+11,155 624 582,A01,2,2,0,0,7,1,1,
2.023E+11,155 624 580,B01,2,50,0,2,1,1,3,
2.023E+11,155 624 581,A01,2,7,0,2,6,10,1,
2.023E+11,155 624 579,A01,1,1,0,0,0,26,5,
2.023E+11,155 624 578,A01,2,30,1,0,1,1,1,
2.023E+11,155 624 577,A01,2,37,0,1,2,1,3,1
2.023E+11,155 624 575,A01,1,7,0,2,2,15,1,
2.023E+11,155 624 576,B01,0,33,0,2,1,1,1,
2.023E+11,155 624 574,A01,2,10,0,0,0,0,1,
2.023E+11,155 624 572,A01,1,7,0,2,3,15,1,
2.023E+11,155 624 573,B01,1,32,0,2,2,1,1,
2.023E+11,155 624 571,A01,1,7,0,0,1,0,1,
2.023E+11,155 624 570,A01,3,7,0,1,1,16,1,
2.023E+11,155 624 568,A01,3,7,0,2,1,1,1,
2.023E+11,155 624 569,B01,3,7,0,2,4,23,1,
2.023E+11,155 624 566,A01,1,33,16,0,8,1,1,
2.023E+11,155 624 565,B01,2,1,12,0,8,13,5,
2.023E+11,155 624 567,A01,2,7,0,9,7,17,1,
2.023E+11,155 624 563,A01,1,50,0,2,5,26,3,
2.023E+11,155 624 564,B01,1,7,0,2,3,2,1,
2.023E+11,155 624 561,A01,1,7,0,0,0,1,1,
2.023E+11,155 624 560,A01,3,10,0,1,2,1,2,
2.023E+11,155 624 558,A01,1,7,0,2,1,13,1,
2.023E+11,155 624 559,B01,2,7,0,2,1,0,1,
2.023E+11,155 624 562,C01,2,7,1,2,3,0,1,
2.023E+11,155 624 557,A01,1,32,0,0,2,0,0,
2.023E+11,155 624 553,A01,2,2,0,2,1,5,1,
2.023E+11,155 624 556,B01,3,7,0,2,8,23,1,
2.023E+11,155 624 554,Z01,2,1,0,1,0,1,5,
2.023E+11,155 624 552,A01,3,7,0,2,2,15,1,
2.023E+11,155 624 555,B01,3,33,0,2,1,0,1,
2.023E+11,155 624 550,A01,1,7,0,2,1,2,1,
2.023E+11,155 624 551,B01,1,7,0,0,4,2,1,
2.023E+11,155 624 546,A01,3,33,0,2,1,1,1,
2.023E+11,155 624 549,Z01,3,7,0,2,4,11,0,
2.023E+11,155 624 545,A01,1,31,0,2,1,13,1,
2.023E+11,155 624 547,B01,2,1,0,2,1,1,5,
2.023E+11,155 624 543,B01,1,30,0,2,1,16,1,
2.023E+11,155 624 548,A01,2,7,0,2,2,15,1,
2.023E+11,155 624 542,B01,1,7,0,2,7,14,1,
2.023E+11,155 624 544,A01,1,33,0,2,8,3,1,
2.023E+11,155 624 540,A01,3,7,0,1,7,20,2,
2.023E+11,155 624 538,A01,1,1,0,2,1,1,5,
2.023E+11,155 624 541,B01,1,1,0,2,3,1,5,
2.023E+11,155 624 536,C01,-1,7,-1,2,2,-1,-1,
2.023E+11,155 624 539,B01,0,7,0,1,3,1,1,
2.023E+11,155 624 534,C01,2,7,0,2,3,1,1,
2.023E+11,155 624 535,B01,2,7,0,2,9,1,1,
2.023E+11,155 624 537,A01,2,7,0,2,8,11,1,
2.023E+11,155 624 533,A01,1,7,8,0,2,1,1,
2.023E+11,155 624 532,A01,2,7,0,1,4,4,1,
2.023E+11,155 624 531,A01,0,7,2,0,1,0,1,
2.023E+11,155 624 529,A01,2,43,0,0,8,18,1,
2.023E+11,155 624 527,B01,1,10,0,2,4,23,1,
2.023E+11,155 624 530,A01,1,7,0,2,1,26,1,
2.023E+11,155 624 528,A01,1,7,8,1,1,16,1,
2.023E+11,155 624 524,A01,3,99,9,0,3,6,1,
2.023E+11,155 624 523,A01,3,7,0,2,3,9,1,
2.023E+11,155 624 526,B01,3,7,0,2,2,1,1,
2.023E+11,155 624 520,A01,1,7,0,2,1,17,1,
2.023E+11,155 624 522,B01,1,10,0,2,4,1,1,
2.023E+11,155 624 519,B01,1,7,0,2,4,2,1,
2.023E+11,155 624 521,C01,1,7,0,2,4,2,1,
2.023E+11,155 624 525,A01,1,10,0,2,1,2,1,
2.023E+11,155 624 518,A01,2,30,0,0,0,1,1,
2.023E+11,155 624 516,A01,2,15,3,0,7,1,1,
2.023E+11,155 624 515,Z01,2,7,0,2,0,0,0,
2.023E+11,155 624 517,A01,1,7,0,2,3,2,3,
2.023E+11,155 624 513,A01,1,7,0,2,5,2,2,
2.023E+11,155 624 514,B01,1,2,0,2,1,2,1,
2.023E+11,155 624 509,A01,1,7,0,2,3,13,1,
2.023E+11,155 624 511,B01,2,7,0,2,9,1,0,
2.023E+11,155 624 508,B01,1,33,0,2,1,17,1,
2.023E+11,155 624 512,A01,1,7,0,2,8,15,1,
2.023E+11,155 624 507,B01,3,1,0,0,0,0,5,
2.023E+11,155 624 510,A01,3,7,0,2,1,1,1,
2.023E+11,155 624 502,A01,1,7,0,1,1,26,1,
2.023E+11,155 624 505,B01,2,7,0,2,3,1,3,
2.023E+11,155 624 506,A01,1,32,0,2,3,13,3,
2.023E+11,155 624 501,A01,1,31,0,2,7,18,1,
2.023E+11,155 624 504,B01,2,1,0,2,2,1,5,
2.023E+11,155 624 499,A01,1,33,0,6,2,1,1,
2.023E+11,155 624 500,A01,2,7,0,2,2,15,1,
2.023E+11,155 624 503,B01,1,33,0,2,2,17,1,
2.023E+11,155 624 497,A01,1,37,0,1,1,15,1,1
2.023E+11,155 624 496,A01,1,2,0,1,3,1,1,
2.023E+11,155 624 492,A01,1,7,0,2,4,0,0,
2.023E+11,155 624 498,B01,1,7,0,2,1,1,1,
2.023E+11,155 624 490,A01,1,7,0,2,1,2,1,
2.023E+11,155 624 494,B01,1,7,0,2,4,2,1,
2.023E+11,155 624 489,A01,2,7,0,2,2,12,1,
2.023E+11,155 624 493,B01,2,31,0,2,1,3,1,
2.023E+11,155 624 491,B01,0,31,0,2,1,0,1,
2.023E+11,155 624 495,A01,0,7,0,2,3,15,1,
2.023E+11,155 624 487,A01,1,7,0,2,0,2,1,
2.023E+11,155 624 485,A01,0,10,0,1,1,1,3,
2.023E+11,155 624 484,A01,2,80,0,2,2,14,3,
2.023E+11,155 624 486,B01,1,7,0,2,3,9,0,
2.023E+11,155 624 488,B01,1,50,0,0,0,21,3,
2.023E+11,155 624 482,B01,1,10,0,2,5,2,1,
2.023E+11,155 624 483,A01,1,33,0,2,5,2,1,
2.023E+11,155 624 480,A01,2,33,12,0,1,6,1,
2.023E+11,155 624 476,A01,2,7,0,2,3,1,1,
2.023E+11,155 624 481,B01,0,1,0,2,1,1,5,
2.023E+11,155 624 477,A01,1,33,3,0,8,1,1,
2.023E+11,155 624 475,B01,1,7,0,2,3,15,1,
2.023E+11,155 624 479,A01,1,2,0,2,2,17,1,
2.023E+11,155 624 478,A01,1,7,0,1,2,15,1,
2.023E+11,155 624 473,A01,3,7,0,2,8,15,1,
2.023E+11,155 624 474,B01,3,33,0,2,7,2,1,
2.023E+11,155 624 470,Z01,1,10,0,2,0,5,1,
2.023E+11,155 624 472,B01,2,43,0,2,0,21,1,
2.023E+11,155 624 469,A01,2,7,0,2,2,17,1,
2.023E+11,155 624 471,B01,2,7,2,2,0,1,1,
2.023E+11,155 624 467,A01,1,10,0,1,2,16,1,
2.023E+11,155 624 468,A01,2,7,0,1,2,5,1,
2.023E+11,155 624 465,B01,1,10,0,2,3,1,1,
2.023E+11,155 624 466,A01,2,7,0,2,1,1,1,
2.023E+11,155 624 462,A01,2,1,0,2,0,17,5,
2.023E+11,155 624 464,B01,2,1,8,2,0,1,5,
2.023E+11,155 624 461,A01,2,31,0,2,8,13,1,
2.023E+11,155 624 463,B01,1,7,0,2,8,1,1,
2.023E+11,155 624 460,A01,1,7,0,1,0,0,1,
2.023E+11,155 624 458,A01,2,7,0,2,2,15,1,
2.023E+11,155 624 459,B01,1,50,0,2,1,1,3,
2.023E+11,155 624 455,A01,3,33,0,0,0,13,1,
2.023E+11,155 624 454,A01,1,7,1,0,6,13,1,
2.023E+11,155 624 456,B01,1,80,0,2,1,17,3,
2.023E+11,155 624 453,A01,1,7,0,2,1,1,1,
2.023E+11,155 624 457,B01,2,2,0,2,7,3,1,
2.023E+11,155 624 452,A01,1,3,0,1,1,15,2,
2.023E+11,155 624 450,A01,1,7,8,0,2,14,0,
2.023E+11,155 624 449,A01,1,7,0,2,3,15,1,
2.023E+11,155 624 451,B01,2,33,0,2,3,1,1,
2.023E+11,155 624 447,A01,2,30,0,1,1,1,1,
2.023E+11,155 624 446,A01,1,7,0,2,1,15,1,
2.023E+11,155 624 448,B01,2,1,0,2,1,5,5,
2.023E+11,155 624 441,B01,1,10,0,2,2,1,1,
2.023E+11,155 624 445,A01,2,7,0,2,3,1,1,
2.023E+11,155 624 442,A01,3,33,0,2,5,1,1,
2.023E+11,155 624 444,B01,3,7,0,2,1,9,1,
2.023E+11,155 624 440,A01,1,32,0,0,0,1,3,
2.023E+11,155 624 436,B01,1,7,0,0,8,1,1,
2.023E+11,155 624 439,C01,1,7,0,2,1,1,1,
2.023E+11,155 624 443,A01,0,7,0,2,1,1,1,
2.023E+11,155 624 437,B01,3,7,0,2,2,16,2,
2.023E+11,155 624 438,A01,2,2,0,2,1,5,3,
2.023E+11,155 624 433,A01,0,7,0,2,1,1,1,
2.023E+11,155 624 435,B01,0,2,0,2,4,1,1,
2.023E+11,155 624 434,A01,3,7,8,1,1,15,1,
2.023E+11,155 624 432,A01,1,7,0,1,1,26,1,
2.023E+11,155 624 430,A01,1,10,1,0,1,13,4,
2.023E+11,155 624 429,A01,2,33,0,2,1,5,0,
2.023E+11,155 624 431,B01,1,7,0,2,1,1,1,
2.023E+11,155 624 427,A01,0,2,0,2,1,15,0,
2.023E+11,155 624 428,B01,0,32,0,2,1,1,0,
2.023E+11,155 624 426,A01,3,7,3,0,1,1,1,
2.023E+11,155 624 425,A01,1,30,0,1,9,1,3,
2.023E+11,155 624 422,B01,2,2,0,0,1,1,1,
2.023E+11,155 624 424,A01,1,7,0,2,2,15,1,
2.023E+11,155 624 420,B01,1,2,0,2,1,1,1,
2.023E+11,155 624 423,A01,2,10,0,2,5,10,1,
2.023E+11,155 624 421,A01,1,7,0,1,3,1,1,
2.023E+11,155 624 417,A01,1,32,0,2,3,15,3,
2.023E+11,155 624 419,B01,2,10,0,2,3,1,1,
2.023E+11,155 624 414,B01,1,7,0,2,2,2,3,
2.023E+11,155 624 416,A01,1,80,0,2,2,19,3,
2.023E+11,155 624 413,A01,1,37,0,1,3,15,1,1
2.023E+11,155 624 410,A01,2,33,0,0,8,26,1,
2.023E+11,155 624 409,B01,1,31,0,2,1,1,1,
2.023E+11,155 624 412,A01,1,7,0,2,1,15,1,
2.023E+11,155 624 406,A01,2,37,0,2,1,2,3,1
2.023E+11,155 624 408,B01,2,15,0,2,4,2,3,
2.023E+11,155 624 411,C01,2,7,0,2,4,2,1,
2.023E+11,155 624 405,A01,0,32,0,2,6,21,1,
2.023E+11,155 624 407,B01,0,7,0,9,6,26,2,
2.023E+11,155 624 404,A01,2,2,0,0,9,1,1,
2.023E+11,155 624 403,A01,1,80,0,0,1,1,3,
2.023E+11,155 624 402,A01,1,80,0,1,8,1,3,
2.023E+11,155 624 400,A01,1,31,0,5,0,1,1,
2.023E+11,155 624 398,A01,1,7,0,2,1,17,1,
2.023E+11,155 624 401,B01,2,14,0,2,1,1,1,
2.023E+11,155 624 397,B01,1,7,1,0,8,20,2,
2.023E+11,155 624 399,A01,1,7,0,2,2,1,1,
2.023E+11,155 624 396,A01,1,33,8,0,0,21,1,
2.023E+11,155 624 393,A01,2,7,0,1,1,17,1,
2.023E+11,155 624 391,A01,2,7,16,0,4,15,1,
2.023E+11,155 624 395,B01,2,15,0,2,1,1,1,
2.023E+11,155 624 392,A01,0,10,0,2,0,2,0,
2.023E+11,155 624 394,B01,0,1,0,2,0,2,5,
2.023E+11,155 624 390,A01,2,7,10,0,1,1,1,
2.023E+11,155 624 388,A01,3,7,13,0,1,13,1,
2.023E+11,155 624 387,A01,1,7,2,0,1,13,3,
2.023E+11,155 624 385,A01,1,7,0,2,3,9,1,
2.023E+11,155 624 389,B01,1,33,0,2,1,1,1,
2.023E+11,155 624 382,A01,1,7,13,0,0,1,1,
2.023E+11,155 624 381,A01,3,7,0,1,8,15,1,
2.023E+11,155 624 380,B01,1,32,0,2,1,0,1,
2.023E+11,155 624 383,A01,1,7,0,2,8,15,1,
2.023E+11,155 624 378,C01,2,7,-1,2,1,1,1,
2.023E+11,155 624 379,B01,2,7,0,2,4,23,1,
2.023E+11,155 624 376,A01,0,7,0,1,1,26,1,
2.023E+11,155 624 374,B01,2,7,0,2,3,13,1,
2.023E+11,155 624 377,A01,1,2,0,2,8,1,1,
2.023E+11,155 624 375,A01,3,7,0,1,2,16,1,
2.023E+11,155 624 371,B01,3,50,0,2,8,2,3,
2.023E+11,155 624 373,A01,3,7,0,2,2,16,2,
2.023E+11,155 624 369,A01,3,7,0,2,1,2,1,
2.023E+11,155 624 372,B01,3,10,0,2,4,1,1,
2.023E+11,155 624 364,B01,1,50,0,2,5,14,3,
2.023E+11,155 624 368,A01,1,7,0,9,6,13,1,
2.023E+11,155 624 361,E01,3,10,0,2,4,1,1,
2.023E+11,155 624 365,B01,3,7,0,2,5,1,1,
2.023E+11,155 624 366,C01,3,7,0,2,8,0,1,
2.023E+11,155 624 367,D01,3,7,0,2,4,1,1,
2.023E+11,155 624 370,A01,3,10,0,2,3,26,1,
2.023E+11,155 624 360,B01,3,50,0,2,8,19,3,
2.023E+11,155 624 362,A01,1,7,0,2,1,16,1,
2.023E+11,155 624 359,B01,2,7,0,2,8,15,1,
2.023E+11,155 624 363,A01,1,7,0,2,1,1,1,
2.023E+11,155 624 357,A01,2,7,7,0,1,14,1,
2.023E+11,155 624 355,B01,1,31,0,2,0,0,1,
2.023E+11,155 624 358,A01,1,7,0,2,0,0,1,
2.023E+11,155 624 356,A01,2,10,8,0,1,26,1,
2.023E+11,155 624 351,A01,3,10,8,0,1,1,1,
2.023E+11,155 624 348,A01,3,7,0,2,3,1,1,
2.023E+11,155 624 352,B01,3,7,0,2,2,1,1,
2.023E+11,155 624 350,A01,1,2,0,1,2,17,1,
2.023E+11,155 624 349,A01,2,33,0,2,1,1,1,
2.023E+11,155 624 353,B01,2,10,0,2,3,1,1,
2.023E+11,155 624 354,C01,2,7,0,2,5,23,1,
2.023E+11,155 624 347,A01,1,7,0,1,7,1,1,
2.023E+11,155 624 345,A01,1,7,2,0,1,13,1,
2.023E+11,155 624 342,B01,2,7,9,2,1,5,1,
2.023E+11,155 624 344,A01,1,7,8,2,1,15,1,
2.023E+11,155 624 341,A01,3,7,0,2,2,1,1,
2.023E+11,155 624 343,C01,3,7,0,2,3,23,1,
2.023E+11,155 624 346,B01,3,7,0,2,1,1,1,
2.023E+11,155 624 339,A01,1,7,8,0,1,1,1,
2.023E+11,155 624 337,B01,1,33,0,0,8,0,1,
2.023E+11,155 624 340,A01,1,10,0,0,8,0,1,
2.023E+11,155 624 335,B01,1,33,0,2,0,0,1,
2.023E+11,155 624 338,A01,1,7,0,2,8,10,0,
2.023E+11,155 624 334,A01,2,7,0,2,3,15,3,
2.023E+11,155 624 336,B01,1,32,0,2,1,2,1,
2.023E+11,155 624 333,A01,1,7,0,1,6,1,1,
2.023E+11,155 624 328,B01,3,7,0,2,8,19,1,
2.023E+11,155 624 331,A01,0,43,0,2,8,9,1,
2.023E+11,155 624 329,A01,1,7,15,0,1,0,1,
2.023E+11,155 624 326,B01,0,7,0,0,6,1,1,
2.023E+11,155 624 330,A01,0,7,0,2,1,0,1,
2.023E+11,155 624 332,C01,0,10,0,2,1,1,1,
2.023E+11,155 624 325,A01,2,7,0,2,1,1,1,
2.023E+11,155 624 327,B01,2,7,0,2,4,1,1,
2.023E+11,155 624 324,A01,2,30,0,1,1,1,1,
2.023E+11,155 624 322,A01,2,7,4,9,2,1,0,
2.023E+11,155 624 323,A01,0,33,0,0,7,24,1,
2.023E+11,155 624 321,B01,2,50,0,1,1,1,3,
2.023E+11,155 624 320,A01,2,33,0,0,1,1,1,
2.023E+11,155 624 318,A01,2,1,13,0,2,14,5,
2.023E+11,155 624 315,A01,3,7,0,2,1,0,1,
2.023E+11,155 624 319,B01,3,7,0,2,1,0,1,
2.023E+11,155 624 314,A01,3,7,0,2,3,9,1,
2.023E+11,155 624 316,B01,3,33,0,2,1,1,1,
2.023E+11,155 624 313,A01,1,30,0,2,1,1,1,
2.023E+11,155 624 317,B01,3,7,0,2,8,1,1,
2.023E+11,155 624 312,A01,1,7,3,0,9,0,1,
2.023E+11,155 624 311,A01,3,7,13,0,3,1,1,
2.023E+11,155 624 306,A01,1,7,3,0,2,1,1,
2.023E+11,155 624 305,A01,2,7,0,2,2,1,1,
2.023E+11,155 624 307,B01,2,7,0,2,5,1,2,
2.023E+11,155 624 309,C01,1,7,0,2,3,1,1,
2.023E+11,155 624 310,D01,1,7,0,2,1,1,1,
2.023E+11,155 624 304,B01,2,7,0,2,2,1,1,
2.023E+11,155 624 308,A01,2,7,1,2,8,20,1,
2.023E+11,155 624 303,A01,0,33,12,0,7,1,1,