Num_Acc,id_vehicule,num_veh,senc,catv,obs,obsm,choc,manv,motor,occutc
2.023E+11,155 623 365,A01,1,7,0,2,4,2,1,
2.023E+11,155 623 371,B01,1,7,0,2,4,2,1,
2.023E+11,155 623 375,C01,1,10,0,2,1,2,1,
2.023E+11,155 623 367,A01,1,7,0,2,8,15,1,
2.023E+11,155 623 370,B01,1,7,0,2,1,17,1,
2.023E+11,155 623 364,A01,3,7,0,1,1,15,2,
2.023E+11,155 623 362,A01,3,50,0,2,8,19,3,
2.023E+11,155 623 363,B01,3,7,0,9,1,0,1,
2.023E+11,155 623 355,A01,3,7,0,2,3,1,0,
2.023E+11,155 623 361,B01,3,7,0,2,6,15,0,
2.023E+11,155 623 356,A01,1,7,0,9,1,15,6,
2.023E+11,155 623 360,B01,2,50,0,2,7,1,3,
2.023E+11,155 623 353,A01,2,7,0,1,2,17,1,
2.023E+11,155 623 352,A01,1,30,0,2,1,1,1,
2.023E+11,155 623 358,B01,2,7,0,2,3,16,1,
2.023E+11,155 623 351,C01,1,7,0,2,4,2,1,
2.023E+11,155 623 354,B01,1,7,0,2,4,2,2,
2.023E+11,155 623 357,A01,1,10,0,2,3,2,1,
2.023E+11,155 623 359,D01,1,7,0,2,4,2,1,
2.023E+11,155 623 348,A01,2,7,0,2,3,15,1,
2.023E+11,155 623 350,B01,2,33,0,2,2,17,1,
2.023E+11,155 623 347,A01,2,7,0,1,3,1,1,
2.023E+11,155 623 349,A01,1,33,0,0,0,0,1,
2.023E+11,155 623 345,B01,1,7,0,2,1,1,1,
2.023E+11,155 623 346,A01,1,50,0,2,1,5,3,
2.023E+11,155 623 344,A01,1,7,9,0,2,14,1,
2.023E+11,155 623 343,A01,1,7,3,0,3,1,1,
2.023E+11,155 623 336,A01,1,7,0,2,2,14,1,
2.023E+11,155 623 340,B01,1,32,0,2,3,1,1,
2.023E+11,155 623 335,B01,2,7,0,2,2,1,1,
2.023E+11,155 623 339,A01,2,1,0,2,8,1,5,
2.023E+11,155 623 337,A01,1,10,0,1,1,1,1,
2.023E+11,155 623 334,A01,2,7,0,2,1,2,1,
2.023E+11,155 623 338,B01,2,10,0,2,4,2,1,
2.023E+11,155 623 333,A01,1,7,0,1,1,1,1,
2.023E+11,155 623 331,A01,1,32,0,0,0,0,1,
2.023E+11,155 623 330,A01,3,7,0,1,3,20,1,
2.023E+11,155 623 327,A01,1,7,0,2,1,1,1,
2.023E+11,155 623 332,B01,1,7,0,2,4,1,1,
2.023E+11,155 623 326,A01,3,7,0,2,6,9,1,
2.023E+11,155 623 328,B01,3,33,0,2,1,1,1,
2.023E+11,155 623 323,A01,2,7,1,0,2,1,1,
2.023E+11,155 623 324,A01,3,7,0,1,1,0,0,
2.023E+11,155 623 322,C01,2,10,0,2,4,2,0,
2.023E+11,155 623 325,A01,2,7,0,2,1,2,0,
2.023E+11,155 623 329,B01,2,7,0,2,4,2,0,
2.023E+11,155 623 320,A01,1,10,0,1,1,1,1,
2.023E+11,155 623 315,A01,1,7,0,2,4,1,1,
2.023E+11,155 623 319,B01,1,7,0,2,4,2,1,
2.023E+11,155 623 321,C01,1,7,0,2,1,2,1,
2.023E+11,155 623 316,A01,2,33,0,0,1,21,1,
2.023E+11,155 623 313,B01,1,10,0,2,4,15,1,
2.023E+11,155 623 318,A01,1,7,0,2,1,15,1,
2.023E+11,155 623 312,A01,1,34,0,2,7,17,1,
2.023E+11,155 623 317,B01,1,7,0,2,8,15,1,
2.023E+11,155 623 310,A01,2,43,0,0,0,3,1,
2.023E+11,155 623 309,B01,1,7,0,2,5,1,1,
2.023E+11,155 623 314,A01,1,50,0,2,1,1,3,
2.023E+11,155 623 307,P01,1,1,0,2,5,15,5,
2.023E+11,155 623 311,B01,1,7,0,2,2,1,1,
2.023E+11,155 623 305,A01,1,2,0,2,1,26,0,
2.023E+11,155 623 308,B01,1,7,0,2,3,1,1,
2.023E+11,155 623 301,C01,1,7,0,2,4,1,0,
2.023E+11,155 623 304,B01,1,10,0,2,4,0,0,
2.023E+11,155 623 306,A01,1,7,0,2,1,1,6,
2.023E+11,155 623 295,B01,1,7,0,2,4,1,1,
2.023E+11,155 623 300,A01,1,7,0,2,1,2,1,
2.023E+11,155 623 303,C01,1,7,0,2,1,2,1,
2.023E+11,155 623 294,A01,1,7,0,2,1,2,1,
2.023E+11,155 623 298,B01,1,7,0,2,4,2,1,
2.023E+11,155 623 302,C01,1,7,0,2,4,2,1,
2.023E+11,155 623 292,C01,2,7,0,2,4,23,1,
2.023E+11,155 623 296,Z01,2,7,0,2,1,2,1,
2.023E+11,155 623 299,B01,2,7,0,2,5,23,1,
2.023E+11,155 623 291,A01,1,7,0,2,3,19,1,
2.023E+11,155 623 297,B01,2,7,0,2,1,1,1,
2.023E+11,155 623 290,A01,2,10,0,2,5,15,1,
2.023E+11,155 623 293,B01,1,33,0,2,1,1,1,
2.023E+11,155 623 288,A01,0,7,0,1,1,2,1,
2.023E+11,155 623 287,B01,2,7,0,2,5,2,3,
2.023E+11,155 623 289,A01,2,7,0,2,1,2,1,
2.023E+11,155 623 284,A01,1,7,1,0,2,14,1,
2.023E+11,155 623 282,A01,1,7,0,2,8,15,1,
2.023E+11,155 623 285,B01,1,33,0,2,1,1,1,
2.023E+11,155 623 283,B01,1,7,0,2,1,1,1,
2.023E+11,155 623 286,A01,2,7,0,2,2,1,1,
2.023E+11,155 623 279,A01,2,7,0,1,3,1,1,
2.023E+11,155 623 277,A01,2,7,0,2,5,15,1,
2.023E+11,155 623 280,B01,1,10,0,2,2,1,1,
2.023E+11,155 623 275,B01,3,2,0,2,1,2,1,
2.023E+11,155 623 278,A01,3,10,0,2,5,15,1,
2.023E+11,155 623 276,A01,1,7,2,0,7,17,1,
2.023E+11,155 623 272,A01,1,7,0,2,2,15,1,
2.023E+11,155 623 274,B01,2,7,0,2,1,1,1,
2.023E+11,155 623 271,A01,1,50,0,2,1,1,3,
2.023E+11,155 623 273,B01,1,7,0,2,1,1,1,
2.023E+11,155 623 267,B01,1,30,0,2,1,3,1,
2.023E+11,155 623 270,A01,1,7,0,2,4,15,1,
2.023E+11,155 623 265,B01,3,50,0,2,7,19,3,
2.023E+11,155 623 268,A01,1,7,0,2,1,1,1,
2.023E+11,155 623 266,A01,2,31,0,2,1,2,1,
2.023E+11,155 623 269,B01,2,7,0,2,2,15,6,
2.023E+11,155 623 262,A01,1,7,0,2,2,15,1,
2.023E+11,155 623 263,B01,1,2,0,2,1,1,1,
2.023E+11,155 623 260,A01,1,31,0,0,0,0,1,
2.023E+11,155 623 261,A01,1,7,0,2,7,17,1,
2.023E+11,155 623 264,B01,1,80,0,2,8,15,3,
2.023E+11,155 623 259,A01,2,7,0,1,1,19,1,
2.023E+11,155 623 258,A01,3,32,1,0,1,1,1,
2.023E+11,155 623 255,A01,0,33,0,0,8,1,1,
2.023E+11,155 623 256,A01,2,10,0,2,2,2,1,
2.023E+11,155 623 257,B01,2,7,0,0,4,23,1,
2.023E+11,155 623 249,A01,1,7,0,2,7,15,1,
2.023E+11,155 623 250,B01,2,2,0,2,1,1,1,
2.023E+11,155 623 248,A01,2,7,0,2,3,11,1,
2.023E+11,155 623 251,B01,2,7,0,2,7,1,1,
2.023E+11,155 623 253,A01,2,7,0,2,1,2,1,
2.023E+11,155 623 254,B01,2,7,0,0,4,2,1,
2.023E+11,155 623 245,A01,1,7,0,2,3,13,1,
2.023E+11,155 623 247,B01,2,2,0,2,0,1,1,
2.023E+11,155 623 243,B01,3,7,0,2,3,1,1,
2.023E+11,155 623 244,C01,3,7,0,2,8,1,1,
2.023E+11,155 623 252,A01,3,7,0,2,1,17,1,
2.023E+11,155 623 239,A01,1,10,0,9,7,15,1,
2.023E+11,155 623 242,B01,2,50,0,2,1,1,3,
2.023E+11,155 623 238,A01,3,37,0,1,7,1,1,1
2.023E+11,155 623 237,A01,3,1,0,2,1,5,5,
2.023E+11,155 623 240,B01,3,7,0,2,1,1,1,
2.023E+11,155 623 236,A01,1,7,9,2,7,1,1,
2.023E+11,155 623 241,C01,2,7,9,2,8,0,1,
2.023E+11,155 623 246,B01,2,7,9,2,1,1,1,
2.023E+11,155 623 233,A01,1,34,0,1,7,3,1,
2.023E+11,155 623 234,A01,0,30,0,2,1,7,1,
2.023E+11,155 623 235,B01,0,10,0,2,2,0,1,
2.023E+11,155 623 229,B01,1,7,0,2,2,1,1,
2.023E+11,155 623 231,A01,2,7,0,2,3,13,1,
2.023E+11,155 623 228,B01,3,50,0,2,1,7,3,
2.023E+11,155 623 232,A01,1,7,16,2,3,15,1,
2.023E+11,155 623 227,B01,1,1,0,0,0,0,5,
2.023E+11,155 623 230,A01,1,7,0,2,1,26,1,
2.023E+11,155 623 224,A01,2,99,0,9,0,0,1,
2.023E+11,155 623 226,B01,2,32,0,0,0,0,1,
2.023E+11,155 623 223,B01,2,7,0,2,3,1,1,
2.023E+11,155 623 225,A01,1,7,0,2,3,13,1,
2.023E+11,155 623 220,B01,1,38,0,0,3,1,1,1
2.023E+11,155 623 222,A01,2,7,0,0,3,13,1,
2.023E+11,155 623 219,A01,2,7,0,1,1,1,0,
2.023E+11,155 623 218,A01,1,10,1,0,1,1,1,
2.023E+11,155 623 217,A01,1,7,0,2,2,1,1,
2.023E+11,155 623 221,B01,1,1,0,2,6,1,0,
2.023E+11,155 623 215,B01,2,7,0,2,4,1,1,
2.023E+11,155 623 216,A01,2,10,0,2,1,1,1,
2.023E+11,155 623 213,A01,1,7,0,1,2,14,0,
2.023E+11,155 623 212,A01,2,7,0,2,7,19,1,
2.023E+11,155 623 214,B01,2,7,0,2,3,0,1,
2.023E+11,155 623 208,A01,1,7,0,2,4,11,1,
2.023E+11,155 623 211,B01,1,33,0,2,1,3,1,
2.023E+11,155 623 204,B01,2,7,0,2,4,2,1,
2.023E+11,155 623 207,C01,2,10,0,2,4,2,1,
2.023E+11,155 623 209,A01,2,7,0,2,1,2,1,
2.023E+11,155 623 203,A01,3,7,0,1,3,20,1,
2.023E+11,155 623 200,A01,2,7,0,2,3,1,1,
2.023E+11,155 623 205,B01,1,7,0,2,6,15,1,
2.023E+11,155 623 198,A01,1,17,13,0,2,13,1,
2.023E+11,155 623 199,C01,3,7,0,2,1,1,1,
2.023E+11,155 623 201,B01,3,7,0,2,4,1,1,
2.023E+11,155 623 206,D01,3,7,0,2,1,1,1,
2.023E+11,155 623 210,A01,3,7,0,2,4,1,1,
2.023E+11,155 623 197,A01,1,31,0,2,1,26,1,
2.023E+11,155 623 202,B01,2,7,0,2,8,15,1,
2.023E+11,155 623 195,A01,2,50,0,2,1,5,3,
2.023E+11,155 623 196,Y01,1,1,0,2,1,1,5,
2.023E+11,155 623 193,A01,1,7,9,1,4,20,1,
2.023E+11,155 623 192,A01,3,7,0,1,3,15,1,
2.023E+11,155 623 190,A01,3,7,0,2,3,0,1,
2.023E+11,155 623 194,B01,0,7,0,2,3,0,1,
2.023E+11,155 623 188,B01,2,7,0,2,2,1,1,
2.023E+11,155 623 191,A01,1,31,0,2,1,9,1,
2.023E+11,155 623 187,B01,2,31,0,2,1,1,1,
2.023E+11,155 623 189,A01,1,7,0,2,7,15,1,
2.023E+11,155 623 185,A01,3,7,0,1,2,1,1,
2.023E+11,155 623 184,A01,1,7,0,1,2,0,1,
2.023E+11,155 623 183,A01,3,7,0,2,3,26,1,
2.023E+11,155 623 186,B01,2,30,0,2,5,1,0,
2.023E+11,155 623 182,A01,2,80,0,0,7,15,3,
2.023E+11,155 623 181,A01,2,7,1,0,9,1,1,
2.023E+11,155 623 178,B01,2,7,0,2,1,1,1,
2.023E+11,155 623 180,A01,1,33,0,2,1,1,1,
2.023E+11,155 623 175,A01,2,1,9,0,1,1,5,
2.023E+11,155 623 176,B01,3,2,0,2,1,1,1,
2.023E+11,155 623 179,A01,3,7,0,2,3,15,1,
2.023E+11,155 623 174,A01,3,7,0,1,2,1,1,
2.023E+11,155 623 173,A01,0,7,0,2,4,26,1,
2.023E+11,155 623 177,B01,0,7,0,1,4,2,1,
2.023E+11,155 623 166,B01,2,50,1,0,2,1,3,
2.023E+11,155 623 170,A01,2,7,0,2,0,0,1,
2.023E+11,155 623 169,A01,1,7,1,0,1,20,3,
2.023E+11,155 623 168,B01,1,33,0,2,3,1,1,
2.023E+11,155 623 172,A01,1,7,0,2,3,15,1,
2.023E+11,155 623 165,A01,1,10,0,2,1,2,1,
2.023E+11,155 623 167,B01,1,7,0,2,4,2,1,
2.023E+11,155 623 171,C01,2,10,3,2,3,1,1,
2.023E+11,155 623 162,A01,1,7,0,9,2,15,2,
2.023E+11,155 623 164,B01,2,50,0,2,3,1,3,
2.023E+11,155 623 161,A01,3,31,0,0,8,1,1,
2.023E+11,155 623 159,A01,1,7,0,1,1,1,1,
2.023E+11,155 623 158,A01,1,10,0,2,7,14,1,
2.023E+11,155 623 160,B01,1,7,0,2,8,26,1,
2.023E+11,155 623 163,C01,1,7,1,2,8,26,1,
2.023E+11,155 623 153,B01,1,7,0,0,0,15,1,
2.023E+11,155 623 156,C01,2,7,0,2,1,1,1,
2.023E+11,155 623 157,A01,1,7,0,2,1,17,1,
2.023E+11,155 623 150,B01,3,50,0,2,0,19,3,
2.023E+11,155 623 154,A01,1,3,0,2,1,7,1,
2.023E+11,155 623 151,A01,2,43,3,2,1,2,1,
2.023E+11,155 623 155,B01,2,7,0,0,0,2,1,
2.023E+11,155 623 148,B01,1,30,0,2,2,1,1,
2.023E+11,155 623 152,A01,1,7,0,2,6,20,1,
2.023E+11,155 623 147,B01,2,7,0,2,8,15,1,
2.023E+11,155 623 149,A01,2,30,0,2,5,17,1,
2.023E+11,155 623 143,A01,1,7,0,1,1,1,1,
2.023E+11,155 623 144,A01,1,7,0,1,5,20,1,
2.023E+11,155 623 140,B01,1,34,0,2,1,0,1,
2.023E+11,155 623 142,A01,2,7,0,2,5,15,1,
2.023E+11,155 623 139,A01,2,2,13,0,0,1,1,
2.023E+11,155 623 136,B01,0,7,0,2,3,23,1,
2.023E+11,155 623 141,A01,2,32,0,2,1,1,1,
2.023E+11,155 623 137,A01,2,31,4,0,0,1,1,
2.023E+11,155 623 134,B01,3,1,0,2,1,19,5,
2.023E+11,155 623 138,A01,2,7,0,2,2,26,1,
2.023E+11,155 623 133,A01,1,21,6,0,5,14,1,
2.023E+11,155 623 132,A01,1,7,13,0,8,1,1,
2.023E+11,155 623 131,A01,2,10,0,2,1,1,1,
2.023E+11,155 623 135,B01,3,1,0,2,4,1,5,
2.023E+11,155 623 129,A01,2,33,4,0,1,14,1,
2.023E+11,155 623 125,A01,3,7,0,1,3,21,1,
2.023E+11,155 623 124,A01,3,10,0,2,7,1,1,
2.023E+11,155 623 128,B01,3,7,0,2,1,1,1,
2.023E+11,155 623 123,A01,1,43,0,2,1,1,1,
2.023E+11,155 623 126,B01,1,7,0,2,4,1,1,
2.023E+11,155 623 122,A01,2,7,0,2,5,23,1,
2.023E+11,155 623 127,B01,2,7,0,2,4,23,2,
2.023E+11,155 623 130,C01,2,7,0,2,1,1,1,
2.023E+11,155 623 119,A01,1,31,9,0,1,1,1,
2.023E+11,155 623 117,B01,2,33,0,2,1,1,1,
2.023E+11,155 623 121,A01,1,10,0,2,3,16,1,
2.023E+11,155 623 118,A01,1,7,0,1,1,1,1,
2.023E+11,155 623 116,A01,1,7,12,0,3,1,1,
2.023E+11,155 623 114,A01,1,7,0,1,8,1,1,
2.023E+11,155 623 111,A01,1,31,0,0,3,2,1,
2.023E+11,155 623 112,A01,3,3,16,0,2,21,1,
2.023E+11,155 623 109,A01,2,7,0,2,1,2,1,
2.023E+11,155 623 113,B01,2,10,0,2,4,2,1,
2.023E+11,155 623 115,C01,2,7,0,2,4,2,1,
2.023E+11,155 623 110,A01,3,7,0,1,1,16,1,
2.023E+11,155 623 107,A01,1,2,0,0,1,1,3,
2.023E+11,155 623 106,A01,1,7,0,2,3,19,1,
2.023E+11,155 623 108,B01,1,7,0,2,1,1,1,
2.023E+11,155 623 104,A01,1,7,0,1,8,2,2,
2.023E+11,155 623 100,A01,1,7,0,2,1,15,1,
2.023E+11,155 623 103,B01,2,33,0,2,1,1,1,
2.023E+11,155 623 102,B01,3,80,0,2,1,0,3,
2.023E+11,155 623 105,A01,3,7,0,2,1,16,1,
2.023E+11,155 623 099,A01,1,34,0,2,1,1,1,
2.023E+11,155 623 101,B01,1,10,0,2,4,23,1,
2.023E+11,155 623 096,A01,2,33,6,0,8,1,1,
2.023E+11,155 623 095,A01,3,7,0,2,3,9,1,
2.023E+11,155 623 098,B01,3,7,0,2,8,1,1,
2.023E+11,155 623 092,A01,3,7,0,1,1,1,1,
2.023E+11,155 623 093,B01,2,7,0,2,6,23,2,
2.023E+11,155 623 097,A01,2,32,0,2,1,1,1,
2.023E+11,155 623 091,A01,1,2,0,2,2,1,1,
2.023E+11,155 623 094,B01,3,7,0,2,3,16,2,
2.023E+11,155 623 090,A01,2,2,0,0,8,1,1,
2.023E+11,155 623 089,A01,3,7,0,0,1,26,1,
2.023E+11,155 623 086,A01,2,33,11,0,1,1,1,
2.023E+11,155 623 087,A01,1,7,0,1,1,16,1,
2.023E+11,155 623 085,A01,3,7,1,1,3,20,0,
2.023E+11,155 623 084,B01,1,33,0,2,8,1,1,
2.023E+11,155 623 088,A01,2,7,0,2,3,15,1,
2.023E+11,155 623 083,Z01,0,30,0,1,0,0,0,
2.023E+11,155 623 077,A01,2,33,0,2,1,17,1,
2.023E+11,155 623 082,B01,2,33,0,2,4,17,1,
2.023E+11,155 623 075,B01,0,7,0,0,4,2,1,
2.023E+11,155 623 080,A01,2,7,0,2,1,2,1,
2.023E+11,155 623 079,A01,2,7,14,0,1,17,1,
2.023E+11,155 623 078,B01,1,7,0,2,1,2,1,
2.023E+11,155 623 081,A01,1,10,0,2,4,1,1,
2.023E+11,155 623 076,A01,1,3,0,1,8,1,0,
2.023E+11,155 623 074,A01,1,33,2,0,1,1,1,
2.023E+11,155 623 069,A01,3,99,0,1,2,1,1,
2.023E+11,155 623 070,A01,3,7,0,2,1,15,1,
2.023E+11,155 623 073,B01,3,1,0,2,1,15,5,
2.023E+11,155 623 068,B01,1,7,0,2,3,15,1,
2.023E+11,155 623 072,A01,2,30,0,2,1,13,1,
2.023E+11,155 623 067,A01,3,7,0,4,1,15,1,
2.023E+11,155 623 071,B01,0,40,0,2,8,1,0,
2.023E+11,155 623 066,A01,2,7,8,0,1,0,0,
2.023E+11,155 623 063,A01,1,7,0,2,2,2,1,
2.023E+11,155 623 065,B01,1,33,0,2,0,0,1,
2.023E+11,155 623 062,B01,2,10,0,2,3,15,1,
2.023E+11,155 623 064,A01,3,33,0,2,5,17,1,
2.023E+11,155 623 058,A01,0,7,0,2,1,15,1,
2.023E+11,155 623 059,B01,0,31,0,2,0,0,1,
2.023E+11,155 623 057,A01,2,7,0,1,2,1,1,
2.023E+11,155 623 060,A01,1,7,0,2,1,5,1,
2.023E+11,155 623 061,B01,1,33,0,2,1,15,1,
2.023E+11,155 623 055,A01,2,7,0,1,3,15,1,
2.023E+11,155 623 054,A01,2,15,0,1,2,1,1,
2.023E+11,155 623 051,B01,3,7,0,2,2,21,1,
2.023E+11,155 623 056,A01,3,2,0,2,1,16,1,
2.023E+11,155 623 050,B01,2,1,0,2,8,0,5,
2.023E+11,155 623 053,A01,2,7,0,2,3,1,1,
2.023E+11,155 623 049,A01,1,7,0,1,1,1,1,
2.023E+11,155 623 048,B01,3,33,0,2,1,2,1,
2.023E+11,155 623 052,A01,3,10,0,2,3,2,0,
2.023E+11,155 623 045,A01,1,7,0,2,2,13,1,
2.023E+11,155 623 047,B01,1,50,0,2,1,2,3,
2.023E+11,155 623 046,A01,1,2,0,0,0,1,1,
2.023E+11,155 623 041,A01,3,7,0,2,1,26,1,
2.023E+11,155 623 044,B01,3,7,0,2,1,26,1,
2.023E+11,155 623 040,B01,2,15,0,0,6,2,1,
2.023E+11,155 623 043,A01,2,38,0,2,2,1,1,25
2.023E+11,155 623 039,A01,3,7,0,2,2,1,1,
2.023E+11,155 623 042,B01,3,1,0,2,7,19,5,
2.023E+11,155 623 036,A01,3,7,0,2,1,2,0,
2.023E+11,155 623 038,B01,0,32,0,2,7,2,0,
2.023E+11,155 623 037,A01,1,7,12,0,1,13,1,
2.023E+11,155 623 033,A01,2,7,4,2,4,12,1,
2.023E+11,155 623 035,B01,2,13,0,2,3,1,1,
2.023E+11,155 623 031,A01,2,34,8,0,1,1,1,
2.023E+11,155 623 030,A01,3,10,0,1,4,26,1,
2.023E+11,155 623 025,B01,1,7,0,2,5,15,1,
2.023E+11,155 623 029,C01,1,7,0,0,4,15,1,
2.023E+11,155 623 032,D01,2,10,0,2,3,1,1,
2.023E+11,155 623 034,A01,2,7,0,2,1,13,1,
2.023E+11,155 623 024,A01,1,33,0,2,8,2,1,
2.023E+11,155 623 028,B01,1,7,0,0,8,1,1,
2.023E+11,155 623 022,A01,0,32,0,2,8,13,1,
2.023E+11,155 623 026,B01,0,1,0,2,2,17,5,
2.023E+11,155 623 021,A01,1,7,0,2,2,0,1,
2.023E+11,155 623 027,B01,2,7,0,2,1,1,3,
2.023E+11,155 623 020,A01,1,7,4,0,2,14,1,
2.023E+11,155 623 017,B01,3,7,0,2,0,0,1,
2.023E+11,155 623 023,A01,1,30,0,2,0,0,1,
2.023E+11,155 623 014,A01,2,7,0,2,1,1,1,
2.023E+11,155 623 018,B01,2,17,0,0,4,1,1,
2.023E+11,155 623 009,A01,1,7,3,2,3,13,1,
2.023E+11,155 623 012,B01,2,17,0,2,6,0,1,
2.023E+11,155 623 010,A01,1,7,0,2,2,12,1,
2.023E+11,155 623 016,B01,1,7,4,0,5,17,1,
2.023E+11,155 623 011,A01,2,7,0,2,3,11,1,
2.023E+11,155 623 013,B01,2,33,0,2,7,1,1,
2.023E+11,155 623 007,A01,1,10,0,1,1,16,1,
2.023E+11,155 623 006,B01,2,2,0,2,1,1,1,
2.023E+11,155 623 008,A01,2,7,0,2,5,16,1,
2.023E+11,155 623 000,A01,2,33,0,2,1,2,1,
2.023E+11,155 623 004,B01,2,7,0,2,4,2,1,
2.023E+11,155 622 998,A01,2,7,0,2,1,9,1,
2.023E+11,155 623 003,B01,2,7,0,2,3,1,1,
2.023E+11,155 622 996,A01,1,2,0,2,7,5,1,
2.023E+11,155 622 999,B01,2,10,0,2,7,21,1,
2.023E+11,155 622 997,B01,2,33,0,2,3,3,1,
2.023E+11,155 623 002,C01,2,34,0,2,0,1,1,
2.023E+11,155 623 005,A01,2,7,0,2,7,12,1,
2.023E+11,155 622 995,A01,1,7,0,2,3,20,1,
2.023E+11,155 623 001,B01,1,30,0,2,0,0,1,
2.023E+11,155 622 994,A01,2,7,2,0,1,14,1,
2.023E+11,155 622 990,A01,1,7,0,0,5,15,1,
2.023E+11,155 622 992,B01,2,34,0,2,1,1,1,
2.023E+11,155 622 988,A01,1,33,1,1,1,1,1,
2.023E+11,155 622 993,B01,1,10,0,2,8,24,1,
2.023E+11,155 622 983,B01,1,7,0,2,4,1,2,
2.023E+11,155 622 985,A01,1,7,0,2,1,1,1,
2.023E+11,155 622 987,C01,1,33,0,2,5,3,1,
2.023E+11,155 622 991,D01,1,7,0,2,2,1,2,
2.023E+11,155 622 980,A01,1,15,0,2,1,1,1,
2.023E+11,155 622 982,B01,1,10,16,0,3,1,0,
2.023E+11,155 622 981,A01,1,30,0,1,7,1,3,
2.023E+11,155 622 974,A01,1,10,0,2,3,26,1,
2.023E+11,155 622 978,B01,1,10,7,2,2,1,1,
2.023E+11,155 622 976,B01,2,2,0,2,3,21,0,
2.023E+11,155 622 979,A01,2,7,0,2,7,22,3,
2.023E+11,155 622 972,B01,1,7,0,2,3,1,1,
2.023E+11,155 622 975,A01,2,7,0,2,3,13,1,
2.023E+11,155 622 973,B01,2,1,0,2,1,9,5,
2.023E+11,155 622 977,A01,2,7,0,2,1,1,1,
2.023E+11,155 622 970,A01,1,7,2,0,3,0,0,
2.023E+11,155 622 968,A01,2,7,0,2,3,1,0,
2.023E+11,155 622 971,B01,1,50,0,2,1,2,3,
2.023E+11,155 622 967,A01,1,2,0,2,8,1,1,
2.023E+11,155 622 969,Z01,1,7,0,0,0,16,0,
2.023E+11,155 622 965,A01,1,10,0,2,3,13,1,
2.023E+11,155 622 966,B01,1,50,0,2,1,17,3,
2.023E+11,155 622 963,A01,2,7,13,0,3,1,1,
2.023E+11,155 622 964,A01,2,33,15,0,1,0,1,
2.023E+11,155 622 962,A01,2,7,0,1,2,1,2,
2.023E+11,155 622 959,A01,1,7,7,0,1,1,2,
2.023E+11,155 622 957,A01,1,7,0,2,6,0,1,
2.023E+11,155 622 961,B01,2,15,0,2,1,13,1,
2.023E+11,155 622 958,A01,1,33,0,2,1,1,1,
2.023E+11,155 622 960,B01,2,7,0,2,8,15,0,
2.023E+11,155 622 952,A01,1,34,0,0,8,1,1,
2.023E+11,155 622 953,Z01,0,50,0,1,1,1,3,
2.023E+11,155 622 951,A01,2,33,0,2,1,2,1,
2.023E+11,155 622 954,B01,2,10,0,0,5,15,1,
2.023E+11,155 622 955,A01,2,7,0,2,1,1,2,
2.023E+11,155 622 956,B01,2,2,0,2,8,18,3,
2.023E+11,155 622 943,A01,2,7,3,0,3,1,1,
2.023E+11,155 622 945,A01,3,33,0,1,1,1,1,
2.023E+11,155 622 944,A01,1,32,0,2,2,1,1,
2.023E+11,155 622 948,B01,1,7,0,2,6,11,1,
2.023E+11,155 622 950,C01,1,7,0,2,4,1,1,
2.023E+11,155 622 940,A01,1,33,0,0,1,1,1,
2.023E+11,155 622 937,B01,1,7,0,2,1,1,2,
2.023E+11,155 622 939,A01,1,80,0,2,8,1,3,
2.023E+11,155 622 936,E01,1,7,0,2,2,23,1,
2.023E+11,155 622 938,F01,1,7,0,2,4,23,1,
2.023E+11,155 622 941,C01,1,10,0,2,7,23,1,
2.023E+11,155 622 942,G01,1,7,0,2,4,23,1,
2.023E+11,155 622 946,D01,1,33,0,2,4,23,1,
2.023E+11,155 622 947,A01,1,7,0,2,1,1,2,
2.023E+11,155 622 949,B01,1,37,0,2,6,23,6,1
2.023E+11,155 622 933,A01,2,10,0,2,1,2,1,
2.023E+11,155 622 934,B01,2,7,0,2,4,2,1,
2.023E+11,155 622 935,C01,2,7,0,0,5,2,1,
2.023E+11,155 622 930,B01,2,7,0,2,3,15,3,
2.023E+11,155 622 931,A01,1,33,0,2,1,1,1,
2.023E+11,155 622 929,A01,3,33,0,2,7,3,1,
2.023E+11,155 622 932,B01,3,7,0,2,1,23,1,
2.023E+11,155 622 928,A01,1,7,4,0,8,1,1,
2.023E+11,155 622 925,A01,1,7,4,0,8,13,1,
2.023E+11,155 622 926,B01,1,7,0,2,0,13,1,
2.023E+11,155 622 927,A01,3,1,0,2,7,1,5,
2.023E+11,155 622 924,A01,1,30,0,1,0,1,0,
2.023E+11,155 622 923,A01,2,33,14,0,8,1,1,
2.023E+11,155 622 921,A01,3,7,0,2,3,13,1,
2.023E+11,155 622 922,B01,3,34,0,2,1,1,1,
2.023E+11,155 622 920,A01,1,33,0,1,1,1,1,
2.023E+11,155 622 919,A01,1,7,2,0,2,14,1,
2.023E+11,155 622 917,A01,2,10,0,1,2,16,1,
2.023E+11,155 622 916,A01,3,2,0,2,7,21,3,
2.023E+11,155 622 918,B01,3,7,0,2,0,15,1,
2.023E+11,155 622 914,A01,3,21,0,2,3,15,1,
2.023E+11,155 622 915,B01,2,30,0,0,1,16,1,
2.023E+11,155 622 913,A01,3,32,0,1,1,1,1,
2.023E+11,155 622 911,A01,2,7,0,2,3,1,3,