Num_Acc,id_vehicule,num_veh,senc,catv,obs,obsm,choc,manv,motor,occutc
2.023E+11,155 622 912,B01,1,1,0,2,7,1,5,
2.023E+11,155 622 909,A01,2,7,0,2,6,15,1,
2.023E+11,155 622 910,B01,2,50,0,2,1,2,3,
2.023E+11,155 622 905,A01,2,33,0,2,1,2,1,
2.023E+11,155 622 908,B01,2,7,0,2,7,15,1,
2.023E+11,155 622 906,B01,1,43,0,2,3,11,1,
2.023E+11,155 622 907,A01,1,7,0,2,2,12,2,
2.023E+11,155 622 904,A01,2,33,13,0,1,1,1,
2.023E+11,155 622 901,A01,3,10,13,0,3,26,1,
2.023E+11,155 622 900,Z01,1,7,0,2,7,12,1,
2.023E+11,155 622 903,A01,1,32,0,2,3,18,1,
2.023E+11,155 622 899,A01,0,7,0,2,1,26,1,
2.023E+11,155 622 902,B01,0,33,0,0,1,15,1,
2.023E+11,155 622 898,A01,1,2,0,0,9,16,1,
2.023E+11,155 622 897,A01,1,30,0,0,0,2,1,
2.023E+11,155 622 894,B01,3,34,0,2,1,1,1,
2.023E+11,155 622 896,A01,3,7,16,0,4,14,1,
2.023E+11,155 622 893,A01,1,7,0,2,3,9,1,
2.023E+11,155 622 895,B01,1,1,0,2,0,1,5,
2.023E+11,155 622 891,A01,1,7,0,2,1,1,1,
2.023E+11,155 622 892,B01,3,50,0,2,7,19,3,
2.023E+11,155 622 887,Z01,1,7,0,1,0,0,1,
2.023E+11,155 622 888,B01,1,50,0,2,8,14,3,
2.023E+11,155 622 890,A01,2,7,0,2,1,1,1,
2.023E+11,155 622 886,B01,1,99,0,2,1,1,1,
2.023E+11,155 622 889,A01,2,7,0,2,1,13,1,
2.023E+11,155 622 882,A01,2,7,0,9,6,15,1,
2.023E+11,155 622 884,B01,1,1,0,2,2,1,5,
2.023E+11,155 622 880,Z01,2,7,0,2,2,1,0,
2.023E+11,155 622 885,B01,1,7,6,2,3,9,1,
2.023E+11,155 622 881,B01,3,30,0,2,1,1,1,
2.023E+11,155 622 883,A01,1,7,0,2,2,1,1,
2.023E+11,155 622 877,A01,0,1,0,2,1,5,5,
2.023E+11,155 622 879,B01,0,1,0,2,1,1,5,
2.023E+11,155 622 876,B01,2,2,0,2,1,1,1,
2.023E+11,155 622 878,A01,1,7,0,2,1,13,1,
2.023E+11,155 622 875,A01,3,10,0,1,1,1,4,
2.023E+11,155 622 874,A01,0,7,0,1,1,1,0,
2.023E+11,155 622 870,B01,2,7,0,2,2,1,1,
2.023E+11,155 622 873,A01,1,7,0,2,3,9,1,
2.023E+11,155 622 871,A01,1,34,0,2,2,17,1,
2.023E+11,155 622 872,B01,1,10,0,2,3,15,1,
2.023E+11,155 622 869,A01,3,7,0,1,3,0,2,
2.023E+11,155 622 866,A01,2,31,0,2,2,5,1,
2.023E+11,155 622 867,B01,1,7,0,2,3,1,1,
2.023E+11,155 622 865,A01,1,7,0,2,7,13,1,
2.023E+11,155 622 868,B01,2,7,0,2,1,1,1,
2.023E+11,155 622 862,C01,1,7,0,2,4,2,2,
2.023E+11,155 622 863,A01,2,7,0,2,1,2,1,
2.023E+11,155 622 864,B01,1,7,0,2,4,2,1,
2.023E+11,155 622 861,A01,1,32,0,1,2,17,1,
2.023E+11,155 622 859,A01,1,7,8,2,3,1,1,
2.023E+11,155 622 860,B01,2,7,0,2,2,19,1,
2.023E+11,155 622 857,A01,2,10,0,2,2,26,1,
2.023E+11,155 622 858,B01,2,7,9,2,3,1,1,
2.023E+11,155 622 855,A01,1,7,0,2,2,12,1,
2.023E+11,155 622 856,B01,1,37,0,2,3,1,1,2
2.023E+11,155 622 852,A01,3,7,0,2,3,9,1,
2.023E+11,155 622 854,B01,3,80,0,2,7,1,3,
2.023E+11,155 622 851,A01,2,1,0,2,1,5,5,
2.023E+11,155 622 853,B01,2,7,0,2,1,1,1,
2.023E+11,155 622 847,A01,1,7,0,0,3,1,1,
2.023E+11,155 622 849,B01,2,7,0,2,3,13,1,
2.023E+11,155 622 845,C01,1,3,0,9,0,15,0,
2.023E+11,155 622 848,A01,1,3,0,2,3,21,0,
2.023E+11,155 622 850,B01,2,34,0,2,3,1,0,
2.023E+11,155 622 846,A01,3,10,0,1,1,1,0,
2.023E+11,155 622 841,A01,0,7,0,2,3,1,1,
2.023E+11,155 622 843,B01,0,30,0,2,1,0,3,
2.023E+11,155 622 838,A01,1,99,0,2,3,15,1,
2.023E+11,155 622 840,B01,2,1,0,2,1,1,5,
2.023E+11,155 622 837,A01,1,7,0,2,1,19,1,
2.023E+11,155 622 839,B01,2,7,0,2,3,0,1,
2.023E+11,155 622 842,D01,2,7,0,2,1,0,3,
2.023E+11,155 622 844,C01,2,32,3,2,3,0,1,
2.023E+11,155 622 835,B01,1,34,0,2,1,3,1,
2.023E+11,155 622 836,A01,2,7,0,2,3,15,0,
2.023E+11,155 622 832,A01,2,33,15,0,1,0,1,
2.023E+11,155 622 833,B01,1,7,0,0,1,0,1,
2.023E+11,155 622 834,C01,1,7,0,0,1,0,1,
2.023E+11,155 622 831,A01,1,7,0,1,3,1,1,
2.023E+11,155 622 830,A01,2,1,0,0,0,1,5,
2.023E+11,155 622 827,A01,3,30,0,2,1,19,1,
2.023E+11,155 622 829,B01,1,7,0,2,3,1,1,
2.023E+11,155 622 825,A01,3,2,0,2,5,1,1,
2.023E+11,155 622 826,B01,3,7,0,2,2,3,1,
2.023E+11,155 622 824,B01,1,60,0,2,1,26,5,
2.023E+11,155 622 828,A01,2,7,0,2,3,26,1,
2.023E+11,155 622 823,A01,1,50,8,0,1,0,3,
2.023E+11,155 622 822,A01,1,80,8,0,1,0,3,
2.023E+11,155 622 819,B01,1,1,0,2,4,13,5,
2.023E+11,155 622 821,A01,1,10,0,2,1,1,1,
2.023E+11,155 622 820,A01,1,7,0,1,2,16,0,
2.023E+11,155 622 815,A01,1,7,0,2,3,20,1,
2.023E+11,155 622 818,B01,1,30,0,2,1,1,3,
2.023E+11,155 622 816,A01,0,21,0,0,0,15,6,
2.023E+11,155 622 814,B01,1,30,0,2,1,2,0,
2.023E+11,155 622 817,A01,2,7,0,2,3,17,1,
2.023E+11,155 622 812,A01,1,33,0,0,1,17,1,
2.023E+11,155 622 811,B01,2,31,0,2,2,21,1,
2.023E+11,155 622 813,A01,3,7,0,2,3,15,1,
2.023E+11,155 622 809,A01,0,33,0,0,0,0,1,
2.023E+11,155 622 810,A01,1,7,1,1,2,1,1,
2.023E+11,155 622 806,A01,1,7,0,2,1,1,1,
2.023E+11,155 622 808,B01,2,7,0,2,1,13,1,
2.023E+11,155 622 804,A01,1,7,2,2,1,1,1,
2.023E+11,155 622 807,B01,1,7,0,2,4,1,1,
2.023E+11,155 622 803,A01,2,2,6,0,1,1,1,
2.023E+11,155 622 801,A01,2,7,0,2,1,2,0,
2.023E+11,155 622 802,B01,2,7,0,0,4,1,0,
2.023E+11,155 622 805,A01,3,7,0,1,3,15,1,
2.023E+11,155 622 799,B01,2,1,0,0,4,1,5,
2.023E+11,155 622 800,A01,2,7,0,2,2,1,1,
2.023E+11,155 622 792,A01,2,7,0,2,1,2,1,
2.023E+11,155 622 796,B01,2,15,0,0,4,2,1,
2.023E+11,155 622 791,B01,2,33,0,2,1,1,0,
2.023E+11,155 622 794,A01,2,7,0,0,4,0,0,
2.023E+11,155 622 795,C01,2,7,0,0,9,1,0,
2.023E+11,155 622 798,D01,2,7,0,2,1,1,0,
2.023E+11,155 622 793,B01,3,10,0,9,3,1,1,
2.023E+11,155 622 797,A01,0,1,0,0,0,0,5,
2.023E+11,155 622 790,A01,2,31,0,0,7,3,1,
2.023E+11,155 622 788,A01,2,1,0,2,7,1,5,
2.023E+11,155 622 789,B01,0,7,0,2,3,9,0,
2.023E+11,155 622 785,A01,2,7,0,1,2,16,1,
2.023E+11,155 622 783,A01,3,7,0,2,2,19,1,
2.023E+11,155 622 787,B01,1,33,0,2,5,2,1,
2.023E+11,155 622 784,A01,2,31,0,9,1,2,0,
2.023E+11,155 622 786,B01,2,1,0,0,4,2,5,
2.023E+11,155 622 778,A01,2,7,0,2,1,13,2,
2.023E+11,155 622 781,B01,1,34,0,2,1,1,1,
2.023E+11,155 622 779,A01,1,2,0,2,3,1,1,
2.023E+11,155 622 782,B01,1,10,1,2,2,15,0,
2.023E+11,155 622 777,A01,1,7,0,2,1,1,1,
2.023E+11,155 622 780,B01,1,17,0,0,0,1,1,
2.023E+11,155 622 776,A01,1,33,0,0,5,1,1,
2.023E+11,155 622 771,A01,1,50,0,2,1,2,3,
2.023E+11,155 622 774,B01,1,7,0,2,4,23,1,
2.023E+11,155 622 770,A01,1,7,0,0,1,13,0,
2.023E+11,155 622 772,B01,2,10,0,0,1,1,0,
2.023E+11,155 622 766,A01,2,7,0,2,3,16,1,
2.023E+11,155 622 767,B01,3,7,0,2,3,23,1,
2.023E+11,155 622 765,A01,2,32,0,1,1,1,0,
2.023E+11,155 622 763,A01,1,7,0,2,4,23,1,
2.023E+11,155 622 764,B01,1,7,0,2,1,1,1,
2.023E+11,155 622 761,A01,2,7,0,2,1,1,0,
2.023E+11,155 622 762,B01,1,7,0,2,1,1,1,
2.023E+11,155 622 758,B01,2,10,0,9,6,15,1,
2.023E+11,155 622 760,A01,2,32,16,0,7,17,1,
2.023E+11,155 622 755,A01,2,7,9,2,8,15,1,
2.023E+11,155 622 757,B01,2,7,9,2,2,15,1,
2.023E+11,155 622 756,A01,1,34,0,2,3,9,1,
2.023E+11,155 622 759,B01,2,7,0,2,3,21,1,
2.023E+11,155 622 753,A01,1,13,0,1,3,5,1,
2.023E+11,155 622 752,A01,1,7,0,9,7,15,1,
2.023E+11,155 622 754,B01,2,1,0,2,1,1,5,
2.023E+11,155 622 749,A01,1,7,0,2,7,26,1,
2.023E+11,155 622 751,B01,2,7,0,2,1,1,1,
2.023E+11,155 622 748,A01,1,15,0,2,3,12,1,
2.023E+11,155 622 750,B01,1,7,0,0,5,1,1,
2.023E+11,155 622 745,A01,1,2,0,2,1,1,1,
2.023E+11,155 622 747,B01,2,7,0,2,1,15,1,
2.023E+11,155 622 744,B01,2,7,0,2,1,1,0,
2.023E+11,155 622 746,A01,1,7,0,2,1,5,1,
2.023E+11,155 622 742,A01,1,7,0,2,1,1,1,
2.023E+11,155 622 743,B01,1,7,0,2,4,1,1,
2.023E+11,155 622 741,A01,0,7,0,1,1,15,1,
2.023E+11,155 622 739,A01,1,7,0,0,8,15,1,
2.023E+11,155 622 740,B01,2,33,0,0,1,17,1,
2.023E+11,155 622 736,A01,2,7,0,0,9,1,1,
2.023E+11,155 622 737,B01,2,7,0,2,3,1,1,
2.023E+11,155 622 738,A01,1,2,0,2,1,13,1,
2.023E+11,155 622 731,A01,1,2,0,2,1,1,1,
2.023E+11,155 622 734,B01,2,50,0,2,1,5,3,
2.023E+11,155 622 732,A01,2,7,4,0,4,23,1,
2.023E+11,155 622 735,B01,2,7,0,2,1,21,1,
2.023E+11,155 622 730,B01,1,7,0,2,3,1,1,
2.023E+11,155 622 733,A01,2,2,0,2,3,5,1,
2.023E+11,155 622 728,A01,1,31,5,0,1,17,1,
2.023E+11,155 622 727,B01,3,33,0,0,5,1,1,
2.023E+11,155 622 729,A01,0,7,0,2,2,15,1,
2.023E+11,155 622 726,A01,2,7,0,1,1,1,0,
2.023E+11,155 622 725,A01,1,7,2,0,2,14,1,
2.023E+11,155 622 721,B01,2,33,0,2,1,17,0,
2.023E+11,155 622 724,A01,2,7,0,2,8,15,0,
2.023E+11,155 622 720,A01,1,7,0,2,3,26,1,
2.023E+11,155 622 723,B01,2,32,0,2,1,1,1,
2.023E+11,155 622 719,A01,2,7,0,1,1,1,1,
2.023E+11,155 622 722,B01,2,7,0,2,3,1,1,
2.023E+11,155 622 718,A01,2,7,0,1,2,19,1,
2.023E+11,155 622 716,A01,0,10,0,2,2,17,1,
2.023E+11,155 622 717,B01,0,2,0,2,1,2,1,
2.023E+11,155 622 713,A01,1,33,0,0,7,1,1,
2.023E+11,155 622 711,A01,2,7,0,2,1,0,1,
2.023E+11,155 622 714,B01,1,7,0,2,1,0,1,
2.023E+11,155 622 710,B01,2,33,0,2,5,2,1,
2.023E+11,155 622 712,A01,2,10,0,2,1,15,1,
2.023E+11,155 622 709,A01,2,33,0,1,1,3,1,
2.023E+11,155 622 706,A01,0,7,0,2,2,9,1,
2.023E+11,155 622 708,B01,1,1,0,2,3,2,5,
2.023E+11,155 622 703,B01,1,7,0,2,1,17,1,
2.023E+11,155 622 707,A01,1,15,0,2,4,16,1,
2.023E+11,155 622 702,A01,2,7,2,0,8,1,1,
2.023E+11,155 622 704,A01,1,7,0,2,4,2,1,
2.023E+11,155 622 705,B01,1,10,0,2,1,2,1,
2.023E+11,155 622 700,A01,1,10,0,1,3,1,1,
2.023E+11,155 622 697,B01,1,10,0,2,4,1,1,
2.023E+11,155 622 699,A01,1,10,0,2,1,2,1,
2.023E+11,155 622 695,A01,2,7,0,2,2,13,1,
2.023E+11,155 622 698,B01,1,33,0,2,1,1,1,
2.023E+11,155 622 696,A01,2,7,16,0,0,1,1,
2.023E+11,155 622 693,A01,1,31,12,0,1,1,6,
2.023E+11,155 622 692,A01,1,7,0,2,1,1,2,
2.023E+11,155 622 694,B01,2,7,0,2,7,13,1,
2.023E+11,155 622 689,A01,2,7,0,2,7,17,1,
2.023E+11,155 622 690,B01,2,33,0,0,8,1,1,
2.023E+11,155 622 688,B01,2,7,0,2,8,1,1,
2.023E+11,155 622 691,A01,3,7,0,2,1,19,1,
2.023E+11,155 622 687,A01,3,21,9,0,1,1,1,
2.023E+11,155 622 686,A01,1,7,0,1,2,1,1,
2.023E+11,155 622 685,A01,2,50,0,0,0,1,3,
2.023E+11,155 622 683,A01,1,10,0,1,1,1,1,
2.023E+11,155 622 682,A01,0,7,0,2,2,5,1,
2.023E+11,155 622 684,B01,0,33,0,2,1,0,1,
2.023E+11,155 622 679,A01,1,7,0,1,2,1,1,
2.023E+11,155 622 680,A01,2,7,0,2,7,1,1,
2.023E+11,155 622 681,B01,1,33,0,2,8,1,1,
2.023E+11,155 622 676,B01,1,7,0,0,8,1,0,
2.023E+11,155 622 678,A01,1,7,0,2,1,1,0,
2.023E+11,155 622 675,A01,1,2,0,0,3,1,1,
2.023E+11,155 622 674,A01,2,33,1,0,1,2,1,
2.023E+11,155 622 677,B01,2,7,0,0,6,2,1,
2.023E+11,155 622 669,A01,2,7,0,2,3,2,1,
2.023E+11,155 622 671,B01,2,33,0,0,4,15,1,
2.023E+11,155 622 670,A01,1,33,0,2,1,17,1,
2.023E+11,155 622 673,B01,1,7,0,2,3,15,1,
2.023E+11,155 622 672,A01,3,7,0,1,3,15,1,
2.023E+11,155 622 667,A01,1,36,0,1,0,0,0,
2.023E+11,155 622 664,A01,1,7,12,0,8,13,0,
2.023E+11,155 622 663,B01,1,2,0,2,1,1,1,
2.023E+11,155 622 666,A01,2,7,0,2,1,19,1,
2.023E+11,155 622 660,A01,1,32,0,2,6,0,0,
2.023E+11,155 622 662,B01,1,7,0,2,2,0,1,
2.023E+11,155 622 659,A01,1,10,2,0,8,14,1,
2.023E+11,155 622 658,A01,2,7,0,9,1,1,1,
2.023E+11,155 622 661,B01,2,1,0,2,4,1,5,
2.023E+11,155 622 656,A01,1,7,0,2,2,2,1,
2.023E+11,155 622 657,B01,1,7,0,2,6,18,1,
2.023E+11,155 622 653,A01,2,7,0,2,3,13,1,
2.023E+11,155 622 655,B01,1,7,0,2,3,1,1,
2.023E+11,155 622 652,B01,1,21,0,2,1,1,1,
2.023E+11,155 622 654,A01,2,7,13,2,1,1,2,
2.023E+11,155 622 650,A01,2,7,0,2,2,21,1,
2.023E+11,155 622 651,B01,2,7,0,2,6,0,1,
2.023E+11,155 622 645,B01,1,10,0,9,0,1,1,
2.023E+11,155 622 648,A01,1,7,16,0,1,1,1,
2.023E+11,155 622 646,B01,1,33,0,0,7,21,1,
2.023E+11,155 622 649,A01,1,10,0,2,1,9,1,
2.023E+11,155 622 647,A01,1,7,0,1,3,1,1,
2.023E+11,155 622 641,A01,1,14,0,2,2,12,0,
2.023E+11,155 622 643,B01,1,7,4,2,8,1,0,
2.023E+11,155 622 638,A01,2,10,0,2,1,2,1,
2.023E+11,155 622 639,B01,2,7,0,2,6,2,1,
2.023E+11,155 622 642,C01,2,7,0,2,5,2,3,
2.023E+11,155 622 640,B01,2,7,0,2,1,1,1,
2.023E+11,155 622 644,A01,1,7,0,2,1,15,1,
2.023E+11,155 622 631,A01,1,10,0,2,1,2,1,
2.023E+11,155 622 634,B01,1,7,3,2,4,0,1,
2.023E+11,155 622 636,C01,1,10,0,2,4,26,1,
2.023E+11,155 622 637,D01,2,7,3,2,4,2,1,
2.023E+11,155 622 633,A01,1,7,0,2,3,13,1,
2.023E+11,155 622 635,B01,2,7,0,2,3,1,1,
2.023E+11,155 622 632,A01,1,7,0,1,3,1,1,
2.023E+11,155 622 628,B01,2,7,0,2,4,1,1,
2.023E+11,155 622 630,A01,2,43,0,2,1,3,1,
2.023E+11,155 622 627,B01,1,7,0,2,1,1,1,
2.023E+11,155 622 629,A01,1,10,0,2,7,1,1,
2.023E+11,155 622 626,A01,2,7,0,0,0,13,1,
2.023E+11,155 622 624,A01,1,7,2,0,1,2,1,
2.023E+11,155 622 622,A01,1,7,0,2,3,11,1,
2.023E+11,155 622 625,B01,1,7,0,2,8,1,1,
2.023E+11,155 622 623,A01,1,7,2,0,2,1,1,
2.023E+11,155 622 621,A01,1,7,0,1,1,1,1,
2.023E+11,155 622 619,A01,2,7,0,2,1,2,1,
2.023E+11,155 622 620,B01,2,7,0,2,6,2,3,
2.023E+11,155 622 615,A01,1,10,0,2,1,0,1,
2.023E+11,155 622 617,B01,1,7,0,2,1,1,1,
2.023E+11,155 622 616,A01,1,2,10,2,8,1,1,
2.023E+11,155 622 618,B01,2,13,0,2,6,1,1,
2.023E+11,155 622 614,A01,2,7,13,0,2,1,3,
2.023E+11,155 622 611,A01,2,7,0,2,8,1,1,
2.023E+11,155 622 613,B01,2,13,0,2,2,12,1,
2.023E+11,155 622 612,A01,3,2,0,0,0,1,1,
2.023E+11,155 622 607,B01,1,7,0,2,3,1,1,
2.023E+11,155 622 610,A01,2,7,0,2,3,15,1,
2.023E+11,155 622 605,A01,1,7,0,1,3,0,1,
2.023E+11,155 622 604,C01,1,7,0,0,1,1,0,
2.023E+11,155 622 606,A01,2,7,0,2,3,13,0,
2.023E+11,155 622 608,B01,2,7,0,0,6,15,0,
2.023E+11,155 622 603,A01,0,7,0,1,1,26,1,
2.023E+11,155 622 609,A01,3,10,0,1,3,15,1,
2.023E+11,155 622 601,A01,1,7,0,2,1,13,1,
2.023E+11,155 622 602,B01,2,7,0,2,1,1,1,
2.023E+11,155 622 599,A01,1,7,0,2,1,9,1,
2.023E+11,155 622 600,B01,2,1,0,2,1,1,6,
2.023E+11,155 622 598,A01,0,7,6,0,0,0,1,
2.023E+11,155 622 596,A01,1,7,0,2,1,13,1,
2.023E+11,155 622 597,B01,2,7,0,2,1,1,1,
2.023E+11,155 622 594,A01,1,7,0,2,1,13,0,
2.023E+11,155 622 595,B01,1,7,0,2,1,21,0,
2.023E+11,155 622 591,A01,1,7,0,0,0,2,0,
2.023E+11,155 622 592,B01,1,7,0,0,0,17,0,
2.023E+11,155 622 589,A01,2,7,0,2,2,17,1,
2.023E+11,155 622 590,B01,2,30,0,2,1,1,1,
2.023E+11,155 622 588,A01,2,7,0,2,3,9,1,
2.023E+11,155 622 593,B01,1,7,0,2,1,1,1,
2.023E+11,155 622 586,A01,1,33,3,0,9,17,1,
2.023E+11,155 622 585,B01,2,33,0,2,1,1,1,
2.023E+11,155 622 587,A01,1,7,0,0,8,15,1,
2.023E+11,155 622 582,B01,3,30,0,2,1,1,1,
2.023E+11,155 622 584,A01,3,7,0,2,4,0,1,
2.023E+11,155 622 580,A01,1,7,0,2,1,1,0,
2.023E+11,155 622 581,B01,2,7,0,2,3,5,0,
2.023E+11,155 622 577,A01,1,7,0,2,1,26,1,
2.023E+11,155 622 579,B01,2,7,0,2,1,13,1,
2.023E+11,155 622 578,A01,1,7,0,2,2,15,1,
2.023E+11,155 622 583,B01,2,2,0,2,1,1,1,
2.023E+11,155 622 576,A01,3,7,13,0,9,1,0,
2.023E+11,155 622 573,A01,2,7,4,2,2,16,1,
2.023E+11,155 622 575,B01,2,7,0,2,3,15,1,
2.023E+11,155 622 570,A01,2,7,0,2,2,0,1,
2.023E+11,155 622 571,B01,1,7,0,2,3,1,1,
2.023E+11,155 622 574,C01,2,20,0,2,6,1,1,
2.023E+11,155 622 572,A01,1,2,0,0,0,1,1,
2.023E+11,155 622 567,A01,2,7,0,2,1,1,1,
2.023E+11,155 622 569,B01,2,7,0,2,4,1,1,
2.023E+11,155 622 562,E01,2,7,13,2,1,23,1,
2.023E+11,155 622 565,A01,1,15,11,2,1,15,1,
2.023E+11,155 622 568,C01,1,15,11,2,1,1,1,
2.023E+11,155 622 563,B01,2,7,0,2,2,11,1,
2.023E+11,155 622 564,A01,1,2,0,2,8,1,1,
2.023E+11,155 622 561,B01,2,21,0,2,8,15,1,
2.023E+11,155 622 566,A01,2,17,0,2,2,17,1,
2.023E+11,155 622 560,A01,2,33,0,0,0,26,1,
2.023E+11,155 622 558,A01,3,7,0,2,3,16,1,
2.023E+11,155 622 559,B01,3,1,0,2,1,19,5,
2.023E+11,155 622 556,A01,2,7,13,0,1,1,2,
2.023E+11,155 622 553,A01,1,10,0,2,1,2,1,
2.023E+11,155 622 555,B01,1,7,0,2,4,23,1,
2.023E+11,155 622 552,B01,1,7,0,2,1,1,1,
2.023E+11,155 622 557,A01,2,7,0,2,6,15,2,
2.023E+11,155 622 550,C01,2,10,0,0,3,24,1,
2.023E+11,155 622 551,A01,2,7,1,0,2,17,1,
2.023E+11,155 622 554,B01,2,7,0,0,8,1,2,
2.023E+11,155 622 548,A01,1,7,0,2,2,1,1,
2.023E+11,155 622 549,B01,1,33,0,2,4,11,1,
2.023E+11,155 622 545,A01,2,7,1,0,1,0,1,
2.023E+11,155 622 544,A01,1,15,0,2,2,1,1,
2.023E+11,155 622 546,B01,2,7,0,0,4,0,1,
2.023E+11,155 622 543,A01,1,7,15,0,1,14,1,
2.023E+11,155 622 541,B01,1,50,0,2,8,18,3,
2.023E+11,155 622 547,A01,1,15,0,2,7,2,1,
2.023E+11,155 622 539,A01,2,7,0,2,3,15,1,
2.023E+11,155 622 542,B01,1,30,0,2,1,1,1,
2.023E+11,155 622 538,B01,3,10,0,2,3,1,1,
2.023E+11,155 622 540,A01,1,33,0,2,1,1,1,
2.023E+11,155 622 535,A01,1,2,0,2,1,2,1,
2.023E+11,155 622 537,B01,1,7,0,2,4,1,1,
2.023E+11,155 622 534,A01,0,7,0,0,1,0,1,
2.023E+11,155 622 533,B01,2,33,16,0,7,1,1,
2.023E+11,155 622 536,A01,0,7,0,0,0,0,1,
2.023E+11,155 622 531,A01,1,7,0,2,1,1,1,
2.023E+11,155 622 532,B01,3,1,0,2,7,19,5,
2.023E+11,155 622 527,A01,1,7,0,2,3,15,1,
2.023E+11,155 622 529,B01,2,33,3,2,1,18,1,
2.023E+11,155 622 525,A01,1,7,8,0,0,13,1,
2.023E+11,155 622 530,A01,1,33,2,0,1,13,1,
2.023E+11,155 622 523,A01,2,99,0,0,0,0,3,
2.023E+11,155 622 518,A01,0,7,0,2,3,16,1,
2.023E+11,155 622 521,B01,3,30,0,0,0,0,1,
2.023E+11,155 622 519,A01,2,30,0,2,1,2,1,
2.023E+11,155 622 522,B01,2,7,0,0,6,2,1,
2.023E+11,155 622 517,B01,1,1,0,0,4,2,5,
2.023E+11,155 622 520,A01,1,7,0,2,2,2,1,
2.023E+11,155 622 514,B01,1,7,1,2,8,1,1,
2.023E+11,155 622 516,A01,1,7,1,2,1,9,1,
2.023E+11,155 622 510,A01,1,7,2,0,5,1,1,
2.023E+11,155 622 512,B01,1,2,0,2,1,1,1,
2.023E+11,155 622 513,A01,1,10,0,2,2,15,1,
2.023E+11,155 622 508,A01,2,30,12,0,7,1,6,
2.023E+11,155 622 509,A01,2,13,0,2,2,14,1,
2.023E+11,155 622 511,B01,2,7,4,0,6,1,1,
2.023E+11,155 622 515,C01,2,10,0,2,1,1,1,
2.023E+11,155 622 506,A01,3,7,0,9,3,9,0,
2.023E+11,155 622 507,B01,0,50,0,0,8,11,3,
2.023E+11,155 622 504,B01,1,7,0,2,1,1,1,
2.023E+11,155 622 505,A01,1,32,0,2,8,1,1,
2.023E+11,155 622 501,A01,3,7,0,2,2,16,1,
2.023E+11,155 622 502,B01,3,30,0,2,1,1,1,
2.023E+11,155 622 503,A01,3,7,0,1,1,16,1,
2.023E+11,155 622 499,B01,3,31,0,2,1,1,1,
2.023E+11,155 622 500,A01,3,7,0,2,2,15,1,
2.023E+11,155 622 497,A01,1,7,1,0,1,1,1,
2.023E+11,155 622 495,A01,1,7,0,0,5,23,3,
2.023E+11,155 622 498,B01,1,7,0,2,1,2,1,
2.023E+11,155 622 493,B01,0,33,0,2,1,1,1,
2.023E+11,155 622 494,A01,0,10,0,2,8,26,3,
2.023E+11,155 622 492,A01,2,1,15,9,1,2,5,
2.023E+11,155 622 489,B01,2,7,0,2,3,2,1,
2.023E+11,155 622 491,A01,1,1,0,2,1,19,5,
2.023E+11,155 622 490,B01,1,15,0,2,4,1,1,
2.023E+11,155 622 496,A01,1,7,0,2,1,1,1,
2.023E+11,155 622 487,A01,2,7,0,0,9,1,1,
2.023E+11,155 622 484,A01,1,7,0,2,1,1,1,
2.023E+11,155 622 488,B01,2,7,0,2,2,1,1,
2.023E+11,155 622 486,A01,2,7,0,0,0,20,1,
2.023E+11,155 622 483,A01,1,7,0,2,1,9,0,
2.023E+11,155 622 485,B01,2,50,0,2,7,1,3,
2.023E+11,155 622 480,A01,1,10,0,2,1,13,1,
2.023E+11,155 622 481,B01,2,1,0,2,1,16,5,
2.023E+11,155 622 477,A01,1,2,13,0,4,2,1,
2.023E+11,155 622 479,B01,1,0,0,2,1,2,0,
2.023E+11,155 622 478,A01,2,32,0,2,1,2,1,
2.023E+11,155 622 482,B01,2,7,0,2,5,2,1,
2.023E+11,155 622 475,A01,2,7,0,9,3,0,1,
2.023E+11,155 622 476,B01,1,1,0,2,3,1,5,
2.023E+11,155 622 471,A01,0,7,0,2,3,16,1,
2.023E+11,155 622 474,B01,2,7,0,2,2,1,1,
2.023E+11,155 622 472,A01,1,7,0,0,1,1,1,
2.023E+11,155 622 473,B01,2,7,0,0,8,1,1,
2.023E+11,155 622 469,B01,1,1,0,2,1,1,5,
2.023E+11,155 622 470,A01,2,7,0,9,2,15,1,
2.023E+11,155 622 465,A01,2,10,0,2,7,15,1,
2.023E+11,155 622 467,B01,1,33,0,2,1,1,1,
2.023E+11,155 622 466,A01,0,7,0,2,1,9,0,
2.023E+11,155 622 468,B01,0,7,0,2,3,1,0,
2.023E+11,155 622 463,B01,1,34,0,2,3,18,0,
2.023E+11,155 622 464,A01,1,10,0,2,7,16,0,
2.023E+11,155 622 460,A01,1,7,0,2,4,1,1,
2.023E+11,155 622 462,B01,1,7,0,2,1,2,1,
2.023E+11,155 622 459,A01,2,33,0,0,1,1,1,
2.023E+11,155 622 461,B01,1,30,0,0,7,0,1,
2.023E+11,155 622 454,A01,3,7,0,2,1,2,1,
2.023E+11,155 622 457,B01,0,7,0,0,4,2,1,
2.023E+11,155 622 452,A01,1,7,0,2,6,1,1,
2.023E+11,155 622 455,B01,1,7,0,2,8,1,1,
2.023E+11,155 622 458,Z01,1,13,0,2,2,14,1,
2.023E+11,155 622 453,B01,3,7,0,2,4,2,1,