Num_Acc,id_vehicule,num_veh,senc,catv,obs,obsm,choc,manv,motor,occutc
2.023E+11,155 621 988,A01,1,7,0,0,7,16,0,
2.023E+11,155 621 987,A01,1,10,0,1,1,1,1,
2.023E+11,155 621 985,A01,1,7,0,2,3,15,1,
2.023E+11,155 621 986,B01,2,1,0,2,7,15,5,
2.023E+11,155 621 983,A01,2,7,1,2,3,13,1,
2.023E+11,155 621 984,B01,1,38,0,2,3,1,1,3
2.023E+11,155 621 981,A01,2,7,0,2,3,12,1,
2.023E+11,155 621 982,B01,2,33,0,2,7,1,1,
2.023E+11,155 621 980,A01,1,7,4,0,1,26,1,
2.023E+11,155 621 979,A01,3,7,0,2,0,14,1,
2.023E+11,155 621 978,A01,2,7,0,1,2,2,1,
2.023E+11,155 621 976,B01,3,1,0,2,8,19,5,
2.023E+11,155 621 977,A01,2,7,0,2,3,1,1,
2.023E+11,155 621 974,A01,3,7,0,2,1,2,1,
2.023E+11,155 621 975,B01,3,7,0,2,4,2,1,
2.023E+11,155 621 972,A01,1,7,0,2,1,1,1,
2.023E+11,155 621 973,B01,1,7,0,2,4,1,1,
2.023E+11,155 621 971,A01,1,33,0,0,0,1,1,
2.023E+11,155 621 969,A01,0,7,0,2,2,1,1,
2.023E+11,155 621 970,B01,1,1,0,2,1,1,5,
2.023E+11,155 621 968,A01,1,7,6,0,1,1,1,
2.023E+11,155 621 967,A01,1,50,0,1,1,1,3,
2.023E+11,155 621 965,A01,1,7,0,2,1,1,1,
2.023E+11,155 621 966,B01,1,7,0,2,4,23,1,
2.023E+11,155 621 963,A01,2,7,0,2,3,20,1,
2.023E+11,155 621 964,B01,2,50,0,2,7,1,3,
2.023E+11,155 621 959,B01,2,10,0,2,8,23,1,
2.023E+11,155 621 961,A01,1,7,0,2,1,1,1,
2.023E+11,155 621 957,B01,3,7,0,2,1,1,1,
2.023E+11,155 621 958,A01,3,7,0,2,2,15,1,
2.023E+11,155 621 960,B01,1,50,0,2,3,1,3,
2.023E+11,155 621 962,A01,1,7,0,2,2,14,1,
2.023E+11,155 621 956,A01,3,32,0,0,7,16,1,
2.023E+11,155 621 954,B01,2,7,0,2,3,1,1,
2.023E+11,155 621 955,A01,1,7,0,2,3,13,1,
2.023E+11,155 621 953,A01,1,33,4,0,8,13,1,
2.023E+11,155 621 951,A01,2,32,0,1,3,1,3,
2.023E+11,155 621 950,B01,2,7,0,9,3,1,1,
2.023E+11,155 621 952,A01,1,1,0,2,1,1,5,
2.023E+11,155 621 947,A01,2,30,0,2,2,13,1,
2.023E+11,155 621 949,B01,1,7,0,2,8,1,1,
2.023E+11,155 621 948,A01,3,32,0,0,9,26,1,
2.023E+11,155 621 945,B01,2,30,0,2,1,1,1,
2.023E+11,155 621 946,A01,2,1,0,2,1,15,5,
2.023E+11,155 621 944,A01,2,34,0,1,1,17,1,
2.023E+11,155 621 940,A01,1,7,0,2,3,22,1,
2.023E+11,155 621 941,B01,1,1,0,2,1,1,5,
2.023E+11,155 621 939,A01,2,7,0,1,6,15,1,
2.023E+11,155 621 935,A01,0,7,0,0,0,0,0,
2.023E+11,155 621 938,B01,0,2,0,2,4,1,1,
2.023E+11,155 621 936,B01,1,1,0,2,1,1,5,
2.023E+11,155 621 937,A01,2,30,0,2,1,9,3,
2.023E+11,155 621 933,A01,0,7,0,1,1,1,1,
2.023E+11,155 621 934,A01,3,32,14,0,1,1,1,
2.023E+11,155 621 931,A01,1,30,0,2,1,17,1,
2.023E+11,155 621 932,B01,1,7,0,2,8,15,1,
2.023E+11,155 621 930,A01,3,7,0,1,4,26,1,
2.023E+11,155 621 929,A01,2,33,0,0,8,15,1,
2.023E+11,155 621 926,C01,1,10,0,2,1,2,1,
2.023E+11,155 621 928,A01,1,7,1,2,2,14,1,
2.023E+11,155 621 925,B01,1,33,0,2,2,0,1,
2.023E+11,155 621 927,A01,2,7,0,2,3,10,1,
2.023E+11,155 621 923,A01,1,10,15,0,1,14,1,
2.023E+11,155 621 922,A01,1,7,0,2,5,12,1,
2.023E+11,155 621 924,B01,1,37,0,2,3,1,1,3
2.023E+11,155 621 920,B01,1,80,0,2,3,1,3,
2.023E+11,155 621 921,A01,1,13,0,2,5,15,3,
2.023E+11,155 621 919,A01,3,7,0,1,1,1,1,
2.023E+11,155 621 916,A01,1,7,0,2,1,1,1,
2.023E+11,155 621 918,B01,1,50,0,2,7,1,3,
2.023E+11,155 621 915,A01,1,7,0,2,4,2,1,
2.023E+11,155 621 917,B01,1,80,14,0,4,1,3,
2.023E+11,155 621 914,A01,1,34,0,1,6,17,1,
2.023E+11,155 621 913,A01,2,1,0,0,2,15,5,
2.023E+11,155 621 909,A01,1,10,0,2,1,2,1,
2.023E+11,155 621 911,B01,1,32,0,2,8,15,1,
2.023E+11,155 621 908,A01,1,14,0,2,1,1,1,
2.023E+11,155 621 910,C01,1,7,0,2,1,16,1,
2.023E+11,155 621 912,B01,2,7,0,2,1,15,1,
2.023E+11,155 621 905,B01,2,41,0,2,6,18,3,
2.023E+11,155 621 907,A01,2,7,0,2,2,16,1,
2.023E+11,155 621 902,A01,0,10,0,1,2,0,0,
2.023E+11,155 621 903,A01,2,33,0,2,1,0,1,
2.023E+11,155 621 904,B01,1,7,0,2,3,1,1,
2.023E+11,155 621 906,C01,2,7,0,2,6,1,1,
2.023E+11,155 621 899,B01,2,7,0,2,4,2,1,
2.023E+11,155 621 901,A01,2,7,0,2,1,2,1,
2.023E+11,155 621 900,A01,2,7,0,1,1,15,1,
2.023E+11,155 621 896,A01,1,33,1,2,6,1,1,
2.023E+11,155 621 897,B01,1,7,0,2,5,12,1,
2.023E+11,155 621 895,A01,3,7,0,2,2,15,1,
2.023E+11,155 621 898,B01,3,43,0,2,1,1,1,
2.023E+11,155 621 893,A01,0,7,0,2,7,19,1,
2.023E+11,155 621 894,B01,1,43,0,2,1,2,1,
2.023E+11,155 621 891,Z01,2,0,0,1,0,0,0,
2.023E+11,155 621 889,A01,1,7,0,2,3,17,1,
2.023E+11,155 621 890,B01,1,7,16,0,3,1,3,
2.023E+11,155 621 892,C01,0,7,0,2,1,1,1,
2.023E+11,155 621 887,B01,1,7,0,0,3,1,1,
2.023E+11,155 621 888,A01,2,7,0,2,2,21,1,
2.023E+11,155 621 885,A01,3,7,0,1,3,1,1,
2.023E+11,155 621 884,B01,1,1,0,2,4,14,5,
2.023E+11,155 621 886,A01,1,7,0,2,4,14,1,
2.023E+11,155 621 881,B01,0,7,0,2,0,0,1,
2.023E+11,155 621 883,A01,0,32,0,2,1,1,1,
2.023E+11,155 621 880,A01,1,7,0,2,5,1,1,
2.023E+11,155 621 882,B01,3,1,0,2,1,1,5,
2.023E+11,155 621 879,A01,2,1,0,1,1,2,5,
2.023E+11,155 621 878,A01,2,7,0,1,5,26,1,
2.023E+11,155 621 876,A01,2,7,0,2,7,15,1,
2.023E+11,155 621 877,B01,1,33,0,2,1,1,1,
2.023E+11,155 621 875,A01,2,30,0,0,7,1,1,
2.023E+11,155 621 874,A01,2,30,14,0,3,1,1,
2.023E+11,155 621 872,A01,3,7,0,2,2,10,1,
2.023E+11,155 621 873,B01,3,33,0,2,1,1,1,
2.023E+11,155 621 870,A01,3,33,8,2,9,18,1,
2.023E+11,155 621 871,B01,3,7,0,2,2,16,1,
2.023E+11,155 621 867,C01,2,7,12,0,8,1,1,
2.023E+11,155 621 868,A01,2,7,1,0,2,1,2,
2.023E+11,155 621 866,B01,1,7,0,2,4,2,1,
2.023E+11,155 621 869,A01,1,33,0,2,1,2,1,
2.023E+11,155 621 865,Z01,2,0,0,1,1,1,0,
2.023E+11,155 621 862,A01,1,34,0,2,0,0,1,
2.023E+11,155 621 863,B01,2,10,0,2,1,11,1,
2.023E+11,155 621 864,A01,2,33,0,2,1,3,1,
2.023E+11,155 621 861,A01,2,7,4,0,3,1,1,
2.023E+11,155 621 857,Z01,1,7,0,2,3,11,0,
2.023E+11,155 621 858,A01,1,10,3,2,2,17,1,
2.023E+11,155 621 855,D01,1,10,0,2,4,1,1,
2.023E+11,155 621 856,A01,1,31,0,2,1,3,1,
2.023E+11,155 621 859,B01,1,7,0,2,4,12,1,
2.023E+11,155 621 860,C01,1,7,0,2,1,1,2,
2.023E+11,155 621 853,A01,1,7,0,2,1,1,1,
2.023E+11,155 621 854,B01,1,7,0,2,4,2,1,
2.023E+11,155 621 851,A01,2,17,3,0,3,12,1,
2.023E+11,155 621 850,A01,2,33,8,2,2,1,1,
2.023E+11,155 621 852,B01,1,7,0,2,2,1,1,
2.023E+11,155 621 848,B01,2,7,4,2,3,2,1,
2.023E+11,155 621 849,A01,2,17,4,2,7,14,1,
2.023E+11,155 621 846,A01,1,30,0,0,0,21,3,
2.023E+11,155 621 844,A01,3,1,0,1,1,1,5,
2.023E+11,155 621 842,A01,2,32,0,1,1,1,1,
2.023E+11,155 621 843,A01,1,7,0,2,1,2,1,
2.023E+11,155 621 845,B01,1,7,0,2,4,2,1,
2.023E+11,155 621 847,C01,1,7,0,2,4,2,2,
2.023E+11,155 621 840,A01,2,7,0,2,3,15,1,
2.023E+11,155 621 841,B01,2,32,0,2,2,17,1,
2.023E+11,155 621 836,A01,3,7,0,2,1,1,1,
2.023E+11,155 621 837,Z01,3,2,0,2,1,5,1,
2.023E+11,155 621 838,A01,2,10,0,2,5,12,1,
2.023E+11,155 621 839,B01,2,31,0,2,1,3,1,
2.023E+11,155 621 834,B01,2,43,0,2,8,1,1,
2.023E+11,155 621 835,A01,2,7,0,2,2,1,1,
2.023E+11,155 621 831,A01,2,32,0,2,7,18,1,
2.023E+11,155 621 832,B01,2,10,0,2,8,16,1,
2.023E+11,155 621 833,A01,1,33,4,0,1,26,1,
2.023E+11,155 621 830,A01,1,7,0,1,5,4,1,
2.023E+11,155 621 828,A01,1,7,0,1,8,1,1,
2.023E+11,155 621 827,B01,2,7,0,2,3,11,1,
2.023E+11,155 621 829,A01,2,33,0,0,4,1,1,
2.023E+11,155 621 825,B01,1,10,0,2,2,16,1,
2.023E+11,155 621 826,A01,1,33,0,2,8,1,1,
2.023E+11,155 621 822,A01,1,32,0,2,1,2,1,
2.023E+11,155 621 823,B01,1,7,0,2,6,2,1,
2.023E+11,155 621 821,A01,2,7,0,1,1,16,1,
2.023E+11,155 621 824,A01,1,7,4,0,5,1,1,
2.023E+11,155 621 819,A01,2,7,0,2,4,4,1,
2.023E+11,155 621 820,B01,1,1,0,2,1,1,5,
2.023E+11,155 621 818,A01,3,50,12,0,1,25,3,
2.023E+11,155 621 816,A01,1,50,12,0,1,14,3,
2.023E+11,155 621 813,A01,1,7,0,1,2,14,3,
2.023E+11,155 621 812,A01,1,7,8,0,1,0,1,
2.023E+11,155 621 814,C01,1,7,0,2,8,1,1,
2.023E+11,155 621 815,B01,1,7,0,2,6,2,1,
2.023E+11,155 621 817,A01,1,7,0,2,2,1,1,
2.023E+11,155 621 810,A01,1,7,0,2,1,0,1,
2.023E+11,155 621 811,B01,1,7,0,2,4,2,1,
2.023E+11,155 621 807,A01,2,30,0,2,1,18,1,
2.023E+11,155 621 808,B01,2,10,0,2,7,16,1,
2.023E+11,155 621 804,B01,1,7,0,2,3,1,1,
2.023E+11,155 621 806,A01,1,7,0,2,2,1,1,
2.023E+11,155 621 802,A01,0,43,0,1,1,1,1,
2.023E+11,155 621 803,B01,2,7,0,2,4,1,1,
2.023E+11,155 621 805,C01,2,7,0,2,1,1,1,
2.023E+11,155 621 809,A01,2,7,0,2,4,1,2,
2.023E+11,155 621 800,B01,3,1,0,2,0,19,5,
2.023E+11,155 621 801,A01,2,7,0,2,7,2,1,
2.023E+11,155 621 798,A01,0,7,0,1,3,1,1,
2.023E+11,155 621 797,A01,1,10,0,2,1,2,1,
2.023E+11,155 621 799,B01,1,10,0,2,4,2,1,
2.023E+11,155 621 795,B01,1,7,0,2,4,2,1,
2.023E+11,155 621 796,A01,1,7,0,2,1,1,1,
2.023E+11,155 621 794,A01,0,7,0,0,3,2,1,
2.023E+11,155 621 792,A01,0,10,6,1,1,1,1,
2.023E+11,155 621 789,A01,1,7,0,2,5,9,1,
2.023E+11,155 621 791,B01,1,31,0,2,1,1,1,
2.023E+11,155 621 788,A01,0,30,12,0,2,1,1,
2.023E+11,155 621 787,A01,1,7,0,1,1,1,1,
2.023E+11,155 621 786,A01,3,7,0,2,2,9,1,
2.023E+11,155 621 790,B01,3,7,0,2,3,1,1,
2.023E+11,155 621 784,B01,1,50,0,2,1,1,3,
2.023E+11,155 621 785,A01,1,32,0,2,2,1,1,
2.023E+11,155 621 782,A01,3,7,0,2,1,15,1,
2.023E+11,155 621 783,B01,3,32,0,2,8,16,1,
2.023E+11,155 621 779,A01,3,7,0,2,1,15,0,
2.023E+11,155 621 780,B01,2,30,0,2,8,1,1,
2.023E+11,155 621 781,A01,3,7,1,1,2,1,1,
2.023E+11,155 621 776,B01,1,10,0,2,3,1,1,
2.023E+11,155 621 778,A01,1,50,0,2,2,5,3,
2.023E+11,155 621 774,A01,2,10,0,1,2,1,1,
2.023E+11,155 621 775,A01,2,2,1,2,1,13,1,
2.023E+11,155 621 777,B01,1,7,0,2,7,15,1,
2.023E+11,155 621 771,A01,2,7,0,2,2,15,1,
2.023E+11,155 621 773,B01,2,7,0,2,3,1,1,
2.023E+11,155 621 770,B01,3,7,0,2,3,26,1,
2.023E+11,155 621 772,A01,3,7,0,2,1,26,1,
2.023E+11,155 621 768,A01,1,7,0,2,1,2,6,
2.023E+11,155 621 769,B01,1,7,0,0,4,1,6,
2.023E+11,155 621 766,A01,2,2,0,1,1,1,3,
2.023E+11,155 621 764,A01,1,2,0,2,8,13,1,
2.023E+11,155 621 765,B01,2,21,0,2,8,1,1,
2.023E+11,155 621 760,B01,1,1,0,2,7,15,5,
2.023E+11,155 621 762,A01,1,7,0,2,1,9,0,
2.023E+11,155 621 761,A01,2,10,0,2,1,1,1,
2.023E+11,155 621 763,B01,2,10,0,0,4,1,0,
2.023E+11,155 621 756,B01,2,1,0,2,8,1,5,
2.023E+11,155 621 758,A01,1,7,0,9,1,15,1,
2.023E+11,155 621 754,A01,1,31,14,0,7,1,1,
2.023E+11,155 621 753,B01,2,7,0,2,4,2,1,
2.023E+11,155 621 755,C01,1,7,0,2,4,0,1,
2.023E+11,155 621 757,D01,1,7,0,2,4,2,0,
2.023E+11,155 621 759,A01,2,7,0,2,1,2,1,
2.023E+11,155 621 749,A01,2,7,0,2,1,2,1,
2.023E+11,155 621 751,B01,2,7,0,2,4,1,1,
2.023E+11,155 621 747,A01,1,7,0,2,1,1,1,
2.023E+11,155 621 750,B01,1,7,0,2,2,19,0,
2.023E+11,155 621 745,B01,2,7,0,2,5,23,1,
2.023E+11,155 621 746,C01,2,7,0,2,2,0,1,
2.023E+11,155 621 748,A01,2,7,1,0,3,1,1,
2.023E+11,155 621 743,B01,1,1,0,2,7,1,5,
2.023E+11,155 621 744,A01,1,7,0,2,2,14,1,
2.023E+11,155 621 738,A01,3,15,0,2,0,1,1,
2.023E+11,155 621 741,B01,3,7,0,2,8,1,1,
2.023E+11,155 621 742,C01,3,7,0,2,3,1,1,
2.023E+11,155 621 735,A01,1,7,0,2,5,26,1,
2.023E+11,155 621 737,B01,2,7,0,2,2,21,1,
2.023E+11,155 621 734,B01,2,7,0,2,6,16,1,
2.023E+11,155 621 736,A01,2,7,0,2,1,2,1,
2.023E+11,155 621 731,A01,2,7,3,0,1,0,1,
2.023E+11,155 621 732,B01,2,7,0,0,6,23,1,
2.023E+11,155 621 733,C01,2,7,14,0,2,2,1,
2.023E+11,155 621 728,A01,3,7,0,9,5,1,1,
2.023E+11,155 621 729,B01,3,1,0,2,1,1,5,
2.023E+11,155 621 727,A01,2,37,0,0,0,1,0,3
2.023E+11,155 621 725,A01,1,7,0,2,3,13,1,
2.023E+11,155 621 726,B01,2,7,0,2,3,1,1,
2.023E+11,155 621 721,A01,2,7,0,2,3,15,1,
2.023E+11,155 621 723,B01,1,7,0,2,3,1,1,
2.023E+11,155 621 719,C01,2,7,0,2,9,14,1,
2.023E+11,155 621 720,B01,2,7,0,2,1,1,1,
2.023E+11,155 621 722,A01,2,7,4,0,3,1,1,
2.023E+11,155 621 724,D01,2,10,0,2,9,14,1,
2.023E+11,155 621 717,A01,2,7,0,2,3,1,1,
2.023E+11,155 621 718,B01,1,2,0,2,7,15,1,
2.023E+11,155 621 715,A01,2,1,12,0,0,25,5,
2.023E+11,155 621 713,B01,1,50,0,2,7,1,3,
2.023E+11,155 621 716,A01,1,7,0,2,1,9,0,
2.023E+11,155 621 707,D01,3,21,0,0,0,1,1,
2.023E+11,155 621 708,E01,3,20,0,0,0,1,1,
2.023E+11,155 621 709,F01,3,21,0,0,0,1,1,
2.023E+11,155 621 711,B01,3,7,0,2,3,1,1,
2.023E+11,155 621 712,C01,3,7,0,2,1,1,1,
2.023E+11,155 621 714,A01,0,33,0,2,3,17,1,
2.023E+11,155 621 705,A01,1,7,0,2,2,15,1,
2.023E+11,155 621 706,B01,2,7,0,2,1,1,1,
2.023E+11,155 621 710,C01,3,7,0,2,1,23,1,
2.023E+11,155 621 704,A01,0,7,6,0,1,14,0,
2.023E+11,155 621 702,A01,1,7,13,0,1,1,2,
2.023E+11,155 621 700,A01,1,7,2,0,3,1,1,
2.023E+11,155 621 699,B01,1,7,6,2,4,23,1,
2.023E+11,155 621 701,C01,1,7,0,2,1,1,1,
2.023E+11,155 621 703,A01,1,7,14,0,1,12,1,
2.023E+11,155 621 696,A01,2,7,0,2,1,1,1,
2.023E+11,155 621 697,B01,2,7,8,2,4,1,1,
2.023E+11,155 621 698,C01,2,1,13,2,4,1,5,
2.023E+11,155 621 694,A01,2,7,0,1,2,19,1,
2.023E+11,155 621 695,A01,0,7,4,0,1,26,1,
2.023E+11,155 621 693,A01,1,7,6,0,1,13,1,
2.023E+11,155 621 692,A01,1,34,0,1,1,1,1,
2.023E+11,155 621 690,A01,0,7,0,2,3,15,1,
2.023E+11,155 621 691,B01,3,7,0,2,1,1,0,
2.023E+11,155 621 688,B01,3,7,0,2,8,0,1,
2.023E+11,155 621 689,A01,3,7,0,2,7,1,1,
2.023E+11,155 621 686,A01,1,10,0,2,8,0,1,
2.023E+11,155 621 687,B01,1,7,0,2,3,1,1,
2.023E+11,155 621 685,A01,1,7,0,1,1,1,1,
2.023E+11,155 621 684,A01,1,7,0,1,3,15,1,
2.023E+11,155 621 682,Z01,2,7,0,2,1,1,1,
2.023E+11,155 621 683,A01,1,1,0,2,4,19,5,
2.023E+11,155 621 680,B01,1,50,1,0,1,1,3,
2.023E+11,155 621 681,A01,1,7,0,2,3,22,1,
2.023E+11,155 621 678,A01,2,3,0,2,3,1,1,
2.023E+11,155 621 679,Z01,0,7,0,0,0,0,0,
2.023E+11,155 621 676,A01,2,7,0,2,1,15,3,
2.023E+11,155 621 677,B01,1,1,0,2,8,1,5,
2.023E+11,155 621 675,A01,1,7,0,1,2,1,1,
2.023E+11,155 621 673,A01,1,7,0,2,1,9,1,
2.023E+11,155 621 674,B01,3,1,0,2,7,1,5,
2.023E+11,155 621 672,A01,1,7,1,0,1,1,1,
2.023E+11,155 621 671,A01,1,7,0,1,2,15,1,
2.023E+11,155 621 669,B01,1,80,0,2,7,19,3,
2.023E+11,155 621 670,A01,1,7,0,2,1,1,1,
2.023E+11,155 621 667,A01,1,7,0,2,1,11,1,
2.023E+11,155 621 668,B01,1,1,0,2,1,1,5,
2.023E+11,155 621 666,A01,2,7,4,0,2,1,1,
2.023E+11,155 621 664,B01,2,10,0,2,8,15,1,
2.023E+11,155 621 665,A01,2,31,0,2,1,2,1,
2.023E+11,155 621 662,B01,3,7,0,2,6,1,1,
2.023E+11,155 621 663,A01,3,7,0,2,0,1,1,
2.023E+11,155 621 660,A01,1,7,0,2,3,1,2,
2.023E+11,155 621 661,B01,2,7,0,2,8,1,1,
2.023E+11,155 621 658,B01,1,99,0,2,1,0,3,
2.023E+11,155 621 659,A01,2,7,0,2,1,11,1,
2.023E+11,155 621 656,B01,1,40,0,2,1,2,3,
2.023E+11,155 621 657,A01,2,7,0,4,8,6,1,
2.023E+11,155 621 655,A01,2,7,0,1,3,15,1,
2.023E+11,155 621 654,A01,1,30,0,0,0,1,1,
2.023E+11,155 621 652,A01,2,7,0,2,7,15,1,
2.023E+11,155 621 653,B01,1,7,0,2,8,1,1,
2.023E+11,155 621 651,A01,1,7,0,1,1,1,1,
2.023E+11,155 621 649,A01,3,32,0,2,1,2,1,
2.023E+11,155 621 650,B01,3,50,0,2,4,2,3,
2.023E+11,155 621 647,A01,1,1,0,2,2,15,5,
2.023E+11,155 621 648,B01,2,7,0,2,3,16,1,
2.023E+11,155 621 645,A01,0,7,0,2,8,1,1,
2.023E+11,155 621 646,B01,0,31,0,2,1,1,0,
2.023E+11,155 621 644,A01,2,7,4,0,2,1,1,
2.023E+11,155 621 643,A01,1,7,0,1,2,1,1,
2.023E+11,155 621 640,B01,2,7,0,2,4,2,1,
2.023E+11,155 621 641,A01,2,7,0,2,1,2,1,
2.023E+11,155 621 639,A01,1,7,0,1,1,1,1,
2.023E+11,155 621 638,A01,1,7,0,1,1,1,1,
2.023E+11,155 621 636,A01,1,7,0,0,3,20,1,
2.023E+11,155 621 637,B01,1,7,0,2,2,2,1,
2.023E+11,155 621 634,B01,1,2,0,2,1,2,3,
2.023E+11,155 621 635,A01,0,7,0,2,3,20,1,
2.023E+11,155 621 632,B01,2,32,0,2,7,1,1,
2.023E+11,155 621 633,A01,1,3,0,2,1,9,1,
2.023E+11,155 621 630,B01,2,7,0,0,4,2,1,
2.023E+11,155 621 631,A01,2,10,0,2,1,2,1,
2.023E+11,155 621 628,B01,2,7,0,2,4,23,1,
2.023E+11,155 621 629,A01,2,7,0,2,1,1,1,
2.023E+11,155 621 626,A01,3,35,0,2,8,9,3,
2.023E+11,155 621 627,B01,3,1,0,2,1,1,5,
2.023E+11,155 621 624,B01,3,30,0,2,1,1,1,
2.023E+11,155 621 625,A01,3,10,0,2,3,9,1,
2.023E+11,155 621 622,A01,3,7,0,2,1,1,1,
2.023E+11,155 621 623,B01,3,10,0,2,2,2,1,
2.023E+11,155 621 620,A01,3,7,0,2,1,2,1,
2.023E+11,155 621 621,B01,3,7,0,2,4,9,1,
2.023E+11,155 621 618,B01,2,2,0,2,1,1,1,
2.023E+11,155 621 619,A01,1,7,0,2,5,15,1,
2.023E+11,155 621 616,B01,1,10,0,2,4,1,1,
2.023E+11,155 621 617,A01,1,33,0,2,1,12,1,
2.023E+11,155 621 615,A01,1,1,0,0,0,21,5,
2.023E+11,155 621 614,A01,2,1,0,1,1,1,5,
2.023E+11,155 621 612,B01,2,1,0,2,2,1,5,
2.023E+11,155 621 613,A01,2,10,0,2,3,9,1,
2.023E+11,155 621 610,A01,2,14,0,2,1,1,1,
2.023E+11,155 621 611,B01,2,7,0,2,6,23,1,
2.023E+11,155 621 609,A01,2,50,0,0,0,1,3,
2.023E+11,155 621 608,A01,2,43,14,0,3,7,1,
2.023E+11,155 621 607,A01,2,50,0,1,8,1,3,
2.023E+11,155 621 604,B01,1,32,0,2,2,1,1,
2.023E+11,155 621 605,A01,1,7,0,2,3,9,1,
2.023E+11,155 621 602,A01,2,31,0,1,8,17,3,
2.023E+11,155 621 603,B01,2,10,0,2,6,1,1,
2.023E+11,155 621 601,A01,1,1,12,0,3,13,5,
2.023E+11,155 621 599,A01,1,7,0,2,3,15,2,
2.023E+11,155 621 600,B01,2,30,0,2,6,1,3,
2.023E+11,155 621 598,A01,1,7,0,1,6,4,0,
2.023E+11,155 621 596,A01,0,7,0,2,1,15,0,
2.023E+11,155 621 597,B01,2,7,0,2,8,2,0,
2.023E+11,155 621 595,A01,2,32,0,1,1,1,1,
2.023E+11,155 621 593,A01,3,7,0,2,3,1,1,
2.023E+11,155 621 594,B01,3,7,0,2,2,15,1,
2.023E+11,155 621 592,A01,1,7,0,1,1,26,1,
2.023E+11,155 621 590,A01,1,7,0,2,3,15,3,
2.023E+11,155 621 591,B01,2,33,0,2,1,1,1,
2.023E+11,155 621 588,B01,1,1,0,2,0,19,5,
2.023E+11,155 621 589,A01,2,7,0,9,0,0,1,
2.023E+11,155 621 587,A01,0,7,6,0,1,26,0,
2.023E+11,155 621 586,A01,1,7,0,1,1,16,1,
2.023E+11,155 621 585,A01,1,7,0,1,3,15,0,
2.023E+11,155 621 583,B01,0,50,0,2,0,0,3,
2.023E+11,155 621 584,NA01,3,10,0,2,3,24,1,
2.023E+11,155 621 582,A01,2,7,0,1,1,1,1,
2.023E+11,155 621 580,A01,2,7,0,2,1,15,1,
2.023E+11,155 621 581,B01,1,33,0,2,1,1,1,
2.023E+11,155 621 578,B01,2,34,0,2,1,12,1,
2.023E+11,155 621 579,A01,2,7,0,2,8,9,1,
2.023E+11,155 621 577,A01,2,33,12,0,8,2,1,
2.023E+11,155 621 576,A01,1,30,0,1,2,1,1,
2.023E+11,155 621 575,A01,1,2,1,1,1,5,1,
2.023E+11,155 621 573,A01,3,1,0,2,2,2,5,
2.023E+11,155 621 574,B01,3,7,0,9,6,2,1,
2.023E+11,155 621 572,A01,0,7,0,0,0,0,3,
2.023E+11,155 621 570,B01,2,31,0,0,0,0,1,
2.023E+11,155 621 571,A01,2,7,1,0,1,2,1,
2.023E+11,155 621 569,A01,1,10,0,1,2,12,1,
2.023E+11,155 621 567,A01,1,7,0,2,1,1,1,
2.023E+11,155 621 568,B01,1,7,0,2,4,23,1,
2.023E+11,155 621 565,B01,1,7,0,2,4,2,1,
2.023E+11,155 621 566,A01,1,10,0,2,1,2,1,
2.023E+11,155 621 561,A01,2,15,0,2,1,2,1,
2.023E+11,155 621 562,B01,2,15,0,2,4,2,1,
2.023E+11,155 621 563,C01,1,15,0,2,4,2,1,
2.023E+11,155 621 564,D01,1,15,0,2,4,2,1,
2.023E+11,155 621 559,B01,2,10,0,2,4,2,1,
2.023E+11,155 621 560,A01,2,7,0,2,1,2,1,
2.023E+11,155 621 557,B01,2,33,0,2,8,3,1,
2.023E+11,155 621 558,A01,2,7,0,2,7,12,1,
2.023E+11,155 621 555,Z01,2,10,0,2,0,18,0,
2.023E+11,155 621 556,A01,1,31,0,2,1,1,1,
2.023E+11,155 621 553,A01,2,7,0,2,1,2,1,
2.023E+11,155 621 554,B01,2,7,0,2,4,23,1,
2.023E+11,155 621 552,A01,1,43,4,0,1,14,1,
2.023E+11,155 621 550,B01,1,7,0,2,6,2,1,
2.023E+11,155 621 551,A01,1,43,0,2,1,2,1,
2.023E+11,155 621 549,A01,2,7,0,1,2,1,1,
2.023E+11,155 621 547,A01,1,7,0,1,1,15,1,
2.023E+11,155 621 545,A01,3,7,0,9,0,15,1,
2.023E+11,155 621 546,B01,3,50,0,2,7,17,3,
2.023E+11,155 621 539,A01,1,7,0,2,4,2,1,
2.023E+11,155 621 540,B01,1,7,0,2,1,2,1,
2.023E+11,155 621 541,C01,1,7,0,2,1,2,1,
2.023E+11,155 621 542,E01,1,7,0,2,1,2,1,
2.023E+11,155 621 543,F01,1,7,0,2,1,2,0,
2.023E+11,155 621 544,D01,1,7,0,2,1,2,1,
2.023E+11,155 621 537,A01,1,33,0,2,7,14,1,
2.023E+11,155 621 538,B01,1,7,0,2,8,1,1,
2.023E+11,155 621 535,A01,3,1,0,2,8,5,5,
2.023E+11,155 621 536,B01,3,7,6,0,1,9,1,
2.023E+11,155 621 533,A01,3,7,0,2,1,1,1,
2.023E+11,155 621 534,B01,2,2,0,2,8,1,1,
2.023E+11,155 621 531,A01,1,2,0,2,4,16,1,
2.023E+11,155 621 532,Z01,2,7,0,0,0,0,1,
2.023E+11,155 621 529,B01,3,1,0,2,8,1,5,