Num_Acc,id_vehicule,num_veh,senc,catv,obs,obsm,choc,manv,motor,occutc
2.023E+11,155 620 144,B01,2,10,0,2,6,2,1,
2.023E+11,155 620 146,A01,2,7,0,2,2,2,1,
2.023E+11,155 620 139,A01,2,14,3,0,8,0,1,
2.023E+11,155 620 137,C01,2,7,0,2,4,1,0,
2.023E+11,155 620 140,A01,2,7,0,2,1,1,0,
2.023E+11,155 620 143,B01,2,7,0,2,4,1,0,
2.023E+11,155 620 138,A01,2,7,2,0,1,21,2,
2.023E+11,155 620 136,B01,2,7,4,2,4,1,1,
2.023E+11,155 620 141,A01,2,7,0,2,1,18,1,
2.023E+11,155 620 135,B01,1,7,0,2,1,2,1,
2.023E+11,155 620 142,A01,1,7,0,2,1,9,1,
2.023E+11,155 620 133,A01,1,1,0,0,0,1,5,
2.023E+11,155 620 130,A01,1,7,0,2,5,10,1,
2.023E+11,155 620 132,B01,1,7,0,2,1,1,1,
2.023E+11,155 620 129,B01,2,7,0,2,4,1,1,
2.023E+11,155 620 131,A01,2,7,0,2,1,2,1,
2.023E+11,155 620 134,C01,2,7,0,2,4,1,1,
2.023E+11,155 620 126,A01,2,1,6,0,3,1,5,
2.023E+11,155 620 127,A01,2,7,0,1,8,15,1,
2.023E+11,155 620 123,B01,2,33,0,2,4,26,1,
2.023E+11,155 620 125,A01,2,7,0,2,1,26,1,
2.023E+11,155 620 128,C01,2,7,0,2,1,26,1,
2.023E+11,155 620 120,A01,1,10,0,0,4,4,1,
2.023E+11,155 620 124,B01,2,30,0,2,1,1,3,
2.023E+11,155 620 119,A01,2,7,0,2,5,14,1,
2.023E+11,155 620 121,C01,2,7,0,2,6,1,1,
2.023E+11,155 620 122,B01,2,7,0,2,5,1,3,
2.023E+11,155 620 115,A01,0,7,11,0,0,1,1,
2.023E+11,155 620 114,A01,1,7,0,2,1,9,1,
2.023E+11,155 620 118,B01,2,7,0,2,8,1,1,
2.023E+11,155 620 113,B01,2,7,0,0,8,1,1,
2.023E+11,155 620 117,A01,1,7,0,1,3,1,1,
2.023E+11,155 620 111,A01,2,7,0,2,4,1,1,
2.023E+11,155 620 116,B01,2,7,0,2,1,2,1,
2.023E+11,155 620 110,B01,2,7,0,2,5,0,1,
2.023E+11,155 620 112,A01,2,32,0,2,1,0,1,
2.023E+11,155 620 107,B01,1,7,0,0,4,24,1,
2.023E+11,155 620 109,A01,1,10,1,0,1,2,1,
2.023E+11,155 620 105,A01,1,7,4,0,9,14,1,
2.023E+11,155 620 104,A01,1,10,0,1,1,1,1,
2.023E+11,155 620 102,A01,2,33,0,2,3,1,1,
2.023E+11,155 620 106,B01,2,7,0,2,5,21,1,
2.023E+11,155 620 101,B01,1,2,0,2,7,1,1,
2.023E+11,155 620 103,A01,3,7,0,2,1,20,1,
2.023E+11,155 620 108,C01,2,99,0,2,1,1,1,
2.023E+11,155 620 099,A01,3,7,10,0,1,1,1,
2.023E+11,155 620 096,A01,1,33,0,0,8,13,1,
2.023E+11,155 620 098,B01,2,10,9,0,8,0,1,
2.023E+11,155 620 094,B01,1,7,0,2,4,1,2,
2.023E+11,155 620 097,A01,1,7,0,2,1,2,3,
2.023E+11,155 620 100,C01,1,7,0,2,4,1,1,
2.023E+11,155 620 092,A01,1,33,0,0,2,1,0,
2.023E+11,155 620 091,B01,1,7,0,2,1,1,1,
2.023E+11,155 620 093,A01,1,7,0,2,4,1,1,
2.023E+11,155 620 095,C01,1,7,0,2,1,1,1,
2.023E+11,155 620 090,A01,1,7,0,1,1,1,2,
2.023E+11,155 620 089,A01,2,7,4,0,2,13,1,
2.023E+11,155 620 085,A01,2,7,0,0,9,26,1,
2.023E+11,155 620 084,A01,1,7,0,5,1,1,1,
2.023E+11,155 620 083,A01,3,33,0,2,2,17,1,
2.023E+11,155 620 086,B01,3,36,0,2,6,1,1,
2.023E+11,155 620 081,B01,1,7,0,2,4,2,0,
2.023E+11,155 620 082,A01,1,7,0,2,1,2,0,
2.023E+11,155 620 079,A01,3,33,0,0,7,1,1,
2.023E+11,155 620 073,B01,1,7,0,2,8,15,1,
2.023E+11,155 620 078,A01,2,7,15,2,1,1,1,
2.023E+11,155 620 074,A01,1,7,0,2,7,14,1,
2.023E+11,155 620 077,B01,1,33,0,2,8,14,1,
2.023E+11,155 620 071,A01,3,7,8,0,5,1,1,
2.023E+11,155 620 072,A01,2,7,0,2,1,2,1,
2.023E+11,155 620 076,B01,2,7,0,2,4,2,1,
2.023E+11,155 620 080,C01,2,7,0,2,4,1,1,
2.023E+11,155 620 070,B01,2,7,0,2,4,2,1,
2.023E+11,155 620 075,A01,2,7,0,2,1,2,3,
2.023E+11,155 620 069,A01,2,43,7,0,0,6,1,
2.023E+11,155 620 068,A01,1,7,3,0,2,1,1,
2.023E+11,155 620 066,A01,2,31,0,2,7,1,1,
2.023E+11,155 620 064,A01,1,32,1,0,1,1,1,
2.023E+11,155 620 065,B01,1,7,0,2,1,1,1,
2.023E+11,155 620 063,B01,1,7,0,2,4,2,1,
2.023E+11,155 620 067,A01,1,7,0,2,1,0,1,
2.023E+11,155 620 061,A01,2,33,0,2,7,3,1,
2.023E+11,155 620 060,A01,1,7,0,1,3,15,6,
2.023E+11,155 620 056,A01,2,10,0,1,3,1,1,
2.023E+11,155 620 055,A01,1,14,0,2,8,1,1,
2.023E+11,155 620 057,B01,1,7,0,2,7,1,1,
2.023E+11,155 620 054,A01,1,10,0,2,1,2,1,
2.023E+11,155 620 058,B01,1,10,0,2,4,2,1,
2.023E+11,155 620 052,A01,2,2,0,2,3,16,1,
2.023E+11,155 620 053,B01,1,7,0,2,1,15,1,
2.023E+11,155 620 047,B01,2,7,0,2,4,1,1,
2.023E+11,155 620 050,A01,2,7,0,2,1,2,1,
2.023E+11,155 620 048,A01,2,13,0,1,2,16,1,
2.023E+11,155 620 046,A01,1,33,0,2,7,1,1,
2.023E+11,155 620 049,B01,1,7,0,2,8,11,1,
2.023E+11,155 620 045,A01,1,7,0,2,3,15,1,
2.023E+11,155 620 051,B01,3,7,0,2,2,1,1,
2.023E+11,155 620 042,A01,2,7,0,2,3,17,1,
2.023E+11,155 620 044,B01,1,2,0,2,1,1,1,
2.023E+11,155 620 040,A01,2,33,8,0,1,1,1,
2.023E+11,155 620 039,A01,3,10,0,1,2,16,1,
2.023E+11,155 620 035,A01,1,7,4,0,1,26,1,
2.023E+11,155 620 037,A01,1,7,0,2,1,2,1,
2.023E+11,155 620 038,B01,1,7,0,2,4,23,1,
2.023E+11,155 620 033,A01,2,7,12,0,2,13,1,
2.023E+11,155 620 032,A01,0,2,0,2,1,16,1,
2.023E+11,155 620 036,B01,2,7,0,2,1,1,1,
2.023E+11,155 620 031,A01,3,10,0,2,0,15,1,
2.023E+11,155 620 034,B01,3,31,14,2,8,1,1,
2.023E+11,155 620 028,B01,1,7,0,2,8,1,1,
2.023E+11,155 620 030,A01,2,7,0,2,3,1,1,
2.023E+11,155 620 025,A01,2,7,8,1,1,13,0,
2.023E+11,155 620 024,A01,3,1,0,2,2,1,5,
2.023E+11,155 620 029,B01,3,7,0,2,3,9,1,
2.023E+11,155 620 023,A01,1,30,0,0,7,1,1,
2.023E+11,155 620 022,B01,3,7,0,2,5,1,1,
2.023E+11,155 620 026,A01,3,7,0,2,1,9,1,
2.023E+11,155 620 021,A01,2,7,0,1,3,1,1,
2.023E+11,155 620 018,A01,2,7,0,0,4,23,1,
2.023E+11,155 620 020,B01,2,33,0,2,1,1,1,
2.023E+11,155 620 017,A01,1,7,4,0,3,13,1,
2.023E+11,155 620 016,A01,1,7,0,2,4,26,1,
2.023E+11,155 620 019,B01,1,7,0,2,1,2,1,
2.023E+11,155 620 015,A01,2,7,0,1,1,1,1,
2.023E+11,155 620 012,A01,1,33,13,0,0,1,1,
2.023E+11,155 620 011,A01,2,7,0,2,8,15,6,
2.023E+11,155 620 013,B01,2,43,0,2,1,1,1,
2.023E+11,155 620 009,A01,2,10,0,1,1,1,1,
2.023E+11,155 620 010,A01,1,33,0,2,3,1,1,
2.023E+11,155 620 014,Z01,1,7,0,2,5,12,0,
2.023E+11,155 620 005,B01,1,7,0,2,5,2,1,
2.023E+11,155 620 008,A01,1,30,0,2,1,2,1,
2.023E+11,155 620 004,A01,1,2,0,2,8,18,1,
2.023E+11,155 620 007,B01,1,2,0,2,7,14,1,
2.023E+11,155 620 002,Z01,3,7,0,1,0,26,0,
2.023E+11,155 619 999,B01,2,7,0,2,1,0,1,
2.023E+11,155 620 000,D01,2,7,0,2,1,0,1,
2.023E+11,155 620 003,C01,2,7,0,2,6,2,1,
2.023E+11,155 620 006,A01,2,7,0,2,1,12,1,
2.023E+11,155 619 998,A01,1,30,0,0,1,13,1,
2.023E+11,155 619 996,A01,2,7,17,0,2,0,1,
2.023E+11,155 619 994,A01,1,7,0,2,4,1,1,
2.023E+11,155 619 997,B01,1,7,0,2,4,1,1,
2.023E+11,155 620 001,Z01,1,10,0,2,1,0,0,
2.023E+11,155 619 993,A01,2,7,0,1,6,26,1,
2.023E+11,155 619 990,B01,0,7,0,2,2,1,1,
2.023E+11,155 619 995,A01,0,7,0,2,3,15,1,
2.023E+11,155 619 992,A01,1,33,0,0,0,26,1,
2.023E+11,155 619 987,A01,0,10,0,2,2,19,1,
2.023E+11,155 619 991,B01,1,33,0,2,1,1,1,
2.023E+11,155 619 989,A01,1,7,4,0,2,15,1,
2.023E+11,155 619 983,B01,1,33,0,2,1,2,1,
2.023E+11,155 619 986,A01,0,7,0,2,3,15,1,
2.023E+11,155 619 982,A01,1,7,0,2,3,5,1,
2.023E+11,155 619 985,B01,1,31,0,2,1,1,1,
2.023E+11,155 619 981,A01,2,80,0,0,1,0,3,
2.023E+11,155 619 979,A01,1,7,0,2,1,15,1,
2.023E+11,155 619 980,B01,2,99,0,2,8,18,3,
2.023E+11,155 619 976,A01,1,7,8,0,3,0,1,
2.023E+11,155 619 973,A01,1,10,0,0,6,10,1,
2.023E+11,155 619 977,B01,1,33,0,2,1,2,1,
2.023E+11,155 619 971,B01,2,10,0,2,4,0,1,
2.023E+11,155 619 974,A01,2,10,0,2,1,2,1,
2.023E+11,155 619 968,A01,1,2,0,0,0,0,1,
2.023E+11,155 619 969,A01,1,1,9,0,1,16,5,
2.023E+11,155 619 970,A01,2,7,0,2,1,2,1,
2.023E+11,155 619 972,D01,2,7,0,2,4,23,1,
2.023E+11,155 619 975,C01,2,7,0,2,4,23,1,
2.023E+11,155 619 978,B01,2,7,0,2,4,23,1,
2.023E+11,155 619 966,B01,1,7,0,2,7,1,1,
2.023E+11,155 619 967,A01,2,7,0,2,1,16,1,
2.023E+11,155 619 964,A01,3,7,0,1,2,1,1,
2.023E+11,155 619 963,A01,1,33,1,0,0,1,1,
2.023E+11,155 619 962,B01,1,10,0,2,8,15,1,
2.023E+11,155 619 965,A01,1,7,0,2,1,1,1,
2.023E+11,155 619 961,A01,2,10,0,1,4,20,3,
2.023E+11,155 619 959,A01,1,7,0,2,6,15,0,
2.023E+11,155 619 960,B01,2,2,0,2,1,2,1,
2.023E+11,155 619 958,A01,1,7,11,0,1,6,1,
2.023E+11,155 619 957,A01,0,7,0,1,3,1,1,
2.023E+11,155 619 951,A01,3,33,0,1,7,1,1,
2.023E+11,155 619 953,A01,2,33,0,2,3,1,1,
2.023E+11,155 619 955,B01,1,7,0,2,3,1,1,
2.023E+11,155 619 950,B01,3,7,0,2,4,2,1,
2.023E+11,155 619 954,A01,3,10,0,2,1,2,1,
2.023E+11,155 619 944,A01,3,7,0,1,6,26,1,
2.023E+11,155 619 945,A01,1,7,0,2,1,2,1,
2.023E+11,155 619 947,E01,1,7,0,2,4,2,1,
2.023E+11,155 619 949,B01,1,7,0,2,4,2,2,
2.023E+11,155 619 952,C01,1,7,0,2,4,2,1,
2.023E+11,155 619 956,D01,1,7,0,2,4,2,1,
2.023E+11,155 619 943,A01,1,30,0,2,8,10,1,
2.023E+11,155 619 948,B01,1,7,0,2,2,2,1,
2.023E+11,155 619 942,A01,1,2,0,2,1,13,1,
2.023E+11,155 619 946,B01,2,7,0,2,3,1,1,
2.023E+11,155 619 937,A01,1,7,0,2,1,9,1,
2.023E+11,155 619 940,B01,1,33,0,2,7,1,1,
2.023E+11,155 619 934,A01,2,7,2,0,3,13,0,
2.023E+11,155 619 935,B01,1,34,0,2,1,1,1,
2.023E+11,155 619 938,A01,2,7,0,2,7,15,1,
2.023E+11,155 619 927,A01,1,10,0,0,4,26,1,
2.023E+11,155 619 930,B01,1,7,0,2,1,1,1,
2.023E+11,155 619 926,A01,3,10,0,2,3,20,1,
2.023E+11,155 619 929,B01,3,31,1,2,8,1,1,
2.023E+11,155 619 925,A01,2,7,0,2,1,1,1,
2.023E+11,155 619 932,B01,2,7,0,2,4,1,1,
2.023E+11,155 619 923,A01,3,7,0,1,1,1,1,
2.023E+11,155 619 924,A01,2,33,7,0,1,0,1,
2.023E+11,155 619 919,A01,2,7,0,2,2,15,1,
2.023E+11,155 619 921,B01,2,33,0,2,1,1,1,
2.023E+11,155 619 920,Z01,1,7,0,2,8,11,0,
2.023E+11,155 619 922,A01,1,43,0,2,2,1,1,
2.023E+11,155 619 916,B01,3,7,0,2,1,1,1,
2.023E+11,155 619 918,A01,3,7,0,2,3,13,1,
2.023E+11,155 619 913,B01,1,33,0,2,1,1,1,
2.023E+11,155 619 917,A01,2,7,0,2,3,15,1,
2.023E+11,155 619 911,A01,0,7,1,0,1,14,1,
2.023E+11,155 619 912,A01,1,31,0,2,8,11,1,
2.023E+11,155 619 914,B01,1,7,0,2,7,1,1,
2.023E+11,155 619 907,A01,2,7,0,1,3,1,1,
2.023E+11,155 619 906,A01,2,7,0,2,1,1,2,
2.023E+11,155 619 909,B01,2,33,0,2,1,13,1,
2.023E+11,155 619 905,A01,3,7,1,1,1,14,1,
2.023E+11,155 619 903,A01,2,7,14,0,3,15,1,
2.023E+11,155 619 898,C01,1,7,0,2,4,2,1,
2.023E+11,155 619 901,A01,1,7,0,2,1,2,1,
2.023E+11,155 619 904,D01,1,7,0,2,4,2,1,
2.023E+11,155 619 908,B01,1,10,0,2,4,2,1,
2.023E+11,155 619 899,A01,2,2,0,2,1,1,1,
2.023E+11,155 619 902,B01,1,7,0,2,2,15,1,
2.023E+11,155 619 897,A01,2,32,0,2,3,1,1,
2.023E+11,155 619 900,B01,1,10,1,2,3,1,1,
2.023E+11,155 619 894,C01,3,7,0,2,4,23,1,
2.023E+11,155 619 895,B01,3,7,1,2,4,26,1,
2.023E+11,155 619 896,A01,3,7,1,2,1,1,1,
2.023E+11,155 619 891,A01,2,7,0,9,2,12,1,
2.023E+11,155 619 893,B01,2,1,0,2,4,1,5,
2.023E+11,155 619 890,A01,2,2,0,1,1,1,3,
2.023E+11,155 619 888,A01,2,7,0,2,2,15,1,
2.023E+11,155 619 892,B01,1,32,0,2,3,1,1,
2.023E+11,155 619 887,A01,1,80,0,2,3,13,3,
2.023E+11,155 619 889,B01,1,10,0,2,2,1,1,
2.023E+11,155 619 886,A01,2,31,0,0,0,1,1,
2.023E+11,155 619 885,B01,2,7,0,1,7,1,1,
2.023E+11,155 619 882,B01,2,1,0,2,2,19,5,
2.023E+11,155 619 883,A01,1,7,0,2,1,15,1,
2.023E+11,155 619 881,A01,3,33,0,0,3,1,1,
2.023E+11,155 619 880,B01,1,7,0,2,2,1,1,
2.023E+11,155 619 884,A01,2,50,7,2,3,5,3,
2.023E+11,155 619 876,A01,1,7,0,2,1,1,1,
2.023E+11,155 619 879,B01,1,7,0,2,3,1,1,
2.023E+11,155 619 875,A01,3,33,0,2,5,23,1,
2.023E+11,155 619 878,B01,3,7,0,2,2,1,2,
2.023E+11,155 619 877,A01,2,33,0,0,0,1,1,
2.023E+11,155 619 874,A01,2,7,0,1,2,1,1,
2.023E+11,155 619 871,A01,2,7,0,2,7,10,1,
2.023E+11,155 619 873,B01,1,34,0,2,1,1,1,
2.023E+11,155 619 869,A01,1,7,0,2,6,13,1,
2.023E+11,155 619 872,B01,1,32,0,2,2,14,1,
2.023E+11,155 619 868,A01,2,31,0,2,7,17,1,
2.023E+11,155 619 870,B01,2,38,0,2,8,1,1,1
2.023E+11,155 619 867,A01,1,30,0,1,1,1,3,
2.023E+11,155 619 864,A01,3,7,14,0,3,1,1,
2.023E+11,155 619 862,A01,3,32,0,2,1,1,1,
2.023E+11,155 619 866,B01,3,7,0,2,3,15,1,
2.023E+11,155 619 861,A01,2,7,0,2,3,1,0,
2.023E+11,155 619 865,B01,1,7,0,2,1,13,0,
2.023E+11,155 619 860,A01,2,7,0,2,7,24,1,
2.023E+11,155 619 863,B01,2,80,1,0,1,1,3,
2.023E+11,155 619 859,A01,0,7,8,9,9,1,1,
2.023E+11,155 619 857,A01,1,7,0,1,3,15,1,
2.023E+11,155 619 855,B01,1,32,0,2,1,1,1,
2.023E+11,155 619 858,A01,2,7,0,2,7,15,0,
2.023E+11,155 619 853,A01,0,7,0,0,4,23,1,
2.023E+11,155 619 856,B01,0,32,1,0,1,1,3,
2.023E+11,155 619 852,A01,2,7,0,2,1,1,1,
2.023E+11,155 619 854,B01,1,7,0,2,1,1,1,
2.023E+11,155 619 850,A01,1,7,0,1,0,15,1,
2.023E+11,155 619 848,A01,1,30,1,0,1,1,1,
2.023E+11,155 619 844,A01,1,33,8,2,8,1,1,
2.023E+11,155 619 847,B01,2,7,0,2,3,20,1,
2.023E+11,155 619 842,A01,1,7,0,2,8,15,1,
2.023E+11,155 619 846,B01,1,38,0,2,1,1,1,1
2.023E+11,155 619 841,A01,3,10,8,0,3,1,1,
2.023E+11,155 619 840,A01,1,7,0,1,2,1,2,
2.023E+11,155 619 839,A01,3,7,0,1,3,1,1,
2.023E+11,155 619 838,Z01,3,7,0,1,1,0,0,
2.023E+11,155 619 836,A01,1,7,6,0,2,14,1,
2.023E+11,155 619 835,A01,0,1,0,0,0,1,5,
2.023E+11,155 619 833,A01,1,10,0,2,2,16,1,
2.023E+11,155 619 837,B01,1,32,0,2,3,1,1,
2.023E+11,155 619 831,A01,1,7,0,2,6,24,1,
2.023E+11,155 619 834,Z01,1,7,1,0,3,2,0,
2.023E+11,155 619 830,B01,2,7,0,2,5,1,1,
2.023E+11,155 619 832,A01,2,2,0,2,1,19,1,
2.023E+11,155 619 827,A01,0,7,0,2,1,1,1,
2.023E+11,155 619 829,B01,0,7,0,2,4,23,1,
2.023E+11,155 619 824,B01,2,1,0,2,4,1,5,
2.023E+11,155 619 826,A01,0,7,0,2,0,0,0,
2.023E+11,155 619 825,A01,2,30,0,2,1,1,1,
2.023E+11,155 619 828,B01,2,7,0,2,1,1,1,
2.023E+11,155 619 818,A01,3,7,0,0,9,26,1,
2.023E+11,155 619 820,A01,3,7,0,2,7,19,1,
2.023E+11,155 619 823,B01,1,2,0,2,1,1,1,
2.023E+11,155 619 816,A01,3,7,0,2,6,1,0,
2.023E+11,155 619 821,B01,2,43,0,2,1,19,1,
2.023E+11,155 619 815,A01,0,31,0,2,1,1,1,
2.023E+11,155 619 817,B01,0,33,0,2,4,1,1,
2.023E+11,155 619 819,C01,0,33,0,2,4,1,1,
2.023E+11,155 619 822,D01,0,33,0,2,4,1,1,
2.023E+11,155 619 813,A01,1,7,6,0,1,1,1,
2.023E+11,155 619 812,B01,1,60,0,2,6,2,5,
2.023E+11,155 619 814,A01,1,10,0,9,1,2,1,
2.023E+11,155 619 810,A01,1,7,0,1,3,2,1,
2.023E+11,155 619 808,A01,1,10,0,2,1,9,1,
2.023E+11,155 619 811,B01,1,7,0,2,6,23,1,
2.023E+11,155 619 809,A01,2,33,16,0,2,14,1,
2.023E+11,155 619 807,A01,3,7,0,1,1,1,1,
2.023E+11,155 619 805,A01,1,7,2,0,1,1,1,
2.023E+11,155 619 804,A01,1,31,8,0,0,16,0,
2.023E+11,155 619 803,B01,2,33,0,2,0,1,1,
2.023E+11,155 619 806,A01,2,7,0,2,3,10,2,
2.023E+11,155 619 801,A01,2,7,13,0,0,1,0,
2.023E+11,155 619 799,A01,1,7,0,2,2,1,1,
2.023E+11,155 619 800,B01,2,60,0,2,1,12,3,
2.023E+11,155 619 798,B01,3,7,0,2,6,1,1,
2.023E+11,155 619 802,A01,3,10,0,2,2,15,1,
2.023E+11,155 619 797,A01,2,34,0,1,2,1,1,
2.023E+11,155 619 793,A01,1,37,0,2,8,9,1,1
2.023E+11,155 619 795,B01,1,34,0,2,1,9,1,
2.023E+11,155 619 792,A01,2,7,0,2,1,10,1,
2.023E+11,155 619 794,B01,1,7,0,2,2,1,1,
2.023E+11,155 619 790,A01,1,33,0,0,0,1,1,
2.023E+11,155 619 789,B01,2,10,0,2,2,19,1,
2.023E+11,155 619 791,A01,1,7,0,2,3,9,1,
2.023E+11,155 619 788,A01,3,7,1,0,2,14,3,
2.023E+11,155 619 787,A01,3,30,0,0,0,0,1,
2.023E+11,155 619 786,A01,2,7,0,1,1,1,1,
2.023E+11,155 619 785,A01,3,7,0,1,3,15,0,
2.023E+11,155 619 781,A01,2,7,1,2,1,2,1,
2.023E+11,155 619 782,B01,2,7,1,2,4,2,1,
2.023E+11,155 619 784,C01,2,7,1,2,4,2,1,
2.023E+11,155 619 780,B01,1,17,0,2,5,1,1,
2.023E+11,155 619 783,A01,1,10,7,2,1,1,1,
2.023E+11,155 619 779,A01,0,7,0,1,2,1,1,
2.023E+11,155 619 777,B01,1,2,0,2,1,1,1,
2.023E+11,155 619 778,A01,1,7,0,2,4,2,0,
2.023E+11,155 619 774,B01,2,7,0,2,3,1,1,
2.023E+11,155 619 776,A01,1,7,0,2,8,13,1,
2.023E+11,155 619 773,A01,2,7,13,2,3,1,1,
2.023E+11,155 619 775,B01,1,7,0,2,2,1,1,
2.023E+11,155 619 771,A01,0,30,0,1,1,1,1,
2.023E+11,155 619 769,A01,1,7,0,1,3,1,1,
2.023E+11,155 619 770,A01,1,50,0,2,1,1,3,
2.023E+11,155 619 772,B01,1,7,0,0,4,23,-1,
2.023E+11,155 619 765,A01,1,7,0,2,3,9,1,
2.023E+11,155 619 767,B01,2,2,0,2,1,1,1,
2.023E+11,155 619 764,A01,1,7,1,0,9,14,1,
2.023E+11,155 619 763,C01,2,7,0,2,4,2,1,
2.023E+11,155 619 766,A01,2,7,0,2,1,2,1,
2.023E+11,155 619 768,B01,2,7,0,2,4,2,1,
2.023E+11,155 619 762,A01,1,7,0,1,3,1,0,
2.023E+11,155 619 760,A01,2,7,12,0,1,1,1,
2.023E+11,155 619 759,A01,1,1,0,2,1,1,5,
2.023E+11,155 619 761,Z01,2,1,0,2,1,13,5,
2.023E+11,155 619 757,A01,1,7,0,2,3,20,1,
2.023E+11,155 619 758,B01,1,2,0,2,2,1,1,
2.023E+11,155 619 753,B01,3,32,1,0,3,18,1,
2.023E+11,155 619 756,A01,3,7,0,2,5,22,0,
2.023E+11,155 619 752,A01,1,7,0,2,3,13,1,
2.023E+11,155 619 754,B01,0,7,0,2,3,1,1,
2.023E+11,155 619 749,B01,1,7,0,2,5,1,1,
2.023E+11,155 619 751,A01,2,7,0,2,3,12,1,
2.023E+11,155 619 748,A01,2,7,0,2,1,2,1,
2.023E+11,155 619 750,B01,2,7,0,2,4,2,1,
2.023E+11,155 619 745,A01,1,7,0,2,3,13,1,
2.023E+11,155 619 746,B01,2,31,0,2,1,1,1,
2.023E+11,155 619 741,A01,2,7,0,0,8,23,1,
2.023E+11,155 619 743,B01,2,15,1,0,7,1,1,
2.023E+11,155 619 742,A01,1,7,15,2,8,17,1,
2.023E+11,155 619 747,B01,3,7,15,2,1,1,1,
2.023E+11,155 619 740,B01,2,1,0,2,1,15,5,
2.023E+11,155 619 744,A01,2,7,0,2,1,15,1,
2.023E+11,155 619 737,A01,1,32,0,0,7,0,1,
2.023E+11,155 619 738,A01,1,34,0,2,1,6,1,
2.023E+11,155 619 739,B01,2,7,0,2,8,1,1,
2.023E+11,155 619 735,A01,1,7,13,0,2,1,1,
2.023E+11,155 619 734,A01,2,30,0,2,5,1,0,
2.023E+11,155 619 736,B01,2,7,0,2,3,1,1,
2.023E+11,155 619 732,A01,2,7,0,1,1,9,1,
2.023E+11,155 619 728,A01,1,7,0,2,1,2,1,
2.023E+11,155 619 731,B01,1,7,0,0,0,0,2,
2.023E+11,155 619 726,A01,2,1,6,0,1,0,5,
2.023E+11,155 619 725,A01,1,7,0,2,1,2,1,
2.023E+11,155 619 727,B01,1,7,0,2,4,2,2,
2.023E+11,155 619 729,C01,2,10,0,2,1,1,1,
2.023E+11,155 619 722,B01,1,7,0,2,0,1,1,
2.023E+11,155 619 724,A01,1,7,0,2,1,2,1,
2.023E+11,155 619 721,A01,2,10,0,1,1,1,1,
2.023E+11,155 619 720,A01,1,7,0,2,1,1,1,
2.023E+11,155 619 723,B01,1,7,0,2,7,9,1,
2.023E+11,155 619 719,A01,1,7,9,0,3,0,0,
2.023E+11,155 619 716,B01,1,1,0,2,0,0,5,
2.023E+11,155 619 718,A01,3,7,0,2,3,13,1,
2.023E+11,155 619 717,A01,1,7,6,0,1,1,1,
2.023E+11,155 619 714,A01,1,7,0,1,2,1,1,
2.023E+11,155 619 713,A01,0,7,0,2,3,11,1,
2.023E+11,155 619 715,B01,3,33,0,2,0,0,1,
2.023E+11,155 619 710,A01,2,7,9,0,8,1,1,
2.023E+11,155 619 709,A01,2,7,0,2,7,1,1,
2.023E+11,155 619 712,B01,2,1,0,2,8,1,5,
2.023E+11,155 619 705,A01,2,1,0,2,0,1,5,
2.023E+11,155 619 707,Y01,3,60,0,2,3,19,5,
2.023E+11,155 619 704,B01,1,33,0,2,1,1,1,
2.023E+11,155 619 708,C01,1,33,0,2,1,1,1,
2.023E+11,155 619 711,A01,1,7,0,2,3,9,1,
2.023E+11,155 619 703,A01,3,7,8,0,1,13,1,
2.023E+11,155 619 702,A01,1,7,0,2,1,19,1,
2.023E+11,155 619 706,B01,1,50,0,2,7,1,3,
2.023E+11,155 619 699,A01,2,33,8,0,9,26,1,
2.023E+11,155 619 701,A01,1,7,0,1,1,2,1,
2.023E+11,155 619 697,B01,1,7,0,2,3,18,1,
2.023E+11,155 619 700,A01,1,7,0,2,5,1,1,
2.023E+11,155 619 696,B01,2,7,0,2,1,1,0,
2.023E+11,155 619 698,A01,2,7,0,2,2,10,0,
2.023E+11,155 619 694,A01,1,30,0,0,7,1,1,
2.023E+11,155 619 693,A01,1,31,12,0,0,0,1,
2.023E+11,155 619 692,B01,1,7,0,2,1,2,1,
2.023E+11,155 619 695,A01,0,7,0,2,0,0,1,
2.023E+11,155 619 691,B01,2,7,0,1,1,1,1,
2.023E+11,155 619 687,A01,1,7,0,2,2,15,1,
2.023E+11,155 619 690,B01,2,50,0,2,1,1,3,
2.023E+11,155 619 684,A01,1,7,0,1,3,15,1,
2.023E+11,155 619 686,A01,2,7,0,2,1,5,1,
2.023E+11,155 619 689,B01,1,7,0,2,1,1,1,
2.023E+11,155 619 685,B01,2,32,0,2,1,1,1,
2.023E+11,155 619 688,A01,1,7,0,2,3,15,0,
2.023E+11,155 619 680,A01,1,7,0,9,8,13,0,
2.023E+11,155 619 683,B01,2,1,0,2,0,1,5,
2.023E+11,155 619 676,B01,1,33,0,2,1,1,1,
2.023E+11,155 619 681,A01,1,7,0,2,3,15,1,
2.023E+11,155 619 677,C01,3,99,0,0,1,0,3,
2.023E+11,155 619 679,B01,3,99,0,0,1,19,3,
2.023E+11,155 619 682,A01,3,7,0,2,9,1,1,
2.023E+11,155 619 675,B01,1,34,0,2,3,1,1,
2.023E+11,155 619 678,A01,2,31,0,2,3,1,1,
2.023E+11,155 619 673,A01,2,34,0,2,1,2,0,
2.023E+11,155 619 674,B01,2,7,0,2,3,13,1,