Num_Acc,id_vehicule,num_veh,senc,catv,obs,obsm,choc,manv,motor,occutc
2.023E+11,155 616 864,A01,2,7,0,2,1,1,1,
2.023E+11,155 616 867,B01,2,7,0,2,4,1,1,
2.023E+11,155 616 870,C01,2,17,0,2,2,21,1,
2.023E+11,155 616 863,A01,1,7,4,0,6,14,0,
2.023E+11,155 616 860,A01,1,7,3,0,0,13,1,
2.023E+11,155 616 858,A01,1,7,0,1,2,1,1,
2.023E+11,155 616 857,B01,2,7,0,2,1,1,1,
2.023E+11,155 616 861,A01,1,7,0,2,2,0,1,
2.023E+11,155 616 856,A01,2,7,0,2,3,16,1,
2.023E+11,155 616 859,B01,1,1,0,0,1,1,5,
2.023E+11,155 616 853,A01,1,33,0,0,0,1,1,
2.023E+11,155 616 852,B01,2,7,15,0,5,1,1,
2.023E+11,155 616 855,A01,1,7,14,2,1,19,1,
2.023E+11,155 616 848,A01,0,7,10,0,1,14,1,
2.023E+11,155 616 849,B01,3,50,0,2,2,0,3,
2.023E+11,155 616 854,A01,3,7,0,9,1,19,1,
2.023E+11,155 616 847,A01,2,10,0,2,3,19,1,
2.023E+11,155 616 851,B01,1,2,0,2,1,1,1,
2.023E+11,155 616 846,A01,1,10,0,2,8,2,1,
2.023E+11,155 616 850,B01,1,10,0,2,2,2,1,
2.023E+11,155 616 845,A01,1,7,9,1,2,9,1,
2.023E+11,155 616 840,A01,2,7,0,1,6,1,1,
2.023E+11,155 616 841,A01,3,2,0,0,0,0,1,
2.023E+11,155 616 839,A01,1,7,0,2,3,15,1,
2.023E+11,155 616 843,B01,1,33,0,2,1,0,1,
2.023E+11,155 616 838,B01,1,33,0,2,1,1,1,
2.023E+11,155 616 842,A01,1,7,0,0,6,15,1,
2.023E+11,155 616 837,A01,1,7,0,1,1,1,1,
2.023E+11,155 616 833,A01,1,7,0,2,1,1,1,
2.023E+11,155 616 835,B01,2,7,0,2,1,1,1,
2.023E+11,155 616 832,A01,1,14,0,2,3,1,1,
2.023E+11,155 616 836,B01,2,7,0,2,3,0,1,
2.023E+11,155 616 831,A01,1,7,16,0,1,14,1,
2.023E+11,155 616 830,A01,2,10,9,0,1,16,1,
2.023E+11,155 616 829,A01,1,33,14,0,1,1,1,
2.023E+11,155 616 825,A01,1,7,0,2,3,9,1,
2.023E+11,155 616 827,B01,1,7,0,2,2,1,1,
2.023E+11,155 616 826,A01,1,7,0,2,3,0,1,
2.023E+11,155 616 828,B01,2,2,0,2,1,5,1,
2.023E+11,155 616 822,A01,1,7,0,1,2,1,1,
2.023E+11,155 616 820,B01,2,7,0,2,1,1,1,
2.023E+11,155 616 824,A01,1,7,0,2,1,13,1,
2.023E+11,155 616 817,A01,1,7,13,0,3,13,1,
2.023E+11,155 616 821,B01,0,7,0,2,1,26,0,
2.023E+11,155 616 823,A01,0,7,0,2,1,19,0,
2.023E+11,155 616 816,A01,2,7,0,2,1,13,1,
2.023E+11,155 616 818,B01,1,7,0,2,1,1,1,
2.023E+11,155 616 815,B01,1,7,0,2,3,1,1,
2.023E+11,155 616 819,A01,3,7,0,2,1,1,1,
2.023E+11,155 616 814,A01,2,10,0,1,1,21,1,
2.023E+11,155 616 812,A01,2,3,13,0,8,14,1,
2.023E+11,155 616 810,A01,2,7,0,2,3,19,1,
2.023E+11,155 616 813,B01,1,32,0,2,1,3,1,
2.023E+11,155 616 809,A01,2,2,0,2,4,1,1,
2.023E+11,155 616 811,B01,2,7,0,2,1,1,1,
2.023E+11,155 616 806,A01,3,1,0,2,1,13,5,
2.023E+11,155 616 807,B01,3,10,0,9,1,1,1,
2.023E+11,155 616 805,B01,2,7,0,2,8,1,1,
2.023E+11,155 616 808,A01,1,3,0,2,3,13,1,
2.023E+11,155 616 803,B01,1,7,0,0,2,1,1,
2.023E+11,155 616 804,A01,2,7,0,0,3,15,1,
2.023E+11,155 616 802,A01,1,7,0,1,2,1,1,
2.023E+11,155 616 801,A01,2,32,0,1,1,26,1,
2.023E+11,155 616 799,B01,2,34,0,2,1,1,1,
2.023E+11,155 616 800,A01,1,7,0,2,2,15,1,
2.023E+11,155 616 797,A01,1,7,0,1,1,1,1,
2.023E+11,155 616 796,B01,2,33,0,2,9,1,1,
2.023E+11,155 616 798,A01,3,10,0,2,1,1,1,
2.023E+11,155 616 795,A01,2,7,0,1,1,1,1,
2.023E+11,155 616 794,A01,3,7,1,0,1,1,1,
2.023E+11,155 616 792,A01,1,2,1,0,4,0,1,
2.023E+11,155 616 793,B01,1,2,0,2,0,0,1,
2.023E+11,155 616 787,A01,1,7,0,1,1,1,1,
2.023E+11,155 616 786,A01,1,33,5,0,1,0,1,
2.023E+11,155 616 788,B01,1,7,0,2,1,9,1,
2.023E+11,155 616 790,A01,1,31,0,2,1,5,1,
2.023E+11,155 616 784,A01,1,7,0,2,1,13,1,
2.023E+11,155 616 789,B01,2,7,0,2,3,1,1,
2.023E+11,155 616 785,A01,1,7,0,2,1,1,1,
2.023E+11,155 616 791,B01,3,7,0,0,8,19,1,
2.023E+11,155 616 783,A01,1,7,6,0,0,0,1,
2.023E+11,155 616 782,A01,1,1,0,0,1,1,5,
2.023E+11,155 616 779,B01,1,7,0,1,0,0,0,
2.023E+11,155 616 781,A01,1,7,0,1,0,0,0,
2.023E+11,155 616 777,A01,3,7,0,1,3,15,1,
2.023E+11,155 616 775,B01,3,7,0,2,3,1,0,
2.023E+11,155 616 778,A01,3,7,0,2,1,17,0,
2.023E+11,155 616 773,B01,3,7,0,2,7,16,3,
2.023E+11,155 616 774,A01,3,33,0,2,7,18,1,
2.023E+11,155 616 771,A01,1,33,0,1,7,1,1,
2.023E+11,155 616 776,A01,1,7,0,2,5,16,1,
2.023E+11,155 616 780,B01,1,1,0,2,1,1,5,
2.023E+11,155 616 770,B01,2,99,0,2,3,15,1,
2.023E+11,155 616 772,A01,2,33,0,2,1,17,1,
2.023E+11,155 616 766,B01,3,1,0,2,8,9,5,
2.023E+11,155 616 769,A01,2,7,0,2,2,1,1,
2.023E+11,155 616 767,A01,1,32,1,0,5,14,1,
2.023E+11,155 616 765,B01,3,7,0,2,8,1,1,
2.023E+11,155 616 768,A01,3,7,0,2,3,13,1,
2.023E+11,155 616 763,A01,3,7,0,1,2,1,1,
2.023E+11,155 616 761,A01,3,10,0,2,2,15,1,
2.023E+11,155 616 764,B01,3,33,0,2,1,1,1,
2.023E+11,155 616 760,B01,1,7,0,2,1,1,1,
2.023E+11,155 616 762,A01,1,3,8,0,4,1,1,
2.023E+11,155 616 757,A01,3,10,0,1,2,9,3,
2.023E+11,155 616 756,B01,1,7,0,2,4,2,1,
2.023E+11,155 616 759,A01,1,1,0,2,1,2,5,
2.023E+11,155 616 754,A01,2,7,8,2,1,13,1,
2.023E+11,155 616 758,B01,1,31,0,2,1,1,1,
2.023E+11,155 616 752,B01,2,1,0,2,1,15,5,
2.023E+11,155 616 755,A01,1,7,0,2,1,1,1,
2.023E+11,155 616 750,A01,2,7,0,2,1,11,2,
2.023E+11,155 616 753,B01,1,7,0,2,1,1,2,
2.023E+11,155 616 747,A01,1,7,2,0,3,13,1,
2.023E+11,155 616 748,A01,1,7,0,2,3,10,1,
2.023E+11,155 616 751,B01,2,34,0,2,1,17,1,
2.023E+11,155 616 745,A01,1,1,0,0,7,1,5,
2.023E+11,155 616 743,A01,1,7,0,1,2,1,1,
2.023E+11,155 616 741,A01,1,7,0,0,4,2,1,
2.023E+11,155 616 746,B01,1,1,0,2,1,2,5,
2.023E+11,155 616 742,A01,2,7,1,0,4,4,1,
2.023E+11,155 616 740,B01,1,7,0,2,4,1,1,
2.023E+11,155 616 744,C01,2,7,0,2,4,1,1,
2.023E+11,155 616 749,A01,1,10,0,2,1,1,1,
2.023E+11,155 616 739,A01,3,80,6,0,1,1,3,
2.023E+11,155 616 737,A01,2,7,0,1,1,1,1,
2.023E+11,155 616 734,Z01,1,50,0,1,1,1,3,
2.023E+11,155 616 731,B01,1,32,0,2,8,18,1,
2.023E+11,155 616 735,A01,2,7,0,2,1,15,1,
2.023E+11,155 616 730,C01,2,7,0,0,6,24,1,
2.023E+11,155 616 733,A01,1,7,2,2,1,6,1,
2.023E+11,155 616 738,B01,2,7,1,0,6,1,1,
2.023E+11,155 616 732,A01,2,7,0,2,1,9,1,
2.023E+11,155 616 736,B01,1,1,0,2,5,1,5,
2.023E+11,155 616 726,B01,1,7,0,0,0,9,1,
2.023E+11,155 616 729,A01,1,80,0,0,0,21,3,
2.023E+11,155 616 724,A01,0,7,0,2,1,14,2,
2.023E+11,155 616 727,B01,0,7,0,2,1,13,1,
2.023E+11,155 616 728,A01,3,1,0,1,1,1,5,
2.023E+11,155 616 720,A01,2,33,0,2,1,17,1,
2.023E+11,155 616 723,B01,1,7,0,2,2,1,1,
2.023E+11,155 616 721,A01,1,7,0,2,2,12,1,
2.023E+11,155 616 722,B01,1,32,0,2,3,1,1,
2.023E+11,155 616 725,C01,1,7,0,2,1,2,1,
2.023E+11,155 616 719,A01,1,7,2,0,1,14,1,
2.023E+11,155 616 717,A01,3,7,0,1,2,15,1,
2.023E+11,155 616 713,B01,2,80,0,2,4,2,3,
2.023E+11,155 616 716,A01,2,7,0,2,3,9,1,
2.023E+11,155 616 714,B01,1,7,0,0,4,23,1,
2.023E+11,155 616 718,A01,1,10,0,2,1,2,1,
2.023E+11,155 616 712,A01,3,7,0,0,0,16,1,
2.023E+11,155 616 711,B01,2,33,0,2,1,0,1,
2.023E+11,155 616 715,A01,2,7,0,2,5,23,2,
2.023E+11,155 616 708,B01,1,1,0,2,8,19,5,
2.023E+11,155 616 710,A01,1,7,0,2,2,1,1,
2.023E+11,155 616 709,A01,3,7,0,1,1,1,0,
2.023E+11,155 616 707,A01,2,33,0,6,7,1,1,
2.023E+11,155 616 703,B01,2,7,0,2,6,2,1,
2.023E+11,155 616 705,A01,2,7,0,2,2,13,1,
2.023E+11,155 616 704,A01,1,31,12,2,2,13,1,
2.023E+11,155 616 706,B01,2,7,0,2,3,1,1,
2.023E+11,155 616 700,A01,3,7,0,1,1,14,1,
2.023E+11,155 616 697,A01,2,33,0,2,1,17,1,
2.023E+11,155 616 701,B01,1,33,0,2,1,1,1,
2.023E+11,155 616 695,A01,1,7,0,2,7,2,1,
2.023E+11,155 616 698,B01,1,33,0,2,8,0,1,
2.023E+11,155 616 694,A01,1,50,0,0,4,2,3,
2.023E+11,155 616 696,A01,1,7,0,1,1,9,1,
2.023E+11,155 616 693,A01,3,7,6,0,1,1,0,
2.023E+11,155 616 692,A01,0,33,12,0,1,14,1,
2.023E+11,155 616 689,A01,2,33,2,0,0,1,1,
2.023E+11,155 616 688,A01,1,33,0,2,1,21,1,
2.023E+11,155 616 691,B01,1,33,0,2,8,0,1,
2.023E+11,155 616 686,A01,1,10,0,2,4,1,1,
2.023E+11,155 616 690,B01,2,7,0,2,2,15,1,
2.023E+11,155 616 687,A01,3,10,0,1,4,20,1,
2.023E+11,155 616 683,A01,0,1,0,2,1,2,5,
2.023E+11,155 616 684,B01,0,7,0,9,6,2,0,
2.023E+11,155 616 681,A01,2,33,0,6,1,0,1,
2.023E+11,155 616 680,A01,0,7,0,2,1,19,1,
2.023E+11,155 616 685,B01,3,7,0,2,3,26,1,
2.023E+11,155 616 678,A01,2,7,4,0,3,1,1,
2.023E+11,155 616 679,B01,2,32,0,2,1,1,1,
2.023E+11,155 616 682,A01,2,10,0,2,5,9,1,
2.023E+11,155 616 677,A01,1,7,15,0,0,1,1,
2.023E+11,155 616 674,A01,2,33,7,0,1,1,1,
2.023E+11,155 616 676,A01,1,31,0,0,9,19,1,
2.023E+11,155 616 672,A01,2,7,0,2,7,13,1,
2.023E+11,155 616 675,B01,1,7,0,2,2,1,1,
2.023E+11,155 616 671,A01,2,7,0,1,1,1,1,
2.023E+11,155 616 669,A01,1,7,10,0,7,1,1,
2.023E+11,155 616 668,B01,1,7,0,2,3,1,1,
2.023E+11,155 616 673,A01,1,50,0,2,1,1,3,
2.023E+11,155 616 667,A01,1,2,0,2,1,5,1,
2.023E+11,155 616 670,B01,2,7,0,2,1,1,1,
2.023E+11,155 616 666,A01,1,33,0,0,8,1,1,
2.023E+11,155 616 664,B01,1,33,0,2,4,1,1,
2.023E+11,155 616 665,A01,1,7,0,2,3,1,1,
2.023E+11,155 616 659,A01,1,7,0,1,3,1,1,
2.023E+11,155 616 662,A01,1,7,0,2,5,16,1,
2.023E+11,155 616 663,B01,1,33,0,2,1,3,1,
2.023E+11,155 616 656,A01,2,7,0,0,1,1,1,
2.023E+11,155 616 660,B01,1,7,0,0,8,1,1,
2.023E+11,155 616 654,A01,2,7,13,0,3,1,0,
2.023E+11,155 616 655,A01,1,7,4,0,7,1,6,
2.023E+11,155 616 658,B01,1,7,0,2,8,18,1,
2.023E+11,155 616 653,A01,1,7,0,2,1,13,1,
2.023E+11,155 616 657,C01,2,7,0,2,1,2,1,
2.023E+11,155 616 661,B01,2,7,0,2,1,1,1,
2.023E+11,155 616 649,B01,2,31,0,2,0,1,1,
2.023E+11,155 616 652,A01,1,7,0,2,7,15,1,
2.023E+11,155 616 647,B01,3,1,0,2,8,19,5,
2.023E+11,155 616 651,A01,2,7,0,9,1,1,1,
2.023E+11,155 616 646,A01,1,7,15,0,7,1,1,
2.023E+11,155 616 650,B01,2,7,16,0,3,1,1,
2.023E+11,155 616 644,A01,2,7,0,0,3,9,1,
2.023E+11,155 616 648,B01,1,50,0,0,7,1,3,
2.023E+11,155 616 642,A01,3,7,2,0,3,1,1,
2.023E+11,155 616 643,A01,1,7,0,9,1,15,0,
2.023E+11,155 616 640,A01,2,7,0,2,1,1,1,
2.023E+11,155 616 645,B01,3,7,0,2,3,15,1,
2.023E+11,155 616 639,A01,1,10,4,0,2,0,1,
2.023E+11,155 616 633,A01,2,7,13,0,1,1,1,
2.023E+11,155 616 632,A01,3,7,0,2,2,15,1,
2.023E+11,155 616 637,B01,3,34,0,2,1,1,1,
2.023E+11,155 616 631,A01,2,7,0,1,1,15,1,
2.023E+11,155 616 634,A01,2,7,0,2,7,15,1,
2.023E+11,155 616 635,B01,1,2,0,2,1,1,1,
2.023E+11,155 616 625,A01,1,30,14,0,1,14,1,
2.023E+11,155 616 621,D01,1,7,0,0,4,2,0,
2.023E+11,155 616 623,A01,1,7,0,2,3,11,1,
2.023E+11,155 616 627,B01,1,7,0,2,5,2,0,
2.023E+11,155 616 629,C01,1,7,0,2,4,2,0,
2.023E+11,155 616 622,A01,1,32,0,2,1,1,1,
2.023E+11,155 616 626,Z01,2,7,0,2,4,4,0,
2.023E+11,155 616 620,B01,2,7,0,2,8,15,1,
2.023E+11,155 616 624,A01,1,33,0,2,1,1,1,
2.023E+11,155 616 618,A01,2,10,0,2,2,15,1,
2.023E+11,155 616 619,B01,1,1,0,2,1,1,5,
2.023E+11,155 616 612,A01,1,10,0,2,1,21,1,
2.023E+11,155 616 614,C01,2,7,0,2,3,1,1,
2.023E+11,155 616 616,B01,1,7,0,0,6,23,1,
2.023E+11,155 616 613,B01,3,15,0,2,1,0,1,
2.023E+11,155 616 617,A01,3,7,0,2,1,0,1,
2.023E+11,155 616 609,A01,2,33,0,2,1,2,1,
2.023E+11,155 616 610,B01,2,7,0,0,4,2,1,
2.023E+11,155 616 607,A01,3,7,0,1,1,1,1,
2.023E+11,155 616 605,A01,1,7,6,0,8,13,1,
2.023E+11,155 616 604,B01,3,3,0,2,1,2,1,
2.023E+11,155 616 606,A01,3,7,0,0,4,2,1,
2.023E+11,155 616 601,B01,1,7,0,2,5,1,1,
2.023E+11,155 616 603,A01,2,7,0,2,3,13,1,
2.023E+11,155 616 600,A01,1,7,0,2,2,1,1,
2.023E+11,155 616 602,B01,1,7,0,0,4,1,1,
2.023E+11,155 616 594,A01,1,50,0,2,1,15,3,
2.023E+11,155 616 595,B01,2,1,0,2,1,1,5,
2.023E+11,155 616 591,C01,1,7,1,0,8,1,1,
2.023E+11,155 616 593,B01,1,7,1,0,5,1,1,
2.023E+11,155 616 596,A01,1,7,4,0,2,1,1,
2.023E+11,155 616 590,A01,3,7,16,0,6,1,1,
2.023E+11,155 616 585,A01,1,2,0,2,8,0,1,
2.023E+11,155 616 588,B01,1,10,0,2,7,0,1,
2.023E+11,155 616 597,B01,1,7,3,2,3,21,1,
2.023E+11,155 616 608,A01,2,7,5,2,3,1,1,
2.023E+11,155 616 584,B01,1,1,0,2,1,5,5,
2.023E+11,155 616 587,A01,1,7,0,2,2,18,1,
2.023E+11,155 616 589,D01,0,7,0,0,7,23,0,
2.023E+11,155 616 599,A01,0,7,2,0,9,1,0,
2.023E+11,155 616 611,B01,0,7,0,2,1,1,0,
2.023E+11,155 616 615,C01,0,7,0,2,1,0,0,
2.023E+11,155 616 579,A01,3,7,0,2,1,2,1,
2.023E+11,155 616 582,B01,3,1,0,0,4,2,5,
2.023E+11,155 616 580,A01,2,15,5,0,5,0,1,
2.023E+11,155 616 581,A01,2,7,0,1,8,13,1,
2.023E+11,155 616 577,B01,2,33,0,2,7,1,1,
2.023E+11,155 616 583,A01,1,7,0,2,8,19,1,
2.023E+11,155 616 576,B01,1,7,0,2,1,15,0,
2.023E+11,155 616 578,A01,1,7,0,2,2,1,0,
2.023E+11,155 616 586,D01,2,7,0,2,1,1,0,
2.023E+11,155 616 575,A01,2,2,4,0,1,19,1,
2.023E+11,155 616 569,A01,2,7,0,2,5,12,1,
2.023E+11,155 616 572,B01,2,38,0,2,3,1,6,1
2.023E+11,155 616 570,A01,1,7,0,2,5,2,1,
2.023E+11,155 616 574,B01,1,7,0,2,3,15,1,
2.023E+11,155 616 568,A01,2,3,12,0,2,15,1,
2.023E+11,155 616 567,A01,1,33,0,2,1,1,1,
2.023E+11,155 616 571,B01,1,7,0,2,8,10,1,
2.023E+11,155 616 566,A01,1,7,0,0,7,17,0,
2.023E+11,155 616 573,B01,1,7,7,0,9,1,0,
2.023E+11,155 616 562,A01,1,10,2,0,1,1,1,
2.023E+11,155 616 561,B01,1,7,0,0,6,1,1,
2.023E+11,155 616 563,A01,1,33,0,2,2,17,1,
2.023E+11,155 616 560,A01,2,7,0,2,4,11,1,
2.023E+11,155 616 565,B01,2,33,0,2,1,1,1,
2.023E+11,155 616 558,B01,1,33,0,2,1,1,1,
2.023E+11,155 616 564,A01,2,7,0,2,3,15,1,
2.023E+11,155 616 557,A01,1,7,0,0,0,1,1,
2.023E+11,155 616 556,A01,1,7,0,2,1,1,0,
2.023E+11,155 616 559,B01,2,7,0,2,1,13,0,
2.023E+11,155 616 554,A01,3,33,14,0,1,23,1,
2.023E+11,155 616 550,A01,1,7,0,2,1,2,1,
2.023E+11,155 616 555,B01,1,7,0,2,4,2,1,
2.023E+11,155 616 547,A01,1,7,0,1,1,1,1,
2.023E+11,155 616 545,A01,2,7,1,2,3,1,1,
2.023E+11,155 616 552,B01,1,7,0,2,1,15,1,
2.023E+11,155 616 548,A01,2,7,0,0,6,15,1,
2.023E+11,155 616 553,B01,1,7,0,0,1,1,1,
2.023E+11,155 616 546,A01,1,10,0,2,3,13,1,
2.023E+11,155 616 549,B01,2,7,0,2,8,1,1,
2.023E+11,155 616 551,C01,2,7,0,2,3,13,2,
2.023E+11,155 616 544,A01,2,31,0,0,0,1,1,
2.023E+11,155 616 541,A01,2,7,2,0,1,14,1,
2.023E+11,155 616 540,A01,2,7,0,2,3,19,0,
2.023E+11,155 616 542,B01,2,34,0,2,1,1,1,
2.023E+11,155 616 539,A01,2,7,0,0,0,1,1,
2.023E+11,155 616 533,A01,2,31,0,2,1,1,1,
2.023E+11,155 616 536,B01,2,33,0,2,4,1,1,
2.023E+11,155 616 534,A01,2,7,3,2,1,1,1,
2.023E+11,155 616 537,B01,2,17,0,0,4,1,1,
2.023E+11,155 616 531,A01,1,33,0,2,3,1,1,
2.023E+11,155 616 535,B01,1,7,0,2,1,15,1,
2.023E+11,155 616 530,B01,2,10,0,2,3,11,1,
2.023E+11,155 616 532,A01,2,33,0,2,7,3,1,
2.023E+11,155 616 528,A01,1,10,0,2,4,1,1,
2.023E+11,155 616 529,B01,1,10,0,2,1,1,1,
2.023E+11,155 616 524,A01,1,7,0,2,8,15,1,
2.023E+11,155 616 527,B01,1,32,0,2,7,17,1,
2.023E+11,155 616 525,A01,1,7,3,0,1,13,1,
2.023E+11,155 616 522,A01,1,7,0,2,5,1,1,
2.023E+11,155 616 526,B01,1,33,0,2,1,1,1,
2.023E+11,155 616 520,A01,1,7,0,2,2,15,1,
2.023E+11,155 616 523,B01,2,2,0,2,3,1,1,
2.023E+11,155 616 514,A01,2,7,0,2,1,1,1,
2.023E+11,155 616 517,B01,2,7,0,2,4,1,1,
2.023E+11,155 616 515,A01,2,32,0,2,0,1,1,
2.023E+11,155 616 518,B01,2,7,0,2,2,9,1,
2.023E+11,155 616 512,B01,1,7,0,2,6,1,1,
2.023E+11,155 616 516,C01,1,7,0,2,5,23,1,
2.023E+11,155 616 521,A01,1,7,0,2,3,2,1,
2.023E+11,155 616 509,A01,1,32,8,0,0,13,1,
2.023E+11,155 616 508,A01,2,7,2,0,1,14,1,
2.023E+11,155 616 510,A01,2,2,0,2,1,13,0,
2.023E+11,155 616 513,B01,1,7,0,2,3,0,0,
2.023E+11,155 616 506,A01,2,7,0,2,1,2,1,
2.023E+11,155 616 507,B01,2,10,0,2,4,2,1,
2.023E+11,155 616 511,C01,2,7,0,2,4,2,1,
2.023E+11,155 616 502,A01,1,7,0,2,1,2,1,
2.023E+11,155 616 505,B01,2,7,0,2,4,2,1,
2.023E+11,155 616 500,A01,1,7,0,2,3,17,1,
2.023E+11,155 616 504,B01,2,10,0,2,3,1,1,
2.023E+11,155 616 499,B01,2,2,0,0,4,1,1,
2.023E+11,155 616 503,A01,2,7,0,2,2,2,1,
2.023E+11,155 616 497,B01,2,7,0,2,4,2,1,
2.023E+11,155 616 501,A01,2,33,0,2,1,2,1,
2.023E+11,155 616 496,A01,1,33,0,2,1,2,1,
2.023E+11,155 616 498,B01,1,7,0,2,4,2,1,
2.023E+11,155 616 491,A01,1,7,2,0,1,6,1,
2.023E+11,155 616 492,B01,2,7,0,2,4,1,1,
2.023E+11,155 616 495,A01,2,43,0,2,1,2,1,
2.023E+11,155 616 490,A01,1,7,2,0,1,21,1,
2.023E+11,155 616 493,A01,3,32,0,2,2,1,1,
2.023E+11,155 616 494,B01,0,7,0,2,7,15,1,
2.023E+11,155 616 488,B01,2,7,0,2,4,2,1,
2.023E+11,155 616 489,A01,2,10,0,2,1,2,1,
2.023E+11,155 616 484,A01,3,21,0,0,7,15,1,
2.023E+11,155 616 483,B01,1,1,0,2,7,2,5,
2.023E+11,155 616 487,A01,1,14,0,9,7,2,1,
2.023E+11,155 616 482,A01,3,7,0,2,1,12,1,
2.023E+11,155 616 486,B01,3,15,0,2,5,1,1,
2.023E+11,155 616 481,B01,2,7,13,2,3,1,1,
2.023E+11,155 616 485,A01,1,7,6,2,6,19,1,
2.023E+11,155 616 479,A01,2,7,0,1,1,1,1,
2.023E+11,155 616 476,A01,1,43,0,2,7,14,1,
2.023E+11,155 616 480,B01,1,7,0,2,3,1,1,
2.023E+11,155 616 474,A01,2,7,0,2,7,12,1,
2.023E+11,155 616 478,B01,2,33,0,2,3,3,1,
2.023E+11,155 616 472,A01,1,7,0,1,6,26,0,
2.023E+11,155 616 473,A01,2,7,0,2,3,13,1,
2.023E+11,155 616 475,B01,1,7,0,2,3,1,1,
2.023E+11,155 616 470,A01,1,33,0,0,6,1,1,
2.023E+11,155 616 469,C01,3,7,0,2,6,1,1,
2.023E+11,155 616 471,B01,3,7,0,2,8,1,1,
2.023E+11,155 616 477,A01,3,7,0,2,3,13,1,
2.023E+11,155 616 466,A01,1,7,0,2,1,2,1,
2.023E+11,155 616 468,B01,1,7,0,2,4,2,1,
2.023E+11,155 616 463,A01,2,7,0,1,7,14,1,
2.023E+11,155 616 461,A01,1,32,0,2,3,3,1,
2.023E+11,155 616 462,B01,1,7,0,2,2,1,1,
2.023E+11,155 616 465,C01,1,14,0,2,1,1,1,
2.023E+11,155 616 456,A01,2,7,0,0,9,1,1,
2.023E+11,155 616 457,A01,1,7,0,2,1,1,1,
2.023E+11,155 616 460,B01,1,7,0,2,4,1,1,
2.023E+11,155 616 455,A01,1,7,0,9,2,2,1,
2.023E+11,155 616 458,B01,1,1,0,0,4,2,5,
2.023E+11,155 616 453,A01,3,3,0,2,3,1,0,
2.023E+11,155 616 459,B01,0,3,0,2,8,1,0,
2.023E+11,155 616 452,A01,1,10,1,0,1,26,1,
2.023E+11,155 616 454,B01,1,10,0,2,4,24,1,
2.023E+11,155 616 450,A01,2,7,2,0,3,13,1,
2.023E+11,155 616 449,A01,2,7,0,2,1,1,1,
2.023E+11,155 616 451,B01,2,10,0,2,4,1,1,
2.023E+11,155 616 447,A01,-1,33,13,0,8,1,1,
2.023E+11,155 616 448,A01,1,7,2,0,1,1,1,
2.023E+11,155 616 444,A01,2,7,0,2,1,1,1,
2.023E+11,155 616 445,B01,2,7,0,2,4,1,1,
2.023E+11,155 616 440,A01,3,7,0,2,3,15,1,
2.023E+11,155 616 443,B01,3,33,0,2,1,1,1,
2.023E+11,155 616 442,A01,3,7,5,2,3,1,1,
2.023E+11,155 616 446,B01,3,7,11,2,1,16,3,
2.023E+11,155 616 441,A01,1,15,0,1,3,1,1,
2.023E+11,155 616 434,A01,1,7,0,2,2,1,2,
2.023E+11,155 616 438,B01,1,7,0,2,8,1,1,
2.023E+11,155 616 433,B01,1,7,0,2,1,15,1,
2.023E+11,155 616 436,A01,2,33,0,2,1,1,1,
2.023E+11,155 616 430,A01,2,14,0,2,4,2,1,
2.023E+11,155 616 432,B01,2,10,0,2,1,0,1,
2.023E+11,155 616 426,B01,3,7,0,2,1,5,1,
2.023E+11,155 616 428,A01,3,30,0,2,1,1,1,
2.023E+11,155 616 422,A01,1,7,0,2,2,2,1,
2.023E+11,155 616 425,B01,1,2,0,2,6,0,1,
2.023E+11,155 616 423,B01,1,2,0,2,1,1,1,
2.023E+11,155 616 427,A01,2,7,0,2,1,15,1,
2.023E+11,155 616 421,A01,2,14,0,2,1,2,1,
2.023E+11,155 616 424,B01,2,7,0,2,4,2,0,
2.023E+11,155 616 416,Z01,2,0,0,1,0,0,0,
2.023E+11,155 616 417,A01,3,7,0,2,1,1,0,
2.023E+11,155 616 420,Z01,0,7,0,2,7,15,0,
2.023E+11,155 616 414,B01,3,7,0,2,3,19,0,
2.023E+11,155 616 419,A01,1,7,0,0,6,1,1,
2.023E+11,155 616 413,A01,1,10,3,2,1,17,1,
2.023E+11,155 616 415,B01,1,7,0,2,8,1,1,
2.023E+11,155 616 418,C01,1,7,0,2,3,12,1,
2.023E+11,155 616 410,A01,2,7,0,2,2,12,1,
2.023E+11,155 616 412,B01,2,33,0,2,8,3,1,
2.023E+11,155 616 407,B01,2,2,0,2,1,1,1,
2.023E+11,155 616 409,A01,1,7,0,2,2,15,1,
2.023E+11,155 616 402,C01,1,7,0,2,3,1,1,
2.023E+11,155 616 403,B01,1,15,0,2,6,1,1,
2.023E+11,155 616 405,A01,2,7,0,2,1,1,1,
2.023E+11,155 616 406,A01,0,7,0,2,3,15,1,
2.023E+11,155 616 408,B01,0,33,0,2,1,1,1,
2.023E+11,155 616 401,A01,1,31,0,2,3,26,1,
2.023E+11,155 616 404,B01,1,7,0,2,7,12,1,
2.023E+11,155 616 400,A01,2,10,2,0,2,14,1,
2.023E+11,155 616 397,A01,1,7,0,2,1,2,1,
2.023E+11,155 616 399,B01,1,7,0,2,4,23,1,
2.023E+11,155 616 411,C01,1,7,0,2,3,2,1,
2.023E+11,155 616 394,Z01,2,7,0,2,8,1,0,