Num_Acc,id_vehicule,num_veh,senc,catv,obs,obsm,choc,manv,motor,occutc
2.023E+11,155 616 396,A01,2,32,0,2,7,12,1,
2.023E+11,155 616 392,A01,2,7,0,2,1,17,1,
2.023E+11,155 616 395,B01,2,14,0,0,8,17,1,
2.023E+11,155 616 393,B01,3,32,0,2,7,26,1,
2.023E+11,155 616 398,A01,2,7,0,2,1,26,1,
2.023E+11,155 616 390,B01,1,7,3,2,1,17,1,
2.023E+11,155 616 391,A01,1,7,3,2,4,17,1,
2.023E+11,155 616 387,A01,2,7,13,0,1,13,1,
2.023E+11,155 616 386,B01,1,7,0,2,3,11,1,
2.023E+11,155 616 389,A01,1,33,0,2,2,1,1,
2.023E+11,155 616 382,B01,1,7,0,2,4,2,0,
2.023E+11,155 616 383,C01,1,7,0,2,4,0,1,
2.023E+11,155 616 385,A01,1,10,0,2,1,2,1,
2.023E+11,155 616 381,A01,2,7,17,0,1,1,1,
2.023E+11,155 616 375,A01,1,7,0,2,1,2,1,
2.023E+11,155 616 377,B01,1,10,0,2,4,2,1,
2.023E+11,155 616 374,B01,1,33,0,2,0,0,1,
2.023E+11,155 616 378,A01,1,7,0,2,3,1,2,
2.023E+11,155 616 380,C01,1,7,0,2,4,1,1,
2.023E+11,155 616 373,A01,0,7,0,1,2,1,6,
2.023E+11,155 616 372,A01,1,7,0,2,1,12,1,
2.023E+11,155 616 376,C01,1,7,0,2,4,1,1,
2.023E+11,155 616 379,B01,1,33,0,2,1,3,1,
2.023E+11,155 616 366,B01,1,7,0,2,1,1,1,
2.023E+11,155 616 370,A01,1,7,0,0,0,0,0,
2.023E+11,155 616 367,A01,1,7,0,2,3,1,1,
2.023E+11,155 616 369,B01,2,7,0,2,3,13,1,
2.023E+11,155 616 365,B01,2,33,0,2,6,2,1,
2.023E+11,155 616 368,A01,1,32,0,2,1,2,1,
2.023E+11,155 616 360,B01,3,10,0,2,8,1,1,
2.023E+11,155 616 364,A01,1,7,0,2,1,1,1,
2.023E+11,155 616 361,A01,3,7,0,2,1,9,1,
2.023E+11,155 616 363,B01,1,2,0,2,1,26,1,
2.023E+11,155 616 358,A01,1,7,0,2,1,2,1,
2.023E+11,155 616 371,B01,1,17,0,2,4,2,1,
2.023E+11,155 616 359,Z01,2,10,0,2,2,1,0,
2.023E+11,155 616 362,A01,2,1,0,2,8,18,5,
2.023E+11,155 616 355,A01,1,33,0,0,7,12,0,
2.023E+11,155 616 353,B01,2,7,0,2,1,1,1,
2.023E+11,155 616 356,A01,1,7,0,2,1,1,1,
2.023E+11,155 616 354,A01,1,7,0,2,7,15,1,
2.023E+11,155 616 357,B01,2,33,0,2,2,1,1,
2.023E+11,155 616 349,B01,2,7,4,2,6,1,1,
2.023E+11,155 616 351,A01,2,31,4,2,2,12,1,
2.023E+11,155 616 350,A01,1,1,0,2,1,1,5,
2.023E+11,155 616 352,B01,1,7,0,0,0,23,1,
2.023E+11,155 616 346,B01,1,1,0,2,3,2,5,
2.023E+11,155 616 347,A01,1,7,0,9,5,17,1,
2.023E+11,155 616 345,A01,1,7,0,2,1,19,1,
2.023E+11,155 616 348,B01,1,1,0,2,7,2,5,
2.023E+11,155 616 343,B01,1,7,0,2,6,26,1,
2.023E+11,155 616 344,A01,1,33,0,2,2,3,1,
2.023E+11,155 616 342,A01,3,50,0,1,0,1,3,
2.023E+11,155 616 341,A01,0,7,0,1,1,15,0,
2.023E+11,155 616 339,A01,1,7,0,1,1,1,3,
2.023E+11,155 616 338,A01,2,32,0,2,2,3,1,
2.023E+11,155 616 340,B01,2,10,0,2,8,11,0,
2.023E+11,155 616 331,B01,1,10,0,2,1,2,1,
2.023E+11,155 616 334,A01,1,7,0,2,4,2,1,
2.023E+11,155 616 330,C01,0,7,0,2,4,1,1,
2.023E+11,155 616 333,A01,0,7,0,2,1,1,1,
2.023E+11,155 616 336,B01,0,7,0,2,4,1,1,
2.023E+11,155 616 337,A01,1,33,1,0,4,14,1,
2.023E+11,155 616 329,A01,2,7,0,2,1,1,1,
2.023E+11,155 616 332,Z01,1,7,0,2,1,13,1,
2.023E+11,155 616 335,B01,2,7,0,2,1,1,1,
2.023E+11,155 616 325,B01,2,30,0,0,8,1,1,
2.023E+11,155 616 328,A01,1,7,0,0,1,1,2,
2.023E+11,155 616 323,B01,1,37,0,2,2,1,1,2
2.023E+11,155 616 326,A01,1,7,0,2,1,9,1,
2.023E+11,155 616 322,A01,2,7,0,2,1,2,1,
2.023E+11,155 616 324,B01,2,14,0,2,4,1,1,
2.023E+11,155 616 321,A01,1,1,0,0,7,1,5,
2.023E+11,155 616 318,A01,3,7,1,0,1,13,1,
2.023E+11,155 616 317,A01,1,2,0,2,0,5,0,
2.023E+11,155 616 320,B01,2,7,0,2,2,1,1,
2.023E+11,155 616 316,B01,2,14,0,2,0,0,1,
2.023E+11,155 616 319,A01,2,7,0,2,0,9,1,
2.023E+11,155 616 312,A01,3,1,0,2,1,19,5,
2.023E+11,155 616 314,B01,1,31,0,2,8,1,1,
2.023E+11,155 616 310,A01,3,10,0,2,1,1,1,
2.023E+11,155 616 315,B01,3,33,0,2,3,1,1,
2.023E+11,155 616 311,A01,2,7,4,2,5,12,1,
2.023E+11,155 616 313,B01,2,33,4,2,1,3,1,
2.023E+11,155 616 308,A01,2,30,0,1,1,1,1,
2.023E+11,155 616 306,A01,3,33,0,2,7,17,1,
2.023E+11,155 616 309,B01,3,80,0,2,8,1,3,
2.023E+11,155 616 305,A01,2,10,0,2,2,2,1,
2.023E+11,155 616 307,B01,2,7,0,2,6,2,1,
2.023E+11,155 616 302,A01,1,7,0,2,3,15,1,
2.023E+11,155 616 304,B01,2,2,0,2,1,1,1,
2.023E+11,155 616 301,A01,1,10,0,2,1,11,1,
2.023E+11,155 616 303,B01,1,7,0,2,7,1,2,
2.023E+11,155 616 297,B01,2,7,0,2,4,1,1,
2.023E+11,155 616 298,A01,2,10,0,2,1,1,1,
2.023E+11,155 616 300,Z01,2,30,0,1,1,1,0,
2.023E+11,155 616 296,A01,2,7,0,1,1,1,1,
2.023E+11,155 616 293,A01,1,7,2,0,1,13,1,
2.023E+11,155 616 294,A01,1,7,0,2,5,11,1,
2.023E+11,155 616 295,EB01,1,33,0,2,1,3,1,
2.023E+11,155 616 290,A01,1,7,0,2,8,11,1,
2.023E+11,155 616 292,B01,2,15,0,2,1,1,1,
2.023E+11,155 616 289,A01,2,7,0,2,1,1,1,
2.023E+11,155 616 291,B01,2,10,0,2,4,2,1,
2.023E+11,155 616 288,Z01,1,30,0,1,2,1,0,
2.023E+11,155 616 284,B01,2,33,0,2,8,3,1,
2.023E+11,155 616 286,A01,2,10,0,2,7,12,0,
2.023E+11,155 616 281,A01,3,7,0,2,3,15,3,
2.023E+11,155 616 283,B01,3,31,0,2,2,17,1,
2.023E+11,155 616 279,B01,2,7,0,2,4,11,1,
2.023E+11,155 616 282,A01,2,33,0,2,1,3,1,
2.023E+11,155 616 277,A01,2,33,0,0,1,1,1,
2.023E+11,155 616 275,A01,1,10,0,0,7,14,1,
2.023E+11,155 616 274,B01,2,7,0,2,4,2,1,
2.023E+11,155 616 276,A01,2,7,0,2,1,2,1,
2.023E+11,155 616 270,B01,2,31,0,2,1,1,1,
2.023E+11,155 616 272,A01,2,7,0,2,8,11,1,
2.023E+11,155 616 269,B01,1,33,0,2,2,13,1,
2.023E+11,155 616 271,A01,1,7,0,2,6,17,1,
2.023E+11,155 616 273,A01,2,32,0,0,0,21,1,
2.023E+11,155 616 266,A01,2,33,0,2,1,11,1,
2.023E+11,155 616 268,B01,2,10,0,2,6,2,1,
2.023E+11,155 616 265,A01,1,10,0,2,1,1,1,
2.023E+11,155 616 267,B01,2,20,0,2,5,15,1,
2.023E+11,155 616 263,Z01,3,50,0,1,0,25,3,
2.023E+11,155 616 261,B01,1,1,0,2,8,1,5,
2.023E+11,155 616 262,A01,2,7,0,2,3,15,1,
2.023E+11,155 616 258,B01,2,7,0,2,3,1,2,
2.023E+11,155 616 260,A01,2,80,0,2,1,1,3,
2.023E+11,155 616 256,A01,3,10,0,2,2,1,1,
2.023E+11,155 616 264,B01,3,7,0,2,3,1,1,
2.023E+11,155 616 257,B01,1,60,0,2,1,1,5,
2.023E+11,155 616 259,A01,1,7,0,2,8,9,2,
2.023E+11,155 616 254,B01,3,7,1,2,5,15,3,
2.023E+11,155 616 255,A01,3,7,1,2,2,21,1,
2.023E+11,155 616 253,A01,0,7,0,1,1,5,1,
2.023E+11,155 616 249,B01,1,7,0,0,4,23,0,
2.023E+11,155 616 251,A01,1,7,0,2,1,0,0,
2.023E+11,155 616 250,B01,3,80,0,2,8,1,3,
2.023E+11,155 616 252,A01,3,7,0,2,7,16,1,
2.023E+11,155 616 247,A01,1,7,0,2,6,11,1,
2.023E+11,155 616 248,B01,2,7,0,2,1,2,1,
2.023E+11,155 616 245,A01,2,1,0,2,8,1,5,
2.023E+11,155 616 246,B01,1,80,0,2,0,11,3,
2.023E+11,155 616 244,A01,0,7,0,1,4,26,0,
2.023E+11,155 616 243,A01,1,7,1,0,3,1,1,
2.023E+11,155 616 241,A01,3,1,0,2,1,1,5,
2.023E+11,155 616 242,B01,3,7,0,2,3,11,1,
2.023E+11,155 616 239,B01,1,30,0,2,1,1,0,
2.023E+11,155 616 240,A01,1,7,0,2,3,9,1,
2.023E+11,155 616 238,A01,2,10,0,1,1,16,1,
2.023E+11,155 616 237,A01,1,32,0,1,1,17,1,
2.023E+11,155 616 233,A01,1,7,0,2,0,0,0,
2.023E+11,155 616 235,BB01,1,1,0,2,1,0,5,
2.023E+11,155 616 234,A01,1,10,0,2,8,24,1,
2.023E+11,155 616 236,B01,1,1,0,2,1,1,5,
2.023E+11,155 616 231,A01,0,7,0,1,0,0,1,
2.023E+11,155 616 229,A01,2,7,0,1,2,21,1,
2.023E+11,155 616 230,A01,2,32,0,2,1,2,1,
2.023E+11,155 616 232,B01,2,32,0,2,4,2,1,
2.023E+11,155 616 227,A01,3,7,7,0,1,9,2,
2.023E+11,155 616 226,A01,1,30,0,2,1,1,1,
2.023E+11,155 616 228,B01,1,37,0,2,4,7,1,1
2.023E+11,155 616 225,A01,1,2,0,1,1,1,1,
2.023E+11,155 616 224,A01,3,7,0,1,1,1,1,
2.023E+11,155 616 223,A01,2,32,0,1,1,18,1,
2.023E+11,155 616 222,A01,2,7,0,1,2,1,1,
2.023E+11,155 616 220,B01,2,7,0,2,2,17,0,
2.023E+11,155 616 221,A01,2,37,0,2,3,1,6,2
2.023E+11,155 616 219,A01,2,7,1,0,1,1,1,
2.023E+11,155 616 218,A01,1,60,0,0,0,0,5,
2.023E+11,155 616 215,A01,1,7,0,2,5,23,1,
2.023E+11,155 616 217,B01,2,1,0,2,1,1,5,
2.023E+11,155 616 216,B01,3,7,8,1,1,16,0,
2.023E+11,155 616 213,A01,1,33,0,9,1,1,1,
2.023E+11,155 616 214,B01,2,1,0,2,8,19,5,
2.023E+11,155 616 212,A01,1,7,0,1,1,0,1,
2.023E+11,155 616 211,A01,2,7,1,0,1,0,1,
2.023E+11,155 616 208,B01,1,7,0,2,5,15,1,
2.023E+11,155 616 210,A01,2,2,0,2,1,1,1,
2.023E+11,155 616 209,A01,1,32,0,1,1,1,1,
2.023E+11,155 616 206,A01,3,7,0,2,5,15,0,
2.023E+11,155 616 207,B01,0,2,0,2,1,1,1,
2.023E+11,155 616 205,A01,1,7,9,0,1,1,1,
2.023E+11,155 616 203,A01,3,7,0,2,3,9,1,
2.023E+11,155 616 204,B01,3,1,0,0,7,1,5,
2.023E+11,155 616 201,A01,1,7,0,0,0,0,1,
2.023E+11,155 616 202,B01,1,2,0,2,1,0,1,
2.023E+11,155 616 199,B01,2,33,0,2,1,5,1,
2.023E+11,155 616 200,A01,1,10,0,2,3,2,1,
2.023E+11,155 616 198,A01,2,7,0,1,7,1,1,
2.023E+11,155 616 197,A01,2,7,0,1,1,1,1,
2.023E+11,155 616 196,A01,3,7,0,1,1,15,0,
2.023E+11,155 616 194,A01,2,7,0,2,1,1,0,
2.023E+11,155 616 195,B01,1,7,0,2,2,6,0,
2.023E+11,155 616 192,B01,1,1,0,2,0,0,5,
2.023E+11,155 616 193,A01,1,14,0,2,7,2,1,
2.023E+11,155 616 189,A01,1,1,0,0,1,14,5,
2.023E+11,155 616 188,B01,3,17,0,2,1,1,1,
2.023E+11,155 616 190,A01,3,7,0,2,1,13,1,
2.023E+11,155 616 187,B01,2,7,0,2,1,1,1,
2.023E+11,155 616 191,A01,1,7,0,0,1,13,1,
2.023E+11,155 616 186,A01,2,1,0,0,1,1,5,
2.023E+11,155 616 185,A01,1,10,13,0,7,21,1,
2.023E+11,155 616 184,A01,1,7,13,0,2,1,1,
2.023E+11,155 616 182,A01,0,7,13,0,9,0,1,
2.023E+11,155 616 181,B01,2,31,0,2,3,1,3,
2.023E+11,155 616 183,A01,2,7,0,2,2,12,1,
2.023E+11,155 616 179,B01,1,31,2,2,4,17,1,
2.023E+11,155 616 180,A01,1,7,0,2,3,15,1,
2.023E+11,155 616 175,B01,2,7,0,2,3,2,1,
2.023E+11,155 616 178,A01,2,7,3,0,7,2,1,
2.023E+11,155 616 174,A01,1,7,0,2,2,16,2,
2.023E+11,155 616 177,B01,1,1,0,2,4,2,5,
2.023E+11,155 616 173,A01,1,7,0,2,1,5,0,
2.023E+11,155 616 176,B01,2,7,0,2,1,1,0,
2.023E+11,155 616 171,B01,2,7,0,2,7,1,1,
2.023E+11,155 616 172,A01,3,7,0,2,1,15,1,
2.023E+11,155 616 169,A01,2,33,0,0,7,1,1,
2.023E+11,155 616 168,B01,1,1,0,2,2,11,5,
2.023E+11,155 616 170,A01,1,10,0,2,4,4,1,
2.023E+11,155 616 167,A01,1,7,9,0,5,5,1,
2.023E+11,155 616 164,A01,2,7,0,2,2,16,2,
2.023E+11,155 616 165,B01,1,1,0,2,2,1,5,
2.023E+11,155 616 162,A01,2,7,0,2,3,17,1,
2.023E+11,155 616 166,B01,1,7,0,2,1,1,1,
2.023E+11,155 616 160,B01,2,10,0,2,4,1,1,
2.023E+11,155 616 161,C01,2,7,0,2,4,1,1,
2.023E+11,155 616 163,A01,2,7,0,2,1,1,1,
2.023E+11,155 616 157,A01,2,7,0,2,3,1,1,
2.023E+11,155 616 159,B01,1,7,0,2,8,1,1,
2.023E+11,155 616 156,A01,1,32,1,2,1,17,1,
2.023E+11,155 616 158,B01,1,7,0,2,3,15,3,
2.023E+11,155 616 151,B01,1,7,0,2,3,1,1,
2.023E+11,155 616 152,A01,2,7,0,2,3,1,1,
2.023E+11,155 616 153,A01,1,7,0,2,1,1,1,
2.023E+11,155 616 154,C01,1,7,0,2,4,1,1,
2.023E+11,155 616 155,B01,1,7,0,2,4,1,1,
2.023E+11,155 616 150,A01,2,7,0,1,1,0,0,
2.023E+11,155 616 148,A01,2,10,0,1,2,1,1,
2.023E+11,155 616 149,A01,1,7,16,0,1,14,1,
2.023E+11,155 616 145,B01,2,7,0,2,6,0,1,
2.023E+11,155 616 147,A01,2,33,0,2,1,2,1,
2.023E+11,155 616 143,A01,2,20,0,2,3,1,1,
2.023E+11,155 616 144,B01,2,7,0,2,2,17,1,
2.023E+11,155 616 146,C01,2,7,1,0,1,1,1,
2.023E+11,155 616 142,A01,1,7,0,1,1,1,2,
2.023E+11,155 616 141,A01,3,7,1,0,2,1,1,
2.023E+11,155 616 138,A01,2,7,0,2,2,5,1,
2.023E+11,155 616 140,B01,1,10,0,2,2,5,1,
2.023E+11,155 616 136,A01,1,32,0,2,1,1,1,
2.023E+11,155 616 137,A01,3,7,0,2,1,9,1,
2.023E+11,155 616 139,B01,1,33,0,2,7,1,1,
2.023E+11,155 616 135,A01,1,7,0,1,2,1,3,
2.023E+11,155 616 133,A01,0,31,0,0,0,26,1,
2.023E+11,155 616 134,A01,0,7,0,1,8,1,0,
2.023E+11,155 616 131,B01,1,14,0,2,3,1,1,
2.023E+11,155 616 132,A01,2,7,0,2,3,13,1,
2.023E+11,155 616 128,B01,2,7,0,2,2,16,1,
2.023E+11,155 616 130,A01,2,34,0,2,8,18,1,
2.023E+11,155 616 125,B01,1,17,0,2,1,21,1,
2.023E+11,155 616 127,A01,2,7,0,2,1,13,1,
2.023E+11,155 616 122,C01,2,60,0,0,4,2,5,
2.023E+11,155 616 124,D01,2,7,0,2,2,1,1,
2.023E+11,155 616 126,B01,2,1,0,0,0,2,5,
2.023E+11,155 616 129,A01,2,1,0,0,0,2,5,
2.023E+11,155 616 120,A01,3,7,0,2,2,1,1,
2.023E+11,155 616 123,B01,3,7,0,2,1,1,1,
2.023E+11,155 616 119,A01,1,7,2,0,1,13,1,
2.023E+11,155 616 118,A01,1,7,0,2,1,15,1,
2.023E+11,155 616 121,B01,2,7,0,2,1,1,1,
2.023E+11,155 616 116,B01,2,50,0,2,1,25,3,
2.023E+11,155 616 117,A01,1,1,0,2,1,25,5,
2.023E+11,155 616 114,A01,1,7,0,1,1,15,1,
2.023E+11,155 616 113,A01,1,2,0,2,2,1,1,
2.023E+11,155 616 115,B01,1,7,0,0,6,9,1,
2.023E+11,155 616 110,A01,1,2,0,0,0,0,1,
2.023E+11,155 616 111,B01,1,7,0,2,5,1,1,
2.023E+11,155 616 112,A01,1,7,0,2,3,1,1,
2.023E+11,155 616 108,A01,2,7,0,0,4,17,1,
2.023E+11,155 616 109,B01,2,7,0,2,1,2,1,
2.023E+11,155 616 106,A01,2,7,0,0,0,14,0,
2.023E+11,155 616 105,A01,1,7,0,2,6,20,1,
2.023E+11,155 616 107,B01,1,33,0,2,1,0,1,
2.023E+11,155 616 102,A01,1,10,0,1,5,16,0,
2.023E+11,155 616 103,A01,1,7,0,2,5,12,1,
2.023E+11,155 616 104,B01,1,32,0,2,8,0,1,
2.023E+11,155 616 100,B01,3,80,0,2,7,1,3,
2.023E+11,155 616 101,A01,3,7,0,2,7,16,0,
2.023E+11,155 616 099,A01,1,7,0,0,2,1,1,
2.023E+11,155 616 094,B01,1,7,0,2,2,16,1,
2.023E+11,155 616 097,A01,1,43,0,2,3,18,1,
2.023E+11,155 616 092,A01,2,7,0,2,3,13,1,
2.023E+11,155 616 093,C01,1,7,0,2,1,1,1,
2.023E+11,155 616 096,B01,1,7,0,2,3,1,1,
2.023E+11,155 616 089,B01,1,37,0,2,8,15,0,1
2.023E+11,155 616 091,A01,1,50,0,2,1,7,3,
2.023E+11,155 616 088,B01,1,17,0,0,4,2,1,
2.023E+11,155 616 090,A01,1,7,0,2,1,2,0,
2.023E+11,155 616 087,A01,1,7,0,1,3,0,1,
2.023E+11,155 616 085,A01,2,50,1,0,1,26,3,
2.023E+11,155 616 086,B01,2,7,1,0,0,24,1,
2.023E+11,155 616 084,A01,0,32,0,0,8,9,1,
2.023E+11,155 616 083,A01,1,7,4,0,0,2,1,
2.023E+11,155 616 081,A01,1,7,0,1,1,1,1,
2.023E+11,155 616 079,A01,2,7,0,2,3,11,1,
2.023E+11,155 616 080,B01,2,7,0,2,7,17,1,
2.023E+11,155 616 082,C01,2,15,0,2,8,2,1,
2.023E+11,155 616 077,A01,2,7,0,1,1,1,1,
2.023E+11,155 616 078,A01,1,7,2,0,1,1,1,
2.023E+11,155 616 075,A01,3,31,0,2,1,1,1,
2.023E+11,155 616 076,B01,3,7,0,2,3,20,1,
2.023E+11,155 616 072,B01,1,7,0,2,2,16,0,
2.023E+11,155 616 074,A01,1,30,0,2,3,18,1,
2.023E+11,155 616 071,B01,2,7,0,2,3,1,1,
2.023E+11,155 616 073,A01,2,7,0,2,0,1,1,
2.023E+11,155 616 068,A01,2,7,0,2,2,12,1,
2.023E+11,155 616 070,B01,2,15,0,0,6,0,1,
2.023E+11,155 616 067,A01,1,30,0,2,7,16,1,
2.023E+11,155 616 069,B01,1,30,0,2,1,18,1,
2.023E+11,155 616 065,A01,2,7,0,1,2,1,1,
2.023E+11,155 616 063,A01,2,7,0,2,3,1,1,
2.023E+11,155 616 066,B01,3,1,0,2,1,3,5,
2.023E+11,155 616 061,A01,1,15,1,0,1,1,1,
2.023E+11,155 616 062,B01,1,10,0,0,4,24,1,
2.023E+11,155 616 064,C01,1,7,0,0,3,24,1,
2.023E+11,155 616 058,B01,3,1,0,2,1,0,5,
2.023E+11,155 616 060,A01,3,7,0,2,3,1,3,
2.023E+11,155 616 057,A01,2,10,0,0,1,0,1,
2.023E+11,155 616 056,A01,2,7,0,2,3,13,1,
2.023E+11,155 616 059,B01,1,15,0,2,8,1,1,
2.023E+11,155 616 055,A01,3,7,0,0,2,1,1,
2.023E+11,155 616 054,Z01,1,7,0,1,0,0,0,
2.023E+11,155 616 053,A01,1,33,12,0,1,5,1,
2.023E+11,155 616 052,A01,1,7,0,1,0,1,1,
2.023E+11,155 616 049,B01,0,7,0,2,1,19,0,
2.023E+11,155 616 051,A01,2,7,0,2,2,1,0,
2.023E+11,155 616 048,A01,1,43,13,0,1,1,1,
2.023E+11,155 616 047,B01,2,7,0,5,1,1,1,
2.023E+11,155 616 050,A01,1,7,0,2,3,13,1,
2.023E+11,155 616 045,A01,2,7,0,1,2,1,1,
2.023E+11,155 616 041,A01,1,7,0,9,1,2,1,
2.023E+11,155 616 042,B01,1,50,0,0,8,13,3,
2.023E+11,155 616 039,B01,1,60,0,2,8,19,5,
2.023E+11,155 616 043,A01,1,10,0,2,1,19,1,
2.023E+11,155 616 038,B01,1,33,0,2,1,17,1,
2.023E+11,155 616 040,A01,1,7,0,0,6,15,1,
2.023E+11,155 616 037,A01,1,37,6,0,1,1,1,1
2.023E+11,155 616 035,B01,1,10,0,2,6,11,1,
2.023E+11,155 616 036,A01,1,32,0,2,7,1,1,
2.023E+11,155 616 034,A01,3,7,2,0,1,14,1,
2.023E+11,155 616 032,B01,2,1,0,2,8,16,5,
2.023E+11,155 616 033,A01,2,14,0,2,7,16,1,
2.023E+11,155 616 027,B01,1,7,0,0,8,1,1,
2.023E+11,155 616 030,A01,1,7,0,0,1,19,1,
2.023E+11,155 616 028,B01,2,33,0,2,3,1,0,
2.023E+11,155 616 031,A01,2,7,0,2,5,12,0,
2.023E+11,155 616 026,A01,2,7,0,2,5,10,0,
2.023E+11,155 616 029,B01,2,33,0,2,1,16,0,
2.023E+11,155 616 024,A01,3,7,6,1,4,26,1,
2.023E+11,155 616 025,A01,2,33,0,2,1,0,1,
2.023E+11,155 616 021,A01,1,15,0,2,4,11,1,
2.023E+11,155 616 023,B01,1,13,0,2,1,1,1,
2.023E+11,155 616 019,B01,2,80,0,2,1,0,3,
2.023E+11,155 616 022,A01,2,7,0,9,3,0,1,
2.023E+11,155 616 020,A01,2,33,0,9,0,1,1,
2.023E+11,155 616 016,A01,2,7,0,2,1,5,1,
2.023E+11,155 616 018,B01,1,7,0,2,1,1,1,
2.023E+11,155 616 015,A01,1,7,0,2,8,11,1,
2.023E+11,155 616 017,B01,1,33,0,2,7,1,1,
2.023E+11,155 616 012,A01,2,80,0,0,0,26,3,
2.023E+11,155 616 011,A01,1,7,4,0,1,1,1,
2.023E+11,155 616 013,B01,2,7,0,2,6,11,1,
2.023E+11,155 616 014,A01,2,43,0,2,2,3,1,
2.023E+11,155 616 009,A01,3,7,0,1,6,4,1,
2.023E+11,155 616 007,A01,1,7,4,2,6,9,0,
2.023E+11,155 616 010,Z01,1,10,0,2,2,14,0,
2.023E+11,155 616 006,B01,1,7,0,2,4,1,1,
2.023E+11,155 616 008,A01,1,7,0,2,1,1,1,
2.023E+11,155 616 004,A01,2,7,0,0,9,5,1,
2.023E+11,155 616 003,A01,1,7,0,2,1,13,1,
2.023E+11,155 616 005,B01,2,7,0,2,1,1,1,
2.023E+11,155 616 000,A01,2,10,0,2,2,12,1,
2.023E+11,155 616 002,B01,2,33,0,2,3,3,1,
2.023E+11,155 615 999,A01,1,7,4,0,3,1,0,
2.023E+11,155 615 997,A01,1,7,0,2,1,1,1,
2.023E+11,155 615 998,C01,1,33,0,0,4,1,1,
2.023E+11,155 616 001,B01,1,43,0,2,4,1,1,
2.023E+11,155 615 995,A01,2,7,4,0,1,2,1,
2.023E+11,155 615 994,A01,1,7,2,0,7,0,1,
2.023E+11,155 615 991,A01,1,33,0,0,9,13,1,
2.023E+11,155 615 990,A01,1,7,0,2,1,1,1,
2.023E+11,155 615 992,B01,1,7,0,2,4,2,1,
2.023E+11,155 615 993,A01,1,31,14,0,1,1,1,
2.023E+11,155 615 996,B01,3,7,0,2,4,23,2,
2.023E+11,155 615 985,Z01,2,7,0,0,0,16,0,
2.023E+11,155 615 987,A01,1,80,0,0,0,1,3,
2.023E+11,155 615 983,A01,2,7,0,0,3,1,1,
2.023E+11,155 615 988,B01,1,7,0,2,3,13,1,
2.023E+11,155 615 984,C01,1,7,0,2,4,2,1,
2.023E+11,155 615 986,A01,1,7,0,2,1,2,1,
2.023E+11,155 615 989,B01,1,7,0,2,4,2,1,
2.023E+11,155 615 982,A01,1,1,0,0,0,1,5,
2.023E+11,155 615 981,A01,2,10,13,0,3,1,1,
2.023E+11,155 615 978,B01,2,10,0,2,4,23,1,
2.023E+11,155 615 980,A01,2,7,0,2,1,2,1,
2.023E+11,155 615 977,A01,1,7,0,2,1,13,1,
2.023E+11,155 615 979,B01,2,7,0,2,1,1,1,
2.023E+11,155 615 975,A01,3,1,0,2,7,9,5,
2.023E+11,155 615 976,B01,3,1,0,2,1,1,5,
2.023E+11,155 615 973,B01,2,7,0,2,3,15,1,
2.023E+11,155 615 974,A01,2,2,0,2,1,1,1,
2.023E+11,155 615 970,A01,3,7,0,0,5,15,0,
2.023E+11,155 615 971,B01,3,33,0,2,3,1,1,
2.023E+11,155 615 969,A01,1,1,0,2,5,2,5,
2.023E+11,155 615 972,B01,1,2,0,2,3,2,3,
2.023E+11,155 615 968,A01,1,7,2,0,0,1,1,
2.023E+11,155 615 966,A01,2,32,0,2,1,17,1,
2.023E+11,155 615 967,B01,1,7,0,2,3,19,1,
2.023E+11,155 615 964,A01,2,7,0,2,3,5,1,
2.023E+11,155 615 965,B01,1,7,0,2,1,1,1,
2.023E+11,155 615 963,A01,3,7,2,0,2,1,1,
2.023E+11,155 615 961,A01,1,7,0,2,3,13,1,
2.023E+11,155 615 962,B01,2,13,0,2,3,1,1,
2.023E+11,155 615 959,A01,2,7,0,2,1,1,1,
2.023E+11,155 615 960,B01,1,7,0,0,1,0,1,
2.023E+11,155 615 958,A01,2,7,0,1,1,17,1,
2.023E+11,155 615 957,A01,1,7,13,0,1,0,1,
2.023E+11,155 615 956,A01,1,10,0,1,4,20,1,
2.023E+11,155 615 952,B01,1,7,0,0,4,2,1,
2.023E+11,155 615 953,A01,1,7,0,2,1,2,1,
2.023E+11,155 615 950,A01,1,7,0,2,1,1,1,
2.023E+11,155 615 951,B01,3,7,0,2,7,19,1,
2.023E+11,155 615 948,A01,3,21,0,0,0,21,1,
2.023E+11,155 615 949,B01,3,33,0,2,8,21,1,
2.023E+11,155 615 946,A01,3,1,0,2,1,15,5,
2.023E+11,155 615 947,B01,1,7,0,2,2,1,1,
2.023E+11,155 615 945,A01,2,43,13,0,1,1,1,
2.023E+11,155 615 943,B01,1,10,0,0,4,23,1,
2.023E+11,155 615 944,A01,1,33,1,0,1,26,1,
2.023E+11,155 615 942,A01,3,14,0,1,4,4,1,
2.023E+11,155 615 941,A01,1,33,0,0,0,1,1,
2.023E+11,155 615 939,A01,1,33,0,2,8,17,1,
2.023E+11,155 615 940,B01,1,7,0,2,7,17,1,
2.023E+11,155 615 938,A01,3,7,8,0,3,26,1,
2.023E+11,155 615 936,A01,1,7,0,2,3,1,1,
2.023E+11,155 615 937,B01,2,7,0,2,3,1,1,