Num_Acc,id_vehicule,num_veh,senc,catv,obs,obsm,choc,manv,motor,occutc
2.023E+11,155 615 012,B01,2,32,0,2,1,7,1,
2.023E+11,155 615 010,A01,1,7,4,0,1,15,1,
2.023E+11,155 615 007,Z01,3,7,0,2,5,15,0,
2.023E+11,155 615 008,A01,3,30,0,2,1,2,0,
2.023E+11,155 615 005,A01,2,7,2,0,1,1,1,
2.023E+11,155 615 003,A01,1,33,0,2,1,3,1,
2.023E+11,155 615 004,B01,1,10,0,2,2,12,1,
2.023E+11,155 615 006,C01,1,7,0,2,7,1,1,
2.023E+11,155 615 009,D01,1,7,0,2,5,1,1,
2.023E+11,155 615 001,B01,2,33,0,2,3,13,1,
2.023E+11,155 615 002,A01,3,7,0,2,3,15,1,
2.023E+11,155 614 998,B01,1,7,0,2,1,1,1,
2.023E+11,155 614 999,A01,1,10,0,2,1,15,1,
2.023E+11,155 615 000,A01,0,7,0,1,2,1,1,
2.023E+11,155 614 997,A01,3,7,16,0,8,1,1,
2.023E+11,155 614 995,A01,3,7,0,2,1,2,1,
2.023E+11,155 614 996,B01,3,7,0,2,5,2,1,
2.023E+11,155 614 994,A01,2,7,3,0,0,0,1,
2.023E+11,155 614 992,A01,1,2,0,0,0,1,0,
2.023E+11,155 614 989,B01,2,7,0,2,3,5,1,
2.023E+11,155 614 990,A01,1,7,0,2,3,1,1,
2.023E+11,155 614 991,A01,1,1,0,2,4,1,5,
2.023E+11,155 614 993,B01,1,7,0,9,1,1,1,
2.023E+11,155 614 987,B01,2,7,0,2,1,1,1,
2.023E+11,155 614 988,A01,1,7,0,2,1,5,1,
2.023E+11,155 614 986,A01,2,7,13,0,1,1,1,
2.023E+11,155 614 982,A01,1,7,0,2,2,13,1,
2.023E+11,155 614 983,B01,2,7,0,2,3,1,1,
2.023E+11,155 614 984,A01,1,7,0,2,7,9,1,
2.023E+11,155 614 985,B01,1,7,0,2,1,1,1,
2.023E+11,155 614 980,A01,1,7,0,2,1,9,1,
2.023E+11,155 614 981,B01,1,1,0,0,5,1,5,
2.023E+11,155 614 979,A01,1,7,4,0,1,0,0,
2.023E+11,155 614 978,A01,1,7,0,1,7,2,1,
2.023E+11,155 614 975,B01,1,2,0,2,1,1,1,
2.023E+11,155 614 977,A01,1,7,0,2,3,6,0,
2.023E+11,155 614 974,A01,1,7,0,2,2,14,1,
2.023E+11,155 614 976,B01,1,33,0,2,3,3,1,
2.023E+11,155 614 973,A01,1,7,7,0,0,2,1,
2.023E+11,155 614 969,A01,1,7,0,2,3,13,1,
2.023E+11,155 614 971,B01,2,7,0,2,3,1,1,
2.023E+11,155 614 970,B01,0,33,0,2,0,0,0,
2.023E+11,155 614 972,A01,0,7,0,0,0,20,1,
2.023E+11,155 614 967,A01,0,30,0,0,1,1,1,
2.023E+11,155 614 966,A01,1,0,0,1,1,1,0,
2.023E+11,155 614 964,C01,2,21,0,2,4,1,1,
2.023E+11,155 614 965,B01,2,33,0,2,4,1,1,
2.023E+11,155 614 968,A01,2,33,0,2,1,1,1,
2.023E+11,155 614 963,A01,3,33,0,0,9,10,1,
2.023E+11,155 614 962,A01,1,7,0,1,1,26,1,
2.023E+11,155 614 959,A01,2,7,0,2,3,5,1,
2.023E+11,155 614 961,B01,1,7,0,0,1,1,1,
2.023E+11,155 614 958,B01,3,1,0,2,8,1,5,
2.023E+11,155 614 960,A01,3,3,0,2,3,1,1,
2.023E+11,155 614 957,A01,1,7,13,0,1,0,1,
2.023E+11,155 614 953,A01,3,7,0,2,1,2,0,
2.023E+11,155 614 956,B01,1,31,0,2,4,23,1,
2.023E+11,155 614 954,B01,1,7,6,2,3,1,0,
2.023E+11,155 614 955,A01,2,7,0,2,3,13,0,
2.023E+11,155 614 949,B01,1,7,0,2,3,15,5,
2.023E+11,155 614 951,A01,1,7,0,9,2,17,1,
2.023E+11,155 614 950,A01,1,33,0,2,0,1,1,
2.023E+11,155 614 952,B01,1,7,0,2,4,26,1,
2.023E+11,155 614 948,A01,1,7,0,1,3,1,1,
2.023E+11,155 614 946,A01,2,7,0,0,9,1,1,
2.023E+11,155 614 947,A01,2,7,0,1,1,1,1,
2.023E+11,155 614 942,B01,2,10,0,2,4,2,1,
2.023E+11,155 614 943,C01,2,7,0,2,4,2,1,
2.023E+11,155 614 944,A01,2,7,0,0,4,1,1,
2.023E+11,155 614 945,D01,2,7,0,2,1,2,1,
2.023E+11,155 614 940,A01,2,7,0,1,2,1,1,
2.023E+11,155 614 939,A01,2,2,14,0,1,5,1,
2.023E+11,155 614 941,A01,1,33,0,0,0,1,1,
2.023E+11,155 614 936,A01,2,7,0,2,3,21,1,
2.023E+11,155 614 937,B01,2,7,0,2,1,19,1,
2.023E+11,155 614 935,B01,2,10,0,2,1,15,1,
2.023E+11,155 614 938,A01,1,21,0,2,0,0,1,
2.023E+11,155 614 934,A01,1,7,8,9,1,1,1,
2.023E+11,155 614 933,A01,2,33,0,0,1,1,1,
2.023E+11,155 614 929,B01,2,7,0,0,6,1,1,
2.023E+11,155 614 930,D01,2,7,0,0,2,1,1,
2.023E+11,155 614 931,C01,2,7,0,0,3,1,1,
2.023E+11,155 614 932,A01,2,7,0,0,5,1,1,
2.023E+11,155 614 927,A01,2,2,0,0,0,1,1,
2.023E+11,155 614 926,A01,1,33,0,2,7,1,1,
2.023E+11,155 614 928,Z01,1,10,0,2,3,11,0,
2.023E+11,155 614 925,A01,1,7,0,1,2,1,1,
2.023E+11,155 614 924,A01,1,7,6,0,3,1,1,
2.023E+11,155 614 920,B01,2,7,0,2,1,1,2,
2.023E+11,155 614 922,A01,2,7,0,2,8,1,0,
2.023E+11,155 614 918,A01,2,7,2,0,9,21,1,
2.023E+11,155 614 919,A01,2,14,0,2,1,2,1,
2.023E+11,155 614 921,B01,2,10,0,2,4,2,1,
2.023E+11,155 614 923,C01,2,7,0,2,4,2,1,
2.023E+11,155 614 912,C01,2,7,0,2,1,21,1,
2.023E+11,155 614 914,B01,2,7,0,2,4,2,1,
2.023E+11,155 614 915,A01,2,7,0,2,1,2,1,
2.023E+11,155 614 916,D01,2,7,0,2,6,2,1,
2.023E+11,155 614 913,A01,2,1,0,1,1,8,5,
2.023E+11,155 614 910,A01,2,2,1,0,1,0,1,
2.023E+11,155 614 911,B01,2,7,0,2,6,24,1,
2.023E+11,155 614 908,A01,1,32,0,1,1,16,0,
2.023E+11,155 614 904,B01,1,7,0,2,3,10,3,
2.023E+11,155 614 906,A01,1,7,0,2,2,1,1,
2.023E+11,155 614 905,Z01,1,2,0,2,0,5,1,
2.023E+11,155 614 907,B01,2,1,0,2,1,15,5,
2.023E+11,155 614 909,A01,2,1,0,2,0,19,5,
2.023E+11,155 614 901,A01,1,2,0,0,8,1,1,
2.023E+11,155 614 900,A01,1,7,0,2,1,15,1,
2.023E+11,155 614 902,B01,2,2,0,2,1,1,1,
2.023E+11,155 614 898,B01,1,7,0,2,2,1,1,
2.023E+11,155 614 899,A01,2,7,8,2,1,1,1,
2.023E+11,155 614 894,A01,3,7,0,2,3,1,0,
2.023E+11,155 614 895,B01,3,7,0,2,3,11,0,
2.023E+11,155 614 896,A01,2,3,0,2,3,13,3,
2.023E+11,155 614 897,B01,2,50,0,2,2,1,3,
2.023E+11,155 614 892,B01,2,7,0,2,1,1,1,
2.023E+11,155 614 893,A01,1,7,0,2,1,13,1,
2.023E+11,155 614 890,A01,2,7,14,0,2,1,1,
2.023E+11,155 614 889,A01,1,7,2,0,3,1,1,
2.023E+11,155 614 888,A01,2,10,0,2,8,9,1,
2.023E+11,155 614 891,B01,1,33,0,2,1,1,1,
2.023E+11,155 614 886,A01,1,7,0,2,1,9,1,
2.023E+11,155 614 887,B01,1,80,0,2,7,2,3,
2.023E+11,155 614 885,A01,2,33,16,0,7,19,1,
2.023E+11,155 614 883,B01,1,7,0,2,3,1,1,
2.023E+11,155 614 884,A01,2,7,0,2,2,1,1,
2.023E+11,155 614 880,A01,1,7,0,2,1,15,6,
2.023E+11,155 614 882,B01,0,31,0,2,8,1,3,
2.023E+11,155 614 879,A01,0,50,0,1,0,26,3,
2.023E+11,155 614 875,B01,3,7,0,2,7,15,1,
2.023E+11,155 614 877,A01,3,7,0,2,2,1,1,
2.023E+11,155 614 876,Z01,1,7,0,2,5,24,0,
2.023E+11,155 614 878,B01,1,80,1,0,8,1,3,
2.023E+11,155 614 872,C01,2,7,0,2,1,1,1,
2.023E+11,155 614 873,A01,2,7,0,2,1,13,1,
2.023E+11,155 614 874,B01,2,7,0,2,6,1,1,
2.023E+11,155 614 868,C01,2,7,0,2,2,23,1,
2.023E+11,155 614 869,B01,2,7,0,2,1,23,1,
2.023E+11,155 614 870,A01,2,10,0,2,4,26,1,
2.023E+11,155 614 866,A01,1,7,13,0,8,21,1,
2.023E+11,155 614 867,A01,1,1,0,2,8,17,5,
2.023E+11,155 614 871,B01,1,1,0,2,0,1,5,
2.023E+11,155 614 865,A01,2,7,4,0,3,13,1,
2.023E+11,155 614 863,A01,1,7,0,0,0,1,1,
2.023E+11,155 614 864,B01,1,2,0,2,0,1,1,
2.023E+11,155 614 861,B01,1,7,0,2,6,1,1,
2.023E+11,155 614 862,A01,1,7,0,2,2,17,1,
2.023E+11,155 614 860,A01,2,50,0,0,1,1,3,
2.023E+11,155 614 858,A01,2,7,4,2,1,2,1,
2.023E+11,155 614 859,B01,2,7,0,2,4,2,1,
2.023E+11,155 614 856,A01,2,33,0,2,1,2,1,
2.023E+11,155 614 855,A01,1,1,0,2,1,1,5,
2.023E+11,155 614 857,B01,1,31,0,2,2,15,1,
2.023E+11,155 614 851,C01,1,7,0,2,4,2,2,
2.023E+11,155 614 853,B01,1,10,0,2,1,2,1,
2.023E+11,155 614 854,A01,1,7,0,2,4,2,1,
2.023E+11,155 614 852,A01,1,1,12,0,2,14,5,
2.023E+11,155 614 849,Z01,1,7,0,2,3,11,1,
2.023E+11,155 614 850,A01,1,7,0,2,2,1,1,
2.023E+11,155 614 848,A01,1,50,0,1,2,1,3,
2.023E+11,155 614 846,B01,1,7,0,2,2,2,1,
2.023E+11,155 614 847,A01,1,7,0,2,6,23,2,
2.023E+11,155 614 841,D01,1,7,0,2,4,2,1,
2.023E+11,155 614 842,A01,1,7,0,2,1,2,1,
2.023E+11,155 614 843,B01,1,10,0,2,4,2,1,
2.023E+11,155 614 844,C01,1,7,0,2,4,2,1,
2.023E+11,155 614 840,A01,2,30,0,1,0,1,1,
2.023E+11,155 614 845,A01,1,7,0,1,2,1,2,
2.023E+11,155 614 839,A01,0,41,0,1,1,17,0,
2.023E+11,155 614 838,A01,1,30,0,1,1,25,1,
2.023E+11,155 614 837,A01,2,10,0,1,1,1,1,
2.023E+11,155 614 835,A01,1,30,0,2,1,1,1,
2.023E+11,155 614 836,B01,1,7,0,2,7,1,1,
2.023E+11,155 614 834,A01,1,7,0,1,1,1,1,
2.023E+11,155 614 832,A01,1,7,0,1,1,1,1,
2.023E+11,155 614 831,A01,1,30,0,2,0,2,1,
2.023E+11,155 614 833,B01,1,7,0,2,6,16,1,
2.023E+11,155 614 830,A01,1,7,15,0,3,1,1,
2.023E+11,155 614 828,A01,2,7,0,1,3,9,1,
2.023E+11,155 614 827,A01,1,7,0,2,5,12,0,
2.023E+11,155 614 829,B01,1,2,0,2,3,1,0,
2.023E+11,155 614 826,A01,1,33,0,0,1,1,1,
2.023E+11,155 614 822,B01,1,7,0,2,8,1,1,
2.023E+11,155 614 824,A01,1,7,0,2,1,19,1,
2.023E+11,155 614 823,A01,3,7,0,2,1,2,1,
2.023E+11,155 614 825,B01,3,7,0,2,4,2,1,
2.023E+11,155 614 819,A01,1,7,0,2,2,1,2,
2.023E+11,155 614 821,B01,1,32,0,2,5,1,1,
2.023E+11,155 614 817,A01,1,99,0,0,1,1,3,
2.023E+11,155 614 818,B01,1,7,0,2,1,2,0,
2.023E+11,155 614 820,A01,1,50,0,2,7,2,3,
2.023E+11,155 614 816,A01,1,7,0,1,8,1,1,
2.023E+11,155 614 814,A01,2,7,9,0,1,13,1,
2.023E+11,155 614 813,B01,2,2,0,2,1,1,1,
2.023E+11,155 614 815,A01,1,7,0,2,2,15,1,
2.023E+11,155 614 809,C01,1,7,0,2,4,2,1,
2.023E+11,155 614 810,D01,1,7,0,2,1,1,1,
2.023E+11,155 614 811,A01,1,34,0,2,4,26,1,
2.023E+11,155 614 812,B01,1,7,0,2,6,1,1,
2.023E+11,155 614 807,B01,1,7,0,2,1,1,1,
2.023E+11,155 614 808,A01,1,7,0,2,1,11,1,
2.023E+11,155 614 806,A01,2,7,0,1,2,0,1,
2.023E+11,155 614 804,A01,1,7,1,0,1,1,1,
2.023E+11,155 614 805,B01,1,7,0,2,4,23,1,
2.023E+11,155 614 801,B01,0,10,0,2,1,1,1,
2.023E+11,155 614 803,A01,0,7,0,2,8,19,1,
2.023E+11,155 614 800,A01,1,7,12,0,2,14,1,
2.023E+11,155 614 799,A01,3,7,3,0,1,26,1,
2.023E+11,155 614 798,A01,2,43,0,1,1,26,1,
2.023E+11,155 614 794,A01,1,33,0,2,1,1,0,
2.023E+11,155 614 796,B01,1,10,0,0,5,1,0,
2.023E+11,155 614 792,A01,2,7,0,1,7,1,1,
2.023E+11,155 614 790,B01,2,50,0,9,0,0,3,
2.023E+11,155 614 791,A01,2,7,0,2,3,22,1,
2.023E+11,155 614 788,B01,3,7,0,2,9,1,1,
2.023E+11,155 614 789,A01,3,7,0,2,1,9,1,
2.023E+11,155 614 786,A01,3,7,0,2,1,2,0,
2.023E+11,155 614 787,B01,3,1,0,2,4,7,5,
2.023E+11,155 614 785,A01,3,7,0,1,4,4,1,
2.023E+11,155 614 782,A01,1,50,0,2,2,19,3,
2.023E+11,155 614 784,B01,2,7,0,2,1,1,1,
2.023E+11,155 614 783,A01,3,7,0,1,1,26,1,
2.023E+11,155 614 780,A01,3,7,0,2,1,9,2,
2.023E+11,155 614 781,B01,2,2,0,2,7,15,1,
2.023E+11,155 614 778,A01,1,7,0,1,1,16,1,
2.023E+11,155 614 777,B01,3,1,0,2,1,26,5,
2.023E+11,155 614 779,Z01,0,7,0,2,1,26,0,
2.023E+11,155 614 776,A01,3,7,0,1,2,1,1,
2.023E+11,155 614 772,A01,3,7,0,2,1,1,0,
2.023E+11,155 614 774,B01,0,7,0,0,0,0,1,
2.023E+11,155 614 773,A01,0,7,0,2,3,15,1,
2.023E+11,155 614 775,B01,0,32,0,2,0,0,1,
2.023E+11,155 614 770,B01,1,7,0,2,1,1,1,
2.023E+11,155 614 771,A01,1,7,0,2,4,1,0,
2.023E+11,155 614 769,A01,0,10,0,1,3,16,1,
2.023E+11,155 614 768,A01,1,7,0,1,1,0,1,
2.023E+11,155 614 767,A01,1,60,0,2,0,1,5,
2.023E+11,155 614 764,A01,2,7,6,0,1,1,1,
2.023E+11,155 614 765,A01,2,7,0,2,1,10,1,
2.023E+11,155 614 766,B01,1,2,0,2,1,1,1,
2.023E+11,155 614 763,A01,3,7,0,1,1,1,3,
2.023E+11,155 614 761,A01,3,7,8,0,1,1,1,
2.023E+11,155 614 762,A01,2,50,0,1,1,0,3,
2.023E+11,155 614 760,A01,1,7,0,1,3,1,1,
2.023E+11,155 614 758,A01,2,7,0,9,2,2,1,
2.023E+11,155 614 759,B01,2,1,0,0,4,2,5,
2.023E+11,155 614 757,A01,0,7,0,1,1,1,1,
2.023E+11,155 614 755,A01,3,7,0,1,8,9,1,
2.023E+11,155 614 754,A01,1,7,0,2,3,8,2,
2.023E+11,155 614 756,B01,2,33,0,2,2,1,1,
2.023E+11,155 614 751,A01,1,7,0,2,1,15,1,
2.023E+11,155 614 753,B01,2,7,0,2,2,1,1,
2.023E+11,155 614 750,A01,1,1,0,1,8,0,5,
2.023E+11,155 614 752,B01,1,10,0,2,7,1,0,
2.023E+11,155 614 748,B01,2,1,0,2,4,1,5,
2.023E+11,155 614 749,A01,2,7,0,2,2,1,1,
2.023E+11,155 614 747,A01,0,7,0,1,3,16,1,
2.023E+11,155 614 744,B01,1,7,0,2,0,23,2,
2.023E+11,155 614 746,A01,1,32,0,1,1,3,1,
2.023E+11,155 614 743,B01,2,7,0,2,1,1,1,
2.023E+11,155 614 745,A01,1,7,0,2,8,15,1,
2.023E+11,155 614 742,A01,3,2,0,0,0,1,1,
2.023E+11,155 614 741,A01,1,7,1,0,2,0,1,
2.023E+11,155 614 739,A01,1,7,4,0,3,17,0,
2.023E+11,155 614 740,B01,1,7,0,2,2,1,0,
2.023E+11,155 614 736,A01,1,7,0,2,2,1,1,
2.023E+11,155 614 738,B01,1,1,0,2,4,1,5,
2.023E+11,155 614 735,B01,2,33,0,0,1,17,1,
2.023E+11,155 614 737,A01,2,7,0,0,6,15,1,
2.023E+11,155 614 731,A01,1,7,0,2,6,17,1,
2.023E+11,155 614 733,B01,1,7,0,2,2,17,1,
2.023E+11,155 614 732,B01,1,7,0,2,1,1,1,
2.023E+11,155 614 734,A01,3,7,0,2,2,15,1,
2.023E+11,155 614 728,A01,3,7,0,2,1,1,1,
2.023E+11,155 614 730,B01,3,1,0,2,7,1,5,
2.023E+11,155 614 727,A01,2,7,0,2,2,2,1,
2.023E+11,155 614 729,B01,2,2,0,2,4,2,0,
2.023E+11,155 614 725,A01,3,7,0,2,3,11,3,
2.023E+11,155 614 726,B01,3,43,0,2,2,1,1,
2.023E+11,155 614 722,B01,2,2,0,0,1,1,1,
2.023E+11,155 614 723,A01,1,10,0,0,8,15,1,
2.023E+11,155 614 721,B01,1,7,0,2,1,1,1,
2.023E+11,155 614 724,A01,0,7,0,2,1,19,1,
2.023E+11,155 614 719,A01,2,7,0,2,6,17,1,
2.023E+11,155 614 720,B01,2,33,0,2,1,17,1,
2.023E+11,155 614 717,A01,2,33,12,0,7,2,1,
2.023E+11,155 614 714,A01,1,7,0,2,3,5,1,
2.023E+11,155 614 716,B01,1,7,0,2,2,1,1,
2.023E+11,155 614 715,A01,2,7,0,2,3,15,1,
2.023E+11,155 614 718,B01,1,7,0,2,3,1,1,
2.023E+11,155 614 711,A01,2,7,0,2,3,19,1,
2.023E+11,155 614 712,C01,1,15,0,0,3,1,1,
2.023E+11,155 614 713,B01,2,15,0,2,2,1,1,
2.023E+11,155 614 709,A01,1,7,0,2,3,15,1,
2.023E+11,155 614 710,B01,1,31,0,2,1,1,1,
2.023E+11,155 614 708,A01,1,7,0,1,1,2,1,
2.023E+11,155 614 706,A01,2,7,0,2,2,1,1,
2.023E+11,155 614 707,B01,2,10,3,2,6,1,1,
2.023E+11,155 614 704,A01,0,7,0,2,0,0,1,
2.023E+11,155 614 705,B01,1,32,0,2,0,0,1,
2.023E+11,155 614 702,A01,2,1,0,2,1,2,5,
2.023E+11,155 614 703,B01,2,1,0,0,4,2,5,
2.023E+11,155 614 700,A01,1,7,0,2,3,15,1,
2.023E+11,155 614 701,B01,2,31,0,2,3,1,1,
2.023E+11,155 614 698,A01,2,7,0,2,2,15,0,
2.023E+11,155 614 699,B01,1,7,0,2,3,1,0,
2.023E+11,155 614 694,B01,2,33,0,2,1,1,1,
2.023E+11,155 614 695,D01,2,33,0,2,7,1,1,
2.023E+11,155 614 696,C01,2,33,0,2,7,2,1,
2.023E+11,155 614 697,A01,2,7,0,2,4,1,1,
2.023E+11,155 614 693,A01,1,7,15,0,1,13,1,
2.023E+11,155 614 692,A01,1,7,8,0,1,14,1,
2.023E+11,155 614 690,A01,2,7,4,2,1,1,1,
2.023E+11,155 614 691,B01,2,7,0,2,1,5,1,
2.023E+11,155 614 689,A01,3,7,0,1,2,1,1,
2.023E+11,155 614 687,A01,2,7,0,2,7,1,2,
2.023E+11,155 614 688,B01,1,10,0,2,2,5,1,
2.023E+11,155 614 683,A01,2,15,0,2,2,14,1,
2.023E+11,155 614 684,B01,2,50,0,2,4,1,3,
2.023E+11,155 614 681,A01,3,1,0,2,3,15,5,
2.023E+11,155 614 682,B01,3,7,0,2,2,1,1,
2.023E+11,155 614 680,A01,3,7,6,0,1,14,1,
2.023E+11,155 614 678,A01,2,7,13,2,7,17,1,
2.023E+11,155 614 679,B01,2,7,0,2,8,1,1,
2.023E+11,155 614 676,A01,2,7,0,2,1,1,6,
2.023E+11,155 614 677,B01,1,7,0,2,1,1,6,
2.023E+11,155 614 675,A01,2,2,17,0,1,1,1,
2.023E+11,155 614 673,A01,1,2,0,2,1,17,1,
2.023E+11,155 614 674,B01,1,21,0,2,6,15,1,
2.023E+11,155 614 671,B01,3,3,0,2,2,15,1,
2.023E+11,155 614 672,A01,2,33,0,2,1,1,1,
2.023E+11,155 614 668,A01,1,7,6,0,1,1,1,
2.023E+11,155 614 667,A01,1,2,0,1,1,1,1,
2.023E+11,155 614 665,A01,3,7,0,9,2,1,1,
2.023E+11,155 614 666,B01,3,1,0,2,7,1,5,
2.023E+11,155 614 664,A01,1,7,0,0,9,1,1,
2.023E+11,155 614 663,A01,2,7,2,0,0,1,1,
2.023E+11,155 614 661,A01,2,7,0,2,3,1,0,
2.023E+11,155 614 662,B01,2,32,0,2,1,13,0,
2.023E+11,155 614 659,A01,3,7,0,9,3,1,1,
2.023E+11,155 614 660,B01,3,1,0,2,1,1,5,
2.023E+11,155 614 657,A01,3,7,0,2,3,1,1,
2.023E+11,155 614 658,B01,3,17,0,0,1,4,1,
2.023E+11,155 614 655,A01,2,7,0,2,1,1,0,
2.023E+11,155 614 656,B01,1,2,0,2,1,1,0,
2.023E+11,155 614 653,B01,3,7,0,2,6,15,1,
2.023E+11,155 614 654,A01,1,31,0,2,1,17,1,
2.023E+11,155 614 652,A01,2,10,6,0,1,0,1,
2.023E+11,155 614 651,A01,1,2,0,6,8,1,1,
2.023E+11,155 614 649,A01,1,80,0,2,3,13,3,
2.023E+11,155 614 650,B01,2,10,0,2,3,14,1,
2.023E+11,155 614 646,A01,2,7,0,2,1,11,1,
2.023E+11,155 614 647,B01,1,7,0,2,1,1,1,
2.023E+11,155 614 643,B01,2,7,0,2,1,1,1,
2.023E+11,155 614 644,C01,1,2,0,2,1,1,1,
2.023E+11,155 614 645,A01,1,10,0,2,3,17,1,
2.023E+11,155 614 641,A01,3,2,0,2,3,13,1,
2.023E+11,155 614 642,B01,3,20,0,2,3,1,1,
2.023E+11,155 614 639,A01,1,10,0,2,3,9,1,
2.023E+11,155 614 640,B01,1,7,0,2,2,2,1,
2.023E+11,155 614 637,A01,1,7,0,2,2,16,1,
2.023E+11,155 614 638,B01,2,33,0,2,1,1,1,
2.023E+11,155 614 630,D01,1,10,1,0,1,1,1,
2.023E+11,155 614 631,E01,1,7,0,0,4,1,1,
2.023E+11,155 614 632,C01,1,7,1,0,1,1,1,
2.023E+11,155 614 633,A01,1,10,0,1,1,14,1,
2.023E+11,155 614 634,B01,1,7,1,0,1,1,1,
2.023E+11,155 614 628,A01,1,7,0,0,3,15,1,
2.023E+11,155 614 629,B01,2,1,0,2,1,1,5,
2.023E+11,155 614 625,A01,2,33,0,2,4,23,1,
2.023E+11,155 614 626,B01,2,17,1,0,2,11,1,
2.023E+11,155 614 623,B01,3,1,0,2,1,16,5,
2.023E+11,155 614 624,A01,3,7,0,9,3,11,1,
2.023E+11,155 614 621,A01,2,7,0,2,1,1,1,
2.023E+11,155 614 622,B01,3,7,8,2,8,6,1,
2.023E+11,155 614 620,A01,2,10,15,0,0,0,1,
2.023E+11,155 614 619,A01,0,7,0,1,5,20,1,
2.023E+11,155 614 618,A01,1,7,6,0,1,13,1,
2.023E+11,155 614 616,B01,2,7,0,9,3,15,1,
2.023E+11,155 614 617,A01,1,1,0,2,1,19,5,
2.023E+11,155 614 614,B01,2,1,0,2,2,26,5,
2.023E+11,155 614 615,A01,1,7,0,2,8,9,1,
2.023E+11,155 614 612,A01,3,33,0,2,2,0,1,
2.023E+11,155 614 613,B01,0,7,0,2,3,0,1,
2.023E+11,155 614 610,A01,2,7,0,2,8,15,1,
2.023E+11,155 614 611,B01,1,33,0,2,1,1,1,
2.023E+11,155 614 608,A01,1,7,0,2,1,1,1,
2.023E+11,155 614 609,B01,2,10,0,2,1,5,1,
2.023E+11,155 614 607,A01,0,7,0,1,1,1,1,
2.023E+11,155 614 606,A01,1,33,9,0,2,14,1,
2.023E+11,155 614 605,A01,1,7,9,0,1,1,1,
2.023E+11,155 614 603,A01,1,33,0,2,1,1,1,
2.023E+11,155 614 604,B01,3,14,0,2,6,15,1,
2.023E+11,155 614 601,B01,2,10,0,0,3,13,0,
2.023E+11,155 614 602,A01,1,7,6,0,3,1,0,
2.023E+11,155 614 599,A01,2,7,0,2,2,13,1,
2.023E+11,155 614 600,B01,2,1,0,2,3,1,5,
2.023E+11,155 614 597,B01,1,7,0,2,1,1,1,
2.023E+11,155 614 598,A01,2,7,0,2,1,5,1,
2.023E+11,155 614 595,A01,3,31,0,2,1,1,0,
2.023E+11,155 614 596,B01,3,7,0,2,1,9,0,
2.023E+11,155 614 593,A01,2,10,0,2,6,1,1,
2.023E+11,155 614 594,B01,2,7,0,2,1,1,1,
2.023E+11,155 614 592,A01,2,7,4,0,1,1,1,
2.023E+11,155 614 590,A01,1,7,0,2,1,2,1,
2.023E+11,155 614 591,B01,1,7,0,2,4,2,1,
2.023E+11,155 614 588,A01,1,7,0,2,1,1,3,
2.023E+11,155 614 589,B01,1,7,0,2,4,1,1,
2.023E+11,155 614 586,B01,2,7,0,2,3,1,1,
2.023E+11,155 614 587,A01,2,17,0,2,2,12,1,
2.023E+11,155 614 584,A01,2,7,0,2,1,2,1,
2.023E+11,155 614 585,B01,2,7,0,2,4,2,1,
2.023E+11,155 614 583,A01,2,31,0,0,0,21,1,
2.023E+11,155 614 582,A01,2,33,4,0,8,13,1,
2.023E+11,155 614 580,B01,1,7,0,2,7,1,1,
2.023E+11,155 614 581,A01,1,7,0,2,8,11,1,
2.023E+11,155 614 578,A01,1,33,0,2,1,2,1,
2.023E+11,155 614 579,B01,1,7,0,2,4,2,1,
2.023E+11,155 614 576,A01,2,7,4,2,2,14,1,
2.023E+11,155 614 577,B01,2,14,0,2,6,1,1,
2.023E+11,155 614 574,A01,2,10,0,2,7,12,1,
2.023E+11,155 614 575,B01,2,43,0,2,8,1,1,
2.023E+11,155 614 573,A01,2,7,4,0,3,1,1,
2.023E+11,155 614 572,A01,2,7,4,0,9,1,1,
2.023E+11,155 614 570,B01,1,7,0,2,2,12,1,
2.023E+11,155 614 571,A01,1,7,3,2,6,1,1,
2.023E+11,155 614 568,A01,1,10,4,2,5,1,1,
2.023E+11,155 614 569,B01,1,33,0,2,0,3,1,
2.023E+11,155 614 555,A01,1,7,0,2,3,1,1,
2.023E+11,155 614 556,B01,1,7,3,0,8,0,1,
2.023E+11,155 614 557,C01,1,7,0,2,1,2,1,
2.023E+11,155 614 558,D01,1,7,3,2,5,2,1,
2.023E+11,155 614 559,E01,1,7,0,2,0,21,1,
2.023E+11,155 614 560,F01,1,7,4,0,4,2,3,
2.023E+11,155 614 561,G01,1,7,0,0,6,2,1,
2.023E+11,155 614 562,H01,1,7,0,2,4,2,1,
2.023E+11,155 614 563,I01,1,17,3,2,1,21,1,
2.023E+11,155 614 564,J01,1,7,4,2,6,1,3,
2.023E+11,155 614 565,K01,1,7,3,2,2,2,1,
2.023E+11,155 614 566,L01,1,7,4,0,2,21,1,
2.023E+11,155 614 567,M01,1,7,3,0,4,21,1,
2.023E+11,155 614 551,B01,1,7,0,0,3,1,1,
2.023E+11,155 614 552,C01,1,7,0,0,4,1,1,
2.023E+11,155 614 553,A01,1,7,0,0,2,12,1,
2.023E+11,155 614 554,D01,1,7,0,0,4,1,1,
2.023E+11,155 614 550,A01,1,7,0,1,1,1,1,
2.023E+11,155 614 548,A01,1,7,0,2,2,13,1,
2.023E+11,155 614 549,B01,2,7,0,2,1,1,1,