Num_Acc,id_vehicule,num_veh,senc,catv,obs,obsm,choc,manv,motor,occutc
2.023E+11,155 611 768,D01,2,7,4,2,4,21,1,
2.023E+11,155 611 770,C01,2,7,3,2,1,21,1,
2.023E+11,155 611 771,B01,2,7,3,2,6,21,1,
2.023E+11,155 611 763,A01,1,7,3,0,0,1,0,
2.023E+11,155 611 762,A01,1,7,0,2,4,2,1,
2.023E+11,155 611 764,B01,1,7,0,2,1,2,1,
2.023E+11,155 611 765,C01,2,15,0,2,3,1,1,
2.023E+11,155 611 758,B01,2,7,0,2,4,2,1,
2.023E+11,155 611 760,C01,2,7,3,0,3,2,1,
2.023E+11,155 611 761,A01,2,7,3,2,1,2,1,
2.023E+11,155 611 755,B01,2,7,0,2,1,1,1,
2.023E+11,155 611 756,A01,1,7,0,2,1,13,1,
2.023E+11,155 611 754,A01,2,10,1,0,1,2,1,
2.023E+11,155 611 757,B01,2,10,0,2,4,2,1,
2.023E+11,155 611 759,C01,2,15,0,0,6,1,1,
2.023E+11,155 611 753,A01,2,7,16,0,0,1,1,
2.023E+11,155 611 751,A01,1,7,0,0,0,16,0,
2.023E+11,155 611 752,B01,1,31,0,0,9,1,1,
2.023E+11,155 611 750,A01,1,31,0,0,9,1,1,
2.023E+11,155 611 747,A01,2,7,14,0,9,1,1,
2.023E+11,155 611 745,B01,1,7,0,2,4,2,1,
2.023E+11,155 611 746,C01,1,7,0,2,4,1,1,
2.023E+11,155 611 748,D01,1,7,0,2,6,1,1,
2.023E+11,155 611 749,A01,1,7,0,2,2,1,1,
2.023E+11,155 611 741,A01,2,1,0,0,0,2,5,
2.023E+11,155 611 740,A01,2,7,0,2,2,2,2,
2.023E+11,155 611 742,B01,2,7,0,0,6,2,1,
2.023E+11,155 611 738,A01,2,7,13,0,7,1,1,
2.023E+11,155 611 737,A01,1,15,3,2,8,1,1,
2.023E+11,155 611 739,B01,1,10,0,2,2,1,1,
2.023E+11,155 611 735,B01,0,10,0,2,1,9,0,
2.023E+11,155 611 736,A01,0,10,0,0,4,9,0,
2.023E+11,155 611 732,A01,1,7,4,0,1,1,1,
2.023E+11,155 611 733,A01,3,7,0,2,3,19,1,
2.023E+11,155 611 734,B01,2,7,0,2,3,1,1,
2.023E+11,155 611 729,A01,1,7,0,2,8,15,0,
2.023E+11,155 611 730,B01,1,31,0,2,0,17,0,
2.023E+11,155 611 728,A01,3,80,0,1,8,1,3,
2.023E+11,155 611 724,A01,1,7,0,2,3,13,1,
2.023E+11,155 611 726,B01,1,31,0,2,3,1,1,
2.023E+11,155 611 725,A01,1,7,0,2,1,16,1,
2.023E+11,155 611 727,B01,2,33,0,2,7,1,1,
2.023E+11,155 611 722,A01,1,33,0,5,1,1,1,
2.023E+11,155 611 721,A01,3,7,0,2,3,15,1,
2.023E+11,155 611 723,B01,3,34,0,2,1,1,1,
2.023E+11,155 611 718,B01,3,13,1,2,8,15,1,
2.023E+11,155 611 720,A01,0,33,0,2,1,1,1,
2.023E+11,155 611 717,B01,1,2,0,2,1,1,1,
2.023E+11,155 611 719,A01,2,7,0,2,3,15,1,
2.023E+11,155 611 716,A01,2,33,0,0,0,1,1,
2.023E+11,155 611 713,B01,2,33,0,2,0,1,1,
2.023E+11,155 611 715,A01,1,7,0,2,3,13,1,
2.023E+11,155 611 712,B01,2,50,0,2,4,1,3,
2.023E+11,155 611 714,A01,2,7,0,2,1,18,1,
2.023E+11,155 611 710,A01,1,33,0,2,1,1,0,
2.023E+11,155 611 711,A01,1,33,13,0,1,17,1,
2.023E+11,155 611 707,A01,2,7,0,2,1,5,1,
2.023E+11,155 611 709,B01,1,7,0,2,2,1,1,
2.023E+11,155 611 706,A01,2,7,12,0,3,16,1,
2.023E+11,155 611 705,A01,0,10,0,1,8,19,1,
2.023E+11,155 611 704,A01,2,31,0,2,1,1,1,
2.023E+11,155 611 701,B01,1,7,0,2,3,2,1,
2.023E+11,155 611 702,A01,1,7,0,2,2,21,1,
2.023E+11,155 611 700,B01,2,1,0,2,6,15,5,
2.023E+11,155 611 703,A01,2,7,0,2,2,16,1,
2.023E+11,155 611 697,B01,1,7,0,2,2,1,1,
2.023E+11,155 611 699,A01,1,7,0,2,3,1,1,
2.023E+11,155 611 696,A01,2,7,0,2,3,15,1,
2.023E+11,155 611 698,B01,2,33,0,2,7,1,6,
2.023E+11,155 611 694,A01,3,7,9,0,1,0,1,
2.023E+11,155 611 693,A01,2,7,0,2,3,13,0,
2.023E+11,155 611 695,B01,1,10,0,2,1,1,1,
2.023E+11,155 611 692,A01,1,7,3,0,1,13,1,
2.023E+11,155 611 690,A01,2,7,0,2,3,1,1,
2.023E+11,155 611 691,B01,1,32,0,2,0,5,0,
2.023E+11,155 611 686,C01,1,7,0,2,4,23,1,
2.023E+11,155 611 688,B01,1,7,0,2,4,23,1,
2.023E+11,155 611 689,A01,1,10,0,2,1,1,1,
2.023E+11,155 611 685,A01,1,7,0,2,3,15,1,
2.023E+11,155 611 687,B01,2,32,0,2,1,1,1,
2.023E+11,155 611 683,A01,1,7,0,1,1,9,1,
2.023E+11,155 611 682,A01,1,7,0,2,3,0,1,
2.023E+11,155 611 684,B01,2,7,0,2,7,1,0,
2.023E+11,155 611 679,A01,1,7,0,2,3,13,1,
2.023E+11,155 611 681,B01,2,7,0,2,3,1,1,
2.023E+11,155 611 680,A01,1,7,0,1,1,16,1,
2.023E+11,155 611 676,A01,1,31,0,2,7,1,1,
2.023E+11,155 611 678,B01,1,0,0,2,8,11,0,
2.023E+11,155 611 674,A01,2,33,4,0,3,1,1,
2.023E+11,155 611 671,B01,1,7,0,2,7,1,1,
2.023E+11,155 611 672,A01,1,7,0,2,7,1,1,
2.023E+11,155 611 668,A01,2,33,0,2,1,12,1,
2.023E+11,155 611 669,B01,2,33,0,2,4,1,1,
2.023E+11,155 611 667,A01,3,7,2,0,2,0,1,
2.023E+11,155 611 664,A01,2,7,0,2,1,1,0,
2.023E+11,155 611 666,B01,2,7,0,2,4,1,0,
2.023E+11,155 611 663,A01,3,10,0,2,7,17,1,
2.023E+11,155 611 665,B01,3,50,0,2,1,1,3,
2.023E+11,155 611 660,A01,2,33,0,2,4,3,1,
2.023E+11,155 611 662,B01,2,10,0,2,3,11,1,
2.023E+11,155 611 659,B01,2,2,0,2,1,1,1,
2.023E+11,155 611 661,A01,2,7,0,2,3,15,1,
2.023E+11,155 611 656,A01,2,15,0,2,3,13,1,
2.023E+11,155 611 657,B01,2,7,0,2,7,1,1,
2.023E+11,155 611 658,C01,2,7,0,2,7,9,1,
2.023E+11,155 611 655,A01,1,7,0,1,1,15,1,
2.023E+11,155 611 653,A01,2,32,0,2,3,3,1,
2.023E+11,155 611 654,B01,2,7,0,2,2,12,1,
2.023E+11,155 611 652,A01,2,7,0,1,1,1,1,
2.023E+11,155 611 648,A01,2,7,0,2,8,11,0,
2.023E+11,155 611 650,B01,2,33,0,2,1,3,0,
2.023E+11,155 611 651,C01,2,7,0,2,5,23,3,
2.023E+11,155 611 649,A01,1,7,0,1,0,15,0,
2.023E+11,155 611 645,A01,1,33,0,2,3,1,1,
2.023E+11,155 611 647,B01,1,7,0,2,7,1,1,
2.023E+11,155 611 644,B01,1,7,0,2,1,2,1,
2.023E+11,155 611 646,A01,1,7,0,2,4,2,1,
2.023E+11,155 611 641,C01,2,7,0,2,3,1,1,
2.023E+11,155 611 642,A01,2,10,0,2,5,11,1,
2.023E+11,155 611 643,B01,2,33,0,2,3,1,1,
2.023E+11,155 611 639,A01,1,7,0,2,3,1,1,
2.023E+11,155 611 640,B01,2,7,0,2,8,1,1,
2.023E+11,155 611 635,A01,2,7,0,2,3,0,1,
2.023E+11,155 611 637,B01,2,33,0,2,1,1,1,
2.023E+11,155 611 638,C01,2,10,0,2,5,1,1,
2.023E+11,155 611 634,B01,1,50,0,2,0,0,3,
2.023E+11,155 611 636,A01,1,7,0,2,1,19,0,
2.023E+11,155 611 632,A01,1,32,0,2,1,12,1,
2.023E+11,155 611 633,B01,1,10,0,2,6,1,0,
2.023E+11,155 611 630,A01,2,99,0,2,7,25,3,
2.023E+11,155 611 631,B01,3,99,0,2,1,19,5,
2.023E+11,155 611 628,B01,1,10,0,0,4,14,1,
2.023E+11,155 611 629,A01,1,7,0,2,2,1,2,
2.023E+11,155 611 626,A01,1,10,0,2,1,2,1,
2.023E+11,155 611 627,B01,1,14,0,2,4,1,1,
2.023E+11,155 611 620,A01,1,7,0,2,1,5,1,
2.023E+11,155 611 623,B01,2,7,0,2,1,21,1,
2.023E+11,155 611 619,C01,2,10,0,2,4,2,1,
2.023E+11,155 611 621,D01,2,33,0,2,2,3,1,
2.023E+11,155 611 622,E01,2,7,0,2,7,1,1,
2.023E+11,155 611 624,A01,2,10,0,2,1,2,1,
2.023E+11,155 611 625,B01,2,7,0,2,4,2,1,
2.023E+11,155 611 615,A01,1,31,0,2,8,3,1,
2.023E+11,155 611 617,B01,1,7,0,2,5,12,1,
2.023E+11,155 611 616,A01,2,7,0,2,1,13,1,
2.023E+11,155 611 618,B01,1,37,0,2,3,1,2,1
2.023E+11,155 611 613,A01,1,43,0,2,2,3,1,
2.023E+11,155 611 614,B01,1,7,0,2,6,1,1,
2.023E+11,155 611 611,B01,1,7,0,4,1,9,0,
2.023E+11,155 611 612,A01,2,40,0,2,3,1,3,
2.023E+11,155 611 609,A01,2,7,0,2,4,1,1,
2.023E+11,155 611 610,B01,2,10,-1,2,1,1,0,
2.023E+11,155 611 605,A01,2,33,0,2,3,3,1,
2.023E+11,155 611 607,B01,2,33,0,2,4,1,1,
2.023E+11,155 611 606,A01,1,7,0,2,0,15,1,
2.023E+11,155 611 608,B01,2,7,0,2,0,1,1,
2.023E+11,155 611 602,A01,2,20,0,2,1,3,1,
2.023E+11,155 611 604,B01,2,7,0,2,2,12,1,
2.023E+11,155 611 601,A01,1,14,0,2,2,12,1,
2.023E+11,155 611 603,B01,1,7,0,2,6,1,1,
2.023E+11,155 611 598,B01,1,7,0,2,4,2,1,
2.023E+11,155 611 600,A01,1,7,0,2,2,26,1,
2.023E+11,155 611 597,B01,2,7,0,2,4,1,1,
2.023E+11,155 611 599,A01,2,7,0,2,1,1,1,
2.023E+11,155 611 595,B01,0,10,0,0,6,11,1,
2.023E+11,155 611 596,A01,0,33,0,2,1,1,1,
2.023E+11,155 611 593,B01,2,34,0,0,8,21,1,
2.023E+11,155 611 594,Z01,1,7,0,0,0,9,0,
2.023E+11,155 611 592,A01,1,7,0,0,0,1,1,
2.023E+11,155 611 591,A01,3,37,0,1,2,1,1,1
2.023E+11,155 611 590,A01,1,7,0,9,0,26,1,
2.023E+11,155 611 589,A01,2,7,0,1,7,1,1,
2.023E+11,155 611 588,A01,2,7,0,1,2,1,1,
2.023E+11,155 611 586,A01,1,2,0,2,1,15,1,
2.023E+11,155 611 587,B01,1,7,0,2,7,0,1,
2.023E+11,155 611 585,A01,3,7,8,0,1,14,1,
2.023E+11,155 611 583,A01,1,7,0,2,1,26,1,
2.023E+11,155 611 584,B01,2,7,0,2,1,1,1,
2.023E+11,155 611 579,B01,1,7,0,2,4,1,1,
2.023E+11,155 611 581,C01,1,7,0,2,0,0,1,
2.023E+11,155 611 582,A01,1,7,2,0,1,0,1,
2.023E+11,155 611 580,A01,2,7,0,1,1,15,1,
2.023E+11,155 611 577,A01,3,7,0,1,0,25,2,
2.023E+11,155 611 574,A01,1,7,0,2,3,13,1,
2.023E+11,155 611 575,B01,1,10,0,2,7,1,1,
2.023E+11,155 611 576,C01,1,43,0,2,6,1,1,
2.023E+11,155 611 578,D01,1,1,0,2,6,1,0,
2.023E+11,155 611 573,A01,1,7,0,1,3,0,1,
2.023E+11,155 611 571,A01,2,7,8,2,3,16,1,
2.023E+11,155 611 572,B01,2,14,0,2,0,16,1,
2.023E+11,155 611 570,A01,1,38,0,1,2,1,1,1
2.023E+11,155 611 567,A01,1,7,0,2,1,2,1,
2.023E+11,155 611 568,B01,1,7,0,2,4,2,1,
2.023E+11,155 611 569,C01,1,7,0,2,4,2,1,
2.023E+11,155 611 566,A01,1,10,0,1,1,15,1,
2.023E+11,155 611 562,A01,2,37,0,1,7,26,6,1
2.023E+11,155 611 560,A01,2,31,0,2,1,17,1,
2.023E+11,155 611 561,B01,2,10,0,2,3,9,1,
2.023E+11,155 611 559,A01,1,7,0,1,1,15,1,
2.023E+11,155 611 557,B01,1,7,0,2,2,1,1,
2.023E+11,155 611 558,A01,1,7,0,2,1,1,1,
2.023E+11,155 611 556,A01,1,50,0,1,1,17,3,
2.023E+11,155 611 555,A01,0,7,0,1,3,1,1,
2.023E+11,155 611 552,A01,3,7,0,1,2,15,1,
2.023E+11,155 611 553,A01,2,17,0,2,6,13,1,
2.023E+11,155 611 554,B01,1,7,0,2,1,1,1,
2.023E+11,155 611 550,A01,1,7,0,2,1,1,1,
2.023E+11,155 611 551,B01,1,7,0,2,4,23,1,
2.023E+11,155 611 549,A01,1,30,0,1,1,1,3,
2.023E+11,155 611 547,B01,2,2,0,2,1,0,1,
2.023E+11,155 611 548,A01,2,7,0,2,1,9,1,
2.023E+11,155 611 545,A01,1,7,0,2,0,26,1,
2.023E+11,155 611 546,B01,1,33,0,2,1,1,1,
2.023E+11,155 611 541,A01,1,7,13,0,1,1,1,
2.023E+11,155 611 540,B01,2,7,0,2,1,1,1,
2.023E+11,155 611 542,A01,2,7,0,2,4,1,1,
2.023E+11,155 611 537,B01,3,50,0,2,0,1,3,
2.023E+11,155 611 539,A01,3,7,0,9,1,16,1,
2.023E+11,155 611 536,B01,1,80,0,2,1,0,3,
2.023E+11,155 611 538,A01,1,7,0,2,3,26,1,
2.023E+11,155 611 534,A01,1,10,8,2,1,1,1,
2.023E+11,155 611 535,B01,1,7,0,2,7,1,1,
2.023E+11,155 611 532,A01,1,7,0,2,7,15,1,
2.023E+11,155 611 533,B01,2,33,0,2,1,1,1,
2.023E+11,155 611 531,A01,0,7,0,1,3,15,0,
2.023E+11,155 611 529,A01,1,30,0,2,2,9,1,
2.023E+11,155 611 530,B01,1,7,0,2,3,1,1,
2.023E+11,155 611 527,A01,1,7,0,2,2,15,0,
2.023E+11,155 611 528,B01,2,50,0,2,3,2,3,
2.023E+11,155 611 525,A01,2,7,0,2,2,15,1,
2.023E+11,155 611 526,B01,1,34,0,2,1,1,1,
2.023E+11,155 611 523,B01,3,33,0,2,1,2,1,
2.023E+11,155 611 524,A01,3,1,0,2,8,15,5,
2.023E+11,155 611 522,A01,3,7,0,1,1,16,3,
2.023E+11,155 611 515,Z01,1,7,0,2,1,1,1,
2.023E+11,155 611 517,A01,1,1,0,2,4,23,5,
2.023E+11,155 611 518,B01,1,1,0,2,4,23,5,
2.023E+11,155 611 513,A01,2,7,0,2,1,15,1,
2.023E+11,155 611 514,B01,1,30,0,2,3,1,1,
2.023E+11,155 611 512,A01,1,7,1,0,1,14,1,
2.023E+11,155 611 509,B01,3,1,0,2,1,19,5,
2.023E+11,155 611 511,A01,3,10,0,2,2,1,6,
2.023E+11,155 611 508,A01,0,7,0,2,2,15,1,
2.023E+11,155 611 510,B01,0,32,0,2,1,1,1,
2.023E+11,155 611 507,A01,3,32,0,2,0,0,1,
2.023E+11,155 611 503,A01,2,31,0,2,7,17,1,
2.023E+11,155 611 505,C01,1,7,0,2,1,1,1,
2.023E+11,155 611 506,B01,2,7,0,2,8,2,1,
2.023E+11,155 611 502,A01,3,7,0,2,1,1,1,
2.023E+11,155 611 504,B01,3,10,0,2,1,15,1,
2.023E+11,155 611 500,B01,3,1,0,2,8,19,5,
2.023E+11,155 611 501,A01,1,7,0,2,2,1,2,
2.023E+11,155 611 499,A01,1,50,0,1,1,17,3,
2.023E+11,155 611 496,A01,1,7,0,2,2,15,1,
2.023E+11,155 611 498,B01,2,7,0,2,1,1,1,
2.023E+11,155 611 495,A01,2,2,0,2,1,1,1,
2.023E+11,155 611 497,B01,1,7,0,2,2,15,1,
2.023E+11,155 611 492,A01,3,7,0,2,3,15,1,
2.023E+11,155 611 494,B01,3,7,0,2,1,1,1,
2.023E+11,155 611 490,A01,3,7,0,2,2,15,1,
2.023E+11,155 611 491,B01,3,7,0,2,1,1,1,
2.023E+11,155 611 493,C01,3,7,0,2,1,23,1,
2.023E+11,155 611 488,A01,2,7,9,2,2,1,1,
2.023E+11,155 611 489,B01,2,7,0,2,6,13,1,
2.023E+11,155 611 486,A01,3,7,9,0,2,16,1,
2.023E+11,155 611 485,A01,1,50,0,4,1,13,3,
2.023E+11,155 611 487,B01,2,40,0,2,3,1,3,
2.023E+11,155 611 482,A01,1,7,0,2,1,1,1,
2.023E+11,155 611 483,B01,1,7,0,2,4,2,1,
2.023E+11,155 611 478,A01,1,33,0,2,1,17,1,
2.023E+11,155 611 480,B01,1,50,0,2,1,19,3,
2.023E+11,155 611 477,B01,1,1,0,0,1,0,5,
2.023E+11,155 611 479,A01,0,7,0,0,0,26,2,
2.023E+11,155 611 476,A01,2,10,0,0,1,14,1,
2.023E+11,155 611 475,A01,3,17,0,1,2,1,1,
2.023E+11,155 611 473,A01,2,3,0,2,2,15,1,
2.023E+11,155 611 474,B01,1,10,0,2,3,1,1,
2.023E+11,155 611 472,A01,1,7,0,1,1,14,0,
2.023E+11,155 611 470,A01,3,7,14,0,9,16,1,
2.023E+11,155 611 469,A01,1,7,0,2,2,1,1,
2.023E+11,155 611 471,B01,1,7,0,2,5,15,1,
2.023E+11,155 611 467,A01,1,32,0,0,6,15,1,
2.023E+11,155 611 466,B01,1,33,0,2,1,17,1,
2.023E+11,155 611 468,A01,1,7,0,2,1,15,1,
2.023E+11,155 611 463,A01,3,7,0,2,1,13,1,
2.023E+11,155 611 465,B01,3,7,0,2,1,1,1,
2.023E+11,155 611 462,B01,1,7,0,2,0,0,1,
2.023E+11,155 611 464,A01,3,31,0,2,1,2,0,
2.023E+11,155 611 461,A01,3,7,0,1,1,15,1,
2.023E+11,155 611 458,A01,2,10,0,2,2,1,1,
2.023E+11,155 611 460,B01,1,33,0,2,2,1,1,
2.023E+11,155 611 457,A01,3,7,0,2,1,15,1,
2.023E+11,155 611 459,B01,1,2,0,2,8,1,1,
2.023E+11,155 611 455,A01,0,7,0,1,1,0,1,
2.023E+11,155 611 454,B01,2,7,0,2,3,1,1,
2.023E+11,155 611 456,A01,2,7,3,2,2,1,1,
2.023E+11,155 611 449,A01,1,33,0,2,1,17,1,
2.023E+11,155 611 451,B01,1,7,0,2,8,15,1,
2.023E+11,155 611 450,B01,1,7,0,2,4,23,1,
2.023E+11,155 611 452,A01,1,7,0,2,1,1,1,
2.023E+11,155 611 448,A01,1,33,0,0,0,1,1,
2.023E+11,155 611 446,B01,1,10,0,2,1,23,1,
2.023E+11,155 611 447,A01,2,33,0,2,1,13,1,
2.023E+11,155 611 445,A01,0,7,0,1,3,1,1,
2.023E+11,155 611 444,A01,1,10,0,1,2,9,1,
2.023E+11,155 611 442,A01,2,7,0,2,1,10,1,
2.023E+11,155 611 443,B01,1,31,0,2,8,1,1,
2.023E+11,155 611 441,A01,1,34,0,1,1,1,1,
2.023E+11,155 611 440,A01,3,7,0,1,2,1,1,
2.023E+11,155 611 435,A01,3,7,7,0,1,0,1,
2.023E+11,155 611 436,B01,1,32,0,2,7,1,1,
2.023E+11,155 611 438,A01,2,7,0,2,3,9,1,
2.023E+11,155 611 433,A01,2,10,0,2,1,1,1,
2.023E+11,155 611 434,B01,2,7,0,2,4,1,1,
2.023E+11,155 611 432,A01,1,80,0,1,1,1,3,
2.023E+11,155 611 431,A01,3,37,0,1,2,1,1,1
2.023E+11,155 611 429,A01,0,7,0,1,3,1,3,
2.023E+11,155 611 428,B01,1,80,0,2,4,1,3,
2.023E+11,155 611 430,A01,1,7,0,2,1,1,2,
2.023E+11,155 611 426,A01,2,7,0,2,1,13,1,
2.023E+11,155 611 427,B01,1,7,0,2,3,1,1,
2.023E+11,155 611 425,A01,1,80,0,0,0,21,3,
2.023E+11,155 611 423,A01,1,7,0,2,1,1,1,
2.023E+11,155 611 424,B01,1,7,0,2,1,1,1,
2.023E+11,155 611 422,Z01,2,80,0,1,8,1,3,
2.023E+11,155 611 420,A01,0,7,0,9,2,16,1,
2.023E+11,155 611 421,B01,0,1,0,2,8,1,5,
2.023E+11,155 611 418,B01,2,33,0,2,1,1,1,
2.023E+11,155 611 419,A01,1,7,0,2,5,15,1,
2.023E+11,155 611 417,A01,1,30,14,0,1,26,1,
2.023E+11,155 611 413,A01,2,7,0,2,1,1,1,
2.023E+11,155 611 415,B01,1,7,0,2,4,2,1,
2.023E+11,155 611 414,A01,2,7,0,2,3,26,1,
2.023E+11,155 611 416,B01,1,33,0,2,1,21,1,
2.023E+11,155 611 409,A01,3,7,0,2,2,1,1,
2.023E+11,155 611 411,B01,3,32,0,2,1,1,1,
2.023E+11,155 611 407,A01,1,7,0,2,1,26,1,
2.023E+11,155 611 408,B01,3,7,4,2,1,1,1,
2.023E+11,155 611 404,A01,3,7,0,1,1,2,1,
2.023E+11,155 611 405,B01,1,32,0,2,1,7,1,
2.023E+11,155 611 406,A01,2,7,0,2,2,15,1,
2.023E+11,155 611 402,A01,0,43,0,2,1,18,1,
2.023E+11,155 611 403,B01,0,7,0,0,2,0,1,
2.023E+11,155 611 401,A01,2,33,8,0,1,16,1,
2.023E+11,155 611 399,Z01,1,7,0,2,0,0,0,
2.023E+11,155 611 400,B01,1,2,0,2,1,1,1,
2.023E+11,155 611 396,A01,2,30,0,2,3,1,1,
2.023E+11,155 611 398,C01,2,33,0,2,3,1,1,
2.023E+11,155 611 395,B01,0,7,0,2,2,1,1,
2.023E+11,155 611 397,A01,0,2,0,2,1,15,1,
2.023E+11,155 611 393,A01,2,34,0,0,0,21,1,
2.023E+11,155 611 392,A01,1,7,0,2,3,15,1,
2.023E+11,155 611 394,B01,1,34,0,2,1,3,1,
2.023E+11,155 611 391,A01,1,33,0,1,1,2,1,
2.023E+11,155 611 389,B01,2,7,0,0,6,24,1,
2.023E+11,155 611 390,A01,2,7,0,2,2,1,1,
2.023E+11,155 611 387,A01,3,7,0,2,1,1,1,
2.023E+11,155 611 388,B01,0,7,0,2,6,0,1,
2.023E+11,155 611 385,B01,2,33,0,2,1,1,0,
2.023E+11,155 611 386,A01,2,7,0,2,1,5,0,
2.023E+11,155 611 383,B01,2,99,0,2,3,15,1,
2.023E+11,155 611 384,A01,2,7,0,2,2,15,1,
2.023E+11,155 611 381,Z01,3,7,0,2,0,26,1,
2.023E+11,155 611 382,A01,2,50,0,2,0,2,3,
2.023E+11,155 611 379,A01,1,33,0,2,1,18,0,
2.023E+11,155 611 380,B01,2,7,0,2,2,16,0,
2.023E+11,155 611 375,A01,3,30,0,2,3,9,1,
2.023E+11,155 611 377,B01,3,30,0,2,1,1,1,
2.023E+11,155 611 373,A01,3,7,0,1,1,17,1,
2.023E+11,155 611 374,A01,2,7,0,2,1,5,1,
2.023E+11,155 611 376,B01,1,7,1,2,1,1,1,
2.023E+11,155 611 378,C01,3,7,0,2,6,26,1,
2.023E+11,155 611 372,A01,2,1,0,0,0,26,5,
2.023E+11,155 611 369,A01,2,10,0,2,2,2,1,
2.023E+11,155 611 371,Y01,1,50,0,2,7,25,3,
2.023E+11,155 611 368,B01,3,43,0,2,1,1,1,
2.023E+11,155 611 370,A01,3,50,0,2,1,1,3,
2.023E+11,155 611 367,A01,1,80,0,0,1,1,3,
2.023E+11,155 611 365,B01,0,7,0,2,3,1,2,
2.023E+11,155 611 366,A01,0,60,0,2,3,19,5,
2.023E+11,155 611 363,B01,2,1,0,2,1,1,5,
2.023E+11,155 611 364,A01,1,7,0,2,2,15,1,
2.023E+11,155 611 361,B01,1,50,0,2,2,17,3,
2.023E+11,155 611 362,A01,1,7,0,2,3,15,1,
2.023E+11,155 611 359,B01,1,10,0,2,3,9,1,
2.023E+11,155 611 360,A01,1,33,0,2,1,17,1,
2.023E+11,155 611 355,A01,2,7,0,2,3,9,1,
2.023E+11,155 611 357,B01,2,1,0,2,1,1,5,
2.023E+11,155 611 356,B01,1,32,0,2,7,17,1,
2.023E+11,155 611 358,A01,1,10,0,2,3,15,1,
2.023E+11,155 611 353,A01,1,7,0,2,3,22,1,
2.023E+11,155 611 354,B01,1,80,0,2,1,1,3,
2.023E+11,155 611 352,A01,1,7,0,1,3,2,1,
2.023E+11,155 611 349,A01,1,33,0,2,1,2,1,
2.023E+11,155 611 351,B01,1,7,0,2,4,2,1,
2.023E+11,155 611 348,B01,1,10,0,2,1,1,1,
2.023E+11,155 611 350,A01,1,7,0,2,3,10,1,
2.023E+11,155 611 346,A01,1,80,0,2,7,1,3,
2.023E+11,155 611 347,Z01,1,43,0,2,7,1,1,
2.023E+11,155 611 344,A01,1,7,0,1,1,1,1,
2.023E+11,155 611 343,A01,2,32,0,2,7,1,1,
2.023E+11,155 611 345,B01,1,7,0,2,2,15,1,
2.023E+11,155 611 342,A01,1,1,12,0,0,14,5,
2.023E+11,155 611 339,A01,1,1,0,2,1,2,5,
2.023E+11,155 611 341,B01,1,80,0,2,4,23,3,
2.023E+11,155 611 338,B01,1,7,4,0,3,1,1,
2.023E+11,155 611 340,A01,1,10,0,2,3,13,1,
2.023E+11,155 611 336,A01,3,7,0,2,1,1,1,
2.023E+11,155 611 337,B01,3,34,0,2,4,23,1,
2.023E+11,155 611 334,A01,1,3,0,2,0,0,0,
2.023E+11,155 611 335,B01,3,60,0,2,0,0,5,
2.023E+11,155 611 333,A01,3,1,0,1,1,25,5,
2.023E+11,155 611 331,A01,2,10,0,2,8,22,1,
2.023E+11,155 611 332,B01,2,80,0,2,1,1,3,
2.023E+11,155 611 328,B01,2,1,0,2,0,1,5,
2.023E+11,155 611 330,A01,1,7,0,9,0,15,3,
2.023E+11,155 611 327,B01,2,30,0,2,1,1,3,
2.023E+11,155 611 329,A01,2,7,0,2,5,10,1,
2.023E+11,155 611 325,A01,2,37,15,0,1,2,1,1
2.023E+11,155 611 326,B01,2,7,15,0,4,2,1,
2.023E+11,155 611 323,Z01,1,7,0,2,2,1,0,
2.023E+11,155 611 324,A01,1,50,0,2,8,15,3,
2.023E+11,155 611 321,A01,1,10,0,2,1,17,1,
2.023E+11,155 611 322,B01,1,1,0,2,6,15,5,
2.023E+11,155 611 320,A01,3,7,0,1,2,1,1,
2.023E+11,155 611 317,A01,1,7,0,2,8,13,1,
2.023E+11,155 611 318,B01,1,33,0,2,7,1,1,
2.023E+11,155 611 316,A01,3,7,0,2,5,22,1,
2.023E+11,155 611 319,B01,3,50,0,2,1,1,3,
2.023E+11,155 611 315,A01,0,50,12,0,1,1,3,
2.023E+11,155 611 314,A01,2,15,0,1,0,23,0,
2.023E+11,155 611 311,A01,1,7,0,2,8,10,1,
2.023E+11,155 611 313,B01,1,33,0,2,7,1,1,
2.023E+11,155 611 312,A01,3,7,0,1,2,26,1,
2.023E+11,155 611 309,A01,0,30,0,2,1,1,1,
2.023E+11,155 611 310,B01,0,7,0,2,4,15,1,
2.023E+11,155 611 308,A01,1,10,6,0,1,0,1,
2.023E+11,155 611 306,B01,0,34,1,2,9,21,1,
2.023E+11,155 611 307,A01,0,7,0,2,3,15,1,
2.023E+11,155 611 303,A01,1,7,0,2,2,10,1,
2.023E+11,155 611 305,B01,1,33,0,2,1,1,1,
2.023E+11,155 611 301,A01,1,7,0,2,2,16,1,
2.023E+11,155 611 302,B01,2,1,0,2,1,1,5,
2.023E+11,155 611 299,A01,1,7,0,2,1,1,1,
2.023E+11,155 611 300,B01,2,30,0,2,1,5,1,
2.023E+11,155 611 297,B01,3,7,0,2,2,1,1,
2.023E+11,155 611 298,A01,3,7,0,2,1,1,1,