Num_Acc,id_vehicule,num_veh,senc,catv,obs,obsm,choc,manv,motor,occutc
2.023E+11,155 610 839,A01,1,7,3,2,1,2,3,
2.023E+11,155 610 840,B01,1,7,3,2,4,2,3,
2.023E+11,155 610 837,A01,2,7,0,2,4,2,1,
2.023E+11,155 610 838,B01,2,33,0,2,1,2,1,
2.023E+11,155 610 836,A01,2,32,0,0,0,26,1,
2.023E+11,155 610 834,A01,1,10,3,0,1,19,1,
2.023E+11,155 610 835,B01,1,7,0,2,8,2,1,
2.023E+11,155 610 833,A01,2,7,4,0,1,1,1,
2.023E+11,155 610 831,A01,1,7,0,2,4,12,1,
2.023E+11,155 610 832,B01,1,33,0,2,1,3,1,
2.023E+11,155 610 829,Z01,1,7,0,2,0,0,0,
2.023E+11,155 610 830,A01,1,7,0,2,7,1,1,
2.023E+11,155 610 827,A01,1,33,0,2,1,3,1,
2.023E+11,155 610 828,B01,1,7,0,2,6,1,1,
2.023E+11,155 610 825,A01,2,7,0,2,2,1,1,
2.023E+11,155 610 826,B01,2,7,0,2,6,1,1,
2.023E+11,155 610 823,B01,1,7,0,2,6,2,1,
2.023E+11,155 610 824,A01,1,10,0,2,2,2,1,
2.023E+11,155 610 820,A01,2,7,0,2,1,2,1,
2.023E+11,155 610 821,B01,2,7,0,2,4,2,1,
2.023E+11,155 610 822,C01,2,7,0,2,4,2,1,
2.023E+11,155 610 819,A01,3,36,0,0,0,1,1,
2.023E+11,155 610 818,A01,2,99,0,1,1,2,1,
2.023E+11,155 610 816,B01,3,1,0,2,2,1,5,
2.023E+11,155 610 817,A01,3,7,0,2,2,15,1,
2.023E+11,155 610 815,A01,0,7,0,1,2,26,2,
2.023E+11,155 610 814,A01,1,7,0,1,1,1,1,
2.023E+11,155 610 811,A01,1,10,0,2,1,1,1,
2.023E+11,155 610 812,B01,1,7,0,2,4,1,1,
2.023E+11,155 610 813,C01,1,7,0,2,6,1,1,
2.023E+11,155 610 809,A01,3,7,0,2,2,0,1,
2.023E+11,155 610 810,B01,3,10,0,2,6,0,1,
2.023E+11,155 610 807,A01,2,7,0,2,1,2,1,
2.023E+11,155 610 808,B01,2,7,0,9,4,2,1,
2.023E+11,155 610 805,B01,1,60,0,2,8,1,5,
2.023E+11,155 610 806,A01,1,7,0,0,0,0,0,
2.023E+11,155 610 804,A01,1,7,0,1,3,1,1,
2.023E+11,155 610 803,A01,1,7,0,1,1,1,1,
2.023E+11,155 610 801,B01,1,7,0,2,3,1,1,
2.023E+11,155 610 802,A01,2,31,0,2,1,13,1,
2.023E+11,155 610 800,A01,2,7,1,1,4,1,1,
2.023E+11,155 610 794,A01,1,7,0,2,1,1,1,
2.023E+11,155 610 795,B01,1,33,0,2,4,1,1,
2.023E+11,155 610 792,B01,3,7,0,2,8,2,1,
2.023E+11,155 610 793,A01,3,31,0,2,1,2,1,
2.023E+11,155 610 787,A01,1,7,1,0,3,1,1,
2.023E+11,155 610 788,B01,3,7,0,2,5,24,1,
2.023E+11,155 610 784,A01,1,7,16,2,1,10,1,
2.023E+11,155 610 785,B01,1,7,1,2,1,1,1,
2.023E+11,155 610 786,C01,3,7,0,2,6,0,1,
2.023E+11,155 610 783,A01,0,50,0,0,0,14,3,
2.023E+11,155 610 781,A01,1,7,0,2,1,2,1,
2.023E+11,155 610 782,B01,1,7,0,2,4,23,1,
2.023E+11,155 610 779,B01,1,50,0,2,8,1,3,
2.023E+11,155 610 780,A01,1,7,0,2,1,1,1,
2.023E+11,155 610 777,A01,3,33,0,2,1,17,1,
2.023E+11,155 610 778,B01,3,7,0,2,6,15,0,
2.023E+11,155 610 775,B01,1,10,0,2,1,2,1,
2.023E+11,155 610 776,A01,1,7,0,1,2,23,1,
2.023E+11,155 610 773,B01,1,33,0,2,1,1,1,
2.023E+11,155 610 774,A01,0,7,0,2,3,15,1,
2.023E+11,155 610 770,C01,1,7,0,2,4,1,1,
2.023E+11,155 610 771,A01,1,7,0,2,1,1,1,
2.023E+11,155 610 772,B01,1,7,0,2,1,1,1,
2.023E+11,155 610 768,A01,3,7,0,2,6,19,1,
2.023E+11,155 610 769,B01,3,7,0,2,1,1,1,
2.023E+11,155 610 766,A01,1,7,0,2,3,17,1,
2.023E+11,155 610 767,B01,1,1,0,2,1,0,5,
2.023E+11,155 610 765,A01,3,7,0,1,1,1,1,
2.023E+11,155 610 760,A01,3,7,0,1,4,4,1,
2.023E+11,155 610 758,B01,1,7,0,2,3,0,1,
2.023E+11,155 610 759,A01,1,7,0,2,1,0,0,
2.023E+11,155 610 756,B01,1,1,0,2,1,1,5,
2.023E+11,155 610 757,A01,2,7,0,2,7,15,1,
2.023E+11,155 610 753,C01,1,7,0,2,1,23,3,
2.023E+11,155 610 754,A01,1,7,0,2,3,15,1,
2.023E+11,155 610 755,B01,2,7,0,2,1,1,1,
2.023E+11,155 610 751,A01,3,32,0,2,0,0,1,
2.023E+11,155 610 752,B01,3,99,0,2,8,23,0,
2.023E+11,155 610 749,B01,3,10,0,2,4,1,1,
2.023E+11,155 610 750,A01,3,2,0,2,1,21,1,
2.023E+11,155 610 747,A01,2,10,0,2,1,2,1,
2.023E+11,155 610 748,B01,2,7,0,2,4,1,1,
2.023E+11,155 610 745,A01,2,7,0,2,1,2,1,
2.023E+11,155 610 746,B01,2,7,0,2,4,1,1,
2.023E+11,155 610 744,B01,2,10,0,1,3,16,1,
2.023E+11,155 610 742,A01,2,7,0,2,2,16,1,
2.023E+11,155 610 743,B01,2,7,0,2,3,0,1,
2.023E+11,155 610 741,A01,2,7,0,1,3,1,1,
2.023E+11,155 610 739,A01,2,7,0,2,5,9,1,
2.023E+11,155 610 740,B01,2,7,0,2,5,23,1,
2.023E+11,155 610 736,A01,1,7,0,2,1,13,1,
2.023E+11,155 610 737,B01,2,38,0,2,2,1,1,5
2.023E+11,155 610 738,C01,1,7,0,2,1,1,1,
2.023E+11,155 610 734,B01,1,7,0,2,4,2,1,
2.023E+11,155 610 735,A01,1,7,0,2,1,0,1,
2.023E+11,155 610 733,A01,1,33,15,0,1,19,1,
2.023E+11,155 610 731,A01,3,30,0,2,2,21,1,
2.023E+11,155 610 732,B01,3,36,0,2,6,13,1,
2.023E+11,155 610 729,A01,1,7,0,2,7,16,1,
2.023E+11,155 610 730,B01,1,1,0,2,8,1,5,
2.023E+11,155 610 727,A01,3,50,0,2,1,13,3,
2.023E+11,155 610 728,B01,3,50,0,2,1,1,3,
2.023E+11,155 610 726,A01,2,7,6,0,1,14,1,
2.023E+11,155 610 725,A01,1,33,6,0,7,26,1,
2.023E+11,155 610 723,A01,2,30,11,1,0,1,0,
2.023E+11,155 610 721,A01,2,1,0,2,1,15,5,
2.023E+11,155 610 722,B01,0,7,0,2,3,1,2,
2.023E+11,155 610 720,A01,2,7,0,1,1,1,1,
2.023E+11,155 610 719,A01,3,7,0,1,2,17,1,
2.023E+11,155 610 717,A01,0,33,0,2,1,17,1,
2.023E+11,155 610 718,B01,0,16,0,2,6,15,1,
2.023E+11,155 610 715,A01,3,7,0,2,8,13,1,
2.023E+11,155 610 716,B01,3,34,0,2,7,1,1,
2.023E+11,155 610 713,A01,1,7,0,2,4,23,1,
2.023E+11,155 610 714,C01,1,7,0,2,1,1,1,
2.023E+11,155 610 711,A01,2,33,0,2,1,2,1,
2.023E+11,155 610 712,B01,2,7,0,2,6,2,1,
2.023E+11,155 610 710,A01,2,7,0,1,2,1,1,
2.023E+11,155 610 705,A01,2,7,0,1,1,15,1,
2.023E+11,155 610 704,A01,2,7,1,1,0,13,0,
2.023E+11,155 610 702,A01,2,0,0,9,6,26,1,
2.023E+11,155 610 703,B01,1,80,0,2,6,1,3,
2.023E+11,155 610 700,A01,2,7,0,9,1,1,1,
2.023E+11,155 610 701,B01,1,60,0,2,0,19,5,
2.023E+11,155 610 699,A01,2,7,0,1,3,1,3,
2.023E+11,155 610 697,A01,1,7,0,2,1,13,1,
2.023E+11,155 610 698,B01,1,7,0,2,1,0,1,
2.023E+11,155 610 695,B01,3,1,0,2,5,1,5,
2.023E+11,155 610 696,A01,1,7,0,2,2,1,1,
2.023E+11,155 610 693,B01,1,7,0,0,4,15,3,
2.023E+11,155 610 694,Z01,1,7,0,2,1,1,1,
2.023E+11,155 610 692,A01,3,7,1,1,5,20,1,
2.023E+11,155 610 690,B01,1,1,0,2,1,15,5,
2.023E+11,155 610 691,A01,3,7,0,2,2,0,1,
2.023E+11,155 610 689,A01,1,33,0,0,8,23,1,
2.023E+11,155 610 687,B01,2,31,0,2,2,1,1,
2.023E+11,155 610 688,A01,2,7,0,2,8,9,2,
2.023E+11,155 610 684,B01,1,7,0,2,4,2,1,
2.023E+11,155 610 685,A01,1,7,0,2,1,2,1,
2.023E+11,155 610 686,C01,1,7,0,2,4,2,1,
2.023E+11,155 610 681,A01,2,7,0,2,2,12,1,
2.023E+11,155 610 682,B01,2,7,0,2,3,1,1,
2.023E+11,155 610 683,C01,2,7,0,2,5,1,1,
2.023E+11,155 610 679,A01,2,7,0,2,8,11,1,
2.023E+11,155 610 680,B01,2,32,0,2,7,1,1,
2.023E+11,155 610 676,B01,1,7,0,2,4,2,1,
2.023E+11,155 610 677,A01,1,7,0,2,1,2,1,
2.023E+11,155 610 678,C01,1,7,0,2,4,2,1,
2.023E+11,155 610 674,A01,2,7,0,0,8,15,1,
2.023E+11,155 610 675,B01,2,1,0,2,1,15,5,
2.023E+11,155 610 672,B01,3,7,0,2,4,2,1,
2.023E+11,155 610 673,A01,3,33,0,2,1,2,1,
2.023E+11,155 610 670,B01,2,2,0,2,8,2,3,
2.023E+11,155 610 671,A01,1,1,0,2,1,5,5,
2.023E+11,155 610 668,A01,1,2,0,2,1,1,1,
2.023E+11,155 610 669,B01,1,7,0,2,5,1,1,
2.023E+11,155 610 667,Z01,3,1,0,1,1,1,5,
2.023E+11,155 610 666,A01,2,1,12,0,1,13,5,
2.023E+11,155 610 664,A01,1,1,0,2,1,1,5,
2.023E+11,155 610 665,B01,1,7,0,0,3,1,1,
2.023E+11,155 610 662,B01,1,1,0,2,1,1,5,
2.023E+11,155 610 663,A01,1,7,0,2,3,22,1,
2.023E+11,155 610 661,A01,2,1,0,1,1,1,5,
2.023E+11,155 610 659,A01,2,1,0,2,8,1,5,
2.023E+11,155 610 660,Z01,2,7,0,2,7,12,0,
2.023E+11,155 610 657,A01,2,7,0,2,8,19,1,
2.023E+11,155 610 658,B01,2,2,0,2,1,2,1,
2.023E+11,155 610 655,A01,0,33,0,2,0,1,1,
2.023E+11,155 610 656,B01,1,2,0,2,7,1,1,
2.023E+11,155 610 654,A01,1,7,0,1,2,1,2,
2.023E+11,155 610 652,B01,2,10,0,2,5,1,1,
2.023E+11,155 610 653,A01,2,30,0,2,1,21,3,
2.023E+11,155 610 650,A01,1,7,0,2,1,1,2,
2.023E+11,155 610 651,B01,1,1,0,2,4,23,5,
2.023E+11,155 610 648,B01,2,10,0,2,4,2,1,
2.023E+11,155 610 649,A01,2,7,0,2,1,2,1,
2.023E+11,155 610 646,B01,2,7,0,2,1,1,1,
2.023E+11,155 610 647,A01,2,50,0,2,7,1,3,
2.023E+11,155 610 645,A01,2,7,0,1,1,15,2,
2.023E+11,155 610 643,A01,2,17,0,2,4,2,1,
2.023E+11,155 610 644,B01,1,14,0,2,1,2,1,
2.023E+11,155 610 641,B01,1,7,0,2,2,15,2,
2.023E+11,155 610 642,A01,1,32,0,2,1,1,1,
2.023E+11,155 610 640,A01,1,7,0,1,3,1,1,
2.023E+11,155 610 637,C01,3,7,0,2,4,23,1,
2.023E+11,155 610 638,B01,3,7,0,2,4,23,1,
2.023E+11,155 610 639,A01,3,7,0,2,1,1,1,
2.023E+11,155 610 635,A01,1,34,0,1,1,2,1,
2.023E+11,155 610 636,A01,1,7,8,0,3,1,1,
2.023E+11,155 610 632,B01,3,50,0,2,7,19,3,
2.023E+11,155 610 634,A01,3,14,0,2,3,1,1,
2.023E+11,155 610 631,A01,2,33,0,1,1,3,1,
2.023E+11,155 610 633,B01,1,7,0,2,3,1,1,
2.023E+11,155 610 630,A01,3,7,0,1,1,1,1,
2.023E+11,155 610 628,A01,3,7,0,1,3,1,1,
2.023E+11,155 610 627,A01,1,7,0,2,1,5,1,
2.023E+11,155 610 629,B01,2,7,0,2,1,1,1,
2.023E+11,155 610 626,A01,3,7,0,1,1,1,1,
2.023E+11,155 610 623,B01,2,7,0,2,3,16,2,
2.023E+11,155 610 625,A01,2,31,0,2,7,1,1,
2.023E+11,155 610 622,A01,0,34,0,2,3,21,1,
2.023E+11,155 610 624,B01,0,50,0,2,1,21,3,
2.023E+11,155 610 620,A01,3,33,0,1,1,1,1,
2.023E+11,155 610 619,A01,1,7,0,9,5,23,0,
2.023E+11,155 610 621,B01,1,31,0,2,1,9,1,
2.023E+11,155 610 618,A01,0,7,0,1,1,20,1,
2.023E+11,155 610 616,A01,3,99,0,2,3,19,0,
2.023E+11,155 610 617,B01,3,33,0,2,1,0,0,
2.023E+11,155 610 614,A01,1,7,0,2,2,15,1,
2.023E+11,155 610 615,B01,2,33,0,2,1,1,1,
2.023E+11,155 610 612,B01,3,7,0,2,4,2,2,
2.023E+11,155 610 613,A01,3,10,0,2,1,2,1,
2.023E+11,155 610 610,A01,1,7,0,2,1,1,1,
2.023E+11,155 610 611,B01,1,7,0,2,4,1,1,
2.023E+11,155 610 608,A01,0,10,0,1,2,17,1,
2.023E+11,155 610 607,B01,1,33,0,2,0,0,1,
2.023E+11,155 610 609,A01,1,7,0,2,1,1,1,
2.023E+11,155 610 606,A01,1,7,0,0,2,15,0,
2.023E+11,155 610 604,A01,3,7,0,2,3,0,1,
2.023E+11,155 610 605,B01,0,33,0,2,5,0,1,
2.023E+11,155 610 602,A01,0,7,12,0,3,16,1,
2.023E+11,155 610 601,B01,1,7,0,2,4,23,1,
2.023E+11,155 610 603,A01,1,30,0,2,1,2,1,
2.023E+11,155 610 600,A01,2,7,0,1,2,1,1,
2.023E+11,155 610 598,A01,2,7,0,2,5,16,0,
2.023E+11,155 610 599,B01,2,2,0,2,1,1,0,
2.023E+11,155 610 595,A01,2,7,0,2,4,1,1,
2.023E+11,155 610 597,B01,1,1,0,2,1,1,5,
2.023E+11,155 610 594,A01,1,30,0,2,1,5,1,
2.023E+11,155 610 596,B01,2,7,0,2,2,1,1,
2.023E+11,155 610 593,A01,2,32,0,1,2,17,1,
2.023E+11,155 610 592,A01,1,7,9,0,1,14,3,
2.023E+11,155 610 590,A01,1,43,0,2,1,2,1,
2.023E+11,155 610 591,B01,0,17,1,0,4,2,1,
2.023E+11,155 610 589,A01,1,7,6,0,1,14,1,
2.023E+11,155 610 587,A01,0,7,0,1,1,1,1,
2.023E+11,155 610 586,A01,2,7,0,1,3,1,1,
2.023E+11,155 610 584,B01,3,7,0,2,6,24,1,
2.023E+11,155 610 585,A01,1,2,1,0,2,0,1,
2.023E+11,155 610 583,A01,1,7,0,1,2,1,1,
2.023E+11,155 610 581,A01,1,16,0,2,3,20,1,
2.023E+11,155 610 582,B01,1,7,0,2,2,1,1,
2.023E+11,155 610 579,A01,2,7,0,2,1,1,1,
2.023E+11,155 610 580,B01,2,7,0,2,4,1,1,
2.023E+11,155 610 577,B01,0,7,0,2,1,1,1,
2.023E+11,155 610 578,A01,0,30,0,2,1,13,1,
2.023E+11,155 610 576,A01,3,7,13,0,1,1,1,
2.023E+11,155 610 575,A01,2,10,0,1,1,1,1,
2.023E+11,155 610 574,A01,2,7,3,0,1,1,1,
2.023E+11,155 610 572,A01,1,32,0,2,1,1,1,
2.023E+11,155 610 573,B01,2,7,0,2,2,15,1,
2.023E+11,155 610 570,A01,1,7,0,2,3,16,1,
2.023E+11,155 610 571,B01,1,7,8,0,3,21,1,
2.023E+11,155 610 568,A01,3,30,0,2,1,1,1,
2.023E+11,155 610 569,B01,3,7,0,2,2,15,1,
2.023E+11,155 610 566,B01,2,7,0,2,1,0,1,
2.023E+11,155 610 567,A01,2,7,0,2,1,1,1,
2.023E+11,155 610 564,B01,1,1,0,2,8,15,5,
2.023E+11,155 610 565,A01,1,7,0,2,2,1,1,
2.023E+11,155 610 563,A01,3,7,0,1,1,16,1,
2.023E+11,155 610 562,A01,2,7,0,1,3,16,1,
2.023E+11,155 610 560,A01,1,30,0,2,3,18,1,
2.023E+11,155 610 588,B01,1,7,0,2,2,16,1,
2.023E+11,155 610 559,A01,3,7,0,2,3,15,1,
2.023E+11,155 610 561,B01,1,2,0,2,1,1,1,
2.023E+11,155 610 558,A01,1,33,0,0,1,0,1,
2.023E+11,155 610 555,A01,1,7,0,2,0,15,0,
2.023E+11,155 610 556,B01,2,7,0,2,1,1,0,
2.023E+11,155 610 554,A01,3,7,0,2,2,1,1,
2.023E+11,155 610 557,B01,3,7,0,2,3,1,1,
2.023E+11,155 610 552,B01,1,1,0,2,1,1,5,
2.023E+11,155 610 553,A01,1,7,0,2,1,9,1,
2.023E+11,155 610 550,A01,1,33,13,0,1,1,1,
2.023E+11,155 610 549,B01,1,7,0,2,3,1,1,
2.023E+11,155 610 551,A01,1,7,0,2,1,9,1,
2.023E+11,155 610 547,A01,3,7,0,2,1,15,1,
2.023E+11,155 610 548,B01,3,1,0,2,1,5,5,
2.023E+11,155 610 546,A01,3,7,0,1,2,1,1,
2.023E+11,155 610 545,A01,3,7,3,0,3,1,1,
2.023E+11,155 610 544,A01,1,33,0,0,9,1,1,
2.023E+11,155 610 542,A01,0,7,0,1,3,0,1,
2.023E+11,155 610 541,B01,3,7,0,2,2,0,1,
2.023E+11,155 610 543,A01,3,7,0,2,7,19,1,
2.023E+11,155 610 540,A01,2,7,0,0,9,1,1,
2.023E+11,155 610 538,A01,1,33,0,2,8,13,1,
2.023E+11,155 610 539,B01,2,7,0,2,3,1,1,
2.023E+11,155 610 537,A01,2,31,0,6,1,1,-1,
2.023E+11,155 610 533,A01,2,7,0,2,1,13,1,
2.023E+11,155 610 535,B01,1,7,3,2,1,1,3,
2.023E+11,155 610 536,C01,2,7,0,9,3,2,2,
2.023E+11,155 610 534,A01,2,7,0,1,2,2,6,
2.023E+11,155 610 530,A01,1,7,3,0,1,14,1,
2.023E+11,155 610 532,B01,1,17,0,0,7,11,1,
2.023E+11,155 610 528,A01,3,7,0,4,2,1,1,
2.023E+11,155 610 529,B01,0,39,0,2,3,1,2,
2.023E+11,155 610 527,B01,2,50,0,2,1,1,3,
2.023E+11,155 610 531,A01,3,7,0,2,8,9,1,
2.023E+11,155 610 525,A01,0,7,0,2,3,9,1,
2.023E+11,155 610 526,B01,0,10,0,2,1,1,1,
2.023E+11,155 610 522,B01,1,15,0,2,3,1,1,
2.023E+11,155 610 523,A01,2,10,0,2,3,13,1,
2.023E+11,155 610 524,A01,2,7,0,1,1,1,1,
2.023E+11,155 610 520,A01,1,7,0,2,1,13,1,
2.023E+11,155 610 521,B01,2,7,0,0,1,1,1,
2.023E+11,155 610 518,A01,1,7,13,2,2,17,1,
2.023E+11,155 610 519,B01,1,7,0,2,3,15,1,
2.023E+11,155 610 517,A01,3,7,15,0,1,15,0,
2.023E+11,155 610 515,A01,3,7,0,2,8,9,0,
2.023E+11,155 610 516,B01,3,2,0,2,1,1,0,
2.023E+11,155 610 514,A01,2,10,15,0,1,1,1,
2.023E+11,155 610 511,B01,2,21,0,2,3,1,1,
2.023E+11,155 610 513,A01,1,2,0,2,3,16,1,
2.023E+11,155 610 512,A01,3,7,4,0,3,26,1,
2.023E+11,155 610 506,A01,2,7,13,0,0,1,1,
2.023E+11,155 610 505,A01,1,7,0,2,1,26,1,
2.023E+11,155 610 507,B01,1,7,0,2,3,26,1,
2.023E+11,155 610 508,C01,1,7,0,2,2,1,1,
2.023E+11,155 610 504,A01,3,7,0,1,1,1,1,
2.023E+11,155 610 501,A01,2,7,0,2,1,5,1,
2.023E+11,155 610 502,B01,3,7,0,2,1,1,1,
2.023E+11,155 610 500,A01,3,7,0,2,3,1,1,
2.023E+11,155 610 503,B01,3,7,0,2,1,15,1,
2.023E+11,155 610 499,A01,1,7,8,0,1,14,0,
2.023E+11,155 610 498,A01,2,7,13,0,1,1,1,
2.023E+11,155 610 494,A01,2,7,0,2,1,1,1,
2.023E+11,155 610 496,B01,3,7,0,2,6,1,0,
2.023E+11,155 610 492,A01,3,7,8,0,3,0,1,
2.023E+11,155 610 487,A01,3,7,0,2,1,1,1,
2.023E+11,155 610 488,B01,3,1,0,2,4,1,5,
2.023E+11,155 610 489,A01,2,7,13,2,3,13,1,
2.023E+11,155 610 490,B01,1,10,0,2,1,1,1,
2.023E+11,155 610 483,A01,1,7,0,2,1,15,0,
2.023E+11,155 610 485,B01,2,7,0,2,3,1,1,
2.023E+11,155 610 481,A01,2,10,2,0,1,14,1,
2.023E+11,155 610 476,A01,1,7,0,2,2,15,1,
2.023E+11,155 610 477,B01,2,2,0,2,1,1,1,
2.023E+11,155 610 479,C01,2,2,0,2,1,1,1,
2.023E+11,155 610 478,A01,3,7,0,2,2,18,1,
2.023E+11,155 610 480,B01,3,7,0,2,2,1,1,
2.023E+11,155 610 474,A01,2,33,0,2,1,1,1,
2.023E+11,155 610 475,B01,1,7,0,0,6,19,3,
2.023E+11,155 610 472,A01,3,10,0,2,2,17,1,
2.023E+11,155 610 473,B01,3,10,0,2,3,1,1,
2.023E+11,155 610 471,A01,2,7,2,0,3,0,1,
2.023E+11,155 610 467,A01,1,7,0,2,1,13,1,
2.023E+11,155 610 468,B01,2,7,0,2,1,1,1,
2.023E+11,155 610 470,C01,1,7,0,2,1,1,1,
2.023E+11,155 610 465,A01,1,33,0,0,0,0,1,
2.023E+11,155 610 466,B01,3,7,0,2,2,9,1,
2.023E+11,155 610 469,A01,3,7,0,2,3,9,1,
2.023E+11,155 610 464,A01,1,7,0,1,2,0,1,
2.023E+11,155 610 462,Z01,2,10,9,0,2,1,1,
2.023E+11,155 610 461,A01,1,1,0,2,1,5,5,
2.023E+11,155 610 463,B01,2,10,0,9,2,15,1,
2.023E+11,155 610 460,A01,2,50,12,0,1,25,3,
2.023E+11,155 610 458,B01,1,10,0,2,4,12,1,
2.023E+11,155 610 459,A01,1,33,0,2,1,3,1,
2.023E+11,155 610 456,A01,3,32,14,0,7,1,1,
2.023E+11,155 610 454,C01,2,7,0,2,4,2,0,
2.023E+11,155 610 455,A01,2,7,0,2,1,2,0,
2.023E+11,155 610 457,B01,2,7,0,2,4,2,0,
2.023E+11,155 610 453,A01,1,30,0,1,1,26,1,
2.023E+11,155 610 446,A01,2,10,0,2,4,2,1,
2.023E+11,155 610 447,B01,2,10,0,2,4,2,1,
2.023E+11,155 610 448,C01,2,7,0,2,4,2,1,
2.023E+11,155 610 449,D01,2,7,0,2,4,2,2,
2.023E+11,155 610 450,E01,2,7,0,2,1,2,1,
2.023E+11,155 610 444,A01,1,7,0,2,5,2,1,
2.023E+11,155 610 445,B01,1,10,0,2,3,2,1,
2.023E+11,155 610 443,A01,1,7,0,1,2,5,1,
2.023E+11,155 610 442,A01,2,7,14,1,0,14,2,
2.023E+11,155 610 440,A01,2,7,0,2,3,10,1,
2.023E+11,155 610 441,B01,2,2,0,2,1,2,1,
2.023E+11,155 610 437,C01,3,7,0,2,1,23,1,
2.023E+11,155 610 438,A01,3,7,0,2,2,13,1,
2.023E+11,155 610 439,B01,3,7,0,2,3,23,1,
2.023E+11,155 610 435,B01,3,80,0,2,2,19,3,
2.023E+11,155 610 436,A01,3,33,0,2,1,1,1,
2.023E+11,155 610 434,A01,1,7,0,1,1,0,1,
2.023E+11,155 610 432,B01,2,7,0,2,3,23,1,
2.023E+11,155 610 433,Z01,1,7,1,0,1,13,1,
2.023E+11,155 610 431,A01,1,7,12,0,0,1,1,
2.023E+11,155 610 429,A01,1,30,0,2,1,1,1,
2.023E+11,155 610 430,B01,2,7,0,2,7,15,1,
2.023E+11,155 610 428,A01,1,37,0,1,1,1,1,2
2.023E+11,155 610 426,A01,2,15,0,1,1,1,1,
2.023E+11,155 610 427,A01,2,7,0,1,3,16,1,
2.023E+11,155 610 423,B01,1,32,0,2,1,21,1,
2.023E+11,155 610 425,A01,2,10,0,2,3,21,1,
2.023E+11,155 610 419,B01,2,7,0,2,1,15,1,
2.023E+11,155 610 421,A01,1,30,0,2,1,8,1,
2.023E+11,155 610 418,A01,3,7,0,2,2,15,1,
2.023E+11,155 610 420,B01,3,2,0,2,1,1,1,
2.023E+11,155 610 416,B01,3,33,0,2,7,17,1,
2.023E+11,155 610 417,A01,3,7,0,2,3,15,1,
2.023E+11,155 610 413,Z01,0,32,0,2,1,0,1,
2.023E+11,155 610 414,B01,3,1,0,2,8,19,5,
2.023E+11,155 610 412,A01,1,7,0,2,1,1,1,
2.023E+11,155 610 415,B01,2,7,0,2,8,1,2,
2.023E+11,155 610 410,A01,0,7,0,1,0,9,0,
2.023E+11,155 610 409,B01,1,7,1,0,2,15,1,
2.023E+11,155 610 411,A01,1,7,0,2,6,24,1,
2.023E+11,155 610 407,A01,1,7,3,0,9,1,1,
2.023E+11,155 610 406,A01,3,7,0,2,1,1,1,
2.023E+11,155 610 408,B01,3,30,0,2,4,1,1,
2.023E+11,155 610 405,A01,2,7,0,1,3,15,0,
2.023E+11,155 610 402,C01,2,7,0,2,4,23,1,
2.023E+11,155 610 403,A01,2,7,0,2,1,1,1,
2.023E+11,155 610 404,B01,2,7,0,2,4,23,1,
2.023E+11,155 610 401,A01,2,7,0,1,1,16,1,
2.023E+11,155 610 399,A01,2,10,0,2,2,9,1,
2.023E+11,155 610 400,B01,1,7,0,2,3,1,1,
2.023E+11,155 610 397,A01,1,50,0,2,7,2,3,
2.023E+11,155 610 398,B01,2,10,0,2,1,0,1,
2.023E+11,155 610 396,A01,0,7,0,1,1,26,1,
2.023E+11,155 610 395,A01,0,1,0,1,1,1,5,
2.023E+11,155 610 393,B01,1,33,0,2,1,2,1,
2.023E+11,155 610 394,A01,2,10,0,2,7,15,1,
2.023E+11,155 610 392,A01,2,7,1,0,2,1,3,
2.023E+11,155 610 389,A01,3,33,0,2,2,19,1,
2.023E+11,155 610 391,B01,3,7,0,2,3,15,1,
2.023E+11,155 610 388,A01,1,13,0,2,1,15,0,
2.023E+11,155 610 390,B01,1,33,0,2,8,1,1,
2.023E+11,155 610 387,A01,3,2,0,2,6,2,0,
2.023E+11,155 610 385,A01,1,7,0,2,1,15,1,
2.023E+11,155 610 386,B01,2,99,0,0,0,0,0,
2.023E+11,155 610 383,A01,1,7,1,2,1,0,1,
2.023E+11,155 610 384,B01,1,7,12,2,4,20,1,
2.023E+11,155 610 380,A01,1,7,12,0,1,2,1,
2.023E+11,155 610 382,B01,1,1,0,2,1,0,5,
2.023E+11,155 610 379,B01,1,33,0,2,1,1,1,
2.023E+11,155 610 381,A01,1,10,0,2,6,23,1,
2.023E+11,155 610 377,A01,1,7,8,0,2,1,1,
2.023E+11,155 610 376,B01,3,50,0,2,3,25,3,
2.023E+11,155 610 378,A01,1,10,0,9,2,16,1,
2.023E+11,155 610 371,A01,2,7,0,9,8,22,0,
2.023E+11,155 610 373,B01,2,50,1,2,1,1,3,
2.023E+11,155 610 372,A01,3,7,0,2,1,2,1,
2.023E+11,155 610 374,B01,3,7,0,2,4,2,1,
2.023E+11,155 610 375,C01,3,31,0,2,4,2,1,
2.023E+11,155 610 370,A01,0,37,0,1,2,16,1,1
2.023E+11,155 610 369,A01,3,7,0,1,1,1,1,
2.023E+11,155 610 366,A01,1,7,0,2,7,16,1,
2.023E+11,155 610 368,B01,1,31,0,2,8,1,1,
2.023E+11,155 610 367,A01,2,99,6,0,1,19,1,
2.023E+11,155 610 363,B01,3,10,0,2,3,1,1,
2.023E+11,155 610 365,A01,3,7,0,2,3,13,1,