Num_Acc,id_vehicule,num_veh,senc,catv,obs,obsm,choc,manv,motor,occutc
2.023E+11,155 608 971,B01,1,7,0,2,4,2,1,
2.023E+11,155 608 974,C01,1,7,0,2,1,2,1,
2.023E+11,155 608 977,A01,1,7,0,2,4,2,1,
2.023E+11,155 608 969,A01,2,2,0,1,1,1,1,
2.023E+11,155 608 967,A01,1,7,3,0,1,14,1,
2.023E+11,155 608 966,B01,2,7,0,2,1,0,1,
2.023E+11,155 608 968,A01,1,1,0,2,0,0,5,
2.023E+11,155 608 965,A01,2,80,0,1,1,21,3,
2.023E+11,155 608 960,C01,1,7,0,2,4,1,1,
2.023E+11,155 608 962,B01,1,7,0,2,4,1,1,
2.023E+11,155 608 963,A01,1,7,0,2,1,1,1,
2.023E+11,155 608 959,B01,2,7,0,2,4,1,1,
2.023E+11,155 608 964,A01,2,7,0,2,1,1,1,
2.023E+11,155 608 958,A01,3,7,0,2,7,1,1,
2.023E+11,155 608 961,B01,2,7,0,2,1,1,1,
2.023E+11,155 608 956,A01,1,10,6,2,2,17,1,
2.023E+11,155 608 953,A01,1,7,14,0,1,13,1,
2.023E+11,155 608 952,B01,1,1,0,2,1,1,5,
2.023E+11,155 608 954,A01,1,7,0,2,3,1,0,
2.023E+11,155 608 947,B01,2,34,0,2,1,1,1,
2.023E+11,155 608 949,A01,1,34,0,2,7,19,1,
2.023E+11,155 608 948,A01,1,1,0,2,1,1,5,
2.023E+11,155 608 951,B01,3,7,0,2,8,19,3,
2.023E+11,155 608 946,A01,1,7,0,2,2,17,1,
2.023E+11,155 608 950,B01,1,7,0,2,3,1,6,
2.023E+11,155 608 943,A01,1,7,0,1,8,1,1,
2.023E+11,155 608 944,A01,1,50,0,2,0,0,3,
2.023E+11,155 608 945,B01,1,7,0,2,0,0,3,
2.023E+11,155 608 941,A01,2,7,0,2,1,2,1,
2.023E+11,155 608 942,B01,2,7,0,2,4,2,1,
2.023E+11,155 608 939,A01,3,7,0,1,1,1,1,
2.023E+11,155 608 938,A01,3,7,0,2,6,10,1,
2.023E+11,155 608 940,B01,3,2,0,2,1,1,1,
2.023E+11,155 608 935,A01,0,7,0,1,1,15,1,
2.023E+11,155 608 934,A01,2,7,0,2,1,1,0,
2.023E+11,155 608 937,B01,2,7,3,0,4,2,0,
2.023E+11,155 608 933,A01,2,7,0,2,1,15,1,
2.023E+11,155 608 936,B01,1,31,0,2,1,1,1,
2.023E+11,155 608 931,A01,1,7,0,1,1,17,1,
2.023E+11,155 608 928,A01,1,33,0,2,1,2,1,
2.023E+11,155 608 930,B01,1,10,0,2,4,2,1,
2.023E+11,155 608 927,C01,2,7,0,2,5,0,1,
2.023E+11,155 608 929,A01,2,7,0,2,1,14,1,
2.023E+11,155 608 932,B01,2,7,0,2,4,2,1,
2.023E+11,155 608 926,A01,1,33,0,0,1,3,1,
2.023E+11,155 608 925,A01,0,7,0,1,2,1,1,
2.023E+11,155 608 923,A01,2,7,0,2,1,1,1,
2.023E+11,155 608 924,B01,2,7,0,2,4,1,1,
2.023E+11,155 608 920,A01,2,7,0,2,6,10,1,
2.023E+11,155 608 921,B01,2,32,0,2,1,2,1,
2.023E+11,155 608 919,A01,0,32,0,2,3,1,3,
2.023E+11,155 608 922,B01,2,7,0,2,6,2,0,
2.023E+11,155 608 918,A01,1,33,3,0,3,14,1,
2.023E+11,155 608 917,A01,1,3,8,0,0,0,1,
2.023E+11,155 608 914,A01,3,1,0,0,1,2,5,
2.023E+11,155 608 915,A01,2,10,0,2,1,2,1,
2.023E+11,155 608 916,B01,2,7,0,2,4,1,1,
2.023E+11,155 608 913,A01,1,7,0,1,2,26,6,
2.023E+11,155 608 911,A01,3,7,6,0,2,1,1,
2.023E+11,155 608 910,A01,1,10,0,2,2,1,1,
2.023E+11,155 608 912,B01,1,33,0,2,8,15,1,
2.023E+11,155 608 908,A01,3,7,2,0,8,0,1,
2.023E+11,155 608 906,A01,1,30,0,1,2,1,3,
2.023E+11,155 608 905,B01,1,7,0,2,1,0,1,
2.023E+11,155 608 907,C01,1,7,0,2,4,0,0,
2.023E+11,155 608 909,A01,1,7,0,2,4,0,1,
2.023E+11,155 608 901,A01,1,32,0,0,7,0,1,
2.023E+11,155 608 900,A01,2,1,0,2,1,1,5,
2.023E+11,155 608 903,B01,1,7,0,2,6,1,1,
2.023E+11,155 608 899,B01,1,7,0,2,1,2,1,
2.023E+11,155 608 902,C01,1,15,0,0,3,1,1,
2.023E+11,155 608 904,A01,1,7,0,2,4,2,1,
2.023E+11,155 608 894,A01,2,15,0,2,2,1,1,
2.023E+11,155 608 898,B01,2,50,0,0,4,1,3,
2.023E+11,155 608 895,A01,2,30,0,2,6,5,1,
2.023E+11,155 608 897,Z01,1,50,0,2,1,1,3,
2.023E+11,155 608 892,A01,1,7,0,2,1,2,1,
2.023E+11,155 608 893,B01,1,7,0,2,4,23,1,
2.023E+11,155 608 896,C01,1,7,0,0,4,23,1,
2.023E+11,155 608 890,A01,3,7,0,2,3,1,1,
2.023E+11,155 608 891,B01,3,7,0,6,3,13,1,
2.023E+11,155 608 888,A01,1,50,0,2,1,1,3,
2.023E+11,155 608 889,B01,1,50,0,2,4,1,3,
2.023E+11,155 608 886,A01,1,7,0,0,4,23,1,
2.023E+11,155 608 887,B01,1,7,0,2,1,1,1,
2.023E+11,155 608 884,A01,1,7,6,0,2,2,1,
2.023E+11,155 608 883,A01,1,10,0,2,3,20,0,
2.023E+11,155 608 885,B01,1,32,0,2,2,26,1,
2.023E+11,155 608 881,A01,1,33,13,0,1,13,1,
2.023E+11,155 608 880,B01,0,10,0,2,1,0,1,
2.023E+11,155 608 882,A01,0,10,0,2,1,26,1,
2.023E+11,155 608 877,A01,2,7,0,1,1,1,1,
2.023E+11,155 608 875,B01,1,7,0,2,4,2,1,
2.023E+11,155 608 878,A01,1,7,0,2,1,2,1,
2.023E+11,155 608 879,C01,1,7,0,2,4,2,1,
2.023E+11,155 608 874,A01,1,33,0,2,0,11,1,
2.023E+11,155 608 876,B01,1,7,0,0,0,0,1,
2.023E+11,155 608 873,A01,1,7,0,1,1,1,0,
2.023E+11,155 608 871,A01,1,7,0,2,1,10,1,
2.023E+11,155 608 872,B01,1,7,0,2,1,1,1,
2.023E+11,155 608 869,A01,3,7,0,1,7,16,0,
2.023E+11,155 608 868,A01,2,1,0,2,7,9,5,
2.023E+11,155 608 870,B01,2,7,0,2,8,9,1,
2.023E+11,155 608 865,B01,1,50,0,2,7,1,3,
2.023E+11,155 608 866,A01,2,7,0,9,7,1,1,
2.023E+11,155 608 862,A01,0,7,0,2,1,2,1,
2.023E+11,155 608 864,B01,0,7,0,2,6,2,1,
2.023E+11,155 608 867,C01,0,7,0,2,5,2,1,
2.023E+11,155 608 861,A01,1,7,0,0,7,15,0,
2.023E+11,155 608 863,B01,2,31,0,0,2,1,1,
2.023E+11,155 608 859,B01,1,50,0,2,7,1,3,
2.023E+11,155 608 860,A01,1,10,0,2,7,9,1,
2.023E+11,155 608 856,A01,1,7,0,2,3,10,1,
2.023E+11,155 608 858,B01,1,30,0,2,2,17,1,
2.023E+11,155 608 855,A01,2,7,3,2,5,17,1,
2.023E+11,155 608 857,B01,2,7,13,2,3,1,1,
2.023E+11,155 608 854,A01,3,10,0,1,4,4,1,
2.023E+11,155 608 852,A01,1,10,12,1,6,1,0,
2.023E+11,155 608 850,A01,1,7,0,2,1,17,1,
2.023E+11,155 608 853,B01,2,2,0,2,1,1,1,
2.023E+11,155 608 851,A01,1,10,10,2,9,26,1,
2.023E+11,155 608 848,A01,2,7,9,0,1,1,1,
2.023E+11,155 608 847,A01,1,33,0,2,1,2,1,
2.023E+11,155 608 849,B01,1,10,0,2,4,2,1,
2.023E+11,155 608 845,A01,1,7,0,2,1,17,1,
2.023E+11,155 608 846,B01,2,14,0,2,1,0,1,
2.023E+11,155 608 841,A01,1,32,0,2,8,18,1,
2.023E+11,155 608 842,B01,1,7,0,2,2,2,1,
2.023E+11,155 608 839,A01,3,7,0,1,1,1,0,
2.023E+11,155 608 844,B01,0,7,0,2,1,1,0,
2.023E+11,155 608 840,A01,2,7,0,2,2,15,1,
2.023E+11,155 608 843,B01,2,42,0,2,1,1,1,
2.023E+11,155 608 836,A01,2,7,13,0,1,0,1,
2.023E+11,155 608 834,A01,1,3,0,2,1,1,1,
2.023E+11,155 608 835,C01,1,3,0,2,0,0,0,
2.023E+11,155 608 838,B01,1,3,0,2,1,1,0,
2.023E+11,155 608 833,A01,1,7,0,2,7,1,1,
2.023E+11,155 608 837,B01,2,50,0,2,1,1,3,
2.023E+11,155 608 832,A01,2,7,2,0,3,1,1,
2.023E+11,155 608 830,A01,1,0,0,0,0,0,0,
2.023E+11,155 608 829,B01,2,7,0,2,3,1,1,
2.023E+11,155 608 831,A01,1,99,0,2,2,1,3,
2.023E+11,155 608 827,B01,3,2,0,2,1,9,1,
2.023E+11,155 608 828,A01,0,7,0,2,2,1,1,
2.023E+11,155 608 823,C01,3,7,0,2,1,2,1,
2.023E+11,155 608 825,B01,3,7,0,2,1,2,1,
2.023E+11,155 608 826,A01,3,7,0,2,4,2,0,
2.023E+11,155 608 822,A01,1,7,0,2,2,26,1,
2.023E+11,155 608 824,B01,1,1,0,2,8,1,5,
2.023E+11,155 608 821,A01,1,7,3,0,2,26,1,
2.023E+11,155 608 819,A01,2,7,4,0,3,1,1,
2.023E+11,155 608 818,A01,1,7,0,2,3,6,1,
2.023E+11,155 608 820,B01,1,32,0,2,3,1,1,
2.023E+11,155 608 816,A01,2,7,6,0,3,1,1,
2.023E+11,155 608 813,A01,2,10,0,2,2,2,0,
2.023E+11,155 608 815,B01,2,1,0,2,4,2,5,
2.023E+11,155 608 814,A01,1,7,13,0,1,11,1,
2.023E+11,155 608 807,A01,1,7,0,2,3,13,1,
2.023E+11,155 608 810,B01,2,7,0,2,3,1,1,
2.023E+11,155 608 808,A01,1,7,0,2,3,13,1,
2.023E+11,155 608 811,B01,2,7,0,2,3,1,1,
2.023E+11,155 608 805,A01,0,7,16,0,0,1,1,
2.023E+11,155 608 803,B01,3,33,0,2,1,17,1,
2.023E+11,155 608 806,A01,3,7,0,2,6,15,1,
2.023E+11,155 608 804,A01,2,33,12,0,1,1,1,
2.023E+11,155 608 802,A01,1,0,0,1,0,0,0,
2.023E+11,155 608 801,A01,1,33,0,0,7,1,6,
2.023E+11,155 608 799,A01,1,7,5,0,1,21,1,
2.023E+11,155 608 800,A01,3,7,0,1,8,17,1,
2.023E+11,155 608 798,A01,2,7,2,0,6,1,0,
2.023E+11,155 608 797,A01,3,7,2,0,2,2,0,
2.023E+11,155 608 796,A01,1,7,15,0,1,1,1,
2.023E+11,155 608 794,B01,1,1,0,2,4,1,5,
2.023E+11,155 608 795,A01,1,7,0,2,2,17,2,
2.023E+11,155 608 792,B01,1,7,9,2,9,2,2,
2.023E+11,155 608 793,A01,1,7,0,0,6,1,2,
2.023E+11,155 608 790,A01,1,7,2,0,8,13,1,
2.023E+11,155 608 791,A01,2,7,0,1,3,1,1,
2.023E+11,155 608 788,A01,1,7,0,0,9,14,1,
2.023E+11,155 608 787,B01,1,7,0,2,0,0,0,
2.023E+11,155 608 789,A01,2,33,0,2,3,1,1,
2.023E+11,155 608 785,B01,3,2,0,2,5,1,1,
2.023E+11,155 608 786,A01,3,7,0,2,5,10,0,
2.023E+11,155 608 784,A01,1,7,0,0,9,2,1,
2.023E+11,155 608 782,A01,2,37,0,9,2,1,1,1
2.023E+11,155 608 781,B01,1,21,0,2,3,11,1,
2.023E+11,155 608 783,A01,1,31,0,2,1,17,1,
2.023E+11,155 608 778,A01,1,7,0,2,2,19,1,
2.023E+11,155 608 780,B01,1,7,0,2,1,1,1,
2.023E+11,155 608 777,A01,2,7,2,0,3,1,2,
2.023E+11,155 608 776,A01,2,7,0,2,1,15,1,
2.023E+11,155 608 779,B01,1,33,0,2,8,14,1,
2.023E+11,155 608 775,A01,2,7,13,0,1,13,1,
2.023E+11,155 608 774,A01,1,31,12,0,1,0,1,
2.023E+11,155 608 773,Z01,3,0,0,1,0,0,0,
2.023E+11,155 608 770,A01,3,7,0,9,7,14,1,
2.023E+11,155 608 772,B01,3,1,0,2,8,1,5,
2.023E+11,155 608 769,B01,2,7,0,2,1,1,1,
2.023E+11,155 608 771,A01,1,7,12,2,7,19,1,
2.023E+11,155 608 767,A01,3,10,0,0,9,13,1,
2.023E+11,155 608 765,A01,2,7,0,2,0,21,0,
2.023E+11,155 608 766,B01,1,33,0,2,1,2,1,
2.023E+11,155 608 763,B01,2,1,0,2,7,1,5,
2.023E+11,155 608 768,A01,1,7,0,2,1,16,1,
2.023E+11,155 608 762,B01,2,7,3,0,4,23,1,
2.023E+11,155 608 764,A01,2,7,1,0,1,2,1,
2.023E+11,155 608 761,A01,1,7,13,0,2,13,1,
2.023E+11,155 608 760,A01,3,2,0,0,7,16,1,
2.023E+11,155 608 756,A01,1,7,0,2,1,2,1,
2.023E+11,155 608 759,B01,1,7,0,2,4,1,0,
2.023E+11,155 608 755,B01,1,31,0,2,1,1,1,
2.023E+11,155 608 757,A01,2,10,0,2,7,15,1,
2.023E+11,155 608 754,A01,1,31,0,2,1,1,1,
2.023E+11,155 608 758,B01,1,7,0,0,4,15,1,
2.023E+11,155 608 751,A01,1,7,0,2,3,2,1,
2.023E+11,155 608 753,B01,1,7,0,2,5,2,1,
2.023E+11,155 608 749,A01,0,36,0,0,0,0,1,
2.023E+11,155 608 750,A01,1,7,0,2,1,9,1,
2.023E+11,155 608 752,B01,1,32,0,2,4,23,1,
2.023E+11,155 608 748,A01,2,33,0,0,0,21,1,
2.023E+11,155 608 747,A01,1,7,4,0,5,9,1,
2.023E+11,155 608 745,A01,1,7,0,2,1,23,1,
2.023E+11,155 608 746,B01,2,7,1,0,4,4,1,
2.023E+11,155 608 744,A01,1,7,0,1,2,1,1,
2.023E+11,155 608 743,A01,1,7,4,0,1,16,1,
2.023E+11,155 608 740,A01,1,2,0,0,7,1,1,
2.023E+11,155 608 739,A01,1,7,0,2,1,0,1,
2.023E+11,155 608 741,B01,1,7,0,9,1,0,1,
2.023E+11,155 608 738,A01,1,7,2,0,8,1,1,
2.023E+11,155 608 735,A01,0,14,0,2,1,16,1,
2.023E+11,155 608 737,B01,1,7,0,2,2,1,1,
2.023E+11,155 608 734,A01,3,7,0,1,8,1,1,
2.023E+11,155 608 733,A01,2,34,0,2,3,1,1,
2.023E+11,155 608 736,B01,2,7,0,0,5,9,1,
2.023E+11,155 608 728,B01,2,7,0,2,3,0,1,
2.023E+11,155 608 731,A01,1,7,0,2,3,0,1,
2.023E+11,155 608 729,A01,3,7,0,9,1,1,1,
2.023E+11,155 608 732,B01,3,60,0,2,1,1,5,
2.023E+11,155 608 727,B01,1,1,0,2,0,0,5,
2.023E+11,155 608 730,A01,1,7,0,9,0,0,0,
2.023E+11,155 608 725,A01,3,7,0,1,3,15,1,
2.023E+11,155 608 723,A01,1,7,0,2,2,9,1,
2.023E+11,155 608 726,B01,1,7,0,2,3,1,1,
2.023E+11,155 608 722,A01,2,50,0,1,9,1,3,
2.023E+11,155 608 724,B01,2,7,0,2,4,15,1,
2.023E+11,155 608 718,A01,1,33,0,2,1,0,1,
2.023E+11,155 608 720,B01,2,99,0,2,1,0,1,
2.023E+11,155 608 719,A01,2,7,0,2,8,18,0,
2.023E+11,155 608 721,B01,0,1,0,2,7,13,5,
2.023E+11,155 608 717,A01,1,30,0,2,2,1,1,
2.023E+11,155 608 716,A01,1,7,0,1,1,1,1,
2.023E+11,155 608 713,A01,2,7,0,2,2,16,1,
2.023E+11,155 608 715,B01,2,50,0,2,1,5,3,
2.023E+11,155 608 711,A01,3,1,0,0,0,0,5,
2.023E+11,155 608 709,A01,1,7,0,1,1,1,1,
2.023E+11,155 608 708,A01,1,2,0,0,8,1,1,
2.023E+11,155 608 707,A01,2,7,0,2,3,9,1,
2.023E+11,155 608 710,B01,2,30,0,2,2,1,1,
2.023E+11,155 608 706,A01,2,33,3,0,1,1,1,
2.023E+11,155 608 702,A01,1,7,0,2,8,15,1,
2.023E+11,155 608 705,B01,1,7,0,2,1,1,1,
2.023E+11,155 608 700,A01,1,7,0,2,2,16,1,
2.023E+11,155 608 704,B01,1,1,0,2,8,1,5,
2.023E+11,155 608 701,A01,1,7,0,2,1,1,1,
2.023E+11,155 608 703,B01,2,7,0,2,2,15,1,
2.023E+11,155 608 698,A01,1,32,0,2,1,1,1,
2.023E+11,155 608 699,B01,1,7,0,2,1,1,1,
2.023E+11,155 608 694,B01,3,31,0,2,1,1,0,
2.023E+11,155 608 697,A01,3,7,0,2,2,15,1,
2.023E+11,155 608 695,A01,1,7,0,2,1,2,1,
2.023E+11,155 608 696,B01,1,7,0,2,4,15,1,
2.023E+11,155 608 690,B01,1,7,12,2,0,1,1,
2.023E+11,155 608 691,A01,1,33,12,2,1,26,1,
2.023E+11,155 608 689,B01,0,60,0,2,1,1,5,
2.023E+11,155 608 693,A01,0,7,0,9,2,20,1,
2.023E+11,155 608 688,B01,2,7,0,2,1,1,1,
2.023E+11,155 608 692,A01,1,3,0,2,1,5,1,
2.023E+11,155 608 687,A01,2,10,4,0,1,0,0,
2.023E+11,155 608 685,A01,1,33,6,0,1,1,1,
2.023E+11,155 608 682,A01,3,7,0,2,2,9,1,
2.023E+11,155 608 684,B01,3,37,0,2,3,7,1,1
2.023E+11,155 608 683,A01,3,7,0,2,6,15,1,
2.023E+11,155 608 686,B01,3,43,0,2,1,0,1,
2.023E+11,155 608 679,A01,2,7,0,2,7,12,1,
2.023E+11,155 608 680,B01,2,33,0,2,8,1,1,
2.023E+11,155 608 678,B01,1,7,0,2,7,17,0,
2.023E+11,155 608 681,A01,1,2,6,0,8,1,1,
2.023E+11,155 608 677,A01,1,33,1,0,0,13,1,
2.023E+11,155 608 675,A01,1,10,0,2,1,9,1,
2.023E+11,155 608 676,B01,0,2,0,2,4,0,1,
2.023E+11,155 608 674,A01,1,7,0,1,3,1,1,
2.023E+11,155 608 672,A01,0,7,0,2,8,2,0,
2.023E+11,155 608 673,B01,0,50,0,2,1,2,3,
2.023E+11,155 608 671,A01,1,10,0,1,1,15,1,
2.023E+11,155 608 669,A01,3,31,0,0,0,1,1,
2.023E+11,155 608 667,B01,2,10,0,2,4,1,1,
2.023E+11,155 608 668,A01,2,7,0,2,1,1,1,
2.023E+11,155 608 664,A01,1,7,0,2,1,1,3,
2.023E+11,155 608 666,B01,1,30,0,2,8,1,1,
2.023E+11,155 608 665,A01,2,7,0,2,8,15,1,
2.023E+11,155 608 670,B01,2,33,0,2,1,17,1,
2.023E+11,155 608 662,A01,1,7,0,2,2,16,1,
2.023E+11,155 608 663,B01,1,1,0,2,1,1,5,
2.023E+11,155 608 660,B01,1,7,0,2,2,16,1,
2.023E+11,155 608 661,A01,1,30,0,2,5,1,1,
2.023E+11,155 608 656,B01,3,7,0,0,0,0,1,
2.023E+11,155 608 658,A01,3,30,0,0,0,1,1,
2.023E+11,155 608 657,B01,1,1,0,2,8,0,5,
2.023E+11,155 608 659,A01,1,7,0,2,1,1,0,
2.023E+11,155 608 654,A01,1,7,0,1,0,16,0,
2.023E+11,155 608 652,B01,3,33,0,2,8,1,1,
2.023E+11,155 608 653,A01,3,7,0,2,7,12,1,
2.023E+11,155 608 651,A01,1,7,0,2,3,15,6,
2.023E+11,155 608 655,B01,1,33,0,2,1,17,0,
2.023E+11,155 608 649,B01,1,10,0,2,2,1,1,
2.023E+11,155 608 650,A01,3,1,0,2,7,19,5,
2.023E+11,155 608 648,A01,1,7,13,0,2,2,1,
2.023E+11,155 608 646,B01,2,7,0,2,7,26,0,
2.023E+11,155 608 647,A01,1,7,0,2,7,1,0,
2.023E+11,155 608 645,A01,2,7,0,1,3,1,1,
2.023E+11,155 608 643,A01,0,7,0,9,3,15,1,
2.023E+11,155 608 644,B01,0,50,0,2,1,5,3,
2.023E+11,155 608 640,A01,1,7,0,2,4,4,1,
2.023E+11,155 608 641,B01,2,1,0,2,1,1,5,
2.023E+11,155 608 639,A01,3,7,0,2,3,13,1,
2.023E+11,155 608 642,B01,3,7,0,2,3,2,1,
2.023E+11,155 608 637,A01,0,7,0,2,1,21,1,
2.023E+11,155 608 638,B01,3,7,0,2,1,1,1,
2.023E+11,155 608 635,A01,1,7,0,2,1,1,1,
2.023E+11,155 608 636,B01,2,7,0,2,1,1,1,
2.023E+11,155 608 633,A01,1,3,0,2,3,2,1,
2.023E+11,155 608 634,B01,2,43,0,2,1,2,1,
2.023E+11,155 608 632,A01,3,37,0,1,3,0,1,1
2.023E+11,155 608 630,A01,3,7,0,2,2,2,1,
2.023E+11,155 608 631,B01,3,3,0,2,4,0,1,
2.023E+11,155 608 628,B01,3,60,0,2,0,19,5,
2.023E+11,155 608 629,A01,1,7,0,1,3,1,3,
2.023E+11,155 608 627,A01,2,37,0,1,2,1,1,1
2.023E+11,155 608 624,A01,1,7,6,0,1,1,1,
2.023E+11,155 608 623,B01,1,7,0,2,7,1,1,
2.023E+11,155 608 625,C01,1,7,0,2,5,1,1,
2.023E+11,155 608 626,A01,1,7,0,2,1,1,1,
2.023E+11,155 608 621,A01,1,7,0,1,1,1,1,
2.023E+11,155 608 620,A01,1,10,0,2,1,13,0,
2.023E+11,155 608 622,B01,2,7,0,2,1,1,2,
2.023E+11,155 608 619,A01,2,7,0,1,1,1,1,
2.023E+11,155 608 617,B01,1,10,0,2,1,1,1,
2.023E+11,155 608 618,A01,2,7,0,2,1,13,1,
2.023E+11,155 608 616,A01,3,7,0,1,1,1,1,
2.023E+11,155 608 615,A01,1,31,0,0,8,1,1,
2.023E+11,155 608 613,A01,2,7,0,0,9,1,1,
2.023E+11,155 608 612,A01,1,7,0,2,1,2,0,
2.023E+11,155 608 614,B01,1,50,0,2,4,2,3,
2.023E+11,155 608 611,A01,2,7,2,0,2,13,2,
2.023E+11,155 608 608,A01,3,7,0,2,1,2,1,
2.023E+11,155 608 609,B01,3,7,0,2,1,2,1,
2.023E+11,155 608 610,C01,3,7,0,2,4,2,1,
2.023E+11,155 608 607,A01,1,7,13,0,7,1,1,
2.023E+11,155 608 606,A01,3,7,0,1,1,1,1,
2.023E+11,155 608 604,B01,2,7,0,2,3,15,1,
2.023E+11,155 608 605,A01,2,31,0,2,1,17,1,
2.023E+11,155 608 601,A01,1,7,2,9,1,13,1,
2.023E+11,155 608 602,A01,3,7,0,2,1,16,1,
2.023E+11,155 608 603,B01,3,50,0,2,8,1,3,
2.023E+11,155 608 600,A01,0,33,16,0,1,1,1,
2.023E+11,155 608 598,A01,2,7,0,2,3,17,1,
2.023E+11,155 608 599,B01,1,2,0,2,1,1,1,
2.023E+11,155 608 594,A01,2,7,0,2,1,2,1,
2.023E+11,155 608 596,B01,2,10,0,2,4,2,1,
2.023E+11,155 608 593,A01,1,7,0,2,1,21,1,
2.023E+11,155 608 595,B01,2,7,0,2,1,1,1,
2.023E+11,155 608 597,C01,1,14,0,0,4,1,1,
2.023E+11,155 608 591,A01,1,7,6,0,1,1,0,
2.023E+11,155 608 590,A01,1,7,0,2,2,15,1,
2.023E+11,155 608 592,B01,2,1,0,2,1,25,5,
2.023E+11,155 608 586,B01,2,1,0,2,0,2,5,
2.023E+11,155 608 588,A01,2,7,0,9,0,1,1,
2.023E+11,155 608 585,B01,3,7,0,2,9,2,1,
2.023E+11,155 608 587,C01,3,7,0,2,4,2,2,
2.023E+11,155 608 589,A01,3,7,0,2,1,2,1,
2.023E+11,155 608 584,A01,0,33,0,0,0,1,1,
2.023E+11,155 608 580,A01,1,7,0,2,1,17,1,
2.023E+11,155 608 582,B01,2,7,0,2,1,1,1,
2.023E+11,155 608 576,A01,1,17,0,2,1,2,1,
2.023E+11,155 608 578,B01,1,7,0,2,4,2,1,
2.023E+11,155 608 579,C01,1,7,0,2,4,2,1,
2.023E+11,155 608 581,D01,1,7,0,2,4,2,1,
2.023E+11,155 608 575,A01,2,33,0,2,1,2,1,
2.023E+11,155 608 577,B01,2,10,0,2,4,1,1,
2.023E+11,155 608 574,A01,2,7,0,1,1,1,1,
2.023E+11,155 608 572,B01,2,2,0,2,8,1,1,
2.023E+11,155 608 573,A01,1,7,0,2,3,15,1,
2.023E+11,155 608 571,A01,0,37,0,1,2,15,1,1
2.023E+11,155 608 568,A01,0,7,0,2,1,1,1,
2.023E+11,155 608 570,B01,0,7,0,2,8,1,1,
2.023E+11,155 608 567,A01,1,10,0,2,2,1,1,
2.023E+11,155 608 569,B01,2,7,0,2,1,10,1,
2.023E+11,155 608 564,C01,1,7,0,2,4,15,1,
2.023E+11,155 608 565,B01,1,7,0,2,4,23,3,
2.023E+11,155 608 566,A01,1,7,0,2,1,1,1,
2.023E+11,155 608 562,A01,3,1,0,2,1,1,5,
2.023E+11,155 608 563,B01,3,7,0,0,4,23,1,
2.023E+11,155 608 559,A01,2,7,0,2,3,1,1,
2.023E+11,155 608 560,B01,1,17,0,2,3,1,1,
2.023E+11,155 608 561,T01,2,10,0,2,8,1,1,
2.023E+11,155 608 558,A01,2,15,1,0,6,16,1,
2.023E+11,155 608 557,A01,3,7,0,1,1,15,1,
2.023E+11,155 608 556,A01,1,13,0,0,7,15,1,
2.023E+11,155 608 555,A01,3,7,0,1,3,1,1,
2.023E+11,155 608 554,A01,1,7,13,0,1,0,1,
2.023E+11,155 608 550,C01,3,7,0,2,1,2,1,
2.023E+11,155 608 552,B01,3,7,0,2,1,9,1,
2.023E+11,155 608 553,A01,3,7,0,2,1,6,1,
2.023E+11,155 608 549,A01,1,7,0,2,2,15,1,
2.023E+11,155 608 551,B01,2,33,0,2,1,1,1,
2.023E+11,155 608 546,A01,1,7,15,0,1,26,1,
2.023E+11,155 608 545,A01,1,14,0,2,6,1,1,
2.023E+11,155 608 547,B01,2,7,0,2,1,1,1,
2.023E+11,155 608 548,C01,2,7,0,2,1,2,1,
2.023E+11,155 608 544,A01,1,7,3,0,0,14,1,
2.023E+11,155 608 543,A01,1,7,0,1,1,1,1,
2.023E+11,155 608 541,A01,1,17,0,0,4,2,1,
2.023E+11,155 608 542,B01,1,17,0,2,1,2,1,
2.023E+11,155 608 538,A01,0,1,0,2,8,19,5,
2.023E+11,155 608 540,B01,2,33,0,2,1,21,1,
2.023E+11,155 608 537,A01,1,30,0,2,1,26,0,
2.023E+11,155 608 539,B01,2,7,0,2,1,1,0,
2.023E+11,155 608 536,A01,3,7,2,0,3,13,1,
2.023E+11,155 608 534,A01,3,3,0,2,1,13,1,
2.023E+11,155 608 535,B01,3,37,0,2,3,1,1,1
2.023E+11,155 608 531,A01,1,7,8,0,1,13,1,
2.023E+11,155 608 532,A01,1,7,0,0,0,16,1,
2.023E+11,155 608 533,B01,1,2,0,0,0,1,1,
2.023E+11,155 608 528,A01,1,7,0,2,3,1,1,
2.023E+11,155 608 530,B01,2,1,0,2,8,15,5,
2.023E+11,155 608 527,A01,1,7,0,2,3,1,1,
2.023E+11,155 608 529,B01,2,10,0,2,3,13,1,
2.023E+11,155 608 526,A01,1,33,0,0,1,15,1,
2.023E+11,155 608 525,A01,3,7,0,1,3,15,1,
2.023E+11,155 608 523,B01,2,1,0,2,1,1,5,
2.023E+11,155 608 524,A01,1,7,0,2,5,15,0,
2.023E+11,155 608 522,A01,2,7,0,1,1,15,1,
2.023E+11,155 608 519,A01,1,7,0,0,1,9,2,
2.023E+11,155 608 521,B01,1,2,0,0,1,21,1,
2.023E+11,155 608 520,A01,1,7,6,0,1,13,1,
2.023E+11,155 608 517,B01,2,7,0,2,8,0,0,
2.023E+11,155 608 518,A01,2,7,0,2,1,1,1,
2.023E+11,155 608 514,A01,1,7,0,1,1,1,1,
2.023E+11,155 608 515,A01,1,7,0,2,1,13,1,