Num_Acc,id_vehicule,num_veh,senc,catv,obs,obsm,choc,manv,motor,occutc
2.023E+11,155 608 516,B01,2,2,0,2,1,1,1,
2.023E+11,155 608 513,A01,1,7,16,0,0,1,1,
2.023E+11,155 608 510,B01,1,7,0,2,7,16,1,
2.023E+11,155 608 512,A01,2,1,0,0,4,1,5,
2.023E+11,155 608 509,B01,1,7,0,2,1,0,1,
2.023E+11,155 608 511,A01,1,7,0,2,1,0,1,
2.023E+11,155 608 508,A01,1,1,0,1,1,1,5,
2.023E+11,155 608 504,A01,2,10,0,2,1,1,1,
2.023E+11,155 608 505,B01,2,7,0,2,4,1,1,
2.023E+11,155 608 506,B01,2,7,2,0,8,1,1,
2.023E+11,155 608 507,A01,1,7,0,2,1,19,1,
2.023E+11,155 608 502,A01,2,10,0,2,3,13,1,
2.023E+11,155 608 503,B01,2,2,0,2,2,2,1,
2.023E+11,155 608 500,A01,1,7,0,2,2,2,0,
2.023E+11,155 608 501,B01,1,1,0,2,4,2,5,
2.023E+11,155 608 498,B01,3,50,0,2,1,1,3,
2.023E+11,155 608 499,A01,3,7,0,2,2,15,1,
2.023E+11,155 608 496,A01,1,7,0,2,2,9,0,
2.023E+11,155 608 497,B01,1,1,0,2,4,1,5,
2.023E+11,155 608 495,A01,3,31,0,0,0,1,1,
2.023E+11,155 608 493,A01,1,7,0,1,2,1,1,
2.023E+11,155 608 491,A01,2,7,0,2,9,1,1,
2.023E+11,155 608 492,B01,1,37,0,2,3,1,1,1
2.023E+11,155 608 494,C01,0,7,0,2,1,9,1,
2.023E+11,155 608 487,A01,2,2,0,2,1,1,1,
2.023E+11,155 608 489,B01,1,34,0,2,1,17,1,
2.023E+11,155 608 490,C01,1,7,0,2,1,1,1,
2.023E+11,155 608 486,A01,1,7,0,2,1,1,1,
2.023E+11,155 608 488,B01,2,7,7,2,5,1,1,
2.023E+11,155 608 483,A01,1,7,0,0,4,1,1,
2.023E+11,155 608 485,B01,1,33,0,0,4,1,1,
2.023E+11,155 608 482,A01,3,7,0,2,3,1,2,
2.023E+11,155 608 484,B01,3,7,0,2,2,1,1,
2.023E+11,155 608 479,A01,1,7,0,2,1,2,1,
2.023E+11,155 608 481,B01,1,7,0,0,4,23,1,
2.023E+11,155 608 478,A01,3,7,0,2,1,1,1,
2.023E+11,155 608 480,B01,0,7,0,2,4,1,1,
2.023E+11,155 608 474,B01,3,1,0,2,1,1,5,
2.023E+11,155 608 476,A01,3,7,0,2,3,11,1,
2.023E+11,155 608 471,B01,1,7,0,2,4,1,1,
2.023E+11,155 608 472,C01,1,7,0,2,4,1,1,
2.023E+11,155 608 473,D01,1,7,0,2,4,1,1,
2.023E+11,155 608 475,E01,1,7,0,2,4,1,1,
2.023E+11,155 608 477,A01,1,10,0,2,1,1,1,
2.023E+11,155 608 469,A01,1,7,0,2,1,0,1,
2.023E+11,155 608 470,B01,1,7,0,0,4,2,1,
2.023E+11,155 608 466,A01,1,7,0,2,2,21,1,
2.023E+11,155 608 468,B01,1,7,0,2,4,1,1,
2.023E+11,155 608 464,A01,2,10,0,2,1,1,1,
2.023E+11,155 608 465,B01,2,7,0,2,1,1,1,
2.023E+11,155 608 467,C01,2,7,0,2,4,1,1,
2.023E+11,155 608 460,B01,2,31,0,2,1,1,1,
2.023E+11,155 608 463,A01,1,10,0,2,3,15,1,
2.023E+11,155 608 461,B01,2,7,0,2,1,14,1,
2.023E+11,155 608 462,A01,2,7,0,2,4,23,1,
2.023E+11,155 608 458,A01,1,42,0,0,0,21,1,
2.023E+11,155 608 451,C01,0,7,0,2,4,23,1,
2.023E+11,155 608 455,D01,1,7,0,2,4,1,0,
2.023E+11,155 608 457,A01,1,7,0,2,1,1,1,
2.023E+11,155 608 459,B01,1,7,0,2,4,23,1,
2.023E+11,155 608 453,A01,2,10,0,2,7,1,1,
2.023E+11,155 608 454,B01,2,34,0,2,8,3,0,
2.023E+11,155 608 452,A01,2,7,3,2,2,14,1,
2.023E+11,155 608 456,B01,2,15,0,2,6,1,1,
2.023E+11,155 608 450,A01,1,33,0,2,7,1,1,
2.023E+11,155 608 447,B01,1,7,8,2,7,1,1,
2.023E+11,155 608 449,A01,1,7,0,2,3,19,1,
2.023E+11,155 608 445,A01,1,7,0,0,7,19,1,
2.023E+11,155 608 448,B01,2,7,0,2,1,1,1,
2.023E+11,155 608 440,A01,1,7,4,2,4,1,1,
2.023E+11,155 608 443,B01,1,7,4,2,4,1,1,
2.023E+11,155 608 444,C01,1,7,4,2,4,1,1,
2.023E+11,155 608 446,Z01,1,7,4,2,1,1,1,
2.023E+11,155 608 439,A01,2,7,4,0,2,1,1,
2.023E+11,155 608 437,D01,1,7,1,0,4,1,3,
2.023E+11,155 608 438,A01,1,7,1,0,2,1,1,
2.023E+11,155 608 441,B01,1,7,1,0,4,2,1,
2.023E+11,155 608 442,C01,1,7,1,0,4,1,1,
2.023E+11,155 608 436,A01,2,7,4,0,1,1,1,
2.023E+11,155 608 434,A01,2,10,0,2,3,11,1,
2.023E+11,155 608 435,B01,1,2,0,2,0,1,1,
2.023E+11,155 608 431,B01,1,7,0,2,4,24,1,
2.023E+11,155 608 433,A01,1,7,0,2,1,14,1,
2.023E+11,155 608 430,B01,2,7,0,2,2,1,1,
2.023E+11,155 608 432,A01,2,7,5,0,1,1,1,
2.023E+11,155 608 426,A01,1,7,0,2,3,11,1,
2.023E+11,155 608 428,B01,1,33,0,2,7,1,1,
2.023E+11,155 608 424,A01,2,7,0,2,6,1,1,
2.023E+11,155 608 427,B01,1,7,0,2,3,15,1,
2.023E+11,155 608 423,B01,3,1,0,2,7,1,5,
2.023E+11,155 608 425,A01,2,7,0,2,1,16,1,
2.023E+11,155 608 421,A01,3,7,0,1,1,1,1,
2.023E+11,155 608 420,B01,1,7,0,2,1,1,1,
2.023E+11,155 608 422,A01,2,7,0,2,3,13,1,
2.023E+11,155 608 419,A01,1,7,6,0,1,2,1,
2.023E+11,155 608 418,A01,2,10,2,0,2,15,1,
2.023E+11,155 608 416,A01,3,30,0,0,0,0,1,
2.023E+11,155 608 414,B01,2,7,0,2,1,1,1,
2.023E+11,155 608 417,A01,1,7,0,2,1,13,1,
2.023E+11,155 608 413,A01,1,7,0,2,1,26,1,
2.023E+11,155 608 415,B01,1,14,0,2,5,26,1,
2.023E+11,155 608 412,A01,1,7,7,0,0,1,1,
2.023E+11,155 608 410,A01,2,7,0,1,1,1,1,
2.023E+11,155 608 409,B01,1,7,13,0,3,1,1,
2.023E+11,155 608 411,A01,2,7,0,0,3,1,1,
2.023E+11,155 608 405,A01,1,7,0,2,3,9,1,
2.023E+11,155 608 407,B01,1,2,0,2,4,1,3,
2.023E+11,155 608 402,A01,2,7,0,2,1,13,1,
2.023E+11,155 608 404,B01,1,7,0,2,1,1,1,
2.023E+11,155 608 401,B01,1,33,0,2,1,1,1,
2.023E+11,155 608 403,A01,2,7,0,2,6,15,1,
2.023E+11,155 608 400,A01,3,30,4,0,1,26,1,
2.023E+11,155 608 397,A01,3,10,0,9,1,19,1,
2.023E+11,155 608 398,B01,3,2,0,2,4,15,1,
2.023E+11,155 608 399,A01,1,7,6,0,1,1,1,
2.023E+11,155 608 393,B01,1,7,0,1,1,1,1,
2.023E+11,155 608 391,A01,2,2,0,2,7,1,1,
2.023E+11,155 608 392,B01,2,7,0,2,1,19,1,
2.023E+11,155 608 389,A01,2,50,0,1,0,0,3,
2.023E+11,155 608 387,C01,2,7,0,2,3,9,1,
2.023E+11,155 608 390,A01,1,7,0,2,6,1,1,
2.023E+11,155 608 394,B01,2,37,0,2,3,21,1,1
2.023E+11,155 608 386,A01,2,7,0,2,3,1,1,
2.023E+11,155 608 388,B01,1,7,0,2,6,15,1,
2.023E+11,155 608 384,A01,1,30,0,2,1,2,1,
2.023E+11,155 608 385,B01,1,7,0,2,4,23,1,
2.023E+11,155 608 381,B01,2,1,0,2,1,1,5,
2.023E+11,155 608 382,A01,1,7,0,2,3,15,1,
2.023E+11,155 608 383,A01,1,7,0,1,1,1,0,
2.023E+11,155 608 380,A01,2,7,0,1,3,1,1,
2.023E+11,155 608 378,A01,2,7,2,0,1,13,1,
2.023E+11,155 608 376,A01,3,30,0,1,1,1,1,
2.023E+11,155 608 373,A01,2,7,0,2,2,9,0,
2.023E+11,155 608 375,B01,2,1,0,2,4,1,5,
2.023E+11,155 608 374,A01,1,7,0,1,0,1,0,
2.023E+11,155 608 370,A01,1,7,0,2,3,13,1,
2.023E+11,155 608 372,B01,1,1,0,0,5,1,5,
2.023E+11,155 608 368,B01,3,60,0,2,-1,19,5,
2.023E+11,155 608 369,A01,1,3,0,2,2,0,1,
2.023E+11,155 608 371,A01,2,7,2,0,1,1,1,
2.023E+11,155 608 365,A01,1,7,0,0,3,13,1,
2.023E+11,155 608 362,B01,1,7,0,2,4,2,1,
2.023E+11,155 608 363,A01,1,7,0,2,1,2,1,
2.023E+11,155 608 364,C01,1,7,0,2,4,2,1,
2.023E+11,155 608 358,C01,3,10,0,2,4,2,1,
2.023E+11,155 608 359,A01,3,7,0,2,1,2,1,
2.023E+11,155 608 360,B01,3,7,0,2,9,2,1,
2.023E+11,155 608 361,A01,2,7,2,0,8,14,1,
2.023E+11,155 608 354,B01,2,7,0,2,0,1,1,
2.023E+11,155 608 355,A01,3,1,0,2,1,15,5,
2.023E+11,155 608 352,A01,0,7,0,1,3,1,1,
2.023E+11,155 608 353,B01,1,1,0,2,1,1,5,
2.023E+11,155 608 356,A01,1,10,0,9,3,15,1,
2.023E+11,155 608 348,A01,3,50,0,2,9,1,3,
2.023E+11,155 608 349,B01,3,7,0,2,5,16,1,
2.023E+11,155 608 347,A01,2,7,0,1,1,1,1,
2.023E+11,155 608 346,A01,-1,30,14,0,0,2,3,
2.023E+11,155 608 344,Y01,1,7,0,2,0,16,1,
2.023E+11,155 608 345,A01,1,1,0,2,6,15,5,
2.023E+11,155 608 343,A01,3,7,0,1,1,15,1,
2.023E+11,155 608 341,A01,1,2,0,1,8,25,1,
2.023E+11,155 608 342,A01,0,3,0,1,3,16,1,
2.023E+11,155 608 339,A01,2,30,0,2,1,13,3,
2.023E+11,155 608 340,B01,1,1,0,2,1,1,5,
2.023E+11,155 608 338,A01,1,7,0,1,2,1,1,
2.023E+11,155 608 337,A01,1,7,0,1,4,4,1,
2.023E+11,155 608 334,A01,1,7,0,9,2,17,1,
2.023E+11,155 608 336,B01,1,1,0,2,6,2,5,
2.023E+11,155 608 335,A01,3,10,13,0,2,1,1,
2.023E+11,155 608 333,A01,2,7,15,0,1,13,2,
2.023E+11,155 608 331,A01,1,7,0,0,0,26,0,
2.023E+11,155 608 332,A01,2,7,0,9,3,1,1,
2.023E+11,155 608 330,A01,2,21,0,1,1,1,1,
2.023E+11,155 608 329,A01,1,7,0,2,1,13,1,
2.023E+11,155 608 327,A01,0,7,0,2,1,1,1,
2.023E+11,155 608 328,B01,3,33,0,2,2,15,1,
2.023E+11,155 608 326,A01,3,7,0,0,0,0,1,
2.023E+11,155 608 323,B01,1,7,0,2,1,1,1,
2.023E+11,155 608 325,A01,2,7,0,2,2,1,1,
2.023E+11,155 608 324,A01,3,7,0,1,5,20,1,
2.023E+11,155 608 322,A01,1,7,0,1,0,26,1,
2.023E+11,155 608 321,A01,2,7,0,0,0,1,1,
2.023E+11,155 608 318,B01,1,3,8,1,6,1,1,
2.023E+11,155 608 320,A01,1,7,8,1,3,9,1,
2.023E+11,155 608 316,A01,2,7,0,2,3,13,1,
2.023E+11,155 608 317,B01,1,15,0,2,3,2,1,
2.023E+11,155 608 319,C01,1,13,0,2,1,2,1,
2.023E+11,155 608 315,Y01,1,7,0,1,0,1,0,
2.023E+11,155 608 314,A01,2,7,0,0,9,1,1,
2.023E+11,155 608 313,A01,0,7,2,0,1,26,1,
2.023E+11,155 608 310,B01,1,33,0,2,8,3,1,
2.023E+11,155 608 312,A01,1,7,0,2,2,12,1,
2.023E+11,155 608 309,B01,2,10,0,2,6,21,1,
2.023E+11,155 608 311,A01,2,10,0,2,2,2,1,
2.023E+11,155 608 307,B01,3,7,0,2,4,15,0,
2.023E+11,155 608 308,A01,3,34,0,2,1,19,0,
2.023E+11,155 608 305,A01,2,7,0,2,1,9,1,
2.023E+11,155 608 306,B01,1,34,0,2,1,1,1,
2.023E+11,155 608 303,A01,1,50,0,2,0,0,3,
2.023E+11,155 608 304,B01,3,7,0,9,2,9,1,
2.023E+11,155 608 302,A01,2,7,0,1,2,1,1,
2.023E+11,155 608 300,A01,1,33,1,0,8,13,1,
2.023E+11,155 608 297,A01,1,30,0,2,1,2,1,
2.023E+11,155 608 298,B01,1,30,0,2,4,1,1,
2.023E+11,155 608 299,B01,3,13,0,2,1,1,1,
2.023E+11,155 608 301,A01,3,32,0,0,8,5,1,
2.023E+11,155 608 295,B01,2,1,0,2,7,1,5,
2.023E+11,155 608 296,A01,1,7,0,2,1,9,1,
2.023E+11,155 608 294,A01,2,10,0,1,3,1,1,
2.023E+11,155 608 291,B01,1,7,0,2,1,1,1,
2.023E+11,155 608 292,A01,1,7,0,2,4,1,1,
2.023E+11,155 608 293,A01,0,7,1,1,3,13,0,
2.023E+11,155 608 289,A01,3,7,0,2,3,15,1,
2.023E+11,155 608 290,B01,3,50,0,2,1,1,3,
2.023E+11,155 608 287,A01,1,33,0,0,0,1,1,
2.023E+11,155 608 286,A01,1,10,0,1,1,1,1,
2.023E+11,155 608 288,A01,1,7,13,0,9,1,1,
2.023E+11,155 608 284,A01,1,34,0,2,3,1,1,
2.023E+11,155 608 285,B01,2,7,0,2,1,15,1,
2.023E+11,155 608 282,B01,2,33,0,2,3,19,1,
2.023E+11,155 608 283,A01,1,7,0,2,2,19,1,
2.023E+11,155 608 280,A01,2,7,0,2,1,15,1,
2.023E+11,155 608 281,B01,1,2,0,2,1,1,1,
2.023E+11,155 608 279,A01,1,10,0,1,4,4,1,
2.023E+11,155 608 275,A01,1,7,0,2,1,11,1,
2.023E+11,155 608 277,C01,1,7,0,2,3,1,1,
2.023E+11,155 608 278,B01,1,7,0,2,1,1,1,
2.023E+11,155 608 274,B01,0,7,0,4,7,1,1,
2.023E+11,155 608 276,A01,0,40,0,2,1,1,3,
2.023E+11,155 608 273,A01,1,7,0,1,2,2,1,
2.023E+11,155 608 272,A01,3,30,11,0,1,1,1,
2.023E+11,155 608 268,A01,1,7,0,2,7,14,1,
2.023E+11,155 608 270,B01,3,32,0,2,1,14,1,
2.023E+11,155 608 269,B01,1,38,0,2,0,0,1,1
2.023E+11,155 608 271,A01,1,7,0,0,0,0,1,
2.023E+11,155 608 265,A01,2,30,0,2,1,1,1,
2.023E+11,155 608 267,B01,2,1,0,2,4,1,5,
2.023E+11,155 608 264,A01,1,10,0,2,1,2,1,
2.023E+11,155 608 266,B01,1,7,0,2,4,2,3,
2.023E+11,155 608 262,A01,3,7,0,2,1,1,1,
2.023E+11,155 608 263,B01,3,7,0,2,4,1,1,
2.023E+11,155 608 259,A01,2,7,1,0,1,14,1,
2.023E+11,155 608 260,B01,2,7,0,2,6,24,1,
2.023E+11,155 608 261,C01,2,15,0,2,8,24,6,
2.023E+11,155 608 256,A01,1,10,0,2,1,2,1,
2.023E+11,155 608 257,B01,1,7,0,2,4,2,1,
2.023E+11,155 608 255,B01,2,33,0,2,8,3,1,
2.023E+11,155 608 258,A01,2,7,0,2,7,12,1,
2.023E+11,155 608 254,A01,3,7,0,1,4,4,1,
2.023E+11,155 608 253,A01,2,33,0,0,0,1,1,
2.023E+11,155 608 248,A01,3,7,0,2,2,1,1,
2.023E+11,155 608 252,B01,3,1,0,2,8,1,5,
2.023E+11,155 608 249,B01,1,7,0,2,4,2,1,
2.023E+11,155 608 250,C01,1,7,0,2,4,2,1,
2.023E+11,155 608 251,A01,1,10,0,2,1,12,1,
2.023E+11,155 608 246,A01,2,33,0,0,0,3,1,
2.023E+11,155 608 245,B01,0,1,0,2,0,1,5,
2.023E+11,155 608 247,A01,0,7,0,2,1,1,1,
2.023E+11,155 608 244,A01,1,7,4,0,3,26,2,
2.023E+11,155 608 242,B01,2,7,0,2,3,15,1,
2.023E+11,155 608 243,A01,2,33,0,2,1,17,1,
2.023E+11,155 608 241,A01,1,7,3,0,1,26,1,
2.023E+11,155 608 238,A01,2,7,0,2,1,0,1,
2.023E+11,155 608 240,B01,2,7,0,2,4,1,1,
2.023E+11,155 608 236,A01,3,7,0,1,1,1,1,
2.023E+11,155 608 235,B01,2,7,0,2,4,2,1,
2.023E+11,155 608 237,C01,2,7,0,2,4,2,1,
2.023E+11,155 608 239,A01,2,10,0,2,1,2,0,
2.023E+11,155 608 233,B01,3,50,0,2,0,0,3,
2.023E+11,155 608 234,A01,3,7,0,2,0,0,1,
2.023E+11,155 608 229,A01,1,7,0,2,5,12,1,
2.023E+11,155 608 232,B01,1,33,0,2,3,1,1,
2.023E+11,155 608 222,A01,1,7,0,1,2,1,1,
2.023E+11,155 608 223,B01,2,33,0,2,2,3,1,
2.023E+11,155 608 224,A01,2,10,0,2,8,13,1,
2.023E+11,155 608 220,A01,1,7,12,0,2,1,1,
2.023E+11,155 608 217,A01,1,7,0,2,2,12,1,
2.023E+11,155 608 218,B01,1,33,0,2,8,1,1,
2.023E+11,155 608 216,B01,1,7,0,2,4,1,1,
2.023E+11,155 608 219,C01,1,33,0,2,8,1,1,
2.023E+11,155 608 221,A01,1,7,0,2,2,12,1,
2.023E+11,155 608 214,A01,2,7,0,2,1,13,1,
2.023E+11,155 608 215,B01,1,7,0,2,1,1,1,
2.023E+11,155 608 211,B01,2,7,0,2,1,3,1,
2.023E+11,155 608 212,A01,2,32,0,2,2,1,1,
2.023E+11,155 608 210,B01,3,7,0,2,3,1,1,
2.023E+11,155 608 213,A01,3,7,0,2,1,1,1,
2.023E+11,155 608 206,A01,1,7,0,2,1,14,1,
2.023E+11,155 608 209,B01,1,7,0,2,3,0,1,
2.023E+11,155 608 204,A01,2,7,1,0,5,20,2,
2.023E+11,155 608 205,B01,2,37,0,2,1,1,1,5
2.023E+11,155 608 203,A01,1,34,0,1,1,3,1,
2.023E+11,155 608 199,A01,1,7,0,2,1,9,1,
2.023E+11,155 608 200,B01,1,7,0,2,7,1,1,
2.023E+11,155 608 197,A01,1,7,0,1,0,0,0,
2.023E+11,155 608 196,A01,2,7,0,2,1,1,1,
2.023E+11,155 608 198,B01,2,7,0,2,4,1,1,
2.023E+11,155 608 201,C01,2,7,0,2,4,1,1,
2.023E+11,155 608 202,D01,2,7,0,2,4,1,1,
2.023E+11,155 608 194,A01,2,10,0,2,1,2,1,
2.023E+11,155 608 195,B01,2,7,0,2,4,1,1,
2.023E+11,155 608 191,A01,2,33,0,2,1,2,1,
2.023E+11,155 608 192,B01,2,7,0,2,5,2,2,
2.023E+11,155 608 193,A01,2,31,0,0,7,1,1,
2.023E+11,155 608 187,A01,1,43,0,2,2,3,1,
2.023E+11,155 608 189,B01,1,33,0,2,3,3,1,
2.023E+11,155 608 188,A01,1,14,0,0,6,1,1,
2.023E+11,155 608 190,B01,1,7,0,0,2,2,2,
2.023E+11,155 608 183,D01,2,7,0,2,4,2,3,
2.023E+11,155 608 184,B01,2,7,0,2,4,2,1,
2.023E+11,155 608 185,C01,2,7,0,2,4,2,2,
2.023E+11,155 608 186,A01,2,7,0,2,1,2,1,
2.023E+11,155 608 180,B01,2,10,0,2,3,1,1,
2.023E+11,155 608 182,A01,1,10,0,2,3,13,1,
2.023E+11,155 608 179,A01,2,7,0,2,7,2,1,
2.023E+11,155 608 181,B01,2,1,0,2,1,1,5,
2.023E+11,155 608 178,A01,2,30,0,0,7,2,1,
2.023E+11,155 608 175,A01,3,32,0,2,7,1,1,
2.023E+11,155 608 176,B01,3,1,0,2,8,19,5,
2.023E+11,155 608 173,B01,3,7,0,2,2,1,0,
2.023E+11,155 608 174,A01,3,32,0,2,3,18,1,
2.023E+11,155 608 170,A01,2,7,0,2,1,0,1,
2.023E+11,155 608 177,B01,1,7,0,2,2,1,1,
2.023E+11,155 608 171,A01,3,1,0,2,0,10,5,
2.023E+11,155 608 172,B01,3,31,0,2,0,1,1,
2.023E+11,155 608 169,B01,2,1,12,2,8,1,5,
2.023E+11,155 608 168,A01,0,7,0,1,5,24,0,
2.023E+11,155 608 165,A01,1,2,0,2,3,16,3,
2.023E+11,155 608 167,B01,1,13,0,2,3,1,6,
2.023E+11,155 608 163,A01,1,7,0,1,1,1,1,
2.023E+11,155 608 162,Z01,2,32,0,2,0,5,0,
2.023E+11,155 608 164,A01,1,7,1,2,0,1,1,
2.023E+11,155 608 161,A01,2,1,0,1,1,1,5,
2.023E+11,155 608 160,A01,2,10,0,1,1,15,1,
2.023E+11,155 608 158,A01,3,7,0,2,1,1,1,
2.023E+11,155 608 159,B01,3,38,0,2,8,1,1,1
2.023E+11,155 608 156,A01,1,7,0,2,1,15,1,
2.023E+11,155 608 157,B01,1,2,0,2,1,1,1,
2.023E+11,155 608 154,A01,1,7,0,2,2,12,2,
2.023E+11,155 608 155,B01,1,43,0,2,3,1,1,
2.023E+11,155 608 152,A01,1,7,0,2,1,14,1,
2.023E+11,155 608 153,B01,1,2,0,2,1,1,3,
2.023E+11,155 608 151,A01,1,10,0,1,3,15,1,
2.023E+11,155 608 148,A01,2,1,0,2,8,7,5,
2.023E+11,155 608 150,B01,1,7,0,2,3,15,1,
2.023E+11,155 608 147,B01,3,33,0,2,0,0,0,
2.023E+11,155 608 149,A01,3,7,0,2,3,19,1,
2.023E+11,155 608 145,A01,3,34,0,2,1,1,1,
2.023E+11,155 608 146,B01,3,7,0,2,4,23,1,
2.023E+11,155 608 144,A01,1,10,0,1,2,15,1,
2.023E+11,155 608 141,B01,2,7,0,2,0,15,1,
2.023E+11,155 608 143,A01,2,7,0,2,1,17,1,
2.023E+11,155 608 139,A01,3,14,4,0,7,19,0,
2.023E+11,155 608 138,A01,2,50,0,1,1,1,3,
2.023E+11,155 608 137,A01,2,7,0,1,2,1,1,
2.023E+11,155 608 136,A01,1,7,14,1,2,2,1,
2.023E+11,155 608 133,A01,1,7,0,2,1,2,1,
2.023E+11,155 608 135,B01,1,7,14,0,4,2,1,
2.023E+11,155 608 131,A01,3,40,0,1,1,1,3,
2.023E+11,155 608 128,A01,1,37,0,2,3,1,1,1
2.023E+11,155 608 129,B01,1,10,0,2,1,19,0,
2.023E+11,155 608 127,A01,2,7,0,1,1,15,1,
2.023E+11,155 608 124,B01,1,17,0,2,2,1,1,
2.023E+11,155 608 126,A01,2,7,0,2,1,15,1,
2.023E+11,155 608 125,A01,3,7,0,1,1,1,1,
2.023E+11,155 608 123,A01,3,7,8,0,9,1,1,
2.023E+11,155 608 121,A01,1,7,0,2,2,15,1,
2.023E+11,155 608 122,B01,2,1,0,2,1,1,5,
2.023E+11,155 608 119,A01,1,7,0,2,3,15,1,
2.023E+11,155 608 120,B01,1,7,0,2,1,1,1,
2.023E+11,155 608 118,A01,3,7,0,1,3,1,1,
2.023E+11,155 608 115,A01,2,7,0,2,5,15,1,
2.023E+11,155 608 117,B01,1,7,0,2,1,1,1,
2.023E+11,155 608 116,A01,1,3,0,1,1,15,0,
2.023E+11,155 608 112,A01,2,7,0,2,2,15,1,
2.023E+11,155 608 113,B01,1,1,0,2,1,1,5,
2.023E+11,155 608 111,A01,1,33,1,2,2,1,1,
2.023E+11,155 608 114,B01,1,10,0,2,3,15,1,
2.023E+11,155 608 108,B01,2,7,0,2,4,1,1,
2.023E+11,155 608 110,A01,2,7,0,2,1,1,1,
2.023E+11,155 608 107,A01,3,7,0,2,3,20,0,
2.023E+11,155 608 109,B01,0,0,0,0,0,0,0,
2.023E+11,155 608 104,B01,1,7,0,2,7,9,1,
2.023E+11,155 608 106,A01,1,7,0,2,1,9,1,
2.023E+11,155 608 105,A01,2,7,0,1,3,15,1,
2.023E+11,155 608 101,A01,1,50,0,2,1,25,3,
2.023E+11,155 608 103,B01,2,7,0,9,2,9,1,
2.023E+11,155 608 102,A01,1,7,0,1,2,1,1,
2.023E+11,155 608 100,A01,1,10,0,1,3,1,3,
2.023E+11,155 608 097,B01,1,7,1,2,4,1,1,
2.023E+11,155 608 098,A01,1,7,1,2,1,1,1,
2.023E+11,155 608 096,A01,1,32,0,2,7,9,1,
2.023E+11,155 608 099,B01,1,7,0,2,1,1,1,
2.023E+11,155 608 094,A01,0,7,0,1,2,17,1,
2.023E+11,155 608 093,A01,2,7,0,0,3,1,1,
2.023E+11,155 608 095,B01,2,33,0,2,2,0,1,
2.023E+11,155 608 092,A01,1,7,8,0,1,14,1,
2.023E+11,155 608 090,A01,1,7,0,1,1,1,1,
2.023E+11,155 608 089,A01,0,7,0,2,1,1,0,
2.023E+11,155 608 091,B01,0,7,0,2,4,23,0,
2.023E+11,155 608 087,B01,2,7,0,2,3,9,1,
2.023E+11,155 608 088,A01,2,1,0,2,1,9,5,
2.023E+11,155 608 085,A01,1,3,0,2,4,2,1,
2.023E+11,155 608 086,B01,3,10,0,2,1,0,3,
2.023E+11,155 608 083,Z01,2,7,0,2,8,15,0,
2.023E+11,155 608 084,B01,2,30,0,2,2,15,1,
2.023E+11,155 608 081,A01,2,7,0,2,2,20,1,
2.023E+11,155 608 082,B01,2,1,0,2,1,1,5,
2.023E+11,155 608 079,A01,2,7,8,0,2,1,1,
2.023E+11,155 608 077,B01,1,7,0,9,8,1,1,
2.023E+11,155 608 078,A01,1,50,0,2,1,1,3,
2.023E+11,155 608 075,A01,1,30,0,0,8,3,1,
2.023E+11,155 608 076,B01,1,7,0,0,2,1,1,
2.023E+11,155 608 073,A01,2,32,0,0,8,1,1,
2.023E+11,155 608 072,B01,1,7,0,2,4,1,1,
2.023E+11,155 608 074,A01,1,10,0,2,1,1,1,
2.023E+11,155 608 070,A01,1,7,0,1,1,1,1,
2.023E+11,155 608 069,A01,1,7,0,2,3,15,1,
2.023E+11,155 608 071,B01,1,33,0,2,7,2,1,
2.023E+11,155 608 066,C01,2,7,0,9,7,1,-1,
2.023E+11,155 608 068,B01,1,1,0,2,4,1,5,
2.023E+11,155 608 065,A01,1,7,0,2,0,0,1,
2.023E+11,155 608 067,B01,2,43,0,2,1,0,1,
2.023E+11,155 608 064,A01,1,50,9,0,1,17,3,
2.023E+11,155 608 062,A01,2,10,0,2,3,15,0,
2.023E+11,155 608 063,B01,2,32,0,2,2,3,0,
2.023E+11,155 608 061,A01,2,7,0,1,2,1,1,
2.023E+11,155 608 059,A01,2,7,0,0,8,22,1,
2.023E+11,155 608 060,B01,2,1,1,0,3,22,5,
2.023E+11,155 608 058,A01,2,7,0,1,1,16,1,
2.023E+11,155 608 057,A01,1,33,0,1,1,1,1,
2.023E+11,155 608 054,A01,1,7,0,2,3,9,1,
2.023E+11,155 608 056,B01,1,1,0,2,1,1,5,
2.023E+11,155 608 053,B01,1,1,5,0,4,26,5,
2.023E+11,155 608 055,A01,1,10,9,0,1,0,1,
2.023E+11,155 608 052,A01,2,7,0,1,1,1,1,
2.023E+11,155 608 051,A01,2,32,0,1,1,21,1,
2.023E+11,155 608 049,A01,2,1,0,1,3,1,5,
2.023E+11,155 608 047,C01,1,7,0,2,4,1,0,
2.023E+11,155 608 048,B01,1,7,0,2,4,1,1,
2.023E+11,155 608 050,A01,1,7,0,2,1,1,1,
2.023E+11,155 608 046,A01,2,7,0,0,2,14,1,
2.023E+11,155 608 044,B01,1,7,0,2,2,1,1,
2.023E+11,155 608 045,A01,0,1,0,2,1,19,5,
2.023E+11,155 608 042,B01,3,7,0,2,3,1,1,
2.023E+11,155 608 043,A01,3,7,0,2,3,5,2,
2.023E+11,155 608 040,A01,2,1,0,2,1,12,5,
2.023E+11,155 608 041,B01,2,7,0,2,6,1,1,