Num_Acc,id_vehicule,num_veh,senc,catv,obs,obsm,choc,manv,motor,occutc
2.023E+11,155 607 575,B01,1,33,0,2,1,1,1,
2.023E+11,155 607 576,A01,2,7,0,2,7,15,1,
2.023E+11,155 607 574,A01,2,33,13,0,9,14,1,
2.023E+11,155 607 573,A01,2,10,9,0,1,14,1,
2.023E+11,155 607 572,A01,2,7,2,0,9,1,0,
2.023E+11,155 607 571,A01,1,7,14,0,7,1,1,
2.023E+11,155 607 570,A01,3,2,0,0,0,0,1,
2.023E+11,155 607 569,A01,2,33,13,0,1,13,1,
2.023E+11,155 607 567,B01,2,32,0,2,1,2,1,
2.023E+11,155 607 568,A01,1,7,0,2,3,15,1,
2.023E+11,155 607 566,A01,1,7,5,0,2,15,1,
2.023E+11,155 607 565,A01,1,7,13,0,2,1,1,
2.023E+11,155 607 564,A01,1,32,0,0,1,1,1,
2.023E+11,155 607 562,B01,1,7,0,2,1,1,1,
2.023E+11,155 607 563,A01,2,7,0,2,2,15,1,
2.023E+11,155 607 561,A01,3,7,12,0,1,16,1,
2.023E+11,155 607 560,A01,2,7,13,0,9,1,1,
2.023E+11,155 607 559,A01,3,7,16,0,2,1,1,
2.023E+11,155 607 558,A01,3,33,0,0,0,1,1,
2.023E+11,155 607 556,A01,2,7,0,0,3,15,0,
2.023E+11,155 607 557,B01,2,31,0,2,1,1,0,
2.023E+11,155 607 555,A01,2,7,2,0,1,1,1,
2.023E+11,155 607 553,A01,1,7,0,2,2,16,1,
2.023E+11,155 607 554,B01,2,33,0,2,1,15,1,
2.023E+11,155 607 552,A01,1,21,0,0,9,0,1,
2.023E+11,155 607 550,A01,2,7,0,2,1,1,1,
2.023E+11,155 607 551,B01,1,7,0,2,1,1,1,
2.023E+11,155 607 547,A01,1,7,0,0,3,13,1,
2.023E+11,155 607 548,B01,2,7,0,0,3,1,1,
2.023E+11,155 607 549,C01,1,15,0,0,3,0,1,
2.023E+11,155 607 545,A01,1,7,0,2,3,20,1,
2.023E+11,155 607 546,B01,1,33,0,2,2,17,1,
2.023E+11,155 607 544,A01,0,60,0,0,0,0,5,
2.023E+11,155 607 542,A01,2,10,0,2,1,13,1,
2.023E+11,155 607 543,B01,1,17,0,2,1,1,1,
2.023E+11,155 607 540,A01,2,7,0,9,3,13,0,
2.023E+11,155 607 541,B01,1,21,0,2,3,1,1,
2.023E+11,155 607 539,A01,1,10,0,0,1,1,1,
2.023E+11,155 607 537,B01,2,15,0,2,4,2,1,
2.023E+11,155 607 538,A01,2,7,0,2,1,2,1,
2.023E+11,155 607 534,B01,0,0,0,0,0,0,0,
2.023E+11,155 607 535,A01,0,7,0,0,5,0,1,
2.023E+11,155 607 533,A01,3,50,0,0,0,0,3,
2.023E+11,155 607 531,A01,1,7,0,2,2,9,1,
2.023E+11,155 607 532,B01,2,33,0,2,7,21,1,
2.023E+11,155 607 529,A01,3,7,0,2,3,13,1,
2.023E+11,155 607 530,B01,3,7,0,2,3,1,1,
2.023E+11,155 607 527,A01,2,7,0,2,7,13,1,
2.023E+11,155 607 528,B01,1,7,0,2,2,1,1,
2.023E+11,155 607 525,A01,1,3,0,0,8,15,1,
2.023E+11,155 607 526,B01,1,32,0,2,1,1,1,
2.023E+11,155 607 524,A01,2,15,3,0,3,0,1,
2.023E+11,155 607 523,A01,0,2,15,0,8,1,1,
2.023E+11,155 607 522,A01,1,2,13,0,0,0,1,
2.023E+11,155 607 519,A01,2,7,0,2,3,2,1,
2.023E+11,155 607 520,B01,2,7,0,2,5,2,1,
2.023E+11,155 607 521,C01,2,7,0,0,4,2,1,
2.023E+11,155 607 516,A01,2,33,0,2,3,18,1,
2.023E+11,155 607 517,C01,2,7,0,2,2,16,1,
2.023E+11,155 607 518,B01,2,7,0,2,6,23,1,
2.023E+11,155 607 514,A01,1,2,0,0,7,10,1,
2.023E+11,155 607 515,B01,2,7,0,2,2,0,0,
2.023E+11,155 607 513,A01,3,31,14,0,1,1,1,
2.023E+11,155 607 512,A01,2,7,8,0,1,1,1,
2.023E+11,155 607 511,A01,3,7,6,0,1,1,1,
2.023E+11,155 607 509,A01,0,7,0,2,2,16,0,
2.023E+11,155 607 510,B01,0,33,0,2,3,1,0,
2.023E+11,155 607 508,A01,3,1,0,0,0,26,5,
2.023E+11,155 607 506,B01,1,1,0,2,1,1,5,
2.023E+11,155 607 507,A01,2,1,0,2,1,5,5,
2.023E+11,155 607 505,A01,0,7,15,0,1,1,1,
2.023E+11,155 607 504,A01,1,7,2,0,1,0,1,
2.023E+11,155 607 500,A01,2,33,0,2,1,17,1,
2.023E+11,155 607 501,B01,2,7,0,2,4,17,1,
2.023E+11,155 607 502,C01,2,3,0,2,8,1,1,
2.023E+11,155 607 503,D01,2,7,0,2,2,1,1,
2.023E+11,155 607 499,A01,2,7,11,0,9,1,1,
2.023E+11,155 607 498,A01,2,13,13,0,2,0,1,
2.023E+11,155 607 496,B01,3,21,0,2,3,1,-1,
2.023E+11,155 607 497,A01,3,2,0,2,3,1,1,
2.023E+11,155 607 495,A01,0,32,12,0,2,0,1,
2.023E+11,155 607 494,A01,1,10,0,1,2,2,1,
2.023E+11,155 607 492,A01,1,7,0,2,3,15,1,
2.023E+11,155 607 493,B01,2,32,0,2,1,1,1,
2.023E+11,155 607 491,A01,3,2,6,0,1,19,1,
2.023E+11,155 607 489,A01,3,7,0,0,8,19,1,
2.023E+11,155 607 490,B01,2,1,0,2,1,1,5,
2.023E+11,155 607 487,B01,1,7,0,2,8,1,1,
2.023E+11,155 607 488,A01,2,31,0,2,1,13,1,
2.023E+11,155 607 486,A01,1,7,3,0,9,1,1,
2.023E+11,155 607 485,A01,1,33,5,0,1,0,1,
2.023E+11,155 607 483,A01,2,7,0,2,1,1,1,
2.023E+11,155 607 484,B01,2,21,0,2,8,19,1,
2.023E+11,155 607 481,A01,2,7,0,2,1,1,1,
2.023E+11,155 607 482,B01,2,7,0,2,4,1,1,
2.023E+11,155 607 479,A01,1,7,0,2,4,1,1,
2.023E+11,155 607 480,B01,1,31,0,2,1,2,1,
2.023E+11,155 607 477,A01,2,33,0,2,1,2,1,
2.023E+11,155 607 478,B01,2,33,0,2,4,2,1,
2.023E+11,155 607 475,A01,1,7,0,2,1,2,1,
2.023E+11,155 607 476,B01,1,7,0,2,4,23,1,
2.023E+11,155 607 473,Z01,1,7,0,2,2,12,1,
2.023E+11,155 607 474,B01,1,7,0,2,6,12,1,
2.023E+11,155 607 471,B01,1,43,4,2,3,3,1,
2.023E+11,155 607 472,A01,1,7,3,2,5,14,1,
2.023E+11,155 607 469,A01,2,31,0,2,1,2,1,
2.023E+11,155 607 470,B01,2,7,0,2,4,1,1,
2.023E+11,155 607 463,B01,1,7,0,2,4,0,1,
2.023E+11,155 607 464,C01,1,10,0,2,4,2,1,
2.023E+11,155 607 465,D01,1,7,0,2,5,2,1,
2.023E+11,155 607 466,E01,1,10,0,2,4,2,1,
2.023E+11,155 607 467,F01,1,10,0,2,4,2,1,
2.023E+11,155 607 468,A01,1,10,0,2,1,2,1,
2.023E+11,155 607 461,A01,2,7,0,2,8,11,1,
2.023E+11,155 607 462,B01,2,33,0,2,7,0,1,
2.023E+11,155 607 460,A01,2,7,0,0,1,2,1,
2.023E+11,155 607 457,A01,1,7,0,2,1,2,1,
2.023E+11,155 607 458,B01,1,7,0,2,4,2,1,
2.023E+11,155 607 459,C01,1,10,0,2,4,2,1,
2.023E+11,155 607 454,B01,2,10,0,2,2,1,1,
2.023E+11,155 607 455,C01,2,7,0,2,6,1,1,
2.023E+11,155 607 456,A01,2,32,0,2,3,3,1,
2.023E+11,155 607 452,B01,2,7,0,2,7,12,1,
2.023E+11,155 607 453,A01,2,43,0,2,1,3,1,
2.023E+11,155 607 451,A01,1,13,0,1,1,1,1,
2.023E+11,155 607 449,A01,1,10,0,2,2,26,1,
2.023E+11,155 607 450,B01,1,1,0,2,8,15,5,
2.023E+11,155 607 448,A01,1,7,0,1,7,15,1,
2.023E+11,155 607 447,A01,1,1,0,0,0,3,5,
2.023E+11,155 607 446,A01,3,7,0,1,2,26,0,
2.023E+11,155 607 445,A01,2,7,16,0,9,2,1,
2.023E+11,155 607 444,A01,3,2,14,0,1,1,1,
2.023E+11,155 607 443,A01,2,7,2,0,3,1,1,
2.023E+11,155 607 441,B01,1,33,12,0,3,1,1,
2.023E+11,155 607 442,A01,2,7,12,0,3,15,1,
2.023E+11,155 607 439,A01,1,2,0,2,1,1,1,
2.023E+11,155 607 440,B01,2,2,0,2,1,0,1,
2.023E+11,155 607 437,A01,1,30,0,9,1,2,1,
2.023E+11,155 607 438,B01,1,1,0,9,4,23,5,
2.023E+11,155 607 435,A01,2,33,0,2,1,17,1,
2.023E+11,155 607 436,B01,2,7,0,2,4,17,1,
2.023E+11,155 607 434,A01,1,7,0,2,3,15,1,
2.023E+11,155 607 432,A01,2,50,0,2,7,1,3,
2.023E+11,155 607 433,B01,1,7,0,2,1,1,1,
2.023E+11,155 607 431,A01,1,50,12,0,1,0,3,
2.023E+11,155 607 429,A01,1,7,0,2,1,13,1,
2.023E+11,155 607 430,B01,2,7,0,2,1,1,1,
2.023E+11,155 607 427,A01,1,7,0,2,2,1,1,
2.023E+11,155 607 428,B01,1,7,0,2,3,1,1,
2.023E+11,155 607 425,A01,1,32,0,2,7,1,1,
2.023E+11,155 607 426,B01,1,7,0,2,3,11,1,
2.023E+11,155 607 424,A01,1,7,8,0,1,26,1,
2.023E+11,155 607 422,A01,2,7,0,2,1,1,1,
2.023E+11,155 607 423,B01,2,7,0,2,7,16,1,
2.023E+11,155 607 419,A01,3,7,14,2,1,1,1,
2.023E+11,155 607 420,B01,3,7,0,2,4,23,1,
2.023E+11,155 607 421,C01,1,7,0,2,4,23,1,
2.023E+11,155 607 417,B01,2,80,0,2,1,17,3,
2.023E+11,155 607 418,A01,2,13,0,2,3,9,1,
2.023E+11,155 607 415,B01,3,7,0,2,6,1,1,
2.023E+11,155 607 416,A01,3,10,0,2,1,1,1,
2.023E+11,155 607 413,B01,1,7,1,2,2,1,1,
2.023E+11,155 607 414,A01,0,7,0,2,3,24,1,
2.023E+11,155 607 411,B01,2,14,0,2,2,1,1,
2.023E+11,155 607 412,A01,1,2,0,2,3,15,1,
2.023E+11,155 607 407,A01,1,7,0,2,4,0,1,
2.023E+11,155 607 408,B01,1,7,0,2,4,23,1,
2.023E+11,155 607 406,A01,1,7,0,1,2,17,1,
2.023E+11,155 607 404,A01,2,7,0,2,1,1,1,
2.023E+11,155 607 405,B01,2,7,0,2,1,1,1,
2.023E+11,155 607 402,A01,1,30,0,2,4,16,1,
2.023E+11,155 607 403,B01,1,7,0,2,1,12,1,
2.023E+11,155 607 400,B01,1,7,0,2,3,1,1,
2.023E+11,155 607 401,A01,3,7,0,2,2,19,1,
2.023E+11,155 607 399,A01,3,1,0,0,0,1,5,
2.023E+11,155 607 397,A01,1,7,0,2,1,19,6,
2.023E+11,155 607 398,B01,1,30,0,0,8,1,1,
2.023E+11,155 607 396,A01,1,33,0,1,1,1,1,
2.023E+11,155 607 394,A01,1,7,0,2,5,12,1,
2.023E+11,155 607 395,B01,1,14,0,2,3,1,1,
2.023E+11,155 607 393,A01,1,7,14,0,1,2,1,
2.023E+11,155 607 391,B01,1,2,0,2,8,1,1,
2.023E+11,155 607 392,A01,2,7,0,2,2,15,1,
2.023E+11,155 607 388,A01,3,7,0,2,1,1,1,
2.023E+11,155 607 389,B01,3,1,0,2,8,19,5,
2.023E+11,155 607 386,B01,1,7,0,2,7,1,1,
2.023E+11,155 607 387,A01,1,7,0,2,1,1,1,
2.023E+11,155 607 384,B01,0,7,0,2,1,2,1,
2.023E+11,155 607 385,A01,0,1,0,2,4,1,5,
2.023E+11,155 607 382,A01,3,7,0,2,3,1,1,
2.023E+11,155 607 383,B01,3,1,0,2,8,1,5,
2.023E+11,155 607 381,Z01,3,7,0,1,2,0,0,
2.023E+11,155 607 379,A01,3,36,0,2,3,15,1,
2.023E+11,155 607 380,B01,1,7,0,2,2,1,1,
2.023E+11,155 607 377,B01,2,99,0,2,3,19,1,
2.023E+11,155 607 378,A01,2,14,0,9,3,9,1,
2.023E+11,155 607 375,B01,2,7,0,2,1,0,1,
2.023E+11,155 607 376,A01,1,7,0,2,8,26,1,
2.023E+11,155 607 373,A01,1,7,0,2,1,1,1,
2.023E+11,155 607 374,B01,3,60,0,2,7,19,5,
2.023E+11,155 607 371,A01,1,7,0,2,1,19,1,
2.023E+11,155 607 372,B01,2,7,1,2,2,1,0,
2.023E+11,155 607 369,A01,1,32,0,2,2,15,1,
2.023E+11,155 607 370,B01,2,1,0,2,1,1,5,
2.023E+11,155 607 368,A01,1,30,0,0,0,1,0,
2.023E+11,155 607 366,A01,1,7,0,2,6,15,1,
2.023E+11,155 607 367,B01,1,32,0,2,7,2,1,
2.023E+11,155 607 363,A01,1,7,0,2,0,3,1,
2.023E+11,155 607 364,B01,1,7,0,2,8,2,1,
2.023E+11,155 607 365,C01,1,7,0,2,7,2,1,
2.023E+11,155 607 361,A01,1,7,0,2,1,1,1,
2.023E+11,155 607 362,B01,2,7,0,2,5,15,1,
2.023E+11,155 607 360,A01,2,7,0,1,1,15,1,
2.023E+11,155 607 359,A01,1,7,0,1,1,25,1,
2.023E+11,155 607 357,A01,3,10,0,2,2,1,1,
2.023E+11,155 607 358,B01,3,50,0,2,1,1,3,
2.023E+11,155 607 355,B01,2,50,0,2,1,1,3,
2.023E+11,155 607 356,A01,2,7,0,2,3,19,1,
2.023E+11,155 607 353,B01,1,33,0,2,1,1,1,
2.023E+11,155 607 354,A01,2,7,0,2,7,19,1,
2.023E+11,155 607 351,A01,1,7,0,2,3,9,1,
2.023E+11,155 607 352,B01,2,1,0,2,2,1,5,
2.023E+11,155 607 349,A01,3,1,0,2,1,1,5,
2.023E+11,155 607 350,B01,3,1,0,2,1,1,5,
2.023E+11,155 607 347,B01,3,1,0,2,8,15,5,
2.023E+11,155 607 348,A01,3,7,0,9,2,1,1,
2.023E+11,155 607 345,A01,3,30,0,2,3,9,1,
2.023E+11,155 607 346,B01,3,7,0,2,3,9,1,
2.023E+11,155 607 343,B01,1,2,0,2,4,9,1,
2.023E+11,155 607 344,A01,1,10,0,2,2,2,1,
2.023E+11,155 607 342,A01,1,10,0,1,2,1,1,
2.023E+11,155 607 341,A01,2,33,1,0,2,13,1,
2.023E+11,155 607 339,B01,2,7,0,2,5,16,3,
2.023E+11,155 607 340,A01,2,1,0,2,1,1,5,
2.023E+11,155 607 337,A01,1,30,0,2,1,2,1,
2.023E+11,155 607 338,B01,1,10,0,2,4,2,1,
2.023E+11,155 607 334,PA01,1,7,0,2,1,1,1,
2.023E+11,155 607 335,B01,1,7,0,2,4,1,1,
2.023E+11,155 607 336,C01,1,7,0,2,4,1,1,
2.023E+11,155 607 332,B01,1,1,0,2,7,14,5,
2.023E+11,155 607 333,A01,1,7,0,2,8,13,1,
2.023E+11,155 607 331,A01,3,10,0,1,2,26,1,
2.023E+11,155 607 329,A01,3,7,0,2,3,13,1,
2.023E+11,155 607 330,B01,3,7,7,2,5,1,1,
2.023E+11,155 607 328,A01,3,80,14,0,7,1,3,
2.023E+11,155 607 327,A01,2,7,14,0,1,19,1,
2.023E+11,155 607 326,A01,3,2,16,0,1,1,1,
2.023E+11,155 607 324,B01,2,7,0,2,2,16,1,
2.023E+11,155 607 325,A01,2,50,0,2,1,25,3,
2.023E+11,155 607 323,A01,1,30,1,0,2,17,3,
2.023E+11,155 607 321,A01,1,7,1,2,3,15,1,
2.023E+11,155 607 322,B01,1,2,0,2,1,1,3,
2.023E+11,155 607 319,B01,1,32,0,2,8,1,1,
2.023E+11,155 607 320,A01,1,7,0,2,7,21,1,
2.023E+11,155 607 318,A01,1,7,2,0,1,1,1,
2.023E+11,155 607 316,B01,2,33,0,2,9,1,1,
2.023E+11,155 607 317,A01,2,7,0,2,7,12,1,
2.023E+11,155 607 315,A01,1,7,1,0,1,13,1,
2.023E+11,155 607 313,B01,0,7,0,2,1,1,1,
2.023E+11,155 607 314,A01,0,1,0,2,1,1,5,
2.023E+11,155 607 311,A01,2,7,0,2,1,26,1,
2.023E+11,155 607 312,B01,2,7,0,2,1,1,1,
2.023E+11,155 607 310,A01,0,7,1,0,1,26,1,
2.023E+11,155 607 308,A01,0,7,0,2,7,14,1,
2.023E+11,155 607 309,B01,0,7,0,2,3,1,1,
2.023E+11,155 607 307,A01,2,7,9,0,1,0,1,
2.023E+11,155 607 305,A01,1,30,0,2,1,2,1,
2.023E+11,155 607 306,B01,1,7,0,2,6,23,1,
2.023E+11,155 607 304,A01,0,1,0,-1,0,0,5,
2.023E+11,155 607 302,A01,1,7,0,9,2,16,1,
2.023E+11,155 607 303,B01,1,50,0,2,1,1,3,
2.023E+11,155 607 300,A01,3,3,0,2,5,26,1,
2.023E+11,155 607 301,B01,3,7,0,2,3,0,1,
2.023E+11,155 607 298,A01,1,7,0,2,1,1,1,
2.023E+11,155 607 299,B01,2,7,0,2,3,1,1,
2.023E+11,155 607 297,A01,3,7,1,1,1,26,1,
2.023E+11,155 607 296,A01,3,7,0,1,1,1,1,
2.023E+11,155 607 294,B01,1,7,0,2,2,0,1,
2.023E+11,155 607 295,A01,1,34,0,2,1,1,1,
2.023E+11,155 607 293,A01,0,34,0,1,1,7,1,
2.023E+11,155 607 290,A01,3,30,0,2,2,11,1,
2.023E+11,155 607 292,B01,3,7,0,2,1,1,1,
2.023E+11,155 607 289,A01,1,2,0,2,1,1,1,
2.023E+11,155 607 291,B01,1,7,0,2,4,1,1,
2.023E+11,155 607 288,A01,3,7,8,0,1,5,0,
2.023E+11,155 607 287,A01,3,7,0,1,1,1,2,
2.023E+11,155 607 286,A01,1,30,0,0,1,1,1,
2.023E+11,155 607 283,A01,2,7,0,2,8,9,1,
2.023E+11,155 607 285,B01,2,30,0,2,2,1,1,
2.023E+11,155 607 280,A01,3,32,0,2,1,1,1,
2.023E+11,155 607 282,B01,3,32,0,2,8,10,1,
2.023E+11,155 607 277,A01,3,7,0,2,1,1,1,
2.023E+11,155 607 278,B01,3,7,0,2,8,1,1,
2.023E+11,155 607 279,C01,3,7,0,2,8,1,1,
2.023E+11,155 607 281,A01,3,7,0,2,3,15,1,
2.023E+11,155 607 284,B01,0,32,0,2,1,1,1,
2.023E+11,155 607 274,A01,3,7,0,2,1,15,1,
2.023E+11,155 607 275,B01,3,30,0,2,1,17,1,
2.023E+11,155 607 271,B01,2,7,0,0,3,1,1,
2.023E+11,155 607 273,A01,1,2,0,2,1,5,1,
2.023E+11,155 607 276,C01,1,2,0,0,0,1,1,
2.023E+11,155 607 270,A01,1,31,0,2,1,2,3,
2.023E+11,155 607 272,B01,1,7,0,2,4,2,0,
2.023E+11,155 607 268,A01,1,31,0,2,3,3,1,
2.023E+11,155 607 269,B01,1,10,0,2,0,12,1,
2.023E+11,155 607 267,A01,2,7,3,0,1,1,1,
2.023E+11,155 607 266,A01,1,37,0,1,2,1,4,1
2.023E+11,155 607 265,A01,3,7,2,0,1,15,1,
2.023E+11,155 607 263,A01,1,32,0,2,1,1,1,
2.023E+11,155 607 264,B01,1,7,0,2,0,23,3,
2.023E+11,155 607 262,A01,1,7,2,0,3,13,1,
2.023E+11,155 607 260,A01,1,7,0,2,4,1,2,
2.023E+11,155 607 261,B01,1,7,0,2,1,1,3,
2.023E+11,155 607 258,A01,3,7,0,2,2,12,1,
2.023E+11,155 607 259,B01,3,33,0,2,3,1,1,
2.023E+11,155 607 255,Z01,0,80,0,2,1,19,3,
2.023E+11,155 607 256,B01,2,1,0,2,3,1,5,
2.023E+11,155 607 257,A01,0,7,0,1,2,1,1,
2.023E+11,155 607 253,B01,2,2,0,2,1,1,3,
2.023E+11,155 607 254,A01,3,7,0,2,3,9,1,
2.023E+11,155 607 251,A01,3,10,0,2,8,1,1,
2.023E+11,155 607 252,B01,1,10,0,2,1,17,1,
2.023E+11,155 607 249,A01,1,7,0,2,5,16,3,
2.023E+11,155 607 250,B01,1,2,0,2,3,1,1,
2.023E+11,155 607 247,A01,2,7,0,1,3,1,1,
2.023E+11,155 607 248,A01,2,7,0,1,0,1,0,
2.023E+11,155 607 245,A01,3,7,0,2,7,15,1,
2.023E+11,155 607 246,B01,3,31,0,2,1,1,3,
2.023E+11,155 607 244,A01,1,7,13,0,0,1,1,
2.023E+11,155 607 243,A01,1,30,9,0,7,14,1,
2.023E+11,155 607 240,C01,1,1,0,2,1,1,5,
2.023E+11,155 607 241,A01,2,7,1,2,1,20,2,
2.023E+11,155 607 239,B01,1,10,0,2,1,1,1,
2.023E+11,155 607 242,A01,2,7,0,2,3,15,1,
2.023E+11,155 607 237,B01,2,1,0,2,7,7,5,
2.023E+11,155 607 238,A01,1,7,0,2,1,9,1,
2.023E+11,155 607 235,A01,1,7,0,2,2,2,1,
2.023E+11,155 607 236,B01,1,2,0,2,6,15,1,
2.023E+11,155 607 233,B01,2,33,0,2,8,1,1,
2.023E+11,155 607 234,A01,1,7,0,2,2,15,1,
2.023E+11,155 607 231,B01,2,33,0,2,1,1,1,
2.023E+11,155 607 232,A01,2,7,0,2,6,19,1,
2.023E+11,155 607 230,A01,2,1,0,1,0,1,5,
2.023E+11,155 607 227,A01,1,31,0,0,1,1,1,
2.023E+11,155 607 228,A01,2,21,0,2,8,15,1,
2.023E+11,155 607 229,B01,2,2,0,2,7,17,1,
2.023E+11,155 607 225,B01,2,7,8,2,1,1,1,
2.023E+11,155 607 226,A01,2,50,16,2,2,19,3,
2.023E+11,155 607 224,A01,1,7,0,0,9,21,1,
2.023E+11,155 607 223,A01,3,80,0,0,0,23,3,
2.023E+11,155 607 222,A01,2,7,0,1,3,15,1,
2.023E+11,155 607 221,A01,2,7,2,0,3,1,1,
2.023E+11,155 607 219,B01,1,7,0,2,5,23,2,
2.023E+11,155 607 220,Z01,1,7,0,2,3,13,2,
2.023E+11,155 607 216,A01,2,10,0,2,4,4,1,
2.023E+11,155 607 217,Y01,2,1,0,2,4,23,5,
2.023E+11,155 607 215,A01,2,7,7,2,1,5,1,
2.023E+11,155 607 218,B01,1,7,0,2,3,1,1,
2.023E+11,155 607 212,A01,3,10,0,2,1,1,3,
2.023E+11,155 607 214,B01,3,7,0,2,8,1,0,
2.023E+11,155 607 211,A01,3,7,0,0,1,1,1,
2.023E+11,155 607 213,B01,2,7,0,0,7,1,1,
2.023E+11,155 607 210,A01,1,7,14,0,1,19,1,
2.023E+11,155 607 208,A01,3,2,1,0,2,1,1,
2.023E+11,155 607 207,A01,1,7,0,2,7,12,1,
2.023E+11,155 607 209,B01,1,34,0,2,8,3,1,
2.023E+11,155 607 205,A01,1,7,2,0,3,1,1,
2.023E+11,155 607 202,A01,3,7,0,2,1,1,1,
2.023E+11,155 607 203,B01,3,10,0,2,7,15,1,
2.023E+11,155 607 201,A01,3,7,10,0,2,1,1,
2.023E+11,155 607 198,A01,3,7,0,2,3,20,6,
2.023E+11,155 607 200,B01,3,33,0,2,7,2,6,
2.023E+11,155 607 197,A01,1,7,0,0,6,15,1,
2.023E+11,155 607 199,B01,1,33,0,2,1,17,1,
2.023E+11,155 607 195,A01,2,33,0,2,3,1,1,
2.023E+11,155 607 196,B01,3,7,0,2,5,19,1,
2.023E+11,155 607 194,A01,2,7,2,0,1,1,1,
2.023E+11,155 607 192,A01,3,7,0,2,3,16,1,
2.023E+11,155 607 193,B01,2,50,0,2,1,1,3,
2.023E+11,155 607 191,A01,0,7,0,1,5,26,1,
2.023E+11,155 607 190,A01,0,7,0,1,2,1,3,
2.023E+11,155 607 189,A01,1,7,0,1,3,26,1,
2.023E+11,155 607 187,A01,2,7,0,2,3,9,1,
2.023E+11,155 607 188,B01,1,10,0,2,1,1,1,
2.023E+11,155 607 185,A01,1,80,0,2,1,1,3,
2.023E+11,155 607 186,B01,1,7,0,2,3,23,1,
2.023E+11,155 607 182,B01,0,1,0,2,0,0,5,
2.023E+11,155 607 184,A01,0,50,0,2,2,11,3,
2.023E+11,155 607 181,B01,1,10,0,2,1,1,1,
2.023E+11,155 607 183,A01,1,7,11,2,6,19,1,
2.023E+11,155 607 177,A01,1,7,0,0,1,23,0,
2.023E+11,155 607 179,B01,1,33,1,2,0,0,0,
2.023E+11,155 607 180,C01,1,33,1,2,0,0,0,
2.023E+11,155 607 176,B01,0,0,0,9,0,0,0,
2.023E+11,155 607 178,A01,2,1,0,2,8,0,5,
2.023E+11,155 607 170,B01,1,50,1,0,1,0,3,
2.023E+11,155 607 172,A01,1,7,0,9,8,22,1,
2.023E+11,155 607 171,A01,1,7,0,2,8,1,2,
2.023E+11,155 607 173,B01,1,17,0,2,2,17,1,
2.023E+11,155 607 167,B01,3,7,0,2,8,1,1,
2.023E+11,155 607 169,A01,3,10,0,2,1,15,1,
2.023E+11,155 607 168,A01,1,14,0,0,0,2,1,
2.023E+11,155 607 165,A01,1,14,1,0,6,1,1,
2.023E+11,155 607 166,B01,1,7,0,2,0,0,0,
2.023E+11,155 607 164,A01,1,10,14,1,3,2,3,
2.023E+11,155 607 163,A01,2,7,15,0,2,1,1,
2.023E+11,155 607 161,A01,1,7,0,9,3,1,0,
2.023E+11,155 607 162,B01,1,1,0,2,1,1,5,
2.023E+11,155 607 158,B01,1,7,0,2,3,15,1,
2.023E+11,155 607 159,A01,1,31,0,2,1,17,1,
2.023E+11,155 607 157,A01,2,7,0,0,9,13,1,
2.023E+11,155 607 155,A01,1,7,0,2,4,16,1,
2.023E+11,155 607 156,B01,1,34,0,2,1,16,1,
2.023E+11,155 607 154,A01,3,33,0,0,8,0,1,
2.023E+11,155 607 153,A01,1,50,0,0,0,10,3,
2.023E+11,155 607 149,A01,1,31,0,2,1,1,1,
2.023E+11,155 607 152,B01,1,7,0,2,3,16,1,
2.023E+11,155 607 150,A01,2,7,0,0,8,13,1,
2.023E+11,155 607 151,B01,2,33,0,2,7,17,1,
2.023E+11,155 607 145,A01,3,30,0,2,3,1,1,
2.023E+11,155 607 147,B01,3,7,0,2,3,15,0,
2.023E+11,155 607 146,A01,2,33,0,2,1,1,1,
2.023E+11,155 607 148,B01,1,7,0,2,8,15,1,
2.023E+11,155 607 143,A01,1,2,6,0,1,13,1,
2.023E+11,155 607 142,B01,2,7,8,2,8,2,1,
2.023E+11,155 607 144,A01,3,7,0,2,1,15,1,
2.023E+11,155 607 140,B01,0,3,0,1,1,16,1,
2.023E+11,155 607 139,A01,0,7,0,2,3,0,1,
2.023E+11,155 607 141,B01,0,15,0,2,3,1,1,
2.023E+11,155 607 138,A01,1,7,8,0,3,13,1,
2.023E+11,155 607 135,A01,1,7,0,2,1,1,1,
2.023E+11,155 607 137,B01,2,38,0,2,3,26,1,24
2.023E+11,155 607 133,B01,3,10,0,2,3,9,1,
2.023E+11,155 607 134,A01,1,7,0,2,5,1,1,
2.023E+11,155 607 132,A01,0,7,13,0,9,1,0,
2.023E+11,155 607 130,A01,1,7,0,1,2,1,0,
2.023E+11,155 607 131,B01,1,7,0,2,3,1,1,
2.023E+11,155 607 136,A01,1,7,0,2,1,0,1,
2.023E+11,155 607 129,A01,2,7,8,0,1,1,0,
2.023E+11,155 607 127,A01,2,7,0,2,3,6,1,
2.023E+11,155 607 128,B01,2,31,0,2,8,1,1,
2.023E+11,155 607 126,A01,1,7,0,1,1,1,1,
2.023E+11,155 607 124,A01,3,33,0,0,7,21,0,
2.023E+11,155 607 125,A01,3,7,2,0,2,1,1,
2.023E+11,155 607 123,A01,3,7,6,0,1,1,1,
2.023E+11,155 607 122,A01,3,7,17,0,1,0,0,
2.023E+11,155 607 118,A01,2,7,0,2,1,5,1,