Num_Acc,id_vehicule,num_veh,senc,catv,obs,obsm,choc,manv,motor,occutc
2.023E+11,155 606 652,A01,1,7,0,2,1,19,1,
2.023E+11,155 606 655,B01,1,7,0,2,1,1,0,
2.023E+11,155 606 651,A01,3,7,0,2,1,1,1,
2.023E+11,155 606 654,C01,3,50,0,2,6,19,3,
2.023E+11,155 606 649,A01,3,32,0,1,3,13,1,
2.023E+11,155 606 645,B01,2,7,0,2,4,2,1,
2.023E+11,155 606 648,A01,3,7,0,2,1,2,1,
2.023E+11,155 606 650,C01,2,7,0,2,4,2,1,
2.023E+11,155 606 643,A01,2,7,0,2,3,0,1,
2.023E+11,155 606 646,B01,1,33,0,2,4,21,1,
2.023E+11,155 606 647,C01,1,33,0,2,1,1,1,
2.023E+11,155 606 641,A01,1,33,11,0,8,1,1,
2.023E+11,155 606 638,B01,1,7,0,2,1,1,1,
2.023E+11,155 606 640,A01,1,7,0,2,4,12,1,
2.023E+11,155 606 639,A01,2,7,9,0,1,1,1,
2.023E+11,155 606 637,A01,1,7,2,0,1,2,3,
2.023E+11,155 606 634,MA01,1,7,0,2,8,9,0,
2.023E+11,155 606 636,B01,1,10,0,2,1,2,1,
2.023E+11,155 606 633,B01,2,7,0,2,7,0,1,
2.023E+11,155 606 635,A01,1,7,0,2,1,9,1,
2.023E+11,155 606 631,A01,2,7,2,0,1,16,1,
2.023E+11,155 606 628,A01,3,7,2,5,1,14,0,
2.023E+11,155 606 627,A01,0,7,0,2,1,13,1,
2.023E+11,155 606 630,B01,0,7,0,2,1,1,1,
2.023E+11,155 606 626,A01,1,7,0,2,1,1,1,
2.023E+11,155 606 629,B01,1,3,0,2,4,23,1,
2.023E+11,155 606 622,A01,1,7,0,2,3,13,1,
2.023E+11,155 606 624,B01,2,7,0,0,3,1,1,
2.023E+11,155 606 621,A01,3,7,0,2,1,15,1,
2.023E+11,155 606 625,B01,1,33,0,2,0,0,1,
2.023E+11,155 606 620,A01,1,7,0,2,1,15,1,
2.023E+11,155 606 623,B01,1,7,0,2,1,1,1,
2.023E+11,155 606 618,B01,3,7,0,2,1,1,1,
2.023E+11,155 606 619,A01,3,10,0,2,1,5,1,
2.023E+11,155 606 616,A01,1,7,0,2,3,16,1,
2.023E+11,155 606 617,B01,1,7,0,2,3,1,1,
2.023E+11,155 606 614,A01,1,33,0,2,7,1,1,
2.023E+11,155 606 615,Z01,1,7,0,2,6,1,1,
2.023E+11,155 606 613,A01,1,7,0,1,1,16,1,
2.023E+11,155 606 611,A01,1,7,0,1,1,1,1,
2.023E+11,155 606 610,A01,1,33,0,0,0,1,1,
2.023E+11,155 606 609,A01,2,33,3,2,2,1,1,
2.023E+11,155 606 612,B01,1,7,0,2,2,1,1,
2.023E+11,155 606 608,A01,3,7,9,0,1,0,1,
2.023E+11,155 606 604,A01,2,0,0,1,0,0,0,
2.023E+11,155 606 606,B01,3,1,0,2,7,0,5,
2.023E+11,155 606 607,A01,2,7,0,2,0,0,0,
2.023E+11,155 606 602,C01,3,7,0,2,3,1,1,
2.023E+11,155 606 603,B01,3,7,0,2,8,1,1,
2.023E+11,155 606 605,A01,3,7,0,2,2,6,1,
2.023E+11,155 606 600,A01,1,33,0,0,7,1,1,
2.023E+11,155 606 599,B01,0,10,0,2,8,1,1,
2.023E+11,155 606 601,A01,0,15,0,2,2,1,1,
2.023E+11,155 606 596,A01,1,33,0,2,1,3,1,
2.023E+11,155 606 597,B01,1,10,0,2,4,2,1,
2.023E+11,155 606 595,A01,2,7,0,2,4,1,1,
2.023E+11,155 606 598,B01,1,7,0,2,1,1,1,
2.023E+11,155 606 594,A01,3,1,8,0,1,1,5,
2.023E+11,155 606 590,B01,2,7,0,2,4,2,1,
2.023E+11,155 606 592,A01,2,7,0,2,1,2,1,
2.023E+11,155 606 589,A01,2,7,1,0,2,14,1,
2.023E+11,155 606 593,B01,2,15,0,0,6,24,1,
2.023E+11,155 606 588,A01,1,30,0,0,3,1,1,
2.023E+11,155 606 587,A01,1,7,0,2,8,15,1,
2.023E+11,155 606 591,B01,2,2,0,2,1,1,1,
2.023E+11,155 606 583,B01,1,2,0,2,1,21,1,
2.023E+11,155 606 584,A01,2,7,0,2,7,15,1,
2.023E+11,155 606 585,B01,3,7,0,2,1,5,1,
2.023E+11,155 606 586,A01,3,7,0,2,1,2,1,
2.023E+11,155 606 581,A01,3,30,0,2,1,15,1,
2.023E+11,155 606 582,B01,3,7,0,2,3,2,1,
2.023E+11,155 606 580,Z01,2,2,0,1,1,1,1,
2.023E+11,155 606 577,A01,3,7,6,0,3,4,1,
2.023E+11,155 606 578,A01,1,7,3,2,0,17,1,
2.023E+11,155 606 579,B01,1,7,3,2,0,12,1,
2.023E+11,155 606 576,A01,1,7,0,1,1,0,1,
2.023E+11,155 606 574,B01,3,1,0,2,3,15,5,
2.023E+11,155 606 575,A01,3,32,0,2,1,1,1,
2.023E+11,155 606 573,A01,2,7,0,0,0,1,1,
2.023E+11,155 606 571,A01,3,7,0,2,1,2,6,
2.023E+11,155 606 572,B01,3,7,0,2,4,2,1,
2.023E+11,155 606 569,A01,2,7,13,0,1,1,1,
2.023E+11,155 606 568,A01,2,7,8,0,1,14,1,
2.023E+11,155 606 570,A01,3,1,0,1,1,1,5,
2.023E+11,155 606 566,A01,1,10,0,1,2,1,1,
2.023E+11,155 606 562,A01,2,7,0,2,2,14,1,
2.023E+11,155 606 564,B01,2,7,0,2,6,2,2,
2.023E+11,155 606 561,A01,1,50,0,2,7,5,3,
2.023E+11,155 606 563,B01,2,7,0,2,1,9,1,
2.023E+11,155 606 565,A01,1,7,0,9,2,17,1,
2.023E+11,155 606 567,B01,1,1,0,2,4,15,5,
2.023E+11,155 606 557,A01,2,7,0,0,1,13,1,
2.023E+11,155 606 559,B01,1,14,0,2,1,1,1,
2.023E+11,155 606 556,A01,1,30,0,2,1,5,1,
2.023E+11,155 606 558,B01,2,10,0,2,1,1,1,
2.023E+11,155 606 555,A01,2,7,0,2,2,15,1,
2.023E+11,155 606 560,B01,1,7,0,2,3,1,2,
2.023E+11,155 606 553,B01,3,32,0,2,1,1,1,
2.023E+11,155 606 554,A01,3,7,0,2,2,15,1,
2.023E+11,155 606 549,B01,1,10,0,2,3,1,1,
2.023E+11,155 606 551,A01,2,50,0,2,7,2,3,
2.023E+11,155 606 550,B01,0,80,0,2,8,1,5,
2.023E+11,155 606 552,A01,1,7,0,2,2,19,1,
2.023E+11,155 606 547,A01,1,7,1,0,3,1,1,
2.023E+11,155 606 546,A01,2,7,0,2,1,15,1,
2.023E+11,155 606 548,B01,1,7,0,2,3,2,1,
2.023E+11,155 606 545,A01,2,7,6,0,3,14,1,
2.023E+11,155 606 539,A01,1,10,0,2,8,22,1,
2.023E+11,155 606 540,B01,1,33,0,2,1,3,1,
2.023E+11,155 606 542,C01,1,7,0,2,2,1,1,
2.023E+11,155 606 543,D01,1,7,0,2,5,1,1,
2.023E+11,155 606 544,E01,1,7,0,2,6,1,1,
2.023E+11,155 606 538,B01,1,7,0,2,8,19,1,
2.023E+11,155 606 541,A01,1,7,0,2,1,1,1,
2.023E+11,155 606 535,A01,3,99,0,0,1,5,1,
2.023E+11,155 606 537,B01,3,7,0,0,2,1,1,
2.023E+11,155 606 536,A01,1,37,0,1,2,7,1,1
2.023E+11,155 606 534,A01,3,30,1,2,1,18,1,
2.023E+11,155 606 533,A01,2,10,0,1,4,4,1,
2.023E+11,155 606 530,B01,2,7,0,2,8,1,1,
2.023E+11,155 606 531,A01,1,7,0,2,1,13,1,
2.023E+11,155 606 529,A01,2,7,0,2,8,17,1,
2.023E+11,155 606 532,B01,2,33,2,2,7,17,1,
2.023E+11,155 606 528,Z01,2,50,0,1,1,1,3,
2.023E+11,155 606 526,A01,2,7,0,2,4,1,1,
2.023E+11,155 606 527,B01,1,7,0,2,4,1,1,
2.023E+11,155 606 524,A01,0,10,0,1,1,1,1,
2.023E+11,155 606 523,B01,1,7,0,2,3,1,1,
2.023E+11,155 606 525,A01,1,1,0,2,6,12,5,
2.023E+11,155 606 522,A01,3,7,0,1,1,1,1,
2.023E+11,155 606 520,A01,3,7,0,0,7,15,3,
2.023E+11,155 606 521,A01,1,7,3,0,1,14,1,
2.023E+11,155 606 516,A01,2,7,0,2,2,15,1,
2.023E+11,155 606 518,B01,1,1,0,2,1,1,5,
2.023E+11,155 606 517,A01,1,7,6,0,1,1,1,
2.023E+11,155 606 515,A01,3,7,0,2,3,16,1,
2.023E+11,155 606 519,B01,0,7,0,2,5,0,2,
2.023E+11,155 606 513,A01,1,31,0,0,8,21,1,
2.023E+11,155 606 510,C01,2,7,14,2,1,1,1,
2.023E+11,155 606 512,B01,2,7,14,2,4,1,1,
2.023E+11,155 606 514,A01,2,7,14,2,4,1,1,
2.023E+11,155 606 511,A01,2,7,0,1,7,2,1,
2.023E+11,155 606 506,A01,2,7,8,2,3,1,0,
2.023E+11,155 606 508,B01,2,7,0,2,2,19,1,
2.023E+11,155 606 503,A01,1,10,0,2,1,2,1,
2.023E+11,155 606 505,B01,1,7,0,2,4,2,1,
2.023E+11,155 606 509,C01,1,7,0,2,4,2,1,
2.023E+11,155 606 502,A01,1,33,1,0,1,1,1,
2.023E+11,155 606 501,A01,2,7,0,2,1,17,1,
2.023E+11,155 606 504,B01,1,7,0,2,3,1,1,
2.023E+11,155 606 507,C01,1,7,0,2,1,1,1,
2.023E+11,155 606 498,A01,1,7,0,2,1,2,1,
2.023E+11,155 606 499,B01,1,33,0,2,4,2,1,
2.023E+11,155 606 496,B01,2,7,0,0,8,1,1,
2.023E+11,155 606 500,A01,1,7,0,2,2,9,1,
2.023E+11,155 606 495,B01,1,13,0,2,1,2,1,
2.023E+11,155 606 497,A01,1,7,0,2,4,2,1,
2.023E+11,155 606 494,A01,1,31,0,1,1,1,1,
2.023E+11,155 606 490,A01,2,32,0,1,2,1,1,
2.023E+11,155 606 491,A01,3,7,0,2,1,13,0,
2.023E+11,155 606 493,B01,3,1,0,2,4,1,5,
2.023E+11,155 606 486,A01,2,7,0,2,1,1,0,
2.023E+11,155 606 488,B01,2,2,0,2,8,19,0,
2.023E+11,155 606 487,A01,2,7,0,2,1,2,1,
2.023E+11,155 606 489,B01,2,7,0,2,4,2,1,
2.023E+11,155 606 492,C01,2,7,0,2,4,2,2,
2.023E+11,155 606 485,A01,1,7,16,0,0,13,6,
2.023E+11,155 606 482,B01,2,1,0,2,1,2,5,
2.023E+11,155 606 484,A01,2,14,0,0,5,2,1,
2.023E+11,155 606 478,A01,2,7,13,0,3,0,1,
2.023E+11,155 606 479,B01,1,7,0,2,1,2,0,
2.023E+11,155 606 481,A01,1,30,0,2,4,2,1,
2.023E+11,155 606 480,B01,1,7,0,2,4,2,1,
2.023E+11,155 606 483,A01,1,7,0,2,1,11,1,
2.023E+11,155 606 475,A01,1,7,0,2,3,13,1,
2.023E+11,155 606 476,B01,2,7,0,2,1,1,1,
2.023E+11,155 606 473,A01,1,7,0,0,4,15,1,
2.023E+11,155 606 477,B01,1,31,0,2,1,17,1,
2.023E+11,155 606 472,A01,3,10,0,1,4,20,1,
2.023E+11,155 606 471,Z01,2,15,0,0,0,0,0,
2.023E+11,155 606 474,A01,2,7,3,2,1,1,1,
2.023E+11,155 606 467,B01,0,7,0,2,3,1,1,
2.023E+11,155 606 470,A01,0,7,0,2,1,1,1,
2.023E+11,155 606 469,A01,2,33,13,0,3,26,1,
2.023E+11,155 606 468,A01,1,33,9,0,9,26,0,
2.023E+11,155 606 466,A01,2,7,4,0,3,1,1,
2.023E+11,155 606 461,A01,1,7,0,2,1,17,1,
2.023E+11,155 606 463,B01,1,7,0,2,3,15,1,
2.023E+11,155 606 465,C01,2,10,0,2,1,1,1,
2.023E+11,155 606 460,A01,3,33,0,2,1,1,1,
2.023E+11,155 606 464,B01,3,31,0,2,1,1,1,
2.023E+11,155 606 459,A01,2,7,0,2,1,1,0,
2.023E+11,155 606 462,B01,3,7,0,2,3,1,0,
2.023E+11,155 606 458,A01,2,7,0,0,9,19,1,
2.023E+11,155 606 456,A01,2,10,0,0,0,13,1,
2.023E+11,155 606 454,A01,1,7,0,2,6,15,6,
2.023E+11,155 606 457,B01,2,2,0,2,1,2,6,
2.023E+11,155 606 453,A01,1,7,0,2,3,23,1,
2.023E+11,155 606 455,B01,1,33,0,2,2,2,1,
2.023E+11,155 606 450,A01,1,2,0,0,8,1,1,
2.023E+11,155 606 449,A01,2,99,3,0,1,1,1,
2.023E+11,155 606 447,A01,3,7,2,0,3,1,1,
2.023E+11,155 606 446,A01,2,7,0,2,1,2,1,
2.023E+11,155 606 448,B01,2,7,0,2,4,23,1,
2.023E+11,155 606 451,C01,2,7,0,2,4,23,1,
2.023E+11,155 606 452,D01,2,7,0,2,4,23,1,
2.023E+11,155 606 442,B01,1,7,0,2,5,2,1,
2.023E+11,155 606 445,A01,1,7,13,2,1,2,1,
2.023E+11,155 606 443,A01,1,32,0,0,8,3,1,
2.023E+11,155 606 440,A01,1,1,0,2,3,13,5,
2.023E+11,155 606 444,B01,2,7,0,2,3,1,1,
2.023E+11,155 606 438,A01,1,33,0,0,8,3,1,
2.023E+11,155 606 436,B01,0,33,0,2,0,1,1,
2.023E+11,155 606 439,A01,3,7,0,2,3,15,1,
2.023E+11,155 606 435,C01,2,7,0,2,4,1,1,
2.023E+11,155 606 437,A01,2,7,0,2,1,2,1,
2.023E+11,155 606 441,B01,2,7,0,2,4,2,1,
2.023E+11,155 606 433,A01,1,7,4,0,3,13,1,
2.023E+11,155 606 434,A01,1,33,0,1,1,1,1,
2.023E+11,155 606 429,C01,1,7,0,9,2,17,2,
2.023E+11,155 606 431,A01,2,17,4,0,1,1,1,
2.023E+11,155 606 432,B01,1,7,0,9,3,1,1,
2.023E+11,155 606 427,A01,1,7,13,0,9,1,1,
2.023E+11,155 606 428,Z01,2,80,0,1,1,1,3,
2.023E+11,155 606 426,B01,1,10,0,2,5,12,1,
2.023E+11,155 606 430,A01,1,7,1,0,2,1,1,
2.023E+11,155 606 425,A01,1,10,4,0,8,19,1,
2.023E+11,155 606 419,B01,3,34,0,2,8,9,1,
2.023E+11,155 606 422,A01,1,7,0,2,5,12,1,
2.023E+11,155 606 420,A01,0,33,0,2,6,19,1,
2.023E+11,155 606 424,B01,1,2,0,2,1,1,1,
2.023E+11,155 606 418,B01,2,32,0,2,2,1,1,
2.023E+11,155 606 421,A01,1,7,0,2,5,15,1,
2.023E+11,155 606 416,A01,2,7,0,2,1,21,1,
2.023E+11,155 606 423,B01,2,7,0,2,5,1,1,
2.023E+11,155 606 414,A01,1,7,0,1,2,1,1,
2.023E+11,155 606 415,A01,2,33,8,0,1,1,1,
2.023E+11,155 606 413,A01,2,7,0,2,7,19,0,
2.023E+11,155 606 417,B01,2,33,0,2,1,1,0,
2.023E+11,155 606 412,A01,2,7,4,0,1,21,1,
2.023E+11,155 606 408,B01,1,32,0,2,1,17,1,
2.023E+11,155 606 410,A01,1,7,0,2,1,9,1,
2.023E+11,155 606 409,A01,2,33,0,2,1,1,1,
2.023E+11,155 606 411,B01,2,7,0,2,3,19,1,
2.023E+11,155 606 406,A01,3,2,0,2,1,1,1,
2.023E+11,155 606 407,B01,2,7,0,2,7,1,1,
2.023E+11,155 606 401,B01,2,7,0,2,4,2,1,
2.023E+11,155 606 405,A01,2,7,0,2,1,2,1,
2.023E+11,155 606 400,A01,2,7,13,0,2,1,1,
2.023E+11,155 606 399,A01,1,7,0,2,3,22,1,
2.023E+11,155 606 403,B01,1,1,0,2,1,1,5,
2.023E+11,155 606 398,A01,1,33,0,0,0,1,1,
2.023E+11,155 606 396,A01,2,31,0,2,1,1,1,
2.023E+11,155 606 397,B01,1,7,0,2,1,15,1,
2.023E+11,155 606 393,B01,1,34,0,2,3,15,1,
2.023E+11,155 606 395,A01,2,50,0,2,1,5,3,
2.023E+11,155 606 390,B01,1,33,11,2,7,17,1,
2.023E+11,155 606 391,A01,1,10,0,2,8,11,1,
2.023E+11,155 606 392,A01,2,7,0,2,6,16,1,
2.023E+11,155 606 394,B01,2,30,0,2,1,1,1,
2.023E+11,155 606 387,A01,1,7,0,2,1,13,1,
2.023E+11,155 606 388,B01,2,7,0,2,3,1,1,
2.023E+11,155 606 386,A01,2,1,0,2,1,5,5,
2.023E+11,155 606 389,B01,2,7,0,2,3,15,1,
2.023E+11,155 606 382,A01,2,7,0,2,3,13,2,
2.023E+11,155 606 383,B01,1,10,0,2,3,1,1,
2.023E+11,155 606 384,B01,1,33,0,2,1,1,1,
2.023E+11,155 606 385,A01,2,7,0,2,7,19,2,
2.023E+11,155 606 380,A01,1,32,0,2,1,13,1,
2.023E+11,155 606 381,B01,2,7,0,2,2,11,1,
2.023E+11,155 606 378,A01,1,7,0,2,2,1,1,
2.023E+11,155 606 379,B01,1,1,0,2,4,1,5,
2.023E+11,155 606 375,A01,2,7,9,0,9,12,2,
2.023E+11,155 606 374,A01,1,7,16,0,4,19,1,
2.023E+11,155 606 376,B01,2,7,0,2,1,1,1,
2.023E+11,155 606 373,A01,1,7,0,9,8,1,1,
2.023E+11,155 606 377,B01,3,7,0,2,2,1,1,
2.023E+11,155 606 372,A01,2,33,8,0,0,0,1,
2.023E+11,155 606 366,A01,1,7,0,2,3,13,1,
2.023E+11,155 606 368,B01,2,7,0,2,3,1,1,
2.023E+11,155 606 365,D01,2,34,0,2,1,0,1,
2.023E+11,155 606 367,C01,2,33,0,2,1,1,1,
2.023E+11,155 606 370,B01,2,7,0,2,6,1,1,
2.023E+11,155 606 371,A01,2,17,0,2,2,1,1,
2.023E+11,155 606 364,B01,1,37,0,2,8,1,6,2
2.023E+11,155 606 369,A01,3,7,0,2,1,19,2,
2.023E+11,155 606 362,A01,1,7,0,0,6,23,1,
2.023E+11,155 606 363,B01,1,10,0,2,2,1,1,
2.023E+11,155 606 360,B01,1,10,0,2,3,1,1,
2.023E+11,155 606 361,A01,1,10,0,2,1,5,1,
2.023E+11,155 606 357,A01,2,7,0,0,0,5,1,
2.023E+11,155 606 358,B01,1,33,0,0,9,1,1,
2.023E+11,155 606 356,A01,3,7,0,2,5,1,1,
2.023E+11,155 606 359,B01,3,7,0,2,1,1,1,
2.023E+11,155 606 354,A01,2,7,0,1,3,26,1,
2.023E+11,155 606 351,A01,2,7,0,2,3,2,1,
2.023E+11,155 606 353,C01,2,7,0,2,4,1,1,
2.023E+11,155 606 355,B01,2,7,0,2,2,2,1,
2.023E+11,155 606 352,A01,1,34,0,0,0,1,1,
2.023E+11,155 606 350,A01,2,7,0,1,2,2,1,
2.023E+11,155 606 349,A01,1,7,3,0,1,21,1,
2.023E+11,155 606 347,A01,3,7,0,1,1,20,1,
2.023E+11,155 606 346,A01,1,14,0,2,3,1,0,
2.023E+11,155 606 348,B01,2,7,12,2,3,13,1,
2.023E+11,155 606 344,B01,2,15,0,2,8,1,1,
2.023E+11,155 606 345,A01,2,7,0,2,3,1,1,
2.023E+11,155 606 343,A01,1,33,2,0,7,1,1,
2.023E+11,155 606 340,B01,0,32,0,2,1,1,1,
2.023E+11,155 606 342,A01,3,7,0,0,0,0,1,
2.023E+11,155 606 338,B01,1,7,0,2,4,1,1,
2.023E+11,155 606 341,A01,1,7,0,2,1,2,1,
2.023E+11,155 606 336,A01,1,1,0,0,1,5,5,
2.023E+11,155 606 334,A01,1,7,0,2,2,2,1,
2.023E+11,155 606 335,B01,1,7,0,2,4,2,1,
2.023E+11,155 606 337,A01,2,33,0,2,1,1,1,
2.023E+11,155 606 339,B01,1,7,0,2,3,1,1,
2.023E+11,155 606 333,A01,2,33,0,1,1,1,1,
2.023E+11,155 606 326,B01,1,7,0,2,3,12,1,
2.023E+11,155 606 328,A01,1,32,0,2,1,3,1,
2.023E+11,155 606 330,D01,1,7,0,2,6,1,1,
2.023E+11,155 606 332,C01,1,7,0,2,5,1,1,
2.023E+11,155 606 329,A01,3,2,0,2,1,26,1,
2.023E+11,155 606 331,B01,3,7,0,2,2,26,1,
2.023E+11,155 606 325,A01,0,2,0,2,2,17,0,
2.023E+11,155 606 327,B01,0,10,0,2,3,15,0,
2.023E+11,155 606 324,A01,2,30,0,2,7,17,1,
2.023E+11,155 606 319,B01,1,33,0,2,8,1,1,
2.023E+11,155 606 322,A01,1,7,0,2,2,16,1,
2.023E+11,155 606 321,B01,2,10,0,2,3,1,1,
2.023E+11,155 606 323,A01,2,2,0,2,2,1,1,
2.023E+11,155 606 318,B01,3,31,0,2,7,1,1,
2.023E+11,155 606 320,A01,3,7,0,2,5,9,1,
2.023E+11,155 606 317,A01,2,7,1,0,7,1,1,
2.023E+11,155 606 313,B01,2,7,0,2,3,1,1,
2.023E+11,155 606 315,A01,1,31,0,2,1,1,1,
2.023E+11,155 606 314,A01,2,10,0,2,3,17,1,
2.023E+11,155 606 316,B01,1,7,0,2,6,1,1,
2.023E+11,155 606 312,A01,1,37,0,0,0,1,1,5
2.023E+11,155 606 310,A01,1,7,0,2,3,15,1,
2.023E+11,155 606 311,B01,1,43,0,2,1,1,1,
2.023E+11,155 606 309,A01,2,7,0,1,3,1,1,
2.023E+11,155 606 305,A01,2,7,0,2,4,1,1,
2.023E+11,155 606 306,B01,2,7,0,2,4,11,1,
2.023E+11,155 606 307,C01,2,7,0,2,4,1,1,
2.023E+11,155 606 308,D01,2,7,0,2,1,1,1,
2.023E+11,155 606 304,A01,1,7,6,0,7,1,1,
2.023E+11,155 606 301,A01,1,7,1,2,8,13,1,
2.023E+11,155 606 303,B01,1,7,0,2,2,1,1,
2.023E+11,155 606 300,B01,1,7,0,2,3,1,1,
2.023E+11,155 606 302,A01,1,7,0,2,3,13,1,
2.023E+11,155 606 299,A01,2,50,0,1,3,26,3,
2.023E+11,155 606 298,A01,2,7,3,0,2,14,0,
2.023E+11,155 606 297,A01,3,33,2,0,7,0,1,
2.023E+11,155 606 296,A01,2,7,0,0,1,26,1,
2.023E+11,155 606 293,A01,1,14,0,2,7,19,1,
2.023E+11,155 606 295,B01,2,7,0,2,1,1,1,
2.023E+11,155 606 291,A01,1,10,0,2,3,2,1,
2.023E+11,155 606 294,B01,1,1,0,2,4,2,5,
2.023E+11,155 606 290,B01,1,7,0,2,5,19,0,
2.023E+11,155 606 292,A01,0,30,0,2,1,1,0,
2.023E+11,155 606 287,B01,1,80,0,2,3,16,3,
2.023E+11,155 606 289,A01,1,7,0,2,1,1,1,
2.023E+11,155 606 286,A01,1,7,0,2,6,17,1,
2.023E+11,155 606 288,B01,2,33,0,2,8,1,1,
2.023E+11,155 606 284,A01,2,7,0,2,2,1,1,
2.023E+11,155 606 285,B01,1,7,0,2,7,15,1,
2.023E+11,155 606 282,A01,2,17,0,2,5,17,1,
2.023E+11,155 606 283,B01,2,1,0,0,3,2,5,
2.023E+11,155 606 280,A01,1,7,0,2,0,0,0,
2.023E+11,155 606 281,B01,0,33,0,2,0,0,0,
2.023E+11,155 606 277,B01,2,7,0,2,2,1,1,
2.023E+11,155 606 279,A01,2,10,0,0,6,16,1,
2.023E+11,155 606 275,A01,2,2,0,0,0,1,1,
2.023E+11,155 606 273,B01,3,7,0,2,4,1,0,
2.023E+11,155 606 274,A01,3,7,0,2,1,1,0,
2.023E+11,155 606 272,A01,1,7,13,0,3,1,1,
2.023E+11,155 606 271,Y01,1,50,0,-1,0,0,3,
2.023E+11,155 606 270,A01,3,30,12,0,0,1,1,
2.023E+11,155 606 267,A01,2,7,0,1,1,1,1,
2.023E+11,155 606 268,A01,1,7,0,2,4,1,1,
2.023E+11,155 606 269,B01,1,7,0,2,1,1,1,
2.023E+11,155 606 264,A01,1,7,0,1,4,4,1,
2.023E+11,155 606 263,B01,1,7,0,2,4,2,1,
2.023E+11,155 606 265,A01,1,7,0,2,1,2,1,
2.023E+11,155 606 266,C01,1,7,0,2,5,2,1,
2.023E+11,155 606 260,B01,1,7,0,2,1,1,1,
2.023E+11,155 606 262,A01,2,7,0,2,7,26,1,
2.023E+11,155 606 261,A01,2,7,0,1,1,15,1,
2.023E+11,155 606 258,A01,2,1,0,2,1,1,5,
2.023E+11,155 606 259,B01,2,7,0,0,4,1,1,
2.023E+11,155 606 257,A01,3,33,1,0,1,13,1,
2.023E+11,155 606 256,A01,2,33,0,0,0,1,1,
2.023E+11,155 606 255,A01,0,1,0,0,0,16,5,
2.023E+11,155 606 254,A01,1,10,0,1,1,1,0,
2.023E+11,155 606 252,A01,1,10,2,0,1,1,0,
2.023E+11,155 606 250,B01,2,14,0,2,1,1,1,
2.023E+11,155 606 251,A01,1,7,12,2,7,1,1,
2.023E+11,155 606 249,A01,3,7,6,0,7,26,1,
2.023E+11,155 606 248,A01,2,7,0,0,9,0,1,
2.023E+11,155 606 247,A01,2,7,10,0,1,14,1,
2.023E+11,155 606 245,B01,1,31,0,2,3,1,1,
2.023E+11,155 606 246,A01,2,7,0,2,2,15,1,
2.023E+11,155 606 242,A01,1,33,13,0,1,14,1,
2.023E+11,155 606 243,B01,2,7,0,2,2,16,1,
2.023E+11,155 606 244,A01,2,1,0,2,1,19,5,
2.023E+11,155 606 238,A01,2,7,0,2,3,17,0,
2.023E+11,155 606 241,B01,1,2,0,2,1,1,1,
2.023E+11,155 606 239,B01,1,32,0,2,1,1,1,
2.023E+11,155 606 240,A01,1,7,0,2,5,15,1,
2.023E+11,155 606 236,A01,3,33,0,2,2,1,1,
2.023E+11,155 606 237,B01,0,7,0,2,2,9,1,
2.023E+11,155 606 233,B01,2,7,0,2,0,0,1,
2.023E+11,155 606 235,A01,1,7,0,2,0,0,1,
2.023E+11,155 606 232,A01,2,32,0,0,1,2,1,
2.023E+11,155 606 234,B01,2,10,0,0,4,2,1,
2.023E+11,155 606 230,B01,1,1,0,2,4,2,5,
2.023E+11,155 606 231,A01,1,7,0,2,1,9,1,
2.023E+11,155 606 228,A01,2,7,0,2,3,5,1,
2.023E+11,155 606 229,B01,1,14,0,2,3,1,1,
2.023E+11,155 606 226,B01,0,50,0,2,1,0,3,
2.023E+11,155 606 227,A01,3,7,0,9,1,1,1,
2.023E+11,155 606 225,A01,1,7,8,0,9,1,1,
2.023E+11,155 606 224,A01,1,10,0,1,1,0,1,
2.023E+11,155 606 223,A01,1,50,0,0,0,1,3,
2.023E+11,155 606 220,B01,2,33,0,2,1,1,1,
2.023E+11,155 606 222,A01,1,7,0,2,3,15,2,
2.023E+11,155 606 219,A01,2,7,0,2,3,13,1,
2.023E+11,155 606 221,B01,1,10,0,2,3,1,1,
2.023E+11,155 606 217,A01,1,7,0,0,9,0,1,
2.023E+11,155 606 216,A01,0,80,12,0,1,1,3,
2.023E+11,155 606 215,B01,3,7,0,2,2,1,1,
2.023E+11,155 606 218,A01,3,50,0,2,2,19,3,
2.023E+11,155 606 214,A01,0,7,0,1,1,1,1,
2.023E+11,155 606 210,A01,1,3,0,2,3,13,1,
2.023E+11,155 606 212,B01,1,7,0,2,3,1,1,
2.023E+11,155 606 209,B01,2,7,0,2,4,2,1,
2.023E+11,155 606 211,A01,2,7,0,2,1,2,1,
2.023E+11,155 606 206,A01,1,7,0,2,1,1,0,
2.023E+11,155 606 208,B01,2,1,0,2,0,1,5,
2.023E+11,155 606 205,A01,1,31,15,0,1,17,1,
2.023E+11,155 606 204,A01,3,7,0,2,3,10,1,
2.023E+11,155 606 207,B01,3,7,0,2,2,1,1,
2.023E+11,155 606 202,A01,2,7,1,2,2,1,1,
2.023E+11,155 606 203,B01,3,2,0,2,6,19,1,
2.023E+11,155 606 201,A01,1,7,0,1,7,1,1,
2.023E+11,155 606 199,A01,1,7,0,2,3,9,1,
2.023E+11,155 606 200,B01,1,1,0,2,2,26,5,
2.023E+11,155 606 197,B01,3,7,0,2,5,15,1,
2.023E+11,155 606 198,A01,3,7,0,2,3,18,1,