Num_Acc,id_vehicule,num_veh,senc,catv,obs,obsm,choc,manv,motor,occutc
2.023E+11,155 606 195,B01,3,2,0,2,1,1,1,
2.023E+11,155 606 196,A01,3,7,0,2,8,10,1,
2.023E+11,155 606 193,B01,2,1,0,2,0,2,5,
2.023E+11,155 606 194,A01,1,7,0,2,1,15,1,
2.023E+11,155 606 192,A01,1,7,0,1,7,21,1,
2.023E+11,155 606 190,A01,1,7,0,1,5,4,1,
2.023E+11,155 606 191,A01,1,30,0,1,1,13,1,
2.023E+11,155 606 188,A01,1,7,5,0,1,2,1,
2.023E+11,155 606 186,C01,2,7,0,2,6,2,1,
2.023E+11,155 606 187,B01,2,1,0,2,1,17,5,
2.023E+11,155 606 189,A01,1,7,0,2,3,15,1,
2.023E+11,155 606 183,A01,1,7,0,2,4,2,1,
2.023E+11,155 606 185,B01,1,7,0,2,1,2,1,
2.023E+11,155 606 182,B01,1,13,0,2,0,0,1,
2.023E+11,155 606 184,A01,1,30,0,2,3,0,1,
2.023E+11,155 606 180,B01,1,7,0,2,6,1,1,
2.023E+11,155 606 181,A01,1,7,0,2,1,12,1,
2.023E+11,155 606 178,B01,2,2,0,2,1,1,1,
2.023E+11,155 606 179,A01,1,7,0,2,3,15,1,
2.023E+11,155 606 175,B01,1,7,0,2,6,2,1,
2.023E+11,155 606 176,A01,1,15,0,2,3,21,1,
2.023E+11,155 606 174,B01,0,7,0,9,1,1,1,
2.023E+11,155 606 177,A01,0,1,0,2,1,1,5,
2.023E+11,155 606 172,A01,1,7,0,1,1,1,1,
2.023E+11,155 606 171,B01,2,14,0,0,6,2,1,
2.023E+11,155 606 173,A01,2,7,0,2,2,3,1,
2.023E+11,155 606 169,A01,3,7,0,1,7,26,1,
2.023E+11,155 606 168,A01,2,15,0,2,6,12,1,
2.023E+11,155 606 170,B01,2,7,0,2,6,1,1,
2.023E+11,155 606 167,A01,0,7,0,1,1,17,1,
2.023E+11,155 606 166,A01,2,7,0,9,1,1,1,
2.023E+11,155 606 161,A01,2,7,1,0,1,2,1,
2.023E+11,155 606 165,B01,1,7,1,0,3,2,1,
2.023E+11,155 606 162,A01,2,7,0,2,1,1,1,
2.023E+11,155 606 163,B01,2,7,0,2,4,2,1,
2.023E+11,155 606 164,C01,2,7,0,2,4,2,1,
2.023E+11,155 606 158,B01,1,7,0,2,4,2,1,
2.023E+11,155 606 159,A01,1,7,0,2,1,2,1,
2.023E+11,155 606 155,B01,1,1,0,2,0,0,5,
2.023E+11,155 606 157,A01,1,21,14,0,7,14,1,
2.023E+11,155 606 154,B01,2,10,0,2,4,23,1,
2.023E+11,155 606 156,A01,2,60,0,2,1,1,5,
2.023E+11,155 606 153,B01,1,7,0,2,1,1,1,
2.023E+11,155 606 160,A01,2,7,0,2,1,17,1,
2.023E+11,155 606 150,B01,2,30,0,2,2,17,1,
2.023E+11,155 606 151,A01,2,7,0,2,3,20,1,
2.023E+11,155 606 149,A01,0,7,1,1,2,0,0,
2.023E+11,155 606 152,C01,0,30,0,0,0,0,0,
2.023E+11,155 606 146,B01,2,50,0,2,1,1,3,
2.023E+11,155 606 148,A01,2,7,0,2,6,16,1,
2.023E+11,155 606 145,A01,1,7,0,2,2,2,1,
2.023E+11,155 606 147,B01,1,7,0,2,4,2,1,
2.023E+11,155 606 144,A01,1,7,0,1,1,1,1,
2.023E+11,155 606 142,A01,3,1,0,1,1,1,5,
2.023E+11,155 606 143,A01,1,33,15,0,2,26,1,
2.023E+11,155 606 137,A01,2,7,0,2,3,15,1,
2.023E+11,155 606 138,B01,2,33,0,2,1,1,1,
2.023E+11,155 606 136,B01,1,13,0,2,3,15,1,
2.023E+11,155 606 139,A01,2,43,0,2,8,1,1,
2.023E+11,155 606 135,C01,1,7,0,2,4,2,1,
2.023E+11,155 606 140,B01,1,33,0,2,4,2,1,
2.023E+11,155 606 141,A01,1,7,0,2,1,2,1,
2.023E+11,155 606 132,A01,1,33,0,2,3,1,1,
2.023E+11,155 606 134,B01,2,7,0,2,3,1,1,
2.023E+11,155 606 131,A01,1,30,13,0,2,14,1,
2.023E+11,155 606 130,A01,1,7,0,2,1,19,1,
2.023E+11,155 606 133,B01,1,7,0,2,7,1,3,
2.023E+11,155 606 127,B01,1,7,0,2,1,15,1,
2.023E+11,155 606 129,A01,2,34,0,2,8,19,1,
2.023E+11,155 606 125,A01,2,7,0,2,4,15,1,
2.023E+11,155 606 128,B01,2,7,0,2,1,1,1,
2.023E+11,155 606 124,A01,3,10,0,2,7,1,1,
2.023E+11,155 606 126,B01,3,1,0,2,1,1,5,
2.023E+11,155 606 122,A01,1,34,0,2,7,1,1,
2.023E+11,155 606 123,B01,1,15,0,2,8,1,1,
2.023E+11,155 606 120,A01,1,7,0,1,2,1,1,
2.023E+11,155 606 118,A01,1,7,0,2,2,15,1,
2.023E+11,155 606 121,B01,3,7,0,2,0,0,3,
2.023E+11,155 606 117,A01,1,2,0,2,8,1,1,
2.023E+11,155 606 119,B01,1,7,0,2,1,15,1,
2.023E+11,155 606 112,A01,1,7,0,2,1,1,1,
2.023E+11,155 606 114,B01,2,7,0,2,8,1,1,
2.023E+11,155 606 115,A01,2,7,0,9,0,16,1,
2.023E+11,155 606 116,B01,2,1,0,2,0,0,5,
2.023E+11,155 606 111,B01,3,7,0,2,7,1,1,
2.023E+11,155 606 113,A01,3,7,0,2,1,1,1,
2.023E+11,155 606 108,B01,2,7,4,2,1,1,1,
2.023E+11,155 606 110,A01,2,13,4,2,3,13,1,
2.023E+11,155 606 106,A01,1,7,2,1,1,1,1,
2.023E+11,155 606 107,A01,3,33,0,2,1,2,1,
2.023E+11,155 606 109,B01,3,10,0,2,3,10,1,
2.023E+11,155 606 102,B01,1,2,0,2,1,17,1,
2.023E+11,155 606 105,A01,1,7,0,2,6,15,1,
2.023E+11,155 606 104,A01,0,2,0,0,3,1,3,
2.023E+11,155 606 099,A01,2,7,0,1,2,17,1,
2.023E+11,155 606 100,B01,1,14,0,2,1,1,1,
2.023E+11,155 606 101,A01,3,7,0,2,8,1,1,
2.023E+11,155 606 098,A01,1,7,0,2,3,11,1,
2.023E+11,155 606 103,B01,1,31,0,2,2,3,1,
2.023E+11,155 606 097,A01,1,3,14,0,1,14,1,
2.023E+11,155 606 095,A01,2,1,0,1,1,1,5,
2.023E+11,155 606 094,A01,2,7,4,0,2,14,1,
2.023E+11,155 606 090,A01,1,43,0,2,3,17,1,
2.023E+11,155 606 092,B01,2,7,0,2,3,17,0,
2.023E+11,155 606 089,A01,2,7,1,2,4,4,1,
2.023E+11,155 606 093,B01,2,7,0,2,7,1,2,
2.023E+11,155 606 096,C01,2,7,0,2,1,24,1,
2.023E+11,155 606 086,B01,2,7,0,2,2,1,1,
2.023E+11,155 606 088,A01,2,33,0,2,2,9,1,
2.023E+11,155 606 085,A01,1,7,0,9,1,1,1,
2.023E+11,155 606 083,A01,1,7,0,2,2,26,1,
2.023E+11,155 606 084,B01,0,7,0,2,3,1,1,
2.023E+11,155 606 082,A01,1,14,2,0,1,14,1,
2.023E+11,155 606 081,A01,2,7,9,0,1,2,3,
2.023E+11,155 606 079,A01,0,7,0,2,1,2,1,
2.023E+11,155 606 080,B01,3,10,0,2,2,2,1,
2.023E+11,155 606 077,A01,2,21,0,0,4,1,1,
2.023E+11,155 606 078,B01,2,1,0,9,1,1,5,
2.023E+11,155 606 070,B01,1,7,0,2,1,23,0,
2.023E+11,155 606 074,A01,2,7,0,2,1,13,1,
2.023E+11,155 606 069,A01,1,7,0,9,1,1,1,
2.023E+11,155 606 075,B01,1,50,0,2,8,19,3,
2.023E+11,155 606 072,A01,1,7,1,0,3,13,1,
2.023E+11,155 606 073,B01,2,2,0,2,3,1,1,
2.023E+11,155 606 068,B01,1,7,0,2,3,1,1,
2.023E+11,155 606 071,A01,1,7,0,2,1,1,1,
2.023E+11,155 606 065,A01,1,7,4,2,3,1,1,
2.023E+11,155 606 067,B01,2,7,0,2,3,1,1,
2.023E+11,155 606 063,A01,3,3,0,1,1,1,3,
2.023E+11,155 606 061,B01,3,7,0,2,1,1,1,
2.023E+11,155 606 066,A01,3,7,0,2,2,15,1,
2.023E+11,155 606 062,B01,2,7,0,2,5,16,3,
2.023E+11,155 606 064,A01,1,80,0,2,1,1,3,
2.023E+11,155 606 060,A01,3,15,0,0,7,1,1,
2.023E+11,155 606 057,A01,1,10,0,1,7,1,1,
2.023E+11,155 606 055,A01,3,7,0,2,1,1,1,
2.023E+11,155 606 059,B01,3,7,0,2,4,1,1,
2.023E+11,155 606 056,A01,3,34,12,0,2,16,1,
2.023E+11,155 606 054,A01,3,33,0,2,1,1,1,
2.023E+11,155 606 058,B01,3,10,0,2,4,4,1,
2.023E+11,155 606 053,A01,0,33,0,0,9,1,0,
2.023E+11,155 606 049,B01,2,7,0,2,4,2,1,
2.023E+11,155 606 052,A01,2,7,0,2,1,2,1,
2.023E+11,155 606 048,B01,1,15,14,2,3,1,1,
2.023E+11,155 606 051,A01,-1,7,0,2,3,15,1,
2.023E+11,155 606 047,A01,2,7,0,2,1,1,2,
2.023E+11,155 606 050,B01,2,33,0,2,4,23,1,
2.023E+11,155 606 046,A01,1,2,0,0,8,17,1,
2.023E+11,155 606 044,Z01,3,1,0,1,1,1,5,
2.023E+11,155 606 045,A01,2,7,0,0,3,1,0,
2.023E+11,155 606 042,A01,3,10,14,0,1,1,1,
2.023E+11,155 606 043,A01,1,7,0,1,7,1,2,
2.023E+11,155 606 040,A01,2,7,13,0,0,1,1,
2.023E+11,155 606 038,A01,3,33,14,0,1,1,1,
2.023E+11,155 606 036,A01,3,1,0,1,1,19,5,
2.023E+11,155 606 035,A01,2,7,0,2,7,15,1,
2.023E+11,155 606 037,B01,1,7,0,2,1,1,1,
2.023E+11,155 606 032,A01,3,10,0,2,3,1,1,
2.023E+11,155 606 034,B01,3,10,0,2,3,1,1,
2.023E+11,155 606 033,A01,3,32,0,1,3,1,1,
2.023E+11,155 606 031,A01,1,7,15,0,8,1,1,
2.023E+11,155 606 030,A01,1,31,14,0,1,16,1,
2.023E+11,155 606 029,A01,1,7,0,1,1,0,1,
2.023E+11,155 606 024,B01,2,33,0,2,7,17,1,
2.023E+11,155 606 028,A01,2,7,0,2,3,15,1,
2.023E+11,155 606 022,B01,1,33,0,2,1,1,1,
2.023E+11,155 606 025,A01,1,7,0,2,3,9,1,
2.023E+11,155 606 023,A01,1,2,0,2,1,1,1,
2.023E+11,155 606 027,B01,1,7,0,2,4,23,1,
2.023E+11,155 606 021,A01,1,7,8,0,3,1,1,
2.023E+11,155 606 026,B01,1,7,0,2,1,19,1,
2.023E+11,155 606 019,A01,1,7,0,1,2,21,0,
2.023E+11,155 606 018,B01,2,7,0,2,2,16,1,
2.023E+11,155 606 020,A01,2,31,0,2,8,16,1,
2.023E+11,155 606 017,A01,1,1,0,0,6,13,5,
2.023E+11,155 606 016,A01,1,7,0,1,2,1,2,
2.023E+11,155 606 014,A01,1,7,8,0,1,0,0,
2.023E+11,155 606 013,B01,1,7,0,2,4,2,2,
2.023E+11,155 606 015,A01,1,33,0,2,1,2,1,
2.023E+11,155 606 009,A01,2,7,0,2,2,15,1,
2.023E+11,155 606 012,B01,1,1,0,2,3,1,5,
2.023E+11,155 606 011,A01,1,2,8,0,2,1,3,
2.023E+11,155 606 008,B01,2,7,0,2,7,1,0,
2.023E+11,155 606 010,A01,2,7,0,2,1,16,0,
2.023E+11,155 606 007,A01,1,33,0,0,7,1,1,
2.023E+11,155 606 005,A01,3,7,6,0,1,15,1,
2.023E+11,155 606 001,A01,2,7,0,2,8,0,1,
2.023E+11,155 606 004,B01,1,7,0,2,1,0,1,
2.023E+11,155 606 002,C01,0,14,0,2,8,1,1,
2.023E+11,155 606 003,B01,3,7,0,2,3,1,1,
2.023E+11,155 606 006,A01,3,31,0,2,1,17,1,
2.023E+11,155 605 997,A01,1,43,0,5,1,1,1,
2.023E+11,155 605 996,A01,0,7,0,1,1,1,1,
2.023E+11,155 605 995,A01,1,7,0,2,8,1,1,
2.023E+11,155 605 999,B01,1,7,0,2,1,1,1,
2.023E+11,155 605 998,Z01,1,2,0,2,1,1,0,
2.023E+11,155 606 000,A01,1,1,0,2,7,19,5,
2.023E+11,155 605 992,A01,2,7,0,2,1,2,1,
2.023E+11,155 605 994,B01,2,7,13,0,4,15,1,
2.023E+11,155 605 990,B01,3,7,0,2,4,23,1,
2.023E+11,155 605 993,A01,3,7,0,2,1,2,1,
2.023E+11,155 605 989,A01,1,31,0,1,8,1,1,
2.023E+11,155 605 985,B01,1,14,0,2,1,1,1,
2.023E+11,155 605 988,A01,2,7,0,2,1,1,1,
2.023E+11,155 605 987,A01,2,10,0,2,1,1,0,
2.023E+11,155 605 991,B01,2,7,0,2,8,1,1,
2.023E+11,155 605 984,B01,0,7,0,0,1,1,0,
2.023E+11,155 605 986,A01,0,7,0,2,1,15,1,
2.023E+11,155 605 980,B01,3,80,0,2,1,1,3,
2.023E+11,155 605 982,A01,3,7,0,2,3,1,1,
2.023E+11,155 605 979,B01,2,7,0,0,4,23,1,
2.023E+11,155 605 983,A01,2,7,0,2,1,1,1,
2.023E+11,155 605 978,A01,1,7,0,2,1,1,0,
2.023E+11,155 605 981,B01,3,1,0,2,8,1,5,
2.023E+11,155 605 975,A01,1,7,0,0,9,17,1,
2.023E+11,155 605 973,A01,2,7,0,2,7,15,1,
2.023E+11,155 605 974,B01,2,7,0,2,3,1,1,
2.023E+11,155 605 967,Z01,2,7,0,1,0,1,0,
2.023E+11,155 605 969,A01,2,7,0,2,1,13,1,
2.023E+11,155 605 971,B01,1,10,0,2,1,0,1,
2.023E+11,155 605 968,B01,0,33,0,2,9,2,1,
2.023E+11,155 605 970,A01,0,7,0,2,1,1,1,
2.023E+11,155 605 966,A01,1,7,0,2,2,16,1,
2.023E+11,155 605 972,B01,1,1,0,2,4,1,5,
2.023E+11,155 605 962,B01,3,7,0,2,3,1,1,
2.023E+11,155 605 965,A01,2,1,0,2,1,1,5,
2.023E+11,155 605 964,A01,2,7,9,0,1,1,1,
2.023E+11,155 605 959,A01,3,14,0,2,8,1,1,
2.023E+11,155 605 961,B01,3,2,0,2,1,1,1,
2.023E+11,155 605 960,B01,1,10,0,2,3,1,1,
2.023E+11,155 605 963,A01,2,7,0,2,3,13,1,
2.023E+11,155 605 957,A01,1,32,0,1,1,1,1,
2.023E+11,155 605 953,B01,2,7,9,2,3,1,1,
2.023E+11,155 605 955,A01,1,7,4,2,1,1,1,
2.023E+11,155 605 956,A01,2,7,0,2,1,1,1,
2.023E+11,155 605 958,B01,1,43,0,2,4,23,1,
2.023E+11,155 605 952,A01,1,7,0,2,1,0,1,
2.023E+11,155 605 954,B01,1,7,0,2,4,1,1,
2.023E+11,155 605 951,A01,1,32,0,0,0,21,1,
2.023E+11,155 605 948,A01,1,7,0,2,4,9,1,
2.023E+11,155 605 949,B01,1,7,14,0,0,0,1,
2.023E+11,155 605 947,B01,1,7,0,2,8,1,1,
2.023E+11,155 605 950,A01,1,17,0,2,1,9,1,
2.023E+11,155 605 945,A01,3,30,0,0,8,19,1,
2.023E+11,155 605 946,A01,0,0,0,1,7,24,0,
2.023E+11,155 605 943,A01,2,33,12,2,3,13,1,
2.023E+11,155 605 942,B01,0,7,0,2,1,1,1,
2.023E+11,155 605 944,A01,0,7,0,0,7,19,1,
2.023E+11,155 605 938,A01,3,30,0,2,1,3,1,
2.023E+11,155 605 939,B01,3,7,0,2,8,1,1,
2.023E+11,155 605 941,C01,3,7,0,2,5,1,1,
2.023E+11,155 605 937,B01,2,7,1,0,7,14,1,
2.023E+11,155 605 940,A01,2,7,0,0,2,17,1,
2.023E+11,155 605 936,A01,1,7,2,0,1,14,1,
2.023E+11,155 605 935,A01,2,7,0,1,1,1,2,
2.023E+11,155 605 931,B01,1,17,0,2,3,1,1,
2.023E+11,155 605 934,A01,2,30,0,2,1,13,1,
2.023E+11,155 605 932,A01,2,7,0,1,1,1,1,
2.023E+11,155 605 929,A01,2,7,0,2,3,11,1,
2.023E+11,155 605 933,B01,1,17,0,2,3,1,1,
2.023E+11,155 605 928,A01,1,7,0,2,7,15,3,
2.023E+11,155 605 930,B01,1,50,0,2,0,1,3,
2.023E+11,155 605 925,A01,2,33,0,2,8,2,1,
2.023E+11,155 605 926,B01,2,7,0,2,2,2,2,
2.023E+11,155 605 923,B01,1,31,0,2,2,17,0,
2.023E+11,155 605 924,A01,1,1,0,2,0,15,5,
2.023E+11,155 605 922,A01,1,7,0,1,4,26,1,
2.023E+11,155 605 917,C01,1,7,0,2,7,1,0,
2.023E+11,155 605 919,B01,1,7,0,2,5,1,1,
2.023E+11,155 605 921,A01,1,33,0,2,1,2,1,
2.023E+11,155 605 916,A01,3,10,0,2,1,1,1,
2.023E+11,155 605 918,B01,3,7,0,2,4,1,1,
2.023E+11,155 605 920,C01,3,7,0,2,4,1,1,
2.023E+11,155 605 915,A01,3,10,0,1,0,0,1,
2.023E+11,155 605 913,A01,2,32,0,0,7,1,1,
2.023E+11,155 605 912,A01,1,2,0,2,2,10,3,
2.023E+11,155 605 914,B01,1,10,0,2,1,1,1,
2.023E+11,155 605 909,A01,1,7,0,1,1,2,1,
2.023E+11,155 605 908,A01,0,32,0,2,1,1,1,
2.023E+11,155 605 911,B01,0,7,0,2,3,1,1,
2.023E+11,155 605 906,A01,2,17,0,2,8,1,1,
2.023E+11,155 605 907,C01,1,7,0,2,7,21,1,
2.023E+11,155 605 910,B01,1,10,0,2,3,13,1,
2.023E+11,155 605 903,A01,2,7,10,0,2,1,1,
2.023E+11,155 605 902,A01,1,7,0,0,0,0,6,
2.023E+11,155 605 905,Y01,3,99,0,0,0,0,0,
2.023E+11,155 605 899,A01,1,7,0,0,9,14,1,
2.023E+11,155 605 901,B01,3,50,0,2,2,0,3,
2.023E+11,155 605 904,A01,3,7,0,2,3,15,1,
2.023E+11,155 605 898,A01,0,7,0,2,3,19,1,
2.023E+11,155 605 900,B01,0,33,0,2,7,1,1,
2.023E+11,155 605 896,A01,1,7,0,1,2,1,1,
2.023E+11,155 605 897,A01,2,34,0,0,1,1,1,
2.023E+11,155 605 893,B01,2,32,0,2,1,21,1,
2.023E+11,155 605 894,A01,1,7,0,2,2,15,1,
2.023E+11,155 605 891,B01,1,7,0,2,1,1,1,
2.023E+11,155 605 895,A01,3,7,1,2,7,1,1,
2.023E+11,155 605 888,A01,1,32,0,2,9,17,1,
2.023E+11,155 605 890,B01,1,7,0,2,3,1,1,
2.023E+11,155 605 892,C01,1,7,0,0,4,1,1,
2.023E+11,155 605 887,B01,3,7,0,2,2,0,1,
2.023E+11,155 605 889,A01,3,7,0,2,3,1,1,
2.023E+11,155 605 886,A01,2,7,0,1,2,7,1,
2.023E+11,155 605 884,A01,1,7,0,0,1,1,1,
2.023E+11,155 605 883,A01,1,7,0,2,2,15,2,
2.023E+11,155 605 885,B01,2,7,0,2,1,1,1,
2.023E+11,155 605 881,A01,1,7,0,1,0,4,0,
2.023E+11,155 605 880,A01,1,7,0,2,2,15,2,
2.023E+11,155 605 882,B01,2,1,0,2,1,0,5,
2.023E+11,155 605 879,A01,3,10,0,0,8,16,3,
2.023E+11,155 605 877,A01,3,7,6,0,1,0,1,
2.023E+11,155 605 873,A01,3,7,0,0,1,0,1,
2.023E+11,155 605 874,A01,1,7,0,2,3,15,1,
2.023E+11,155 605 878,B01,2,31,0,2,2,1,1,
2.023E+11,155 605 871,A01,1,3,8,0,1,14,1,
2.023E+11,155 605 872,A01,3,1,0,9,4,2,5,
2.023E+11,155 605 875,B01,3,1,0,9,1,2,5,
2.023E+11,155 605 876,C01,3,1,0,9,1,2,5,
2.023E+11,155 605 870,A01,1,2,0,6,1,1,1,
2.023E+11,155 605 865,A01,1,7,0,0,7,1,1,
2.023E+11,155 605 867,A01,3,7,0,1,0,26,0,
2.023E+11,155 605 866,A01,0,7,0,2,1,1,1,
2.023E+11,155 605 869,B01,0,7,0,2,4,0,1,
2.023E+11,155 605 864,A01,2,7,0,2,4,1,1,
2.023E+11,155 605 868,B01,2,7,0,2,1,1,1,
2.023E+11,155 605 863,A01,2,10,1,0,2,14,1,
2.023E+11,155 605 860,A01,3,7,0,2,3,15,1,
2.023E+11,155 605 862,B01,3,7,0,2,2,1,1,
2.023E+11,155 605 857,A01,2,7,9,0,3,1,1,
2.023E+11,155 605 859,A01,3,7,0,1,1,1,1,
2.023E+11,155 605 858,A01,1,7,0,2,2,15,1,
2.023E+11,155 605 861,B01,2,30,0,2,1,3,1,
2.023E+11,155 605 855,A01,0,7,1,0,1,0,1,
2.023E+11,155 605 851,A01,3,7,0,2,1,9,1,
2.023E+11,155 605 854,B01,3,1,0,2,0,0,5,
2.023E+11,155 605 850,A01,3,32,12,2,4,26,1,
2.023E+11,155 605 853,Z01,3,7,0,2,1,2,1,
2.023E+11,155 605 849,A01,0,7,0,2,1,1,1,
2.023E+11,155 605 852,B01,3,7,0,2,3,15,1,
2.023E+11,155 605 856,C01,3,7,8,9,6,1,1,
2.023E+11,155 605 846,B01,2,80,0,2,3,1,3,
2.023E+11,155 605 848,A01,1,50,0,2,3,1,3,
2.023E+11,155 605 844,A01,2,2,0,2,1,1,1,
2.023E+11,155 605 847,B01,1,7,0,2,1,1,1,
2.023E+11,155 605 842,A01,1,7,0,2,6,11,1,
2.023E+11,155 605 845,B01,1,33,3,2,7,3,1,
2.023E+11,155 605 841,A01,2,2,0,0,9,1,1,
2.023E+11,155 605 843,B01,2,2,0,2,0,17,0,
2.023E+11,155 605 836,A01,3,7,0,2,0,9,1,
2.023E+11,155 605 838,B01,3,1,0,2,1,9,5,
2.023E+11,155 605 833,A01,3,7,0,2,8,1,1,
2.023E+11,155 605 837,B01,3,7,0,2,3,1,1,
2.023E+11,155 605 835,B01,1,7,0,2,6,11,1,
2.023E+11,155 605 840,A01,1,33,0,2,2,17,1,
2.023E+11,155 605 831,A01,0,13,0,1,0,0,1,
2.023E+11,155 605 832,A01,2,7,0,2,1,1,1,
2.023E+11,155 605 834,B01,2,7,0,2,4,1,1,
2.023E+11,155 605 839,C01,2,7,0,2,4,0,1,
2.023E+11,155 605 828,A01,2,7,0,2,1,15,1,
2.023E+11,155 605 830,B01,1,2,0,2,8,18,1,
2.023E+11,155 605 829,A01,2,1,12,0,1,2,5,
2.023E+11,155 605 825,B01,0,2,0,2,1,1,1,
2.023E+11,155 605 827,A01,2,7,0,0,3,2,1,
2.023E+11,155 605 822,A01,0,7,0,0,1,13,0,
2.023E+11,155 605 824,B01,0,7,0,0,1,0,0,
2.023E+11,155 605 823,Z01,2,7,1,2,2,1,1,
2.023E+11,155 605 826,A01,2,32,0,2,8,23,3,
2.023E+11,155 605 821,A01,1,30,0,0,0,26,1,
2.023E+11,155 605 820,A01,1,3,0,1,3,1,6,
2.023E+11,155 605 818,A01,2,33,0,0,0,17,1,
2.023E+11,155 605 816,A01,2,7,0,2,5,1,2,
2.023E+11,155 605 819,Z01,2,32,0,2,1,1,1,
2.023E+11,155 605 815,A01,2,30,0,2,1,18,1,
2.023E+11,155 605 817,B01,0,7,0,2,2,16,3,
2.023E+11,155 605 813,A01,1,32,0,1,1,1,3,
2.023E+11,155 605 812,B01,1,2,0,2,4,2,1,
2.023E+11,155 605 814,A01,1,7,0,2,1,1,1,
2.023E+11,155 605 810,B01,3,10,0,2,4,20,1,
2.023E+11,155 605 811,A01,3,10,0,2,1,1,1,
2.023E+11,155 605 808,B01,3,7,0,2,4,23,1,
2.023E+11,155 605 809,A01,3,1,0,2,1,2,5,
2.023E+11,155 605 806,A01,2,34,0,2,1,2,1,
2.023E+11,155 605 807,B01,2,1,0,2,4,1,5,
2.023E+11,155 605 805,A01,3,7,0,1,3,15,1,
2.023E+11,155 605 802,A01,1,7,0,2,3,15,1,
2.023E+11,155 605 804,B01,1,33,0,2,2,17,1,
2.023E+11,155 605 801,A01,1,7,0,0,3,13,1,
2.023E+11,155 605 800,A01,2,30,0,2,8,1,0,
2.023E+11,155 605 803,B01,2,7,0,2,2,1,0,
2.023E+11,155 605 798,A01,2,7,0,2,2,15,1,
2.023E+11,155 605 799,B01,2,32,0,2,3,16,1,
2.023E+11,155 605 795,A01,2,7,0,2,3,10,1,
2.023E+11,155 605 797,B01,2,7,0,2,2,1,1,
2.023E+11,155 605 794,B01,3,50,0,2,6,1,3,
2.023E+11,155 605 796,A01,3,13,0,2,2,17,1,
2.023E+11,155 605 792,B01,2,7,0,2,6,9,2,
2.023E+11,155 605 793,A01,2,32,1,0,1,21,3,
2.023E+11,155 605 789,A01,2,7,0,2,2,1,3,
2.023E+11,155 605 791,B01,2,32,0,2,3,1,1,
2.023E+11,155 605 790,A01,2,7,2,0,2,13,1,
2.023E+11,155 605 788,A01,1,1,0,1,1,1,5,
2.023E+11,155 605 784,B01,0,60,0,0,0,0,5,
2.023E+11,155 605 787,A01,2,7,0,2,1,16,2,
2.023E+11,155 605 785,A01,1,2,0,2,1,13,1,
2.023E+11,155 605 786,B01,2,10,0,2,3,1,1,
2.023E+11,155 605 783,A01,2,33,0,1,1,1,1,
2.023E+11,155 605 780,A01,2,7,7,0,1,1,1,
2.023E+11,155 605 782,B01,1,33,0,2,1,13,1,
2.023E+11,155 605 779,B01,0,7,0,2,8,26,1,
2.023E+11,155 605 781,A01,1,7,0,1,2,9,1,
2.023E+11,155 605 777,B01,3,33,0,2,1,2,0,
2.023E+11,155 605 778,A01,3,7,0,2,2,15,0,
2.023E+11,155 605 775,A01,2,7,0,2,1,2,1,
2.023E+11,155 605 776,B01,2,7,0,2,4,23,1,
2.023E+11,155 605 772,B01,3,7,0,2,7,1,1,
2.023E+11,155 605 774,A01,3,2,0,2,8,3,1,
2.023E+11,155 605 771,A01,1,7,0,2,2,15,1,
2.023E+11,155 605 773,B01,2,33,0,2,3,1,1,
2.023E+11,155 605 769,A01,1,7,0,2,5,17,1,
2.023E+11,155 605 770,B01,1,7,0,2,3,1,1,
2.023E+11,155 605 766,A01,2,7,0,2,2,1,1,
2.023E+11,155 605 768,B01,3,33,0,2,1,1,1,
2.023E+11,155 605 765,A01,1,7,0,1,3,1,1,
2.023E+11,155 605 764,A01,1,7,0,2,3,13,1,
2.023E+11,155 605 767,B01,2,7,0,2,3,1,1,
2.023E+11,155 605 762,A01,1,7,1,2,2,13,0,
2.023E+11,155 605 763,B01,2,1,0,2,2,1,5,
2.023E+11,155 605 760,B01,2,2,0,2,2,1,1,
2.023E+11,155 605 761,A01,1,7,0,2,2,17,1,
2.023E+11,155 605 757,A01,3,7,0,1,4,4,1,
2.023E+11,155 605 758,B01,3,7,0,2,4,0,1,
2.023E+11,155 605 759,A01,3,33,0,2,1,2,1,
2.023E+11,155 605 756,A01,1,2,11,0,1,1,1,
2.023E+11,155 605 753,A01,0,7,0,2,0,0,2,
2.023E+11,155 605 755,B01,1,7,0,2,6,1,2,
2.023E+11,155 605 752,B01,2,7,0,2,1,1,1,
2.023E+11,155 605 754,A01,1,3,2,2,1,19,1,
2.023E+11,155 605 749,A01,3,7,0,2,3,15,1,
2.023E+11,155 605 751,B01,2,7,0,2,2,1,2,
2.023E+11,155 605 748,A01,3,7,8,2,1,12,1,
2.023E+11,155 605 750,B01,3,7,0,2,4,1,1,
2.023E+11,155 605 746,A01,1,10,1,0,1,9,1,
2.023E+11,155 605 745,A01,3,37,0,1,0,16,0,1
2.023E+11,155 605 744,A01,1,7,0,2,1,15,1,
2.023E+11,155 605 747,B01,2,7,0,2,1,1,1,
2.023E+11,155 605 743,A01,3,7,0,1,3,1,1,
2.023E+11,155 605 741,A01,2,7,7,2,8,9,1,
2.023E+11,155 605 742,B01,1,14,0,2,1,1,1,