Num_Acc,id_vehicule,num_veh,senc,catv,obs,obsm,choc,manv,motor,occutc
2.023E+11,155 605 739,B01,1,10,0,2,7,1,0,
2.023E+11,155 605 740,A01,1,30,0,2,1,1,0,
2.023E+11,155 605 738,A01,3,1,0,2,1,14,5,
2.023E+11,155 605 737,A01,1,2,0,0,5,1,1,
2.023E+11,155 605 735,A01,1,33,13,0,1,1,1,
2.023E+11,155 605 733,A01,1,37,0,2,1,9,1,1
2.023E+11,155 605 736,B01,1,50,0,2,7,1,3,
2.023E+11,155 605 732,A01,0,7,0,0,3,19,1,
2.023E+11,155 605 734,B01,0,7,0,2,1,1,1,
2.023E+11,155 605 726,B01,2,7,0,0,1,1,0,
2.023E+11,155 605 729,A01,2,7,9,2,8,1,0,
2.023E+11,155 605 725,B01,1,7,0,2,4,1,1,
2.023E+11,155 605 728,C01,1,7,0,2,4,1,1,
2.023E+11,155 605 730,A01,1,7,0,2,1,2,1,
2.023E+11,155 605 727,B01,2,1,0,2,4,1,5,
2.023E+11,155 605 731,A01,2,7,0,2,3,9,1,
2.023E+11,155 605 722,A01,2,7,0,2,1,11,1,
2.023E+11,155 605 724,B01,1,7,0,2,1,1,1,
2.023E+11,155 605 721,B01,2,14,0,2,5,1,1,
2.023E+11,155 605 723,A01,1,32,0,2,1,9,1,
2.023E+11,155 605 719,A01,1,33,3,0,1,14,1,
2.023E+11,155 605 716,A01,2,10,0,2,4,2,0,
2.023E+11,155 605 718,B01,2,2,0,2,1,2,0,
2.023E+11,155 605 715,A01,1,7,2,0,3,1,1,
2.023E+11,155 605 714,B01,2,7,0,9,0,1,1,
2.023E+11,155 605 717,A01,2,7,2,0,1,14,1,
2.023E+11,155 605 711,A01,1,7,0,2,1,5,1,
2.023E+11,155 605 713,B01,2,33,0,2,1,2,1,
2.023E+11,155 605 710,A01,3,7,1,2,3,2,0,
2.023E+11,155 605 712,B01,3,7,0,2,1,20,0,
2.023E+11,155 605 708,A01,1,33,0,2,1,1,1,
2.023E+11,155 605 709,B01,1,7,0,0,6,1,1,
2.023E+11,155 605 706,A01,1,32,0,2,1,15,1,
2.023E+11,155 605 707,B01,2,7,0,2,1,1,1,
2.023E+11,155 605 705,A01,1,7,6,0,1,1,1,
2.023E+11,155 605 703,A01,1,7,8,0,1,1,1,
2.023E+11,155 605 702,A01,0,7,8,0,1,1,1,
2.023E+11,155 605 701,B01,3,1,1,0,1,1,5,
2.023E+11,155 605 704,A01,3,7,0,0,8,22,0,
2.023E+11,155 605 698,A01,3,7,0,1,4,4,1,
2.023E+11,155 605 697,A01,2,7,0,2,3,13,1,
2.023E+11,155 605 699,B01,1,7,0,2,3,1,1,
2.023E+11,155 605 696,A01,3,7,0,2,6,15,1,
2.023E+11,155 605 700,B01,1,43,0,2,1,1,1,
2.023E+11,155 605 695,A01,1,7,2,0,1,0,1,
2.023E+11,155 605 694,A01,2,31,2,0,1,1,1,
2.023E+11,155 605 692,A01,1,7,2,0,3,0,1,
2.023E+11,155 605 693,A01,2,33,0,0,7,1,1,
2.023E+11,155 605 689,B01,1,7,0,2,1,1,1,
2.023E+11,155 605 691,A01,2,7,0,2,1,17,1,
2.023E+11,155 605 688,B01,2,2,0,2,1,2,1,
2.023E+11,155 605 690,A01,1,7,0,2,6,15,1,
2.023E+11,155 605 687,A01,2,2,0,0,0,0,1,
2.023E+11,155 605 684,A01,1,1,2,2,2,0,5,
2.023E+11,155 605 686,B01,1,2,0,2,4,17,1,
2.023E+11,155 605 685,A01,1,1,0,0,0,1,5,
2.023E+11,155 605 682,A01,0,7,15,0,3,1,1,
2.023E+11,155 605 680,A01,2,7,0,0,2,1,1,
2.023E+11,155 605 681,B01,1,7,0,0,3,1,1,
2.023E+11,155 605 678,A01,2,7,8,0,3,1,1,
2.023E+11,155 605 677,B01,2,7,0,2,1,1,1,
2.023E+11,155 605 679,A01,1,7,0,2,7,13,1,
2.023E+11,155 605 676,A01,0,7,6,0,1,0,1,
2.023E+11,155 605 675,A01,2,7,13,0,2,1,1,
2.023E+11,155 605 671,A01,2,10,0,2,1,1,1,
2.023E+11,155 605 673,B01,2,7,0,0,8,15,1,
2.023E+11,155 605 669,A01,2,2,0,2,1,1,1,
2.023E+11,155 605 670,B01,2,7,0,2,4,0,1,
2.023E+11,155 605 667,A01,2,7,0,2,8,1,1,
2.023E+11,155 605 668,B01,1,7,0,2,8,15,1,
2.023E+11,155 605 672,C01,1,7,0,2,1,1,1,
2.023E+11,155 605 664,A01,2,7,0,6,1,1,1,
2.023E+11,155 605 666,B01,1,7,0,2,1,1,1,
2.023E+11,155 605 662,A01,3,7,0,0,9,26,0,
2.023E+11,155 605 660,B01,1,7,0,0,6,23,1,
2.023E+11,155 605 661,C01,1,7,0,0,6,23,1,
2.023E+11,155 605 663,D01,1,7,14,0,1,2,1,
2.023E+11,155 605 665,A01,1,10,0,6,1,23,1,
2.023E+11,155 605 659,A01,1,7,13,0,0,17,1,
2.023E+11,155 605 656,A01,1,10,0,2,7,19,1,
2.023E+11,155 605 658,B01,2,7,0,2,1,1,1,
2.023E+11,155 605 657,A01,0,7,0,1,1,1,1,
2.023E+11,155 605 654,A01,2,7,2,0,1,14,1,
2.023E+11,155 605 653,A01,1,7,0,0,4,1,1,
2.023E+11,155 605 655,B01,1,7,0,0,1,2,1,
2.023E+11,155 605 652,A01,2,7,10,0,2,1,1,
2.023E+11,155 605 647,A01,2,7,0,2,1,13,1,
2.023E+11,155 605 649,B01,2,7,0,2,6,1,1,
2.023E+11,155 605 651,C01,1,10,0,2,1,1,1,
2.023E+11,155 605 648,B01,1,30,0,2,1,1,1,
2.023E+11,155 605 650,A01,2,7,0,2,5,15,1,
2.023E+11,155 605 645,A01,1,10,0,2,1,1,1,
2.023E+11,155 605 646,B01,1,7,3,0,4,1,1,
2.023E+11,155 605 643,A01,1,7,0,2,2,16,1,
2.023E+11,155 605 644,B01,3,60,0,2,3,19,5,
2.023E+11,155 605 642,A01,2,10,13,0,1,0,1,
2.023E+11,155 605 640,A01,1,7,0,2,1,2,1,
2.023E+11,155 605 641,B01,1,14,0,0,4,2,1,
2.023E+11,155 605 636,B01,2,33,0,2,7,1,1,
2.023E+11,155 605 639,A01,3,7,0,2,3,15,1,
2.023E+11,155 605 637,A01,1,7,0,2,2,15,1,
2.023E+11,155 605 638,B01,2,2,0,2,1,1,1,
2.023E+11,155 605 630,B01,1,7,0,2,1,1,1,
2.023E+11,155 605 634,A01,2,7,0,2,1,13,1,
2.023E+11,155 605 631,A01,0,7,0,2,3,15,1,
2.023E+11,155 605 633,B01,0,7,0,2,3,1,1,
2.023E+11,155 605 632,A01,1,7,0,2,3,14,1,
2.023E+11,155 605 635,B01,2,34,0,2,1,13,1,
2.023E+11,155 605 627,B01,2,80,0,2,8,15,3,
2.023E+11,155 605 629,A01,2,7,0,9,1,17,1,
2.023E+11,155 605 624,A01,1,7,0,0,5,1,1,
2.023E+11,155 605 626,B01,1,7,0,0,1,1,1,
2.023E+11,155 605 623,B01,1,99,0,2,1,2,6,
2.023E+11,155 605 625,A01,1,17,0,9,3,9,1,
2.023E+11,155 605 622,A01,1,2,0,0,0,0,1,
2.023E+11,155 605 620,A01,2,2,0,0,0,16,1,
2.023E+11,155 605 619,B01,2,7,0,2,2,1,1,
2.023E+11,155 605 621,A01,1,31,0,2,7,15,1,
2.023E+11,155 605 616,A01,1,7,0,2,3,13,1,
2.023E+11,155 605 617,C01,2,7,0,2,3,1,1,
2.023E+11,155 605 618,B01,2,7,0,2,8,1,1,
2.023E+11,155 605 614,A01,2,7,0,1,3,1,1,
2.023E+11,155 605 613,B01,2,3,0,2,1,1,1,
2.023E+11,155 605 615,A01,1,7,0,2,1,1,1,
2.023E+11,155 605 612,A01,1,7,0,0,1,0,1,
2.023E+11,155 605 611,A01,0,10,0,1,2,1,1,
2.023E+11,155 605 609,A01,1,33,0,0,0,1,0,
2.023E+11,155 605 610,A01,1,7,0,0,9,0,0,
2.023E+11,155 605 607,B01,0,1,0,2,6,0,5,
2.023E+11,155 605 608,A01,0,7,0,2,2,1,1,
2.023E+11,155 605 606,A01,1,2,8,0,3,1,1,
2.023E+11,155 605 602,A01,2,7,0,2,6,1,1,
2.023E+11,155 605 604,B01,2,7,0,2,1,13,1,
2.023E+11,155 605 601,A01,2,7,0,2,8,19,1,
2.023E+11,155 605 605,B01,1,10,0,2,2,1,1,
2.023E+11,155 605 599,A01,2,7,0,2,1,13,0,
2.023E+11,155 605 600,B01,1,7,0,2,1,1,0,
2.023E+11,155 605 603,C01,1,7,3,2,1,1,0,
2.023E+11,155 605 598,A01,2,7,3,0,9,14,1,
2.023E+11,155 605 596,A01,1,7,0,2,7,15,1,
2.023E+11,155 605 597,B01,2,33,0,2,1,1,0,
2.023E+11,155 605 594,A01,1,7,0,2,1,15,1,
2.023E+11,155 605 595,B01,2,7,0,2,1,1,1,
2.023E+11,155 605 591,A01,2,7,0,2,3,13,1,
2.023E+11,155 605 592,B01,2,34,0,2,2,3,1,
2.023E+11,155 605 593,C01,2,7,0,2,5,2,1,
2.023E+11,155 605 590,A01,1,7,1,0,1,17,1,
2.023E+11,155 605 589,A01,2,50,0,0,0,0,3,
2.023E+11,155 605 586,A01,1,31,2,0,1,13,1,
2.023E+11,155 605 584,A01,2,7,0,2,2,1,1,
2.023E+11,155 605 587,B01,2,7,0,2,4,1,1,
2.023E+11,155 605 588,C01,2,7,0,2,1,1,1,
2.023E+11,155 605 583,A01,1,10,0,2,1,17,1,
2.023E+11,155 605 585,B01,1,7,0,2,6,15,1,
2.023E+11,155 605 580,A01,1,33,0,2,1,1,1,
2.023E+11,155 605 582,B01,1,7,0,0,4,15,1,
2.023E+11,155 605 579,A01,2,31,0,2,6,3,1,
2.023E+11,155 605 581,B01,2,10,0,2,1,1,1,
2.023E+11,155 605 576,A01,1,7,14,0,1,1,1,
2.023E+11,155 605 574,A01,1,7,0,2,2,19,1,
2.023E+11,155 605 578,B01,1,2,0,2,1,1,1,
2.023E+11,155 605 575,A01,3,7,0,2,7,17,0,
2.023E+11,155 605 577,B01,3,31,0,2,8,2,0,
2.023E+11,155 605 570,B01,1,33,0,2,7,17,1,
2.023E+11,155 605 572,A01,1,7,0,2,6,1,0,
2.023E+11,155 605 569,A01,1,7,0,2,1,2,0,
2.023E+11,155 605 571,B01,1,7,0,2,4,2,0,
2.023E+11,155 605 573,C01,1,7,0,2,4,2,0,
2.023E+11,155 605 565,A01,2,10,0,0,0,15,1,
2.023E+11,155 605 567,B01,1,7,0,2,3,13,1,
2.023E+11,155 605 568,C01,2,7,0,2,3,1,1,
2.023E+11,155 605 563,A01,2,7,0,0,1,17,1,
2.023E+11,155 605 566,B01,1,7,0,0,1,1,1,
2.023E+11,155 605 562,A01,1,33,0,2,1,3,0,
2.023E+11,155 605 564,B01,1,7,0,2,4,12,0,
2.023E+11,155 605 561,A01,2,7,13,0,3,21,1,
2.023E+11,155 605 560,A01,3,10,13,0,3,5,1,
2.023E+11,155 605 558,A01,2,7,0,2,5,12,1,
2.023E+11,155 605 559,B01,2,33,0,2,1,3,1,
2.023E+11,155 605 556,A01,1,7,0,1,2,1,1,
2.023E+11,155 605 555,A01,0,7,0,2,1,23,1,
2.023E+11,155 605 557,B01,0,7,0,0,4,15,0,
2.023E+11,155 605 553,A01,2,7,0,2,7,11,1,
2.023E+11,155 605 554,B01,2,43,0,2,7,1,1,
2.023E+11,155 605 549,A01,1,7,0,2,3,1,1,
2.023E+11,155 605 551,B01,2,7,0,2,3,1,1,
2.023E+11,155 605 547,A01,2,7,0,2,3,1,1,
2.023E+11,155 605 552,B01,3,7,0,2,2,19,1,
2.023E+11,155 605 546,C01,1,7,0,2,4,1,1,
2.023E+11,155 605 548,A01,1,33,0,2,2,3,1,
2.023E+11,155 605 550,B01,1,7,0,2,3,13,1,
2.023E+11,155 605 545,A01,1,1,12,0,3,25,5,
2.023E+11,155 605 544,A01,3,7,6,0,1,1,1,
2.023E+11,155 605 543,A01,2,7,4,0,2,1,1,
2.023E+11,155 605 541,B01,2,7,0,0,4,23,1,
2.023E+11,155 605 542,A01,2,30,0,2,1,2,1,
2.023E+11,155 605 537,B01,1,7,0,2,0,11,1,
2.023E+11,155 605 538,A01,2,33,0,2,0,3,1,
2.023E+11,155 605 536,A01,2,7,17,0,1,14,1,
2.023E+11,155 605 535,A01,1,10,6,0,1,1,1,
2.023E+11,155 605 533,A01,2,10,0,2,6,11,1,
2.023E+11,155 605 534,B01,2,32,0,2,7,3,1,
2.023E+11,155 605 531,A01,2,7,4,0,7,1,1,
2.023E+11,155 605 528,A01,1,7,0,2,4,23,1,
2.023E+11,155 605 530,B01,1,7,1,0,1,1,1,
2.023E+11,155 605 532,C01,1,7,1,0,3,1,3,
2.023E+11,155 605 523,A01,2,7,0,2,4,1,1,
2.023E+11,155 605 525,B01,2,7,0,2,4,1,1,
2.023E+11,155 605 527,C01,2,7,0,2,1,2,1,
2.023E+11,155 605 522,A01,1,7,0,2,7,12,1,
2.023E+11,155 605 524,B01,1,7,0,2,3,0,1,
2.023E+11,155 605 526,C01,1,7,0,2,3,0,1,
2.023E+11,155 605 529,D01,1,7,0,2,0,0,2,
2.023E+11,155 605 521,A01,1,7,0,1,7,1,1,
2.023E+11,155 605 519,A01,1,31,4,2,7,1,1,
2.023E+11,155 605 517,A01,2,7,0,2,8,19,1,
2.023E+11,155 605 518,B01,1,33,0,2,1,1,1,
2.023E+11,155 605 512,A01,1,10,0,2,1,2,1,
2.023E+11,155 605 514,B01,1,7,0,2,4,2,1,
2.023E+11,155 605 516,D01,1,7,0,2,4,2,1,
2.023E+11,155 605 520,C01,1,7,0,2,4,2,1,
2.023E+11,155 605 511,A01,1,7,0,1,1,1,0,
2.023E+11,155 605 510,B01,1,7,0,2,5,1,1,
2.023E+11,155 605 513,C01,1,7,0,2,6,1,1,
2.023E+11,155 605 515,Z01,1,10,0,2,3,13,1,
2.023E+11,155 605 507,A01,1,50,0,0,0,0,3,
2.023E+11,155 605 505,B01,1,7,0,2,3,15,1,
2.023E+11,155 605 508,A01,2,7,0,0,2,1,1,
2.023E+11,155 605 503,A01,1,7,0,2,1,2,1,
2.023E+11,155 605 504,B01,1,7,0,2,9,2,1,
2.023E+11,155 605 506,C01,1,7,0,2,9,2,1,
2.023E+11,155 605 509,D01,1,7,0,2,4,2,1,
2.023E+11,155 605 501,A01,1,7,2,0,8,1,1,
2.023E+11,155 605 500,A01,2,7,3,0,1,1,1,
2.023E+11,155 605 499,A01,2,7,0,2,2,15,1,
2.023E+11,155 605 502,B01,1,33,0,2,1,1,1,
2.023E+11,155 605 497,B01,3,2,0,2,1,1,1,
2.023E+11,155 605 498,A01,3,7,0,2,3,1,1,
2.023E+11,155 605 494,A01,1,10,0,2,2,12,1,
2.023E+11,155 605 496,B01,1,33,0,2,8,3,1,
2.023E+11,155 605 489,A01,1,7,4,0,1,2,1,
2.023E+11,155 605 488,C01,1,7,0,2,1,12,1,
2.023E+11,155 605 490,B01,1,7,0,2,4,2,1,
2.023E+11,155 605 491,A01,1,7,0,2,4,1,1,
2.023E+11,155 605 487,A01,1,7,0,1,2,16,1,
2.023E+11,155 605 485,A01,1,7,3,0,1,1,1,
2.023E+11,155 605 483,A01,1,7,0,2,5,1,1,
2.023E+11,155 605 486,B01,1,7,0,2,3,13,1,
2.023E+11,155 605 484,A01,3,32,0,0,2,1,1,
2.023E+11,155 605 479,A01,3,2,2,0,2,1,1,
2.023E+11,155 605 476,A01,2,7,0,2,3,2,1,
2.023E+11,155 605 478,C01,2,7,0,2,4,2,1,
2.023E+11,155 605 481,B01,2,7,0,2,4,2,1,
2.023E+11,155 605 477,A01,2,7,0,2,1,1,1,
2.023E+11,155 605 480,B01,2,7,0,2,1,1,1,
2.023E+11,155 605 482,C01,2,7,0,2,4,0,1,
2.023E+11,155 605 474,A01,2,7,4,0,1,1,1,
2.023E+11,155 605 473,A01,1,7,13,0,9,0,0,
2.023E+11,155 605 471,A01,2,7,0,2,4,1,1,
2.023E+11,155 605 472,Z01,2,10,0,2,1,0,0,
2.023E+11,155 605 475,B01,2,7,0,2,4,2,1,
2.023E+11,155 605 470,A01,3,3,12,2,1,26,1,
2.023E+11,155 605 467,A01,1,7,0,2,3,15,1,
2.023E+11,155 605 469,B01,2,2,0,2,3,1,1,
2.023E+11,155 605 465,B01,1,7,0,2,4,2,1,
2.023E+11,155 605 468,A01,1,7,0,2,1,2,1,
2.023E+11,155 605 463,A01,0,7,0,0,0,0,1,
2.023E+11,155 605 466,B01,0,7,0,0,0,0,1,
2.023E+11,155 605 460,B01,1,7,0,2,4,2,1,
2.023E+11,155 605 461,A01,1,7,0,2,1,2,1,
2.023E+11,155 605 457,D01,2,10,0,2,4,2,1,
2.023E+11,155 605 459,A01,2,10,0,2,1,2,1,
2.023E+11,155 605 462,B01,2,7,0,2,4,2,1,
2.023E+11,155 605 464,C01,2,7,0,2,4,2,1,
2.023E+11,155 605 456,A01,1,33,0,2,3,13,1,
2.023E+11,155 605 458,B01,2,30,0,2,3,13,1,
2.023E+11,155 605 451,B01,3,7,0,0,0,0,1,
2.023E+11,155 605 453,A01,1,33,0,9,0,2,1,
2.023E+11,155 605 450,A01,1,7,0,2,3,15,1,
2.023E+11,155 605 452,B01,2,7,0,2,3,1,1,
2.023E+11,155 605 449,B01,2,7,0,2,4,2,1,
2.023E+11,155 605 454,A01,2,7,0,2,1,2,1,
2.023E+11,155 605 455,C01,2,7,0,2,4,2,1,
2.023E+11,155 605 447,A01,1,7,0,2,3,16,1,
2.023E+11,155 605 448,B01,1,7,0,2,2,16,1,
2.023E+11,155 605 444,B01,1,7,0,2,1,1,1,
2.023E+11,155 605 446,A01,1,10,0,2,0,0,1,
2.023E+11,155 605 443,A01,1,7,0,2,1,2,1,
2.023E+11,155 605 445,B01,1,7,0,2,4,2,1,
2.023E+11,155 605 442,A01,0,7,0,1,1,1,1,
2.023E+11,155 605 439,B01,1,10,0,0,4,2,1,
2.023E+11,155 605 441,A01,1,7,0,2,1,1,1,
2.023E+11,155 605 438,A01,1,7,0,2,3,13,1,
2.023E+11,155 605 440,B01,2,7,0,2,3,26,1,
2.023E+11,155 605 435,A01,2,7,0,2,3,15,1,
2.023E+11,155 605 437,B01,2,50,0,2,7,1,3,
2.023E+11,155 605 434,A01,2,7,0,2,5,12,1,
2.023E+11,155 605 436,B01,2,33,0,2,1,3,1,
2.023E+11,155 605 432,A01,1,33,0,0,8,21,6,
2.023E+11,155 605 433,B01,1,7,0,0,0,0,0,
2.023E+11,155 605 431,A01,3,7,0,0,1,26,1,
2.023E+11,155 605 427,A01,3,7,1,2,4,26,1,
2.023E+11,155 605 428,A01,3,7,0,0,1,1,1,
2.023E+11,155 605 425,B01,1,10,0,2,4,2,1,
2.023E+11,155 605 426,A01,1,10,0,2,1,2,1,
2.023E+11,155 605 429,D01,1,7,0,2,4,2,1,
2.023E+11,155 605 430,C01,1,7,0,2,4,2,1,
2.023E+11,155 605 424,A01,1,7,-1,-1,-1,0,-1,
2.023E+11,155 605 421,B01,1,33,0,2,1,17,1,
2.023E+11,155 605 423,A01,2,7,0,9,6,15,1,
2.023E+11,155 605 420,B01,2,10,0,2,4,1,1,
2.023E+11,155 605 422,A01,2,10,0,2,1,1,1,
2.023E+11,155 605 419,A01,1,7,0,1,7,16,1,
2.023E+11,155 605 418,A01,2,33,4,0,7,0,1,
2.023E+11,155 605 416,A01,0,1,0,2,8,26,5,
2.023E+11,155 605 415,A01,1,33,0,2,7,3,1,
2.023E+11,155 605 417,B01,1,7,0,2,6,11,1,
2.023E+11,155 605 413,A01,1,33,0,2,1,9,1,
2.023E+11,155 605 414,B01,2,7,0,2,8,9,1,
2.023E+11,155 605 412,A01,1,7,0,1,3,1,1,
2.023E+11,155 605 410,B01,2,7,0,2,5,2,1,
2.023E+11,155 605 411,A01,1,43,0,2,1,2,1,
2.023E+11,155 605 407,B01,1,10,0,2,3,1,1,
2.023E+11,155 605 409,A01,1,33,0,2,1,17,1,
2.023E+11,155 605 406,A01,1,7,0,1,2,1,1,
2.023E+11,155 605 405,B01,1,7,0,2,3,1,1,
2.023E+11,155 605 408,A01,2,7,0,2,3,21,1,
2.023E+11,155 605 403,A01,2,33,0,1,1,1,1,
2.023E+11,155 605 402,B01,1,13,0,2,8,23,1,
2.023E+11,155 605 404,A01,1,7,11,2,1,15,1,
2.023E+11,155 605 400,A01,2,7,4,2,3,13,1,
2.023E+11,155 605 399,B01,2,10,0,2,3,2,1,
2.023E+11,155 605 401,A01,2,14,0,2,1,1,1,
2.023E+11,155 605 398,A01,3,7,0,1,1,1,1,
2.023E+11,155 605 397,A01,1,7,0,1,1,26,1,
2.023E+11,155 605 396,A01,1,32,0,2,4,23,1,
2.023E+11,155 605 393,A01,2,10,0,2,2,15,1,
2.023E+11,155 605 395,B01,1,7,0,2,1,1,1,
2.023E+11,155 605 392,A01,2,7,0,2,1,13,1,
2.023E+11,155 605 394,B01,2,7,0,2,1,1,1,
2.023E+11,155 605 390,A01,2,7,0,2,3,11,1,
2.023E+11,155 605 391,B01,0,34,0,2,1,2,1,
2.023E+11,155 605 386,A01,1,7,0,2,7,15,1,
2.023E+11,155 605 389,B01,2,30,0,2,1,1,1,
2.023E+11,155 605 385,A01,1,7,0,2,9,13,1,
2.023E+11,155 605 387,B01,2,7,0,2,2,1,1,
2.023E+11,155 605 388,C01,2,7,0,2,3,1,1,
2.023E+11,155 605 383,B01,2,32,0,2,2,15,1,
2.023E+11,155 605 384,A01,1,7,0,2,3,15,1,
2.023E+11,155 605 382,A01,0,7,0,1,1,1,1,
2.023E+11,155 605 381,A01,3,50,0,1,1,1,3,
2.023E+11,155 605 380,A01,3,7,0,0,9,19,1,
2.023E+11,155 605 378,A01,1,7,0,2,1,2,1,
2.023E+11,155 605 379,B01,1,7,0,2,4,2,1,
2.023E+11,155 605 376,A01,3,7,0,2,3,1,1,
2.023E+11,155 605 377,B01,3,50,0,2,1,19,3,
2.023E+11,155 605 373,A01,3,10,0,2,1,2,1,
2.023E+11,155 605 375,B01,3,7,0,2,4,2,1,
2.023E+11,155 605 372,B01,3,7,0,2,1,1,1,
2.023E+11,155 605 374,A01,3,7,0,2,4,1,1,
2.023E+11,155 605 368,B01,3,7,0,2,4,2,1,
2.023E+11,155 605 370,A01,3,32,0,2,3,2,1,
2.023E+11,155 605 364,B01,1,50,0,2,2,1,3,
2.023E+11,155 605 366,A01,2,7,0,9,3,9,1,
2.023E+11,155 605 362,A01,1,50,0,0,0,13,3,
2.023E+11,155 605 363,B01,3,7,0,2,2,2,1,
2.023E+11,155 605 365,A01,3,10,0,2,1,9,1,
2.023E+11,155 605 361,A01,3,7,0,1,2,1,1,
2.023E+11,155 605 359,A01,3,7,0,2,3,13,1,
2.023E+11,155 605 360,B01,0,7,0,2,1,1,1,
2.023E+11,155 605 357,A01,0,7,0,2,1,0,0,
2.023E+11,155 605 358,B01,0,7,0,2,5,1,0,
2.023E+11,155 605 353,A01,1,7,0,2,1,1,0,
2.023E+11,155 605 355,B01,1,13,0,2,4,1,0,
2.023E+11,155 605 354,B01,3,7,0,2,4,2,1,
2.023E+11,155 605 356,A01,3,7,0,2,1,2,1,
2.023E+11,155 605 351,A01,2,7,0,1,1,16,1,
2.023E+11,155 605 349,B01,1,30,0,2,2,1,1,
2.023E+11,155 605 350,A01,1,7,0,2,3,9,1,
2.023E+11,155 605 345,A01,1,7,0,2,1,2,1,
2.023E+11,155 605 346,B01,1,7,0,2,4,2,1,
2.023E+11,155 605 347,C01,2,7,0,0,4,23,1,
2.023E+11,155 605 344,A01,1,7,0,2,3,26,1,
2.023E+11,155 605 348,B01,2,7,0,2,1,26,1,
2.023E+11,155 605 341,B01,2,10,0,2,4,2,1,
2.023E+11,155 605 342,C01,1,7,0,2,4,23,1,
2.023E+11,155 605 343,A01,2,7,0,2,1,2,1,
2.023E+11,155 605 340,A01,1,10,0,1,1,26,1,
2.023E+11,155 605 338,A01,3,30,0,2,1,2,1,
2.023E+11,155 605 339,B01,3,7,0,2,4,2,3,
2.023E+11,155 605 337,A01,1,7,13,0,1,1,1,
2.023E+11,155 605 333,B01,3,7,0,2,1,1,1,
2.023E+11,155 605 335,A01,3,33,0,2,1,5,1,
2.023E+11,155 605 334,A01,2,7,0,2,2,19,1,
2.023E+11,155 605 336,B01,0,1,0,2,0,0,5,
2.023E+11,155 605 330,B01,2,33,0,2,1,19,1,
2.023E+11,155 605 332,A01,3,7,0,2,6,19,2,
2.023E+11,155 605 329,A01,2,33,0,2,5,1,1,
2.023E+11,155 605 331,X01,2,7,0,2,2,17,1,
2.023E+11,155 605 327,A01,2,7,0,2,0,1,0,
2.023E+11,155 605 328,B01,1,50,0,2,0,15,3,
2.023E+11,155 605 325,A01,1,7,1,0,2,1,1,
2.023E+11,155 605 324,A01,2,1,0,2,7,1,5,
2.023E+11,155 605 326,B01,1,7,0,2,3,1,0,
2.023E+11,155 605 323,A01,3,7,0,1,2,1,1,
2.023E+11,155 605 321,B01,3,7,0,2,3,15,0,
2.023E+11,155 605 322,A01,0,33,0,2,1,17,0,
2.023E+11,155 605 319,B01,3,7,8,2,8,0,1,
2.023E+11,155 605 320,A01,3,7,0,2,1,0,1,
2.023E+11,155 605 317,A01,1,1,0,2,1,13,5,
2.023E+11,155 605 318,B01,2,7,0,2,1,1,3,
2.023E+11,155 605 316,A01,2,7,0,1,2,1,2,
2.023E+11,155 605 312,A01,2,10,0,2,3,15,1,
2.023E+11,155 605 314,B01,1,7,0,2,1,1,1,
2.023E+11,155 605 313,A01,2,10,0,2,8,15,1,
2.023E+11,155 605 315,B01,2,30,0,2,1,17,1,
2.023E+11,155 605 311,A01,3,7,13,0,9,14,1,
2.023E+11,155 605 309,A01,1,7,0,2,8,10,2,
2.023E+11,155 605 310,B01,1,7,0,2,3,1,1,
2.023E+11,155 605 307,B01,0,2,9,2,7,1,1,
2.023E+11,155 605 308,A01,0,7,0,2,7,15,1,
2.023E+11,155 605 304,Z01,2,7,0,2,1,15,1,
2.023E+11,155 605 306,A01,1,1,0,2,8,19,5,
2.023E+11,155 605 303,B01,1,7,0,2,4,1,1,
2.023E+11,155 605 305,A01,1,7,0,2,1,1,1,
2.023E+11,155 605 302,A01,2,7,1,0,2,14,1,
2.023E+11,155 605 300,A01,1,7,0,2,3,1,1,
2.023E+11,155 605 301,B01,2,7,0,2,3,1,1,
2.023E+11,155 605 297,B01,3,10,0,2,3,9,1,
2.023E+11,155 605 299,A01,1,30,0,2,1,17,1,
2.023E+11,155 605 296,A01,1,7,0,2,1,1,1,
2.023E+11,155 605 298,B01,0,7,0,2,8,1,1,
2.023E+11,155 605 293,A01,2,7,0,2,1,1,1,
2.023E+11,155 605 295,B01,2,7,0,2,4,1,1,
2.023E+11,155 605 292,B01,2,33,0,2,7,17,1,
2.023E+11,155 605 294,A01,2,7,0,2,8,15,1,
2.023E+11,155 605 289,B01,1,10,0,2,5,1,1,
2.023E+11,155 605 291,A01,1,30,0,2,1,1,1,
2.023E+11,155 605 288,A01,2,7,0,2,3,1,1,
2.023E+11,155 605 290,B01,2,2,0,2,8,19,1,
2.023E+11,155 605 286,A01,1,50,0,1,1,1,3,
2.023E+11,155 605 287,A01,1,30,16,0,8,13,1,
2.023E+11,155 605 284,A01,1,43,0,2,1,1,1,
2.023E+11,155 605 285,B01,1,10,0,2,5,1,6,
2.023E+11,155 605 283,A01,1,7,0,1,1,1,1,
2.023E+11,155 605 281,B01,1,7,0,2,6,1,1,
2.023E+11,155 605 282,A01,2,33,0,2,3,1,1,
2.023E+11,155 605 280,A01,2,7,0,1,2,1,1,