Num_Acc,id_vehicule,num_veh,senc,catv,obs,obsm,choc,manv,motor,occutc
2.023E+11,155 605 279,A01,3,33,0,0,7,1,1,
2.023E+11,155 605 278,A01,1,7,0,1,3,1,1,
2.023E+11,155 605 277,A01,3,80,0,0,8,10,3,
2.023E+11,155 605 276,A01,2,7,0,1,1,26,4,
2.023E+11,155 605 275,A01,0,7,0,1,2,1,1,
2.023E+11,155 605 273,A01,1,1,0,0,8,1,5,
2.023E+11,155 605 272,B01,1,1,0,2,1,5,5,
2.023E+11,155 605 274,A01,2,10,0,2,1,1,1,
2.023E+11,155 605 271,A01,1,7,0,1,2,1,1,
2.023E+11,155 605 270,A01,1,7,0,1,1,21,1,
2.023E+11,155 605 268,A01,3,7,0,1,1,15,1,
2.023E+11,155 605 267,A01,2,1,0,2,8,13,5,
2.023E+11,155 605 269,B01,2,7,0,0,7,17,1,
2.023E+11,155 605 263,A01,1,50,0,0,0,9,3,
2.023E+11,155 605 265,Z01,3,0,0,0,0,0,0,
2.023E+11,155 605 261,A01,1,2,0,2,1,1,1,
2.023E+11,155 605 262,B01,1,7,0,2,8,1,1,
2.023E+11,155 605 264,A01,3,7,0,2,2,15,0,
2.023E+11,155 605 266,B01,3,7,0,2,3,1,0,
2.023E+11,155 605 259,A01,3,30,0,2,4,1,1,
2.023E+11,155 605 260,X01,3,7,0,2,1,2,0,
2.023E+11,155 605 256,A01,1,30,0,2,7,1,1,
2.023E+11,155 605 257,B01,1,7,0,2,1,1,0,
2.023E+11,155 605 258,A01,2,7,16,0,0,1,1,
2.023E+11,155 605 254,B01,2,7,0,2,2,15,1,
2.023E+11,155 605 255,A01,1,10,0,2,5,1,1,
2.023E+11,155 605 250,B01,2,1,0,0,8,1,5,
2.023E+11,155 605 253,A01,2,10,1,2,1,1,1,
2.023E+11,155 605 251,A01,2,7,0,2,4,15,1,
2.023E+11,155 605 252,B01,2,33,0,2,1,1,1,
2.023E+11,155 605 248,B01,1,7,0,2,8,1,1,
2.023E+11,155 605 249,A01,3,10,0,2,1,19,1,
2.023E+11,155 605 246,A01,3,10,0,2,4,15,1,
2.023E+11,155 605 247,B01,3,10,0,2,1,1,1,
2.023E+11,155 605 245,A01,2,10,0,1,3,1,1,
2.023E+11,155 605 244,A01,2,31,0,0,7,17,1,
2.023E+11,155 605 242,A01,3,3,0,2,2,1,3,
2.023E+11,155 605 241,B01,1,1,0,2,1,15,5,
2.023E+11,155 605 243,A01,2,7,0,2,1,1,1,
2.023E+11,155 605 238,A01,1,7,1,0,1,1,1,
2.023E+11,155 605 239,C01,1,10,0,2,4,23,1,
2.023E+11,155 605 240,B01,1,10,1,0,4,1,1,
2.023E+11,155 605 236,A01,0,7,0,1,0,20,1,
2.023E+11,155 605 235,A01,2,7,0,2,3,15,1,
2.023E+11,155 605 237,B01,1,33,0,2,1,1,1,
2.023E+11,155 605 233,A01,3,7,0,2,1,13,1,
2.023E+11,155 605 234,B01,3,7,0,2,1,0,3,
2.023E+11,155 605 232,A01,3,7,0,1,7,1,3,
2.023E+11,155 605 230,A01,1,7,0,2,1,9,1,
2.023E+11,155 605 231,B01,2,50,0,2,7,1,3,
2.023E+11,155 605 227,A01,2,33,0,0,7,1,1,
2.023E+11,155 605 226,A01,1,10,0,1,1,1,1,
2.023E+11,155 605 224,A01,0,7,0,2,3,1,0,
2.023E+11,155 605 225,B01,0,33,0,2,7,1,0,
2.023E+11,155 605 223,A01,3,7,13,0,1,13,1,
2.023E+11,155 605 219,B01,2,1,14,0,0,0,5,
2.023E+11,155 605 221,A01,1,7,14,0,2,15,1,
2.023E+11,155 605 217,A01,1,50,0,2,1,1,3,
2.023E+11,155 605 220,B01,2,7,0,2,2,15,1,
2.023E+11,155 605 214,A01,1,10,0,2,1,1,1,
2.023E+11,155 605 215,B01,1,7,0,2,4,1,1,
2.023E+11,155 605 218,C01,1,7,0,2,4,1,1,
2.023E+11,155 605 216,A01,1,7,1,0,3,13,1,
2.023E+11,155 605 210,A01,1,10,0,2,1,1,1,
2.023E+11,155 605 212,B01,1,10,0,2,4,1,1,
2.023E+11,155 605 209,C01,1,7,0,2,4,2,0,
2.023E+11,155 605 211,A01,1,7,0,2,1,2,0,
2.023E+11,155 605 213,B01,1,7,0,2,4,2,0,
2.023E+11,155 605 207,A01,1,7,0,1,1,1,1,
2.023E+11,155 605 205,A01,2,7,0,1,2,1,1,
2.023E+11,155 605 206,B01,1,80,0,2,2,1,3,
2.023E+11,155 605 208,A01,2,7,0,9,3,15,1,
2.023E+11,155 605 203,A01,2,7,0,2,1,9,1,
2.023E+11,155 605 204,B01,1,50,0,2,7,1,3,
2.023E+11,155 605 202,A01,2,7,6,0,1,1,1,
2.023E+11,155 605 200,B01,2,50,0,9,1,1,3,
2.023E+11,155 605 201,A01,2,50,0,2,1,5,3,
2.023E+11,155 605 199,A01,2,10,0,1,1,1,2,
2.023E+11,155 605 197,Y01,2,1,0,2,0,15,5,
2.023E+11,155 605 198,A01,1,7,0,2,1,1,1,
2.023E+11,155 605 196,A01,1,7,0,0,0,26,1,
2.023E+11,155 605 194,B01,2,7,0,2,1,1,1,
2.023E+11,155 605 195,A01,1,7,0,2,1,13,1,
2.023E+11,155 605 193,A01,1,0,0,1,7,0,0,
2.023E+11,155 605 191,A01,2,7,0,2,3,20,1,
2.023E+11,155 605 192,B01,2,1,0,2,1,1,5,
2.023E+11,155 605 189,A01,1,37,0,1,2,1,4,1
2.023E+11,155 605 188,B01,2,1,0,2,1,0,5,
2.023E+11,155 605 190,A01,2,7,0,2,3,19,1,
2.023E+11,155 605 186,A01,2,10,0,2,8,10,1,
2.023E+11,155 605 187,B01,2,33,0,2,1,1,1,
2.023E+11,155 605 182,A01,1,7,0,2,2,15,1,
2.023E+11,155 605 183,B01,2,80,0,2,1,1,3,
2.023E+11,155 605 180,C01,2,7,0,2,4,2,2,
2.023E+11,155 605 181,B01,2,7,0,2,4,2,1,
2.023E+11,155 605 184,A01,2,15,0,2,1,2,1,
2.023E+11,155 605 177,A01,2,2,0,0,0,15,1,
2.023E+11,155 605 176,A01,3,7,0,2,1,5,1,
2.023E+11,155 605 178,B01,3,30,0,2,9,1,1,
2.023E+11,155 605 175,A01,1,7,6,0,1,0,1,
2.023E+11,155 605 172,B01,0,7,0,2,4,23,1,
2.023E+11,155 605 173,C01,0,7,0,2,4,23,1,
2.023E+11,155 605 174,A01,0,7,0,2,1,2,1,
2.023E+11,155 605 170,A01,1,31,0,2,0,18,1,
2.023E+11,155 605 171,B01,1,21,0,2,7,13,1,
2.023E+11,155 605 179,A01,1,30,7,0,1,1,3,
2.023E+11,155 605 168,Z01,3,7,0,2,0,15,0,
2.023E+11,155 605 169,A01,3,2,0,2,1,1,1,
2.023E+11,155 605 167,A01,1,2,12,0,7,1,0,
2.023E+11,155 605 165,A01,2,7,2,0,1,1,1,
2.023E+11,155 605 164,A01,0,31,0,2,7,1,1,
2.023E+11,155 605 166,B01,0,7,0,2,1,1,1,
2.023E+11,155 605 162,A01,0,10,0,1,3,15,1,
2.023E+11,155 605 161,B01,2,1,0,2,1,1,5,
2.023E+11,155 605 163,A01,1,7,0,2,2,15,0,
2.023E+11,155 605 158,A01,1,7,0,2,1,19,1,
2.023E+11,155 605 159,B01,1,7,0,0,6,1,1,
2.023E+11,155 605 157,A01,1,7,0,2,7,15,1,
2.023E+11,155 605 160,B01,2,7,0,2,3,1,1,
2.023E+11,155 605 156,A01,2,7,0,1,2,17,1,
2.023E+11,155 605 154,A01,3,7,0,2,2,16,1,
2.023E+11,155 605 155,B01,3,80,0,2,8,1,3,
2.023E+11,155 605 149,B01,2,7,0,2,3,16,1,
2.023E+11,155 605 152,A01,1,7,0,2,2,19,1,
2.023E+11,155 605 150,A01,2,10,0,2,3,2,1,
2.023E+11,155 605 151,C01,1,7,0,2,1,1,1,
2.023E+11,155 605 153,B01,2,7,0,2,5,15,1,
2.023E+11,155 605 146,A01,1,7,1,0,2,1,1,
2.023E+11,155 605 148,B01,1,15,1,0,6,23,0,
2.023E+11,155 605 145,B01,1,7,0,0,5,23,1,
2.023E+11,155 605 147,A01,1,2,0,2,1,1,1,
2.023E+11,155 605 143,A01,2,7,0,1,1,1,1,
2.023E+11,155 605 140,A01,1,7,12,2,1,13,1,
2.023E+11,155 605 142,B01,2,7,0,2,1,1,1,
2.023E+11,155 605 138,B01,0,1,0,2,0,25,5,
2.023E+11,155 605 139,A01,0,7,0,2,0,1,1,
2.023E+11,155 605 137,A01,2,3,0,1,0,1,0,
2.023E+11,155 605 135,A01,1,7,2,0,2,13,0,
2.023E+11,155 605 134,A01,1,7,0,2,7,15,1,
2.023E+11,155 605 136,B01,2,7,0,2,3,14,2,
2.023E+11,155 605 130,A01,1,7,0,1,1,1,2,
2.023E+11,155 605 131,A01,3,10,13,0,2,1,1,
2.023E+11,155 605 132,A01,3,7,0,2,1,9,1,
2.023E+11,155 605 133,B01,3,7,0,2,1,1,1,
2.023E+11,155 605 129,A01,1,7,0,9,1,21,1,
2.023E+11,155 605 128,A01,2,7,0,1,1,1,1,
2.023E+11,155 605 127,A01,2,7,0,1,2,1,1,
2.023E+11,155 605 122,B01,1,33,0,2,1,21,1,
2.023E+11,155 605 124,C01,1,33,0,2,1,2,1,
2.023E+11,155 605 126,A01,2,10,0,2,6,19,1,
2.023E+11,155 605 121,A01,2,2,0,1,1,26,1,
2.023E+11,155 605 119,A01,2,7,0,0,4,2,1,
2.023E+11,155 605 120,B01,2,7,0,2,9,2,1,
2.023E+11,155 605 123,C01,2,33,0,2,9,2,1,
2.023E+11,155 605 125,D01,2,7,0,2,1,2,1,
2.023E+11,155 605 118,A01,1,7,0,1,1,1,1,
2.023E+11,155 605 115,A01,3,7,0,1,1,15,1,
2.023E+11,155 605 113,B01,1,2,0,2,1,1,1,
2.023E+11,155 605 116,A01,1,7,0,2,5,15,1,
2.023E+11,155 605 114,B01,2,7,0,2,4,26,1,
2.023E+11,155 605 117,A01,2,10,0,2,1,26,1,
2.023E+11,155 605 109,A01,1,7,0,2,0,0,1,
2.023E+11,155 605 112,B01,1,7,0,2,0,0,1,
2.023E+11,155 605 108,A01,1,7,0,2,3,1,1,
2.023E+11,155 605 111,B01,2,7,0,2,3,21,1,
2.023E+11,155 605 105,C01,0,37,0,2,1,15,0,1
2.023E+11,155 605 107,B01,3,7,0,2,1,15,0,
2.023E+11,155 605 110,A01,3,50,0,2,1,17,3,
2.023E+11,155 605 102,A01,2,33,2,2,2,17,1,
2.023E+11,155 605 104,B01,2,7,0,2,3,17,1,
2.023E+11,155 605 103,B01,-1,0,-1,2,3,20,-1,
2.023E+11,155 605 106,A01,2,31,0,2,7,1,1,
2.023E+11,155 605 101,A01,1,7,8,0,2,1,1,
2.023E+11,155 605 097,B01,2,1,0,2,8,21,5,
2.023E+11,155 605 098,A01,2,10,0,2,1,19,1,
2.023E+11,155 605 095,B01,3,1,0,2,6,13,5,
2.023E+11,155 605 096,A01,3,7,0,0,3,15,1,
2.023E+11,155 605 094,A01,1,7,13,0,1,1,1,
2.023E+11,155 605 092,A01,2,7,13,0,3,2,1,
2.023E+11,155 605 099,A01,2,7,0,2,1,1,6,
2.023E+11,155 605 100,B01,2,34,16,0,4,1,6,
2.023E+11,155 605 093,A01,1,7,0,1,1,1,1,
2.023E+11,155 605 090,B01,1,7,0,2,8,1,1,
2.023E+11,155 605 091,A01,1,2,0,2,1,9,1,
2.023E+11,155 605 089,A01,1,1,7,0,2,15,5,
2.023E+11,155 605 087,A01,3,33,0,0,9,13,1,
2.023E+11,155 605 088,A01,1,10,0,1,1,15,1,
2.023E+11,155 605 086,A01,3,2,8,0,1,0,1,
2.023E+11,155 605 082,A01,2,7,0,2,3,19,1,
2.023E+11,155 605 083,B01,2,2,0,2,1,1,1,
2.023E+11,155 605 084,B01,1,60,9,0,0,0,5,
2.023E+11,155 605 085,A01,1,3,5,0,5,16,0,
2.023E+11,155 605 080,A01,0,7,0,2,3,20,1,
2.023E+11,155 605 081,B01,3,2,0,2,1,1,1,
2.023E+11,155 605 077,A01,1,7,0,2,1,1,0,
2.023E+11,155 605 078,B01,1,80,0,0,7,1,3,
2.023E+11,155 605 075,A01,1,7,1,2,3,2,1,
2.023E+11,155 605 076,B01,0,7,1,2,5,2,1,
2.023E+11,155 605 079,C01,0,7,0,2,5,24,1,
2.023E+11,155 605 073,B01,1,10,0,2,3,19,1,
2.023E+11,155 605 074,A01,2,7,0,2,2,1,1,
2.023E+11,155 605 071,A01,2,7,0,2,1,5,1,
2.023E+11,155 605 072,B01,1,7,0,2,1,1,1,
2.023E+11,155 605 068,B01,3,7,0,2,3,1,1,
2.023E+11,155 605 070,A01,3,7,0,2,5,1,1,
2.023E+11,155 605 065,B01,1,38,16,2,3,1,1,17
2.023E+11,155 605 069,A01,1,7,4,2,2,9,1,
2.023E+11,155 605 066,B01,0,32,0,2,1,1,1,
2.023E+11,155 605 067,A01,3,7,0,2,2,10,1,
2.023E+11,155 605 064,A01,3,7,0,1,1,1,1,
2.023E+11,155 605 061,A01,3,7,0,0,1,1,1,
2.023E+11,155 605 062,A01,2,7,0,2,2,1,1,
2.023E+11,155 605 063,B01,2,80,0,2,6,1,3,
2.023E+11,155 605 060,A01,1,33,12,0,2,1,1,
2.023E+11,155 605 057,A01,1,7,2,0,1,1,1,
2.023E+11,155 605 053,A01,1,7,0,2,3,13,1,
2.023E+11,155 605 055,B01,2,15,0,2,3,1,1,
2.023E+11,155 605 054,B01,2,15,0,2,8,1,1,
2.023E+11,155 605 056,C01,2,7,0,2,4,1,1,
2.023E+11,155 605 058,D01,2,7,0,2,1,1,1,
2.023E+11,155 605 059,A01,2,7,3,2,1,1,1,
2.023E+11,155 605 052,A01,2,7,0,1,4,4,1,
2.023E+11,155 605 050,A01,1,10,1,0,1,1,0,
2.023E+11,155 605 049,B01,1,7,0,2,1,1,1,
2.023E+11,155 605 051,A01,2,7,3,2,1,13,1,
2.023E+11,155 605 048,A01,1,10,0,1,2,19,1,
2.023E+11,155 605 046,B01,3,7,0,2,1,1,1,
2.023E+11,155 605 047,A01,3,7,0,0,5,15,1,
2.023E+11,155 605 042,A01,2,7,0,2,5,15,1,
2.023E+11,155 605 043,B01,1,7,0,2,1,1,1,
2.023E+11,155 605 040,A01,1,7,0,2,3,1,2,
2.023E+11,155 605 041,B01,2,33,0,2,3,17,1,
2.023E+11,155 605 039,A01,2,33,12,0,1,1,1,
2.023E+11,155 605 044,A01,1,33,0,2,1,13,1,
2.023E+11,155 605 045,B01,2,7,0,2,1,1,1,
2.023E+11,155 605 038,A01,1,33,14,0,1,1,1,
2.023E+11,155 605 036,A01,2,7,0,2,6,11,1,
2.023E+11,155 605 037,B01,2,33,0,0,9,17,0,
2.023E+11,155 605 033,A01,1,2,0,2,0,16,1,
2.023E+11,155 605 034,B01,2,7,0,2,8,1,1,
2.023E+11,155 605 035,A01,3,33,0,0,0,1,1,
2.023E+11,155 605 032,A01,0,7,0,1,3,26,1,
2.023E+11,155 605 030,B01,2,31,14,0,1,1,1,
2.023E+11,155 605 031,A01,1,33,3,2,9,1,1,
2.023E+11,155 605 029,A01,1,33,0,2,3,0,1,
2.023E+11,155 605 026,A01,2,10,0,2,1,11,1,
2.023E+11,155 605 027,B01,2,7,0,2,4,1,1,
2.023E+11,155 605 025,A01,2,10,5,0,1,0,1,
2.023E+11,155 605 028,A01,1,10,1,1,2,1,0,
2.023E+11,155 605 023,A01,1,33,0,2,1,21,1,
2.023E+11,155 605 024,B01,1,7,0,2,4,1,1,
2.023E+11,155 605 021,A01,1,7,0,2,1,2,1,
2.023E+11,155 605 022,B01,1,7,0,2,4,2,1,
2.023E+11,155 605 018,A01,1,7,0,2,4,2,1,
2.023E+11,155 605 019,B01,1,10,0,2,1,2,1,
2.023E+11,155 605 020,C01,1,14,0,2,1,2,1,
2.023E+11,155 605 015,A01,1,7,0,2,1,1,1,
2.023E+11,155 605 016,B01,1,7,0,2,4,2,1,
2.023E+11,155 605 013,A01,2,10,0,2,6,11,1,
2.023E+11,155 605 014,B01,2,33,0,2,1,3,1,
2.023E+11,155 605 011,B01,1,7,0,2,7,12,1,
2.023E+11,155 605 012,A01,1,33,0,2,3,3,1,
2.023E+11,155 605 010,A01,3,7,0,2,2,15,1,
2.023E+11,155 605 017,B01,1,7,0,2,1,1,1,
2.023E+11,155 605 008,A01,2,33,0,2,1,3,1,
2.023E+11,155 605 009,B01,2,7,0,2,6,11,1,
2.023E+11,155 605 006,A01,2,33,0,2,1,3,1,
2.023E+11,155 605 007,B01,2,7,0,2,6,11,1,
2.023E+11,155 605 000,B01,2,7,0,2,4,12,1,
2.023E+11,155 605 001,A01,2,33,0,2,1,3,1,
2.023E+11,155 604 998,A01,1,7,0,2,7,12,1,
2.023E+11,155 604 999,B01,1,43,0,2,8,3,1,
2.023E+11,155 604 995,A01,1,7,0,2,4,1,1,
2.023E+11,155 604 996,B01,1,7,0,2,1,1,1,
2.023E+11,155 604 997,A01,2,7,0,2,1,1,1,
2.023E+11,155 605 005,B01,1,7,0,2,3,13,1,
2.023E+11,155 604 994,A01,1,43,0,2,1,3,1,
2.023E+11,155 604 989,A01,1,10,0,2,1,2,1,
2.023E+11,155 604 990,B01,1,7,0,2,4,2,2,
2.023E+11,155 604 991,C01,1,7,0,2,4,2,1,
2.023E+11,155 604 993,D01,1,7,0,2,4,2,1,
2.023E+11,155 604 992,A01,1,7,2,0,8,1,1,
2.023E+11,155 604 987,A01,1,16,0,2,3,13,1,
2.023E+11,155 604 988,B01,1,10,0,2,2,1,1,
2.023E+11,155 604 985,B01,2,10,0,2,1,0,-1,
2.023E+11,155 604 986,A01,2,7,0,2,4,2,1,
2.023E+11,155 604 983,A01,1,7,0,2,3,0,1,
2.023E+11,155 604 984,B01,1,15,0,2,2,14,1,
2.023E+11,155 604 979,A01,1,33,0,2,0,12,1,
2.023E+11,155 604 980,B01,1,14,0,2,8,2,1,
2.023E+11,155 604 981,C01,1,7,0,2,6,2,1,
2.023E+11,155 604 978,A01,2,7,0,2,1,1,1,
2.023E+11,155 604 982,B01,1,10,0,2,1,1,1,
2.023E+11,155 604 972,A01,1,10,0,2,1,2,1,
2.023E+11,155 604 973,B01,1,7,0,2,4,2,1,
2.023E+11,155 604 974,C01,1,7,0,2,4,1,1,
2.023E+11,155 604 975,D01,2,7,0,2,4,0,0,
2.023E+11,155 604 976,E01,2,7,0,2,4,2,0,
2.023E+11,155 604 977,F01,2,7,0,2,4,2,0,
2.023E+11,155 604 970,A01,2,33,0,2,7,3,1,
2.023E+11,155 604 971,B01,2,7,0,2,8,11,1,
2.023E+11,155 604 969,A01,1,7,4,0,1,2,1,
2.023E+11,155 604 966,B01,2,7,0,2,1,2,1,
2.023E+11,155 604 967,A01,2,7,0,2,4,1,1,
2.023E+11,155 604 964,A01,2,33,0,2,1,3,1,
2.023E+11,155 604 965,B01,2,10,0,2,8,11,1,
2.023E+11,155 604 962,A01,3,7,0,2,3,1,1,
2.023E+11,155 604 963,B01,3,2,0,2,1,1,1,
2.023E+11,155 604 960,A01,1,14,0,1,1,26,1,
2.023E+11,155 604 958,B01,3,7,0,2,3,13,1,
2.023E+11,155 604 959,A01,0,7,0,2,3,13,1,
2.023E+11,155 604 956,A01,2,21,0,2,1,1,1,
2.023E+11,155 604 957,B01,1,10,0,2,8,15,1,
2.023E+11,155 604 954,A01,1,7,0,2,4,1,1,
2.023E+11,155 604 955,B01,1,7,0,2,1,1,1,
2.023E+11,155 604 961,A01,1,2,0,2,1,1,1,
2.023E+11,155 604 968,B01,3,7,0,2,6,15,1,
2.023E+11,155 604 951,A01,2,7,3,0,0,0,1,
2.023E+11,155 604 952,B01,2,10,0,9,1,1,1,
2.023E+11,155 604 953,C01,1,7,3,0,1,1,1,
2.023E+11,155 604 947,B01,1,7,0,2,4,2,1,
2.023E+11,155 604 948,C01,1,7,0,2,1,2,1,
2.023E+11,155 604 950,A01,1,7,0,0,4,2,1,
2.023E+11,155 604 946,A01,1,99,6,0,2,14,1,
2.023E+11,155 604 945,A01,1,7,8,0,1,2,0,
2.023E+11,155 604 943,A01,3,7,15,2,2,26,1,
2.023E+11,155 604 944,B01,3,50,0,2,8,0,3,
2.023E+11,155 604 949,A01,1,7,13,0,1,17,1,
2.023E+11,155 604 941,A01,2,32,0,2,3,7,1,
2.023E+11,155 604 942,B01,2,7,0,2,2,16,1,
2.023E+11,155 604 939,A01,2,7,0,1,1,1,1,
2.023E+11,155 604 937,A01,2,31,0,2,1,5,1,
2.023E+11,155 604 938,B01,1,7,0,2,1,1,1,
2.023E+11,155 604 935,A01,1,7,14,2,2,1,1,
2.023E+11,155 604 936,B01,1,1,0,2,4,23,5,
2.023E+11,155 604 940,A01,1,7,3,0,9,13,0,
2.023E+11,155 604 932,A01,0,10,0,2,1,26,1,
2.023E+11,155 604 933,C01,3,7,0,2,1,1,1,
2.023E+11,155 604 934,B01,0,33,0,2,8,1,1,
2.023E+11,155 604 930,A01,2,7,0,2,4,1,1,
2.023E+11,155 604 931,B01,2,7,0,2,1,1,1,
2.023E+11,155 604 928,B01,1,7,0,2,3,13,1,
2.023E+11,155 604 929,A01,1,99,0,2,5,26,1,
2.023E+11,155 604 925,C01,1,7,0,2,1,1,1,
2.023E+11,155 604 926,B01,1,30,0,0,0,0,0,
2.023E+11,155 604 927,A01,2,7,0,2,1,13,1,
2.023E+11,155 604 923,A01,1,10,14,2,3,2,0,
2.023E+11,155 604 924,B01,1,99,14,2,1,1,6,
2.023E+11,155 604 922,A01,1,7,0,1,2,1,2,
2.023E+11,155 604 921,A01,2,7,0,0,3,1,1,
2.023E+11,155 604 918,A01,-1,7,12,0,9,1,1,
2.023E+11,155 604 917,A01,2,7,0,2,1,1,1,
2.023E+11,155 604 919,B01,2,7,0,2,6,19,1,
2.023E+11,155 604 916,A01,1,7,0,0,0,1,1,
2.023E+11,155 604 912,A01,3,10,0,2,3,19,1,
2.023E+11,155 604 915,B01,3,33,0,2,8,1,1,
2.023E+11,155 604 911,A01,3,15,13,2,3,21,1,
2.023E+11,155 604 913,B01,3,7,13,2,1,13,1,
2.023E+11,155 604 910,A01,3,7,0,2,1,5,2,
2.023E+11,155 604 914,B01,3,7,0,2,1,1,1,
2.023E+11,155 604 906,A01,2,7,0,2,3,15,1,
2.023E+11,155 604 909,B01,1,7,0,2,3,1,1,
2.023E+11,155 604 905,B01,1,7,7,2,1,1,1,
2.023E+11,155 604 908,A01,1,7,0,2,8,15,1,
2.023E+11,155 604 904,B01,2,7,0,2,1,1,1,
2.023E+11,155 604 907,A01,2,10,0,0,2,15,1,
2.023E+11,155 604 902,A01,2,7,0,2,1,15,1,
2.023E+11,155 604 903,B01,1,43,0,2,1,1,1,
2.023E+11,155 604 900,A01,2,7,0,2,3,13,1,
2.023E+11,155 604 901,B01,1,33,0,2,3,0,1,
2.023E+11,155 604 898,Z01,0,10,0,1,2,25,1,
2.023E+11,155 604 897,B01,1,7,0,2,4,23,1,
2.023E+11,155 604 899,A01,1,33,1,2,1,1,2,
2.023E+11,155 604 896,A01,2,7,0,1,3,1,1,
2.023E+11,155 604 894,A01,1,7,6,0,3,14,1,
2.023E+11,155 604 895,A01,1,7,0,1,3,15,1,
2.023E+11,155 604 893,A01,1,7,0,1,1,11,1,
2.023E+11,155 604 892,A01,1,7,8,0,1,1,1,
2.023E+11,155 604 891,A01,3,7,6,1,1,1,1,
2.023E+11,155 604 887,A01,1,7,0,2,1,15,1,
2.023E+11,155 604 889,B01,2,2,0,2,1,1,1,
2.023E+11,155 604 886,A01,3,7,15,0,1,1,1,
2.023E+11,155 604 884,A01,1,7,13,0,1,1,1,
2.023E+11,155 604 880,A01,0,7,0,2,3,5,1,
2.023E+11,155 604 882,B01,0,33,0,2,1,1,1,
2.023E+11,155 604 881,A01,1,7,0,2,1,13,1,
2.023E+11,155 604 883,B01,2,7,0,2,1,1,1,
2.023E+11,155 604 879,A01,2,7,15,0,1,1,1,
2.023E+11,155 604 875,B01,3,50,0,2,0,0,3,
2.023E+11,155 604 878,A01,3,37,0,2,7,1,3,1
2.023E+11,155 604 874,A01,1,10,0,2,1,2,1,
2.023E+11,155 604 877,B01,1,17,0,0,4,1,1,
2.023E+11,155 604 873,B01,2,10,0,2,1,1,1,
2.023E+11,155 604 876,A01,2,2,15,9,8,1,1,
2.023E+11,155 604 872,A01,1,32,0,0,7,1,1,
2.023E+11,155 604 869,A01,2,33,0,2,1,12,1,
2.023E+11,155 604 871,B01,2,17,0,0,4,1,1,
2.023E+11,155 604 866,A01,1,7,0,2,1,2,1,
2.023E+11,155 604 867,C01,1,7,0,0,4,2,1,
2.023E+11,155 604 868,B01,1,7,0,2,4,2,1,
2.023E+11,155 604 865,B01,2,7,0,2,3,1,1,
2.023E+11,155 604 870,A01,1,7,0,2,2,1,1,
2.023E+11,155 604 864,A01,1,7,4,0,1,1,1,
2.023E+11,155 604 860,A01,3,33,0,2,7,17,1,
2.023E+11,155 604 863,B01,3,7,0,2,8,20,1,
2.023E+11,155 604 858,A01,2,32,0,2,4,1,1,
2.023E+11,155 604 861,B01,2,7,0,2,5,12,1,
2.023E+11,155 604 856,A01,2,7,2,0,1,1,1,
2.023E+11,155 604 857,C01,2,7,0,2,1,26,0,
2.023E+11,155 604 859,B01,2,0,0,2,6,26,0,
2.023E+11,155 604 862,A01,2,33,3,0,2,17,1,
2.023E+11,155 604 854,A01,3,7,6,0,1,14,1,
2.023E+11,155 604 853,A01,1,7,0,1,1,11,1,
2.023E+11,155 604 855,A01,1,32,0,-1,1,1,1,
2.023E+11,155 604 852,A01,1,7,2,0,0,13,1,
2.023E+11,155 604 851,A01,2,7,0,2,9,1,1,
2.023E+11,155 604 850,A01,1,10,0,1,1,15,1,
2.023E+11,155 604 844,A01,2,7,0,2,2,10,1,
2.023E+11,155 604 847,B01,1,7,0,2,1,1,1,
2.023E+11,155 604 845,A01,1,33,0,2,1,2,1,
2.023E+11,155 604 848,B01,1,7,0,2,4,2,1,
2.023E+11,155 604 846,B01,0,15,0,2,2,1,1,
2.023E+11,155 604 849,A01,0,7,0,0,7,9,1,
2.023E+11,155 604 839,B01,0,7,0,0,3,1,0,
2.023E+11,155 604 841,A01,0,7,0,2,3,13,0,
2.023E+11,155 604 836,B01,1,33,0,2,4,2,1,
2.023E+11,155 604 838,A01,1,10,0,2,1,2,1,
2.023E+11,155 604 835,A01,2,7,0,2,8,14,1,
2.023E+11,155 604 837,B01,2,7,0,2,7,1,1,
2.023E+11,155 604 840,C01,2,7,0,2,7,1,1,
2.023E+11,155 604 842,D01,2,14,0,2,5,1,1,
2.023E+11,155 604 834,A01,1,7,6,0,1,0,1,
2.023E+11,155 604 832,A01,2,7,0,2,2,21,1,
2.023E+11,155 604 833,B01,2,1,0,2,8,19,5,
2.023E+11,155 604 830,A01,1,7,0,2,3,1,0,
2.023E+11,155 604 831,B01,1,10,0,2,5,24,0,
2.023E+11,155 604 827,A01,1,7,0,2,3,9,1,
2.023E+11,155 604 828,B01,1,1,0,2,2,16,5,
2.023E+11,155 604 826,A01,2,10,0,0,7,19,1,
2.023E+11,155 604 829,B01,2,7,0,2,1,1,1,
2.023E+11,155 604 825,A01,2,7,4,0,3,1,1,
2.023E+11,155 604 824,A01,1,7,6,0,1,1,1,
2.023E+11,155 604 822,A01,2,7,4,0,3,1,1,
2.023E+11,155 604 820,A01,1,30,0,0,1,1,1,
2.023E+11,155 604 819,A01,1,7,0,2,3,9,1,
2.023E+11,155 604 821,B01,1,30,0,2,4,1,1,
2.023E+11,155 604 823,C01,2,10,0,2,3,1,1,
2.023E+11,155 604 818,A01,1,31,0,0,7,1,1,