Num_Acc,id_vehicule,num_veh,senc,catv,obs,obsm,choc,manv,motor,occutc
2.023E+11,155 603 874,C01,2,7,0,2,1,1,1,
2.023E+11,155 603 870,A01,1,7,0,2,1,2,0,
2.023E+11,155 603 871,B01,1,7,0,2,4,2,0,
2.023E+11,155 603 869,A01,1,32,8,0,1,13,1,
2.023E+11,155 603 867,A01,1,1,0,2,1,2,5,
2.023E+11,155 603 868,B01,1,7,0,2,4,23,1,
2.023E+11,155 603 866,A01,1,31,12,0,1,14,1,
2.023E+11,155 603 864,A01,1,30,0,2,4,3,1,
2.023E+11,155 603 865,B01,1,7,0,2,3,1,1,
2.023E+11,155 603 863,Z01,1,7,0,1,1,1,1,
2.023E+11,155 603 862,A01,1,33,1,0,1,1,1,
2.023E+11,155 603 860,A01,3,7,0,2,3,15,1,
2.023E+11,155 603 861,B01,3,32,0,2,1,1,1,
2.023E+11,155 603 857,A01,1,33,0,2,1,1,1,
2.023E+11,155 603 858,C01,1,7,0,2,1,1,1,
2.023E+11,155 603 859,B01,1,7,0,2,7,15,1,
2.023E+11,155 603 856,A01,3,2,13,0,2,1,1,
2.023E+11,155 603 855,A01,1,7,0,1,6,20,1,
2.023E+11,155 603 853,A01,1,7,0,2,2,17,1,
2.023E+11,155 603 854,B01,1,30,0,2,1,15,3,
2.023E+11,155 603 851,A01,1,7,0,2,8,15,1,
2.023E+11,155 603 852,B01,1,7,0,2,1,1,1,
2.023E+11,155 603 850,A01,3,7,0,1,1,0,1,
2.023E+11,155 603 848,B01,1,1,0,2,0,0,5,
2.023E+11,155 603 849,A01,1,7,0,2,7,1,1,
2.023E+11,155 603 847,A01,3,1,0,0,9,25,5,
2.023E+11,155 603 844,A01,2,7,0,2,1,2,1,
2.023E+11,155 603 845,B01,2,32,0,2,4,2,1,
2.023E+11,155 603 846,C01,2,7,0,2,4,2,1,
2.023E+11,155 603 842,B01,1,32,0,2,7,1,1,
2.023E+11,155 603 843,A01,1,7,0,2,3,19,1,
2.023E+11,155 603 841,B01,0,7,0,1,1,1,1,
2.023E+11,155 603 839,A01,1,7,0,2,1,5,1,
2.023E+11,155 603 840,B01,1,7,0,2,1,1,1,
2.023E+11,155 603 837,A01,2,7,0,2,3,9,1,
2.023E+11,155 603 838,B01,1,50,0,2,2,1,3,
2.023E+11,155 603 836,A01,3,7,0,1,1,9,1,
2.023E+11,155 603 834,B01,1,2,0,2,2,1,1,
2.023E+11,155 603 835,A01,1,7,0,2,1,15,1,
2.023E+11,155 603 833,A01,1,7,0,1,3,1,1,
2.023E+11,155 603 832,A01,3,7,0,1,1,0,1,
2.023E+11,155 603 831,A01,2,10,0,1,2,15,3,
2.023E+11,155 603 829,A01,1,7,0,2,5,17,1,
2.023E+11,155 603 830,B01,1,2,0,2,3,1,4,
2.023E+11,155 603 827,A01,1,7,0,2,2,1,1,
2.023E+11,155 603 828,B01,1,50,0,2,6,16,3,
2.023E+11,155 603 825,B01,1,2,0,2,1,17,1,
2.023E+11,155 603 826,A01,2,10,0,2,8,15,3,
2.023E+11,155 603 823,B01,1,2,0,2,2,1,1,
2.023E+11,155 603 824,A01,1,7,0,9,2,15,1,
2.023E+11,155 603 822,A01,0,7,1,0,2,1,1,
2.023E+11,155 603 821,A01,1,7,0,1,2,1,1,
2.023E+11,155 603 820,A01,3,2,14,0,4,1,1,
2.023E+11,155 603 819,Z01,1,7,0,1,0,0,0,
2.023E+11,155 603 818,A01,1,7,2,0,1,1,1,
2.023E+11,155 603 817,A01,3,7,14,0,1,1,1,
2.023E+11,155 603 814,A01,3,7,0,2,1,1,1,
2.023E+11,155 603 815,B01,3,7,0,0,1,1,1,
2.023E+11,155 603 812,A01,0,7,1,0,1,1,1,
2.023E+11,155 603 813,B01,1,7,0,1,6,24,1,
2.023E+11,155 603 810,B01,3,7,0,2,4,9,0,
2.023E+11,155 603 811,A01,3,10,0,2,1,9,1,
2.023E+11,155 603 809,A01,3,34,0,0,0,2,1,
2.023E+11,155 603 808,Z01,2,30,0,1,1,1,1,
2.023E+11,155 603 806,A01,1,7,0,2,2,1,1,
2.023E+11,155 603 807,B01,3,1,0,2,8,19,5,
2.023E+11,155 603 804,A01,3,7,0,2,3,13,1,
2.023E+11,155 603 805,B01,0,7,0,2,3,1,1,
2.023E+11,155 603 802,B01,2,1,0,2,1,1,5,
2.023E+11,155 603 803,A01,2,7,0,9,1,1,1,
2.023E+11,155 603 800,A01,0,7,0,2,1,1,1,
2.023E+11,155 603 801,B01,0,7,0,2,3,15,1,
2.023E+11,155 603 798,B01,2,1,0,2,4,0,5,
2.023E+11,155 603 799,A01,2,7,0,2,1,1,1,
2.023E+11,155 603 796,A01,1,7,0,2,1,1,1,
2.023E+11,155 603 797,B01,3,31,0,2,8,0,1,
2.023E+11,155 603 794,A01,3,7,0,2,8,22,6,
2.023E+11,155 603 795,B01,1,1,1,0,1,1,5,
2.023E+11,155 603 792,A01,1,3,0,0,4,2,1,
2.023E+11,155 603 793,B01,1,7,0,0,1,2,1,
2.023E+11,155 603 789,B01,2,10,0,2,4,1,1,
2.023E+11,155 603 790,A01,2,7,0,2,1,1,1,
2.023E+11,155 603 791,C01,2,7,0,2,4,1,1,
2.023E+11,155 603 787,A01,3,30,0,2,2,1,1,
2.023E+11,155 603 788,B01,3,37,0,2,3,16,3,1
2.023E+11,155 603 784,C01,1,10,0,2,4,2,1,
2.023E+11,155 603 785,A01,1,7,0,2,7,12,1,
2.023E+11,155 603 786,B01,1,43,0,2,8,2,1,
2.023E+11,155 603 782,B01,1,7,0,2,7,12,1,
2.023E+11,155 603 783,A01,1,31,0,2,3,3,1,
2.023E+11,155 603 778,D01,1,7,0,2,7,1,1,
2.023E+11,155 603 779,B01,1,13,0,2,2,1,1,
2.023E+11,155 603 780,C01,1,7,0,2,5,1,1,
2.023E+11,155 603 781,A01,1,7,0,2,9,11,1,
2.023E+11,155 603 776,B01,1,7,0,2,4,2,1,
2.023E+11,155 603 777,A01,1,7,0,2,1,2,1,
2.023E+11,155 603 774,B01,1,7,0,2,8,11,1,
2.023E+11,155 603 775,A01,1,14,0,2,2,11,1,
2.023E+11,155 603 772,A01,1,7,0,2,7,12,1,
2.023E+11,155 603 773,B01,1,33,0,2,3,3,1,
2.023E+11,155 603 770,B01,2,7,0,2,5,2,1,
2.023E+11,155 603 771,A01,2,34,0,2,1,2,1,
2.023E+11,155 603 768,A01,1,15,0,2,7,12,1,
2.023E+11,155 603 769,B01,1,7,0,2,6,1,1,
2.023E+11,155 603 766,A01,1,7,0,2,8,11,1,
2.023E+11,155 603 767,B01,1,31,0,2,7,3,1,
2.023E+11,155 603 764,A01,2,14,0,2,8,11,1,
2.023E+11,155 603 765,B01,2,7,0,2,7,1,2,
2.023E+11,155 603 762,B01,1,7,0,2,4,2,2,
2.023E+11,155 603 763,A01,1,10,0,2,1,2,1,
2.023E+11,155 603 761,A01,1,2,0,1,8,1,1,
2.023E+11,155 603 759,B01,1,33,0,2,4,23,1,
2.023E+11,155 603 760,A01,1,7,0,2,1,1,1,
2.023E+11,155 603 757,B01,1,37,0,2,6,1,1,4
2.023E+11,155 603 758,Z01,2,13,0,2,6,13,1,
2.023E+11,155 603 755,A01,3,7,0,2,1,1,1,
2.023E+11,155 603 756,B01,3,31,0,2,4,14,1,
2.023E+11,155 603 754,A01,2,10,0,1,6,4,1,
2.023E+11,155 603 753,A01,1,2,15,0,7,1,3,
2.023E+11,155 603 751,A01,1,7,0,2,1,15,1,
2.023E+11,155 603 752,B01,2,50,0,2,6,1,3,
2.023E+11,155 603 749,B01,1,1,0,2,1,1,5,
2.023E+11,155 603 750,A01,1,33,1,2,1,9,1,
2.023E+11,155 603 747,B01,2,31,0,2,1,1,0,
2.023E+11,155 603 748,A01,2,10,0,2,6,23,1,
2.023E+11,155 603 746,A01,1,10,9,1,7,14,1,
2.023E+11,155 603 743,B01,3,1,0,2,9,19,5,
2.023E+11,155 603 744,A01,1,31,0,2,1,1,1,
2.023E+11,155 603 745,C01,2,7,0,2,1,1,0,
2.023E+11,155 603 741,A01,1,7,0,2,1,15,1,
2.023E+11,155 603 742,B01,2,31,0,2,2,1,1,
2.023E+11,155 603 739,A01,1,7,0,2,1,1,4,
2.023E+11,155 603 740,B01,1,33,0,0,1,1,1,
2.023E+11,155 603 737,A01,1,7,0,2,1,2,3,
2.023E+11,155 603 738,B01,1,7,0,2,4,23,1,
2.023E+11,155 603 736,A01,2,43,12,0,7,2,1,
2.023E+11,155 603 734,B01,2,1,0,2,1,11,5,
2.023E+11,155 603 735,A01,1,7,0,2,3,1,1,
2.023E+11,155 603 732,A01,1,7,0,2,1,15,1,
2.023E+11,155 603 733,B01,2,2,0,2,1,1,1,
2.023E+11,155 603 731,A01,2,7,0,1,2,17,1,
2.023E+11,155 603 729,A01,3,7,0,2,7,2,0,
2.023E+11,155 603 730,B01,3,7,0,2,3,1,0,
2.023E+11,155 603 727,B01,3,7,0,2,6,0,1,
2.023E+11,155 603 728,A01,3,7,0,2,3,16,1,
2.023E+11,155 603 726,A01,1,34,1,0,1,16,0,
2.023E+11,155 603 723,A01,2,7,0,2,1,2,1,
2.023E+11,155 603 724,B01,2,7,0,2,4,1,1,
2.023E+11,155 603 725,C01,2,7,0,2,4,1,1,
2.023E+11,155 603 721,B01,1,7,0,2,4,23,1,
2.023E+11,155 603 722,A01,1,17,0,2,1,21,1,
2.023E+11,155 603 718,C01,1,7,0,2,4,1,1,
2.023E+11,155 603 719,A01,1,7,0,2,1,26,1,
2.023E+11,155 603 720,B01,1,7,0,2,1,0,1,
2.023E+11,155 603 716,A01,2,32,0,2,1,3,1,
2.023E+11,155 603 717,B01,2,7,0,2,6,11,1,
2.023E+11,155 603 713,C01,1,7,0,2,1,2,1,
2.023E+11,155 603 714,A01,1,7,0,2,8,1,1,
2.023E+11,155 603 715,B01,1,7,0,2,1,1,1,
2.023E+11,155 603 711,A01,2,7,12,2,6,11,6,
2.023E+11,155 603 712,B01,2,7,12,2,2,2,0,
2.023E+11,155 603 709,A01,1,7,0,2,1,1,1,
2.023E+11,155 603 710,B01,1,7,0,2,4,1,1,
2.023E+11,155 603 707,A01,1,40,0,2,1,1,3,
2.023E+11,155 603 708,B01,1,33,8,4,6,1,1,
2.023E+11,155 603 706,A01,3,30,0,1,1,18,1,
2.023E+11,155 603 704,B01,2,10,0,2,1,1,1,
2.023E+11,155 603 705,A01,1,7,0,2,1,1,1,
2.023E+11,155 603 703,A01,2,7,0,0,7,1,1,
2.023E+11,155 603 701,A01,1,7,0,2,3,15,1,
2.023E+11,155 603 702,B01,2,32,0,2,2,1,1,
2.023E+11,155 603 700,A01,3,32,0,0,8,1,1,
2.023E+11,155 603 698,A01,1,33,0,2,2,18,1,
2.023E+11,155 603 699,B01,1,7,0,2,0,0,1,
2.023E+11,155 603 696,A01,2,7,0,2,1,16,1,
2.023E+11,155 603 697,B01,1,7,0,2,7,15,1,
2.023E+11,155 603 695,A01,2,33,0,1,3,21,1,
2.023E+11,155 603 694,A01,1,31,0,9,1,13,1,
2.023E+11,155 603 692,A01,2,2,0,6,1,0,1,
2.023E+11,155 603 690,C01,1,7,0,2,0,0,1,
2.023E+11,155 603 691,A01,1,7,0,2,4,2,1,
2.023E+11,155 603 693,B01,1,7,0,2,0,0,1,
2.023E+11,155 603 689,A01,1,7,2,9,7,14,1,
2.023E+11,155 603 684,A01,2,7,0,2,2,10,1,
2.023E+11,155 603 686,B01,1,7,0,2,1,1,3,
2.023E+11,155 603 688,C01,3,7,0,2,3,23,2,
2.023E+11,155 603 682,A01,3,7,6,0,1,0,1,
2.023E+11,155 603 681,B01,1,15,0,2,3,1,1,
2.023E+11,155 603 683,A01,2,7,0,2,3,13,1,
2.023E+11,155 603 679,B01,1,7,0,2,1,1,1,
2.023E+11,155 603 680,A01,2,7,0,2,1,1,1,
2.023E+11,155 603 674,A01,0,2,0,2,1,2,1,
2.023E+11,155 603 676,B01,0,7,0,2,8,0,1,
2.023E+11,155 603 675,A01,3,32,0,0,7,1,1,
2.023E+11,155 603 673,A01,3,7,0,0,9,1,1,
2.023E+11,155 603 671,B01,1,7,0,2,0,23,0,
2.023E+11,155 603 672,A01,1,7,0,2,0,1,0,
2.023E+11,155 603 668,A01,2,7,0,0,6,2,3,
2.023E+11,155 603 670,B01,2,33,0,2,1,2,0,
2.023E+11,155 603 667,A01,2,7,9,2,1,21,0,
2.023E+11,155 603 669,B01,1,2,0,2,1,1,1,
2.023E+11,155 603 663,A01,1,7,0,2,1,2,1,
2.023E+11,155 603 665,B01,1,7,0,2,4,2,1,
2.023E+11,155 603 666,C01,1,7,0,0,4,2,1,
2.023E+11,155 603 660,A01,3,7,0,1,3,26,1,
2.023E+11,155 603 659,B01,2,7,0,2,3,0,1,
2.023E+11,155 603 661,A01,1,10,0,2,3,0,1,
2.023E+11,155 603 656,A01,3,10,0,2,2,1,1,
2.023E+11,155 603 658,B01,3,7,12,2,3,12,1,
2.023E+11,155 603 655,A01,1,13,0,2,1,1,1,
2.023E+11,155 603 657,B01,2,7,0,2,1,13,1,
2.023E+11,155 603 653,A01,3,7,0,1,2,16,1,
2.023E+11,155 603 652,A01,1,7,0,2,3,9,1,
2.023E+11,155 603 654,B01,1,32,0,2,1,1,1,
2.023E+11,155 603 650,A01,1,80,0,4,7,19,3,
2.023E+11,155 603 651,B01,2,40,0,2,1,1,3,
2.023E+11,155 603 648,A01,1,7,0,2,1,2,1,
2.023E+11,155 603 649,B01,1,7,0,0,4,2,1,
2.023E+11,155 603 644,A01,0,7,0,2,3,1,1,
2.023E+11,155 603 645,B01,0,7,0,2,3,1,1,
2.023E+11,155 603 646,A01,2,7,0,2,2,15,1,
2.023E+11,155 603 647,B01,1,2,0,2,1,1,1,
2.023E+11,155 603 641,A01,1,2,0,2,2,17,1,
2.023E+11,155 603 643,B01,1,21,0,2,6,15,1,
2.023E+11,155 603 640,A01,1,7,0,2,2,1,1,
2.023E+11,155 603 642,B01,2,7,0,2,1,1,1,
2.023E+11,155 603 637,A01,1,7,0,2,1,2,1,
2.023E+11,155 603 639,B01,1,7,0,0,4,2,1,
2.023E+11,155 603 636,A01,1,7,0,2,6,15,1,
2.023E+11,155 603 638,B01,1,43,0,2,2,17,1,
2.023E+11,155 603 633,A01,3,3,0,1,1,0,3,
2.023E+11,155 603 628,A01,3,7,0,0,5,0,0,
2.023E+11,155 603 629,B01,3,7,0,0,3,9,0,
2.023E+11,155 603 626,A01,3,7,0,2,5,15,1,
2.023E+11,155 603 627,B01,3,7,0,2,5,15,1,
2.023E+11,155 603 624,B01,0,1,0,2,1,0,5,
2.023E+11,155 603 625,A01,0,7,0,2,1,0,0,
2.023E+11,155 603 622,A01,3,7,0,2,1,26,1,
2.023E+11,155 603 623,B01,3,32,0,2,8,1,1,
2.023E+11,155 603 620,A01,2,7,0,2,8,15,1,
2.023E+11,155 603 621,B01,2,7,0,2,1,1,1,
2.023E+11,155 603 618,B01,1,0,0,2,0,15,0,
2.023E+11,155 603 619,A01,2,10,0,2,1,1,1,
2.023E+11,155 603 616,A01,2,33,0,2,1,2,1,
2.023E+11,155 603 617,B01,2,7,0,2,5,2,1,
2.023E+11,155 603 614,A01,3,7,1,0,1,5,1,
2.023E+11,155 603 615,B01,3,7,0,2,1,24,1,
2.023E+11,155 603 610,C01,2,7,0,2,1,1,1,
2.023E+11,155 603 612,A01,2,14,0,2,3,1,1,
2.023E+11,155 603 613,B01,2,7,0,2,7,1,1,
2.023E+11,155 603 609,A01,1,1,0,2,1,19,5,
2.023E+11,155 603 611,B01,1,7,0,2,1,0,1,
2.023E+11,155 603 608,A01,1,7,4,0,3,1,1,
2.023E+11,155 603 607,A01,3,7,0,1,1,1,1,
2.023E+11,155 603 605,A01,1,7,0,9,3,9,1,
2.023E+11,155 603 606,B01,2,1,0,2,1,1,5,
2.023E+11,155 603 604,A01,3,7,0,1,2,1,1,
2.023E+11,155 603 603,A01,3,10,0,1,0,1,0,
2.023E+11,155 603 601,B01,0,2,0,2,1,1,0,
2.023E+11,155 603 602,A01,0,7,0,2,1,15,0,
2.023E+11,155 603 600,A01,3,32,0,1,1,1,0,
2.023E+11,155 603 599,A01,0,7,1,0,3,1,1,
2.023E+11,155 603 597,B01,1,7,0,2,2,1,0,
2.023E+11,155 603 598,A01,2,7,0,2,3,13,0,
2.023E+11,155 603 594,B01,2,7,0,2,1,1,1,
2.023E+11,155 603 596,A01,2,7,0,2,8,9,1,
2.023E+11,155 603 593,A01,1,7,0,0,5,15,1,
2.023E+11,155 603 595,B01,2,33,0,2,1,1,1,
2.023E+11,155 603 591,B01,2,7,0,2,1,1,1,
2.023E+11,155 603 592,A01,2,7,0,2,4,20,1,
2.023E+11,155 603 590,A01,2,30,0,0,0,26,1,
2.023E+11,155 603 586,A01,2,50,0,2,1,16,3,
2.023E+11,155 603 589,B01,3,7,0,2,3,1,3,
2.023E+11,155 603 585,B01,2,7,0,2,5,23,1,
2.023E+11,155 603 587,C01,2,7,0,2,5,23,1,
2.023E+11,155 603 588,A01,2,7,0,2,3,1,1,
2.023E+11,155 603 583,B01,1,7,0,2,5,1,0,
2.023E+11,155 603 584,A01,1,7,0,2,1,1,1,
2.023E+11,155 603 581,A01,1,7,0,2,6,1,1,
2.023E+11,155 603 582,B01,2,7,0,2,3,13,1,
2.023E+11,155 603 580,A01,0,7,0,1,1,9,0,
2.023E+11,155 603 579,A01,2,7,1,0,3,26,1,
2.023E+11,155 603 578,A01,0,7,2,0,1,26,1,
2.023E+11,155 603 577,A01,1,7,13,0,1,1,1,
2.023E+11,155 603 574,A01,1,10,0,2,1,26,1,
2.023E+11,155 603 576,B01,1,7,6,2,6,19,1,
2.023E+11,155 603 572,A01,2,7,0,2,1,1,1,
2.023E+11,155 603 575,B01,2,50,0,2,5,1,3,
2.023E+11,155 603 570,B01,1,7,0,2,9,1,1,
2.023E+11,155 603 571,C01,1,7,0,0,4,1,1,
2.023E+11,155 603 573,A01,1,7,0,2,1,1,1,
2.023E+11,155 603 566,A01,1,7,0,2,1,2,1,
2.023E+11,155 603 568,B01,1,7,0,2,4,23,1,
2.023E+11,155 603 565,C01,3,7,0,2,4,23,1,
2.023E+11,155 603 567,A01,3,7,0,2,1,1,0,
2.023E+11,155 603 569,B01,3,7,0,2,4,23,1,
2.023E+11,155 603 563,A01,1,7,0,1,3,17,1,
2.023E+11,155 603 562,B01,1,33,0,2,1,1,1,
2.023E+11,155 603 564,A01,1,10,0,2,5,15,1,
2.023E+11,155 603 561,A01,2,7,0,1,1,17,1,
2.023E+11,155 603 559,B01,1,7,0,2,4,2,1,
2.023E+11,155 603 560,A01,1,7,0,2,1,2,1,
2.023E+11,155 603 557,B01,3,33,0,2,8,15,1,
2.023E+11,155 603 558,A01,3,33,0,2,1,2,1,
2.023E+11,155 603 555,A01,1,7,0,2,1,2,1,
2.023E+11,155 603 556,B01,1,7,0,2,4,2,1,
2.023E+11,155 603 552,A01,3,7,0,2,8,10,1,
2.023E+11,155 603 553,B01,3,33,0,2,1,1,1,
2.023E+11,155 603 551,A01,1,34,12,2,3,21,1,
2.023E+11,155 603 554,B01,2,1,0,2,8,19,5,
2.023E+11,155 603 549,A01,2,7,0,2,3,13,1,
2.023E+11,155 603 550,B01,1,7,0,2,3,1,1,
2.023E+11,155 603 546,A01,3,32,1,0,1,18,1,
2.023E+11,155 603 545,A01,0,7,0,2,2,16,1,
2.023E+11,155 603 547,B01,0,30,0,2,3,1,1,
2.023E+11,155 603 543,B01,3,1,0,2,7,19,0,
2.023E+11,155 603 544,A01,1,7,0,2,2,1,3,
2.023E+11,155 603 542,A01,2,10,0,0,1,13,1,
2.023E+11,155 603 540,A01,2,10,0,2,2,17,0,
2.023E+11,155 603 541,B01,2,33,0,2,1,1,1,
2.023E+11,155 603 539,A01,1,7,13,0,0,26,1,
2.023E+11,155 603 537,A01,3,10,0,1,4,26,1,
2.023E+11,155 603 536,A01,1,10,0,9,2,1,0,
2.023E+11,155 603 538,Z01,1,10,0,2,0,3,0,
2.023E+11,155 603 535,A01,1,7,9,0,1,1,1,
2.023E+11,155 603 532,A01,1,7,0,2,7,0,1,
2.023E+11,155 603 533,B01,1,2,0,2,8,0,1,
2.023E+11,155 603 531,A01,0,7,0,2,4,16,1,
2.023E+11,155 603 534,B01,0,14,0,2,3,1,0,
2.023E+11,155 603 530,A01,0,33,0,1,1,17,1,
2.023E+11,155 603 529,A01,1,2,0,0,3,3,1,
2.023E+11,155 603 528,A01,1,33,0,6,7,1,1,
2.023E+11,155 603 527,A01,1,7,0,1,1,1,1,
2.023E+11,155 603 524,A01,1,7,2,2,5,0,0,
2.023E+11,155 603 526,B01,1,7,0,2,2,0,0,
2.023E+11,155 603 523,B01,1,7,0,2,7,1,1,
2.023E+11,155 603 525,A01,2,7,0,2,2,9,1,
2.023E+11,155 603 522,A01,1,7,12,0,3,13,1,
2.023E+11,155 603 520,B01,3,7,9,0,1,1,1,
2.023E+11,155 603 521,A01,3,7,8,0,1,13,1,
2.023E+11,155 603 519,A01,2,33,0,0,0,1,1,
2.023E+11,155 603 518,A01,3,33,0,1,0,0,1,
2.023E+11,155 603 517,A01,2,7,0,1,1,1,1,
2.023E+11,155 603 514,A01,0,7,0,0,7,1,1,
2.023E+11,155 603 516,B01,0,7,0,0,1,1,1,
2.023E+11,155 603 513,A01,0,7,0,2,6,9,1,
2.023E+11,155 603 515,B01,0,7,0,2,1,1,1,
2.023E+11,155 603 511,A01,2,7,1,0,2,1,1,
2.023E+11,155 603 510,A01,3,7,0,2,3,5,0,
2.023E+11,155 603 512,B01,3,7,0,2,1,5,0,
2.023E+11,155 603 508,B01,2,7,0,2,2,1,1,
2.023E+11,155 603 509,A01,2,7,0,2,3,26,1,
2.023E+11,155 603 507,A01,3,7,0,1,3,1,1,
2.023E+11,155 603 505,A01,1,7,0,2,5,13,1,
2.023E+11,155 603 506,B01,2,7,0,2,1,1,1,
2.023E+11,155 603 503,B01,3,3,0,2,1,1,1,
2.023E+11,155 603 504,A01,3,7,0,2,6,4,1,
2.023E+11,155 603 501,B01,3,2,0,2,1,1,1,
2.023E+11,155 603 502,A01,3,7,0,2,8,1,1,
2.023E+11,155 603 499,A01,1,7,0,2,8,11,1,
2.023E+11,155 603 500,B01,1,32,0,2,7,3,1,
2.023E+11,155 603 497,A01,2,31,0,2,1,3,1,
2.023E+11,155 603 498,B01,2,7,0,2,5,1,1,
2.023E+11,155 603 496,A01,2,7,0,1,1,1,1,
2.023E+11,155 603 495,A01,1,33,12,0,1,13,1,
2.023E+11,155 603 493,AB01,1,1,0,2,1,1,5,
2.023E+11,155 603 494,Z01,2,10,0,2,3,1,1,
2.023E+11,155 603 491,A01,1,7,0,2,7,2,1,
2.023E+11,155 603 492,B01,1,1,0,2,8,1,5,
2.023E+11,155 603 489,A01,1,7,0,2,1,15,1,
2.023E+11,155 603 490,B01,1,30,0,2,1,1,1,
2.023E+11,155 603 487,A01,2,2,0,2,2,20,1,
2.023E+11,155 603 488,B01,2,50,0,2,3,1,3,
2.023E+11,155 603 485,A01,2,7,0,2,2,1,2,
2.023E+11,155 603 486,B01,1,80,0,2,7,1,3,
2.023E+11,155 603 483,B01,3,33,0,2,1,1,1,
2.023E+11,155 603 484,A01,3,7,0,2,2,15,1,
2.023E+11,155 603 481,A01,1,50,0,2,1,1,3,
2.023E+11,155 603 482,B01,1,10,0,2,4,23,1,
2.023E+11,155 603 479,A01,1,99,0,2,0,19,3,
2.023E+11,155 603 480,B01,1,80,0,2,8,1,3,
2.023E+11,155 603 477,B01,2,1,0,2,1,1,5,
2.023E+11,155 603 478,A01,1,7,0,2,2,16,1,
2.023E+11,155 603 475,B01,1,31,0,2,3,16,1,
2.023E+11,155 603 476,A01,1,7,0,2,2,1,1,
2.023E+11,155 603 474,A01,1,10,0,1,4,20,1,
2.023E+11,155 603 472,A01,2,1,12,0,7,21,5,
2.023E+11,155 603 471,A01,1,7,0,2,3,11,1,
2.023E+11,155 603 473,B01,1,33,0,2,2,1,1,
2.023E+11,155 603 470,A01,2,10,8,0,1,1,1,
2.023E+11,155 603 468,A01,3,10,0,2,1,4,1,
2.023E+11,155 603 469,B01,3,10,0,2,4,1,1,
2.023E+11,155 603 464,A01,1,32,0,2,1,26,1,
2.023E+11,155 603 466,B01,1,15,0,2,6,16,1,
2.023E+11,155 603 463,C01,1,7,0,2,4,0,1,
2.023E+11,155 603 465,B01,1,7,0,2,4,0,1,
2.023E+11,155 603 467,A01,1,7,0,2,1,0,1,
2.023E+11,155 603 461,A01,1,7,1,0,1,1,1,
2.023E+11,155 603 460,B01,1,7,0,2,8,1,1,
2.023E+11,155 603 462,A01,1,7,0,2,1,1,1,
2.023E+11,155 603 459,A01,3,7,0,1,4,20,1,
2.023E+11,155 603 456,A01,1,1,0,2,7,0,5,
2.023E+11,155 603 458,B01,1,7,0,2,1,2,1,
2.023E+11,155 603 455,B01,1,30,0,2,7,1,1,
2.023E+11,155 603 457,A01,1,7,0,2,3,11,1,
2.023E+11,155 603 454,A01,1,32,0,1,1,2,1,
2.023E+11,155 603 453,A01,1,7,15,0,1,1,1,
2.023E+11,155 603 450,A01,2,3,0,2,2,15,1,
2.023E+11,155 603 451,B01,1,34,0,2,1,2,1,
2.023E+11,155 603 449,A01,1,33,0,2,1,1,1,
2.023E+11,155 603 452,B01,2,50,0,2,4,1,3,
2.023E+11,155 603 446,A01,1,7,0,2,2,15,1,
2.023E+11,155 603 448,B01,1,32,0,2,1,9,1,
2.023E+11,155 603 445,A01,3,7,0,2,4,2,1,
2.023E+11,155 603 447,B01,3,7,0,2,1,2,1,
2.023E+11,155 603 442,A01,1,7,0,2,3,16,1,
2.023E+11,155 603 443,B01,2,1,0,2,1,19,5,
2.023E+11,155 603 439,A01,1,10,0,2,1,1,1,
2.023E+11,155 603 440,B01,1,2,0,2,5,1,1,
2.023E+11,155 603 441,C01,1,7,0,2,2,1,1,
2.023E+11,155 603 436,A01,1,7,0,2,3,9,1,
2.023E+11,155 603 438,B01,2,34,0,2,1,17,1,
2.023E+11,155 603 435,B01,1,33,0,2,2,21,1,
2.023E+11,155 603 437,A01,1,7,0,2,6,26,1,
2.023E+11,155 603 432,B01,1,32,0,2,8,1,1,
2.023E+11,155 603 433,A01,1,7,0,2,2,20,1,
2.023E+11,155 603 431,B01,1,50,0,2,8,1,3,
2.023E+11,155 603 434,A01,1,7,0,2,1,1,1,
2.023E+11,155 603 428,B01,1,50,0,2,1,1,3,
2.023E+11,155 603 430,A01,1,7,0,2,3,15,1,
2.023E+11,155 603 427,A01,1,7,0,1,1,1,1,
2.023E+11,155 603 429,B01,2,7,0,2,2,1,1,
2.023E+11,155 603 423,A01,3,10,0,2,8,10,1,
2.023E+11,155 603 424,B01,1,33,0,2,1,1,1,
2.023E+11,155 603 422,A01,1,7,0,1,2,1,1,
2.023E+11,155 603 420,A01,3,7,0,2,3,13,1,
2.023E+11,155 603 421,B01,3,7,0,2,3,14,1,
2.023E+11,155 603 416,A01,0,10,0,1,7,1,1,
2.023E+11,155 603 415,A01,1,7,4,0,3,1,1,
2.023E+11,155 603 412,A01,1,7,0,1,1,1,2,
2.023E+11,155 603 410,A01,0,1,0,2,1,0,5,
2.023E+11,155 603 411,B01,3,7,0,0,0,9,1,
2.023E+11,155 603 409,A01,2,7,2,0,9,14,1,
2.023E+11,155 603 406,A01,2,10,2,0,3,1,1,
2.023E+11,155 603 407,A01,3,99,0,2,1,0,1,
2.023E+11,155 603 408,B01,0,1,0,2,1,16,5,
2.023E+11,155 603 405,A01,1,7,13,0,2,1,1,
2.023E+11,155 603 404,A01,1,7,0,1,1,9,1,
2.023E+11,155 603 403,A01,1,17,3,0,3,1,1,