Num_Acc,id_vehicule,num_veh,senc,catv,obs,obsm,choc,manv,motor,occutc
2.023E+11,155 602 938,B01,3,10,0,2,8,15,1,
2.023E+11,155 602 935,A01,3,32,16,1,7,1,0,
2.023E+11,155 602 933,A01,1,50,0,2,0,13,3,
2.023E+11,155 602 934,B01,1,7,0,2,1,10,1,
2.023E+11,155 602 931,B01,3,1,0,2,8,1,5,
2.023E+11,155 602 932,A01,3,10,0,2,2,16,1,
2.023E+11,155 602 930,A01,1,10,0,1,7,1,1,
2.023E+11,155 602 928,A01,1,7,0,2,3,15,1,
2.023E+11,155 602 929,B01,1,31,0,2,1,1,1,
2.023E+11,155 602 926,A01,1,7,0,2,1,7,1,
2.023E+11,155 602 927,B01,1,7,0,2,2,16,1,
2.023E+11,155 602 924,B01,1,33,0,2,1,1,1,
2.023E+11,155 602 925,A01,1,7,0,2,7,16,1,
2.023E+11,155 602 922,A01,1,33,0,2,1,2,1,
2.023E+11,155 602 923,B01,2,7,0,2,2,15,1,
2.023E+11,155 602 921,A01,1,7,9,0,2,1,1,
2.023E+11,155 602 919,A01,0,33,0,2,6,1,1,
2.023E+11,155 602 920,B01,0,7,0,2,2,1,1,
2.023E+11,155 602 917,A01,2,7,0,2,2,16,1,
2.023E+11,155 602 918,B01,1,1,0,2,2,1,5,
2.023E+11,155 602 914,A01,0,30,0,2,3,15,1,
2.023E+11,155 602 916,B01,0,7,0,2,2,2,1,
2.023E+11,155 602 915,Z01,1,7,0,1,1,15,1,
2.023E+11,155 602 910,A01,2,7,0,2,1,1,1,
2.023E+11,155 602 913,B01,1,7,0,2,7,15,1,
2.023E+11,155 602 908,A01,2,7,0,2,4,23,1,
2.023E+11,155 602 909,C01,2,7,0,2,4,23,1,
2.023E+11,155 602 911,D01,2,7,0,2,1,1,1,
2.023E+11,155 602 912,B01,2,7,0,2,4,23,1,
2.023E+11,155 602 906,B01,1,31,0,2,7,2,1,
2.023E+11,155 602 907,A01,0,7,0,2,1,9,0,
2.023E+11,155 602 905,A01,2,7,0,1,3,1,1,
2.023E+11,155 602 901,B01,3,7,0,2,8,1,1,
2.023E+11,155 602 904,A01,1,7,0,2,1,16,1,
2.023E+11,155 602 900,A01,1,7,15,0,2,14,1,
2.023E+11,155 602 896,B01,1,99,0,2,8,19,3,
2.023E+11,155 602 897,A01,2,7,0,9,3,15,1,
2.023E+11,155 602 895,Z01,2,7,0,2,8,0,0,
2.023E+11,155 602 898,C01,2,37,0,2,7,1,1,1
2.023E+11,155 602 899,A01,2,30,0,2,7,3,1,
2.023E+11,155 602 894,A01,2,7,0,1,2,1,1,
2.023E+11,155 602 893,A01,3,37,0,1,5,9,2,1
2.023E+11,155 602 890,A01,2,7,0,1,1,1,1,
2.023E+11,155 602 891,A01,1,7,0,2,2,0,1,
2.023E+11,155 602 892,B01,2,60,0,2,0,0,5,
2.023E+11,155 602 889,A01,1,2,0,0,8,21,1,
2.023E+11,155 602 887,B01,1,50,0,2,7,1,3,
2.023E+11,155 602 888,A01,2,10,0,2,3,9,1,
2.023E+11,155 602 886,A01,3,7,1,1,1,1,3,
2.023E+11,155 602 885,Z01,1,7,0,1,3,15,1,
2.023E+11,155 602 884,A01,1,7,6,0,9,1,2,
2.023E+11,155 602 881,A01,1,32,0,0,7,1,1,
2.023E+11,155 602 883,A01,1,7,12,0,1,13,1,
2.023E+11,155 602 880,A01,2,10,0,2,3,10,1,
2.023E+11,155 602 882,B01,1,33,0,2,1,1,1,
2.023E+11,155 602 877,B01,2,32,0,0,0,0,1,
2.023E+11,155 602 878,A01,2,10,0,2,3,16,1,
2.023E+11,155 602 876,A01,1,33,0,2,1,1,1,
2.023E+11,155 602 879,B01,2,7,0,2,2,15,1,
2.023E+11,155 602 874,B01,2,34,0,2,6,16,1,
2.023E+11,155 602 875,A01,2,50,0,2,1,1,3,
2.023E+11,155 602 872,A01,1,7,0,1,1,1,1,
2.023E+11,155 602 871,B01,1,33,0,2,7,1,1,
2.023E+11,155 602 873,A01,2,33,0,2,1,1,1,
2.023E+11,155 602 868,B01,1,7,0,2,7,16,1,
2.023E+11,155 602 869,A01,1,30,0,2,1,1,1,
2.023E+11,155 602 867,B01,2,1,0,2,1,1,5,
2.023E+11,155 602 870,A01,2,7,0,2,3,1,2,
2.023E+11,155 602 866,A01,1,1,0,1,1,17,5,
2.023E+11,155 602 864,A01,1,7,0,1,1,16,1,
2.023E+11,155 602 865,A01,2,1,0,0,8,1,5,
2.023E+11,155 602 860,A01,1,7,0,2,3,10,2,
2.023E+11,155 602 863,B01,1,33,0,2,1,17,1,
2.023E+11,155 602 859,A01,2,1,0,1,1,1,5,
2.023E+11,155 602 858,A01,2,33,12,0,1,1,1,
2.023E+11,155 602 856,A01,2,50,0,1,1,1,3,
2.023E+11,155 602 855,A01,1,7,0,2,3,10,2,
2.023E+11,155 602 857,B01,1,30,0,2,1,5,3,
2.023E+11,155 602 852,A01,3,7,0,2,8,10,1,
2.023E+11,155 602 854,B01,3,7,0,2,1,1,1,
2.023E+11,155 602 851,B01,3,50,0,2,1,19,3,
2.023E+11,155 602 853,A01,1,7,0,2,1,15,0,
2.023E+11,155 602 849,A01,3,7,0,1,1,14,1,
2.023E+11,155 602 848,A01,1,7,0,2,1,2,1,
2.023E+11,155 602 850,B01,1,7,0,2,4,23,1,
2.023E+11,155 602 847,A01,3,7,0,9,0,26,1,
2.023E+11,155 602 845,A01,1,7,8,1,1,16,1,
2.023E+11,155 602 844,B01,2,7,0,2,8,0,1,
2.023E+11,155 602 846,A01,1,7,0,2,1,6,1,
2.023E+11,155 602 838,B01,2,17,4,2,3,1,1,
2.023E+11,155 602 842,C01,1,17,4,2,3,1,1,
2.023E+11,155 602 843,A01,1,7,0,2,3,13,1,
2.023E+11,155 602 839,B01,3,34,0,2,7,1,1,
2.023E+11,155 602 841,A01,3,7,12,0,1,13,1,
2.023E+11,155 602 840,B01,2,33,0,0,0,1,1,
2.023E+11,155 602 834,B01,3,37,0,2,2,26,1,1
2.023E+11,155 602 837,A01,3,7,0,2,6,9,1,
2.023E+11,155 602 832,A01,2,7,0,2,1,2,1,
2.023E+11,155 602 835,B01,2,7,0,2,4,2,1,
2.023E+11,155 602 833,A01,1,7,0,2,8,20,1,
2.023E+11,155 602 836,B01,1,30,0,2,7,17,1,
2.023E+11,155 602 830,A01,2,7,0,0,0,0,1,
2.023E+11,155 602 831,B01,2,1,0,2,1,2,5,
2.023E+11,155 602 829,A01,1,10,0,1,1,1,0,
2.023E+11,155 602 827,B01,2,99,0,2,7,1,1,
2.023E+11,155 602 828,A01,2,7,0,2,6,1,1,
2.023E+11,155 602 826,Z01,1,1,0,1,1,1,5,
2.023E+11,155 602 824,B01,2,33,0,2,1,1,1,
2.023E+11,155 602 825,A01,1,7,0,2,7,9,1,
2.023E+11,155 602 821,B01,2,32,0,2,1,2,1,
2.023E+11,155 602 822,A01,2,7,0,2,5,23,1,
2.023E+11,155 602 820,A01,2,38,0,2,3,26,1,1
2.023E+11,155 602 823,B01,1,7,12,2,3,1,1,
2.023E+11,155 602 815,B01,3,1,0,2,9,18,5,
2.023E+11,155 602 818,A01,3,17,0,2,2,16,1,
2.023E+11,155 602 813,C01,2,7,0,2,4,2,1,
2.023E+11,155 602 814,D01,2,37,0,2,4,2,1,1
2.023E+11,155 602 817,A01,2,7,0,2,1,2,3,
2.023E+11,155 602 819,B01,2,7,0,2,4,2,1,
2.023E+11,155 602 812,Z01,3,7,0,1,2,15,1,
2.023E+11,155 602 811,A01,1,7,6,0,3,20,1,
2.023E+11,155 602 810,Z01,1,10,0,1,7,15,1,
2.023E+11,155 602 808,A01,1,7,0,2,7,1,1,
2.023E+11,155 602 809,B01,1,2,0,2,3,1,1,
2.023E+11,155 602 806,A01,2,7,0,2,8,15,1,
2.023E+11,155 602 807,B01,1,32,0,2,1,1,1,
2.023E+11,155 602 802,C01,2,7,0,2,1,1,1,
2.023E+11,155 602 803,B01,1,7,0,2,8,22,0,
2.023E+11,155 602 804,A01,1,33,0,2,1,17,1,
2.023E+11,155 602 800,A01,1,34,8,0,1,13,1,
2.023E+11,155 602 798,CA01,1,7,0,2,0,15,1,
2.023E+11,155 602 799,CB01,1,50,0,2,-1,2,3,
2.023E+11,155 602 797,Z01,2,30,0,1,1,1,0,
2.023E+11,155 602 795,A01,2,7,0,2,3,26,1,
2.023E+11,155 602 796,B01,1,33,0,2,1,17,1,
2.023E+11,155 602 794,A01,1,80,0,1,1,1,3,
2.023E+11,155 602 792,A01,1,7,0,1,1,16,1,
2.023E+11,155 602 793,A01,2,10,0,1,1,1,3,
2.023E+11,155 602 790,A01,1,32,0,0,0,1,1,
2.023E+11,155 602 788,C01,1,1,0,0,1,1,5,
2.023E+11,155 602 789,A01,2,7,0,2,3,17,0,
2.023E+11,155 602 791,B01,1,1,0,2,1,1,5,
2.023E+11,155 602 786,B01,2,34,0,2,8,1,1,
2.023E+11,155 602 787,A01,3,3,0,2,2,10,1,
2.023E+11,155 602 784,A01,0,7,0,2,3,15,0,
2.023E+11,155 602 785,B01,0,34,0,2,1,13,1,
2.023E+11,155 602 782,B01,1,7,0,2,4,2,1,
2.023E+11,155 602 783,A01,1,10,0,2,1,1,1,
2.023E+11,155 602 781,A01,1,7,0,1,3,15,0,
2.023E+11,155 602 780,A01,1,33,0,1,1,1,1,
2.023E+11,155 602 779,A01,1,38,7,0,8,21,1,65
2.023E+11,155 602 777,B01,3,7,0,0,4,2,2,
2.023E+11,155 602 778,A01,3,7,0,2,1,2,1,
2.023E+11,155 602 775,A01,2,7,0,0,9,1,1,
2.023E+11,155 602 776,A01,2,7,2,0,9,13,1,
2.023E+11,155 602 773,B01,2,7,0,2,8,15,1,
2.023E+11,155 602 774,A01,1,7,0,2,3,1,1,
2.023E+11,155 602 772,A01,2,7,0,0,1,1,1,
2.023E+11,155 602 770,A01,1,7,17,0,1,1,1,
2.023E+11,155 602 768,B01,1,7,0,2,1,1,1,
2.023E+11,155 602 771,A01,2,7,0,2,6,1,1,
2.023E+11,155 602 767,A01,1,7,0,2,2,14,1,
2.023E+11,155 602 769,B01,1,15,0,2,6,1,1,
2.023E+11,155 602 763,A01,2,7,0,2,7,5,1,
2.023E+11,155 602 765,B01,1,10,0,2,1,5,1,
2.023E+11,155 602 761,A01,0,1,0,0,0,0,5,
2.023E+11,155 602 762,A01,1,7,3,2,1,1,1,
2.023E+11,155 602 766,B01,2,7,0,2,1,13,1,
2.023E+11,155 602 759,B01,1,31,0,0,7,17,1,
2.023E+11,155 602 760,A01,1,7,0,2,8,15,0,
2.023E+11,155 602 758,A01,0,99,12,0,1,0,1,
2.023E+11,155 602 755,A01,2,7,13,0,0,17,1,
2.023E+11,155 602 754,B01,1,7,1,0,2,1,0,
2.023E+11,155 602 757,A01,2,7,0,0,5,24,1,
2.023E+11,155 602 753,A01,2,7,0,2,1,16,1,
2.023E+11,155 602 756,B01,3,80,0,2,8,19,3,
2.023E+11,155 602 752,A01,3,1,0,0,0,1,5,
2.023E+11,155 602 750,A01,2,7,0,2,1,1,1,
2.023E+11,155 602 751,B01,2,2,0,2,8,1,1,
2.023E+11,155 602 747,C01,1,7,0,2,0,0,1,
2.023E+11,155 602 749,A01,1,30,1,2,2,0,1,
2.023E+11,155 602 748,A01,1,2,14,0,1,1,1,
2.023E+11,155 602 746,A01,2,7,3,0,1,1,1,
2.023E+11,155 602 743,A01,2,7,0,2,1,15,1,
2.023E+11,155 602 744,B01,1,32,0,2,7,1,1,
2.023E+11,155 602 742,A01,2,2,12,0,2,14,6,
2.023E+11,155 602 741,B01,1,7,0,2,1,1,1,
2.023E+11,155 602 745,A01,1,14,0,2,7,1,1,
2.023E+11,155 602 740,A01,0,80,0,0,4,19,3,
2.023E+11,155 602 737,A01,3,34,0,2,1,1,1,
2.023E+11,155 602 739,B01,3,80,0,0,4,15,3,
2.023E+11,155 602 735,A01,1,10,0,2,1,2,1,
2.023E+11,155 602 738,B01,1,7,0,0,4,23,1,
2.023E+11,155 602 736,A01,1,31,12,0,8,21,3,
2.023E+11,155 602 733,A01,1,7,0,2,1,1,0,
2.023E+11,155 602 734,B01,2,1,0,2,1,1,5,
2.023E+11,155 602 730,B01,1,99,0,2,7,1,0,
2.023E+11,155 602 732,A01,1,7,0,2,7,16,0,
2.023E+11,155 602 729,B01,1,99,0,2,8,1,1,
2.023E+11,155 602 731,A01,2,10,6,2,9,13,1,
2.023E+11,155 602 726,A01,1,31,0,2,1,1,1,
2.023E+11,155 602 728,B01,1,80,0,0,4,19,3,
2.023E+11,155 602 724,B01,0,7,0,2,1,1,1,
2.023E+11,155 602 727,A01,3,7,13,0,7,19,1,
2.023E+11,155 602 722,A01,1,7,0,2,5,19,1,
2.023E+11,155 602 725,B01,1,31,0,2,1,1,1,
2.023E+11,155 602 721,B01,2,1,0,0,4,1,5,
2.023E+11,155 602 723,A01,2,7,0,2,1,1,1,
2.023E+11,155 602 720,A01,2,7,0,1,2,1,1,
2.023E+11,155 602 719,A01,2,7,6,0,1,2,1,
2.023E+11,155 602 716,B01,1,31,0,2,1,1,1,
2.023E+11,155 602 718,A01,2,7,0,2,2,5,0,
2.023E+11,155 602 715,A01,2,7,0,0,0,26,0,
2.023E+11,155 602 717,B01,2,1,0,0,0,21,5,
2.023E+11,155 602 710,A01,2,15,0,2,8,13,1,
2.023E+11,155 602 712,B01,1,7,3,2,8,21,1,
2.023E+11,155 602 709,A01,2,7,0,2,2,15,1,
2.023E+11,155 602 714,B01,1,10,0,2,3,1,1,
2.023E+11,155 602 703,A01,2,7,0,2,2,17,1,
2.023E+11,155 602 707,B01,2,7,0,0,6,1,1,
2.023E+11,155 602 701,A01,2,7,0,2,1,2,1,
2.023E+11,155 602 704,B01,2,7,0,0,4,2,1,
2.023E+11,155 602 706,C01,2,7,0,0,6,2,1,
2.023E+11,155 602 702,B01,2,7,0,2,4,2,1,
2.023E+11,155 602 705,A01,2,7,0,2,1,2,1,
2.023E+11,155 602 708,C01,2,10,0,0,4,23,1,
2.023E+11,155 602 700,A01,2,10,2,0,1,1,1,
2.023E+11,155 602 696,B01,2,10,14,2,2,1,1,
2.023E+11,155 602 697,A01,1,7,0,2,2,13,1,
2.023E+11,155 602 695,A01,0,1,0,0,0,0,5,
2.023E+11,155 602 699,A01,1,2,0,0,1,1,1,
2.023E+11,155 602 698,A01,1,7,4,0,3,13,1,
2.023E+11,155 602 693,B01,2,80,0,2,2,2,3,
2.023E+11,155 602 694,A01,2,7,0,2,3,9,1,
2.023E+11,155 602 690,B01,1,1,0,0,4,25,5,
2.023E+11,155 602 692,A01,1,7,12,9,2,2,1,
2.023E+11,155 602 689,A01,1,7,13,0,1,14,1,
2.023E+11,155 602 691,B01,1,7,1,0,3,1,1,
2.023E+11,155 602 686,A01,1,33,6,0,7,0,1,
2.023E+11,155 602 685,A01,1,10,0,2,1,13,1,
2.023E+11,155 602 688,B01,2,13,0,2,1,1,1,
2.023E+11,155 602 684,A01,2,7,0,2,3,17,1,
2.023E+11,155 602 687,B01,1,7,0,2,3,1,0,
2.023E+11,155 602 679,A01,3,7,0,2,1,1,1,
2.023E+11,155 602 682,B01,3,10,0,2,1,1,1,
2.023E+11,155 602 678,B01,2,32,0,2,1,1,1,
2.023E+11,155 602 681,A01,1,7,0,2,3,15,1,
2.023E+11,155 602 677,A01,1,13,8,0,1,1,1,
2.023E+11,155 602 676,A01,2,7,13,0,1,19,1,
2.023E+11,155 602 675,A01,2,7,2,0,3,0,1,
2.023E+11,155 602 674,A01,2,7,2,0,1,13,1,
2.023E+11,155 602 673,A01,1,7,2,0,3,1,0,
2.023E+11,155 602 672,A01,1,7,2,0,1,1,1,
2.023E+11,155 602 668,A01,1,7,0,0,6,24,1,
2.023E+11,155 602 670,B01,1,32,1,0,1,9,1,
2.023E+11,155 602 666,A01,1,7,0,2,1,13,1,
2.023E+11,155 602 669,B01,2,14,0,2,1,1,1,
2.023E+11,155 602 665,A01,1,7,13,0,1,1,1,
2.023E+11,155 602 663,B01,2,7,0,2,1,21,1,
2.023E+11,155 602 664,A01,1,7,0,2,1,13,1,
2.023E+11,155 602 661,A01,2,2,0,2,1,26,1,
2.023E+11,155 602 662,B01,2,7,0,2,1,1,1,
2.023E+11,155 602 660,A01,1,7,0,1,2,1,1,
2.023E+11,155 602 658,A01,2,1,2,0,1,1,5,
2.023E+11,155 602 657,A01,1,7,0,2,3,13,1,
2.023E+11,155 602 659,B01,2,10,0,2,3,2,1,
2.023E+11,155 602 654,A01,3,7,1,0,9,1,1,
2.023E+11,155 602 652,B01,2,1,0,2,1,1,5,
2.023E+11,155 602 655,A01,1,7,0,2,2,15,1,
2.023E+11,155 602 651,B01,2,7,0,2,3,1,1,
2.023E+11,155 602 653,A01,2,7,0,2,2,17,1,
2.023E+11,155 602 648,C01,1,7,0,0,4,2,1,
2.023E+11,155 602 649,B01,1,7,0,2,4,2,1,
2.023E+11,155 602 650,A01,1,7,0,2,1,2,1,
2.023E+11,155 602 647,A01,1,7,16,0,2,1,1,
2.023E+11,155 602 645,A01,1,7,0,2,6,11,1,
2.023E+11,155 602 646,B01,1,33,0,2,2,17,1,
2.023E+11,155 602 641,A01,1,7,0,9,3,9,1,
2.023E+11,155 602 643,B01,1,1,0,2,1,1,5,
2.023E+11,155 602 639,A01,1,7,13,0,0,1,1,
2.023E+11,155 602 638,D01,1,7,0,2,2,1,1,
2.023E+11,155 602 640,C01,1,7,0,2,4,1,1,
2.023E+11,155 602 642,A01,2,15,0,2,3,6,6,
2.023E+11,155 602 644,B01,1,10,0,2,3,1,0,
2.023E+11,155 602 637,A01,1,33,13,0,1,17,1,
2.023E+11,155 602 636,A01,1,7,15,9,3,0,1,
2.023E+11,155 602 634,A01,3,7,0,1,2,4,6,
2.023E+11,155 602 632,A01,1,33,0,2,1,2,1,
2.023E+11,155 602 635,B01,1,7,0,0,4,2,1,
2.023E+11,155 602 631,A01,1,7,8,0,1,13,1,
2.023E+11,155 602 630,A01,1,7,13,0,2,0,1,
2.023E+11,155 602 627,A01,3,7,0,2,1,6,1,
2.023E+11,155 602 629,B01,3,33,0,2,7,1,1,
2.023E+11,155 602 626,A01,1,7,0,1,2,1,1,
2.023E+11,155 602 625,B01,2,7,0,2,3,1,1,
2.023E+11,155 602 628,A01,2,1,0,2,8,9,5,
2.023E+11,155 602 621,A01,1,7,0,2,6,17,1,
2.023E+11,155 602 623,B01,1,33,0,2,9,17,1,
2.023E+11,155 602 620,B01,2,43,0,2,3,2,1,
2.023E+11,155 602 624,A01,2,7,0,0,5,2,1,
2.023E+11,155 602 619,A01,0,10,0,9,2,15,1,
2.023E+11,155 602 622,B01,1,1,0,2,5,1,5,
2.023E+11,155 602 616,A01,1,7,0,2,1,13,1,
2.023E+11,155 602 618,B01,2,7,0,2,1,1,1,
2.023E+11,155 602 614,A01,2,1,0,2,1,1,5,
2.023E+11,155 602 617,B01,2,10,0,0,4,26,1,
2.023E+11,155 602 615,A01,2,7,2,0,1,21,1,
2.023E+11,155 602 612,A01,2,2,0,2,1,13,1,
2.023E+11,155 602 613,B01,1,7,0,2,1,1,1,
2.023E+11,155 602 610,A01,1,10,2,0,3,13,1,
2.023E+11,155 602 608,A01,1,7,8,0,1,1,1,
2.023E+11,155 602 607,A01,1,10,0,2,5,5,0,
2.023E+11,155 602 609,B01,2,10,0,2,1,0,0,
2.023E+11,155 602 604,C01,1,1,0,2,3,1,5,
2.023E+11,155 602 606,B01,1,7,0,2,3,1,1,
2.023E+11,155 602 611,A01,1,7,0,2,8,19,0,
2.023E+11,155 602 605,A01,1,7,13,0,1,1,1,
2.023E+11,155 602 603,A01,1,7,6,0,3,1,1,
2.023E+11,155 602 602,A01,2,7,0,1,1,16,1,
2.023E+11,155 602 601,A01,0,7,2,0,3,1,0,
2.023E+11,155 602 600,A01,1,1,0,0,1,1,5,
2.023E+11,155 602 597,A01,3,7,0,9,2,1,1,
2.023E+11,155 602 593,B01,1,7,0,0,4,1,1,
2.023E+11,155 602 595,A01,1,2,0,2,1,1,1,
2.023E+11,155 602 594,B01,1,7,0,2,3,1,1,
2.023E+11,155 602 596,A01,2,10,0,2,1,19,1,
2.023E+11,155 602 592,A01,1,7,13,0,1,1,1,
2.023E+11,155 602 590,B01,1,2,16,2,2,2,1,
2.023E+11,155 602 591,A01,1,7,16,2,3,11,1,
2.023E+11,155 602 588,A01,1,7,0,1,2,1,1,
2.023E+11,155 602 589,A01,1,7,12,0,9,1,1,
2.023E+11,155 602 583,B01,3,33,0,2,3,16,1,
2.023E+11,155 602 586,A01,3,7,0,2,3,15,1,
2.023E+11,155 602 579,A01,1,7,0,2,1,1,1,
2.023E+11,155 602 581,B01,2,15,0,2,3,1,1,
2.023E+11,155 602 584,C01,1,7,0,2,6,1,1,
2.023E+11,155 602 578,A01,1,3,0,1,1,1,3,
2.023E+11,155 602 580,A01,2,10,0,2,3,17,1,
2.023E+11,155 602 582,B01,2,7,0,2,6,15,1,
2.023E+11,155 602 576,B01,2,10,0,2,1,1,1,
2.023E+11,155 602 577,A01,2,30,14,2,1,17,1,
2.023E+11,155 602 575,A01,2,7,6,0,1,1,2,
2.023E+11,155 602 573,A01,2,33,0,0,0,0,1,
2.023E+11,155 602 572,A01,1,7,15,0,2,1,0,
2.023E+11,155 602 574,B01,1,7,0,2,2,1,0,
2.023E+11,155 602 570,A01,2,7,6,0,2,25,1,
2.023E+11,155 602 569,A01,2,7,0,2,1,9,1,
2.023E+11,155 602 571,B01,1,33,0,2,1,1,1,
2.023E+11,155 602 563,A01,1,7,0,2,3,1,1,
2.023E+11,155 602 567,B01,2,10,0,2,8,1,1,
2.023E+11,155 602 568,C01,2,7,0,2,3,1,1,
2.023E+11,155 602 562,B01,1,42,0,2,1,1,1,
2.023E+11,155 602 565,A01,2,7,0,2,1,15,1,
2.023E+11,155 602 560,A01,2,7,0,2,6,1,1,
2.023E+11,155 602 564,B01,1,7,0,2,2,19,1,
2.023E+11,155 602 557,A01,3,7,0,1,3,15,1,
2.023E+11,155 602 559,B01,1,7,0,2,2,17,1,
2.023E+11,155 602 561,A01,1,7,0,0,0,17,0,
2.023E+11,155 602 566,C01,1,7,6,1,8,15,1,
2.023E+11,155 602 556,B01,3,7,0,2,7,19,1,
2.023E+11,155 602 558,A01,3,10,0,2,1,0,1,
2.023E+11,155 602 550,A01,3,7,9,2,3,0,1,
2.023E+11,155 602 554,B01,3,7,0,2,6,0,2,
2.023E+11,155 602 551,A01,3,7,0,1,3,1,1,
2.023E+11,155 602 549,A01,1,7,0,2,1,5,1,
2.023E+11,155 602 553,B01,2,7,0,2,1,9,1,
2.023E+11,155 602 555,C01,2,7,0,2,1,1,1,
2.023E+11,155 602 547,A01,1,7,0,2,1,2,1,
2.023E+11,155 602 548,C01,1,15,0,0,6,1,1,
2.023E+11,155 602 552,B01,1,15,0,0,4,2,1,
2.023E+11,155 602 543,A01,1,7,0,2,1,2,1,
2.023E+11,155 602 546,B01,1,3,0,0,4,2,1,
2.023E+11,155 602 541,A01,1,33,0,2,2,17,1,
2.023E+11,155 602 544,B01,1,10,0,2,6,15,1,
2.023E+11,155 602 539,C01,1,7,0,2,1,1,1,
2.023E+11,155 602 542,B01,1,7,0,2,4,1,1,
2.023E+11,155 602 545,A01,1,10,0,0,8,1,1,
2.023E+11,155 602 537,A01,3,7,0,1,3,0,1,
2.023E+11,155 602 538,A01,1,2,0,2,1,1,1,
2.023E+11,155 602 540,B01,2,7,0,0,3,15,1,
2.023E+11,155 602 536,A01,2,7,6,0,9,1,1,
2.023E+11,155 602 532,A01,3,7,0,2,3,15,1,
2.023E+11,155 602 534,B01,3,2,0,2,1,1,1,
2.023E+11,155 602 531,B01,1,7,0,2,3,1,1,
2.023E+11,155 602 535,A01,2,1,0,2,8,16,5,
2.023E+11,155 602 530,B01,1,32,1,0,1,2,1,
2.023E+11,155 602 533,A01,1,7,0,0,4,23,1,
2.023E+11,155 602 526,A01,1,32,0,2,0,1,1,
2.023E+11,155 602 529,B01,1,7,0,0,0,1,1,
2.023E+11,155 602 525,A01,0,7,0,0,6,2,1,
2.023E+11,155 602 528,B01,0,7,0,2,1,2,1,
2.023E+11,155 602 523,A01,1,14,0,2,2,12,6,
2.023E+11,155 602 527,B01,1,7,0,2,8,1,1,
2.023E+11,155 602 519,C01,1,7,0,2,3,1,1,
2.023E+11,155 602 522,B01,1,7,0,2,6,1,1,
2.023E+11,155 602 524,A01,1,7,6,2,2,1,1,
2.023E+11,155 602 517,B01,2,7,0,2,4,2,1,
2.023E+11,155 602 520,A01,2,7,0,2,1,2,1,
2.023E+11,155 602 516,A01,1,15,0,2,1,1,1,
2.023E+11,155 602 521,B01,1,10,0,0,4,1,0,
2.023E+11,155 602 515,B01,1,7,0,9,1,1,1,
2.023E+11,155 602 518,A01,1,7,5,0,1,14,1,
2.023E+11,155 602 512,B01,2,33,0,2,1,3,1,
2.023E+11,155 602 514,A01,2,7,0,2,2,12,1,
2.023E+11,155 602 511,A01,1,33,12,0,0,21,1,
2.023E+11,155 602 509,A01,2,7,0,2,1,2,1,
2.023E+11,155 602 513,B01,2,10,0,2,4,2,1,
2.023E+11,155 602 507,A01,2,33,0,0,2,26,1,
2.023E+11,155 602 504,A01,2,14,0,0,5,1,1,
2.023E+11,155 602 506,B01,2,33,0,0,1,1,1,
2.023E+11,155 602 499,E01,1,7,0,2,4,0,1,
2.023E+11,155 602 502,D01,0,7,0,2,4,1,1,
2.023E+11,155 602 505,C01,1,7,0,2,4,1,1,
2.023E+11,155 602 508,B01,1,7,0,2,4,1,1,
2.023E+11,155 602 510,A01,1,7,0,2,1,1,1,
2.023E+11,155 602 497,A01,2,7,0,2,1,12,1,
2.023E+11,155 602 498,C01,2,7,0,2,5,1,1,
2.023E+11,155 602 501,B01,2,33,0,2,4,12,1,
2.023E+11,155 602 493,A01,1,7,0,0,4,1,1,
2.023E+11,155 602 496,B01,1,7,0,2,2,2,1,
2.023E+11,155 602 492,A01,2,33,4,0,3,0,1,
2.023E+11,155 602 490,A01,2,7,0,2,1,2,3,
2.023E+11,155 602 495,B01,2,7,0,2,4,2,1,
2.023E+11,155 602 500,C01,2,10,0,2,1,2,1,
2.023E+11,155 602 503,D01,2,7,0,2,4,2,1,
2.023E+11,155 602 489,A01,1,7,0,2,3,11,1,
2.023E+11,155 602 491,B01,1,34,0,2,7,3,1,
2.023E+11,155 602 494,C01,1,7,0,2,6,1,1,
2.023E+11,155 602 485,B01,1,7,0,2,3,0,1,
2.023E+11,155 602 488,A01,1,15,0,2,2,12,1,
2.023E+11,155 602 484,B01,1,32,0,2,7,1,1,
2.023E+11,155 602 487,A01,1,7,0,2,6,11,3,
2.023E+11,155 602 482,B01,2,7,0,2,4,2,1,
2.023E+11,155 602 483,A01,2,10,0,2,1,2,1,
2.023E+11,155 602 480,A01,2,7,0,2,2,12,1,
2.023E+11,155 602 486,B01,1,15,0,2,6,1,1,
2.023E+11,155 602 478,A01,1,37,0,1,6,7,2,1
2.023E+11,155 602 474,D01,2,7,0,2,6,0,1,
2.023E+11,155 602 477,C01,2,7,0,2,8,1,1,
2.023E+11,155 602 479,B01,2,7,0,2,2,12,1,
2.023E+11,155 602 481,A01,2,31,0,2,9,3,1,
2.023E+11,155 602 473,A01,1,37,0,2,2,1,1,1
2.023E+11,155 602 475,B01,1,13,0,2,3,9,1,
2.023E+11,155 602 472,B01,1,10,0,0,0,1,1,
2.023E+11,155 602 476,A01,1,10,0,2,4,1,1,
2.023E+11,155 602 469,A01,1,7,0,2,2,12,1,
2.023E+11,155 602 471,B01,1,43,0,2,9,3,1,