Num_Acc,id_vehicule,num_veh,senc,catv,obs,obsm,choc,manv,motor,occutc
2.023E+11,155 601 057,B01,1,7,0,2,4,1,1,
2.023E+11,155 601 058,A01,1,31,0,2,1,2,1,
2.023E+11,155 601 055,A01,1,1,3,0,1,1,5,
2.023E+11,155 601 054,A01,2,33,0,2,1,1,1,
2.023E+11,155 601 056,B01,3,7,0,0,5,23,4,
2.023E+11,155 601 051,A01,1,7,9,0,1,1,1,
2.023E+11,155 601 050,B01,1,7,0,2,2,1,1,
2.023E+11,155 601 052,A01,2,7,0,2,1,5,1,
2.023E+11,155 601 048,A01,2,7,0,2,1,1,1,
2.023E+11,155 601 049,B01,2,10,0,2,4,23,1,
2.023E+11,155 601 047,A01,3,32,0,1,0,25,0,
2.023E+11,155 601 046,A01,1,33,0,0,7,16,1,
2.023E+11,155 601 045,A01,1,7,9,0,2,1,1,
2.023E+11,155 601 043,A01,3,16,13,0,3,1,1,
2.023E+11,155 601 042,Y01,2,50,0,2,4,2,3,
2.023E+11,155 601 044,Z01,2,7,0,2,1,0,1,
2.023E+11,155 601 040,B01,0,10,0,9,2,9,1,
2.023E+11,155 601 041,A01,0,34,1,2,3,2,1,
2.023E+11,155 601 038,A01,2,1,0,2,3,16,5,
2.023E+11,155 601 039,B01,2,7,0,2,1,1,1,
2.023E+11,155 601 034,B01,2,10,0,2,2,1,0,
2.023E+11,155 601 036,A01,1,34,0,2,1,14,0,
2.023E+11,155 601 035,A01,2,7,0,2,2,15,1,
2.023E+11,155 601 037,B01,1,7,0,2,1,1,1,
2.023E+11,155 601 031,A01,1,7,0,2,8,19,0,
2.023E+11,155 601 033,B01,2,2,0,2,1,1,0,
2.023E+11,155 601 030,A01,1,33,0,2,1,13,1,
2.023E+11,155 601 032,B01,1,7,0,0,0,0,1,
2.023E+11,155 601 028,A01,2,10,0,2,3,19,1,
2.023E+11,155 601 029,B01,1,30,0,2,1,15,0,
2.023E+11,155 601 025,B01,1,10,0,2,3,5,1,
2.023E+11,155 601 026,A01,3,7,0,2,3,2,1,
2.023E+11,155 601 024,B01,2,33,0,2,3,1,0,
2.023E+11,155 601 027,A01,3,99,0,2,2,1,6,
2.023E+11,155 601 023,A01,1,43,1,0,1,15,1,
2.023E+11,155 601 021,A01,1,7,1,0,2,0,1,
2.023E+11,155 601 022,B01,1,7,1,0,8,0,1,
2.023E+11,155 601 019,A01,1,7,0,2,1,15,1,
2.023E+11,155 601 020,B01,2,33,0,2,1,1,1,
2.023E+11,155 601 017,A01,1,7,0,1,1,1,1,
2.023E+11,155 601 018,A01,1,33,1,0,1,2,1,
2.023E+11,155 601 016,A01,2,7,6,0,3,13,1,
2.023E+11,155 601 015,A01,2,7,0,1,2,1,1,
2.023E+11,155 601 012,A01,1,33,0,2,1,1,1,
2.023E+11,155 601 014,Y01,1,60,0,2,7,1,5,
2.023E+11,155 601 013,A01,1,33,12,0,1,1,1,
2.023E+11,155 601 010,A01,1,33,12,2,1,1,1,
2.023E+11,155 601 011,B01,0,99,0,2,1,0,3,
2.023E+11,155 601 008,A01,2,33,12,0,1,1,1,
2.023E+11,155 601 007,B01,1,2,0,2,1,1,3,
2.023E+11,155 601 009,A01,2,7,0,2,5,15,2,
2.023E+11,155 601 006,A01,-1,7,0,1,1,-1,-1,
2.023E+11,155 601 003,B01,1,7,0,2,1,1,1,
2.023E+11,155 601 005,A01,2,7,0,2,1,13,1,
2.023E+11,155 601 002,B01,0,1,0,2,1,0,5,
2.023E+11,155 601 004,A01,0,32,0,2,1,0,1,
2.023E+11,155 601 001,A01,0,30,2,0,0,1,3,
2.023E+11,155 601 000,A01,0,7,0,1,1,9,1,
2.023E+11,155 600 998,A01,1,33,0,2,1,11,1,
2.023E+11,155 600 999,B01,1,38,0,2,8,15,1,9
2.023E+11,155 600 996,A01,3,7,0,0,3,22,0,
2.023E+11,155 600 997,B01,3,1,1,0,2,1,5,
2.023E+11,155 600 992,B01,0,7,0,2,3,1,0,
2.023E+11,155 600 995,A01,0,7,0,2,2,1,0,
2.023E+11,155 600 990,A01,2,10,0,2,9,1,1,
2.023E+11,155 600 994,B01,2,10,0,0,5,1,1,
2.023E+11,155 600 991,A01,1,7,0,2,2,16,1,
2.023E+11,155 600 993,B01,0,50,0,2,3,19,3,
2.023E+11,155 600 986,B01,2,14,0,2,3,23,1,
2.023E+11,155 600 988,A01,1,15,1,0,6,1,1,
2.023E+11,155 600 989,C01,2,14,0,2,1,23,1,
2.023E+11,155 600 983,C01,0,7,0,0,4,2,2,
2.023E+11,155 600 985,A01,0,7,0,2,1,2,1,
2.023E+11,155 600 987,B01,0,7,0,2,0,0,0,
2.023E+11,155 600 982,A01,3,7,0,2,1,5,1,
2.023E+11,155 600 984,B01,0,7,0,2,1,1,1,
2.023E+11,155 600 980,A01,1,2,0,2,3,15,1,
2.023E+11,155 600 981,B01,3,7,0,2,3,1,1,
2.023E+11,155 600 977,A01,1,37,0,2,1,1,2,1
2.023E+11,155 600 979,B01,1,7,0,2,4,1,1,
2.023E+11,155 600 976,A01,1,7,0,2,3,15,1,
2.023E+11,155 600 978,B01,2,33,0,2,3,2,1,
2.023E+11,155 600 973,A01,1,7,0,2,1,12,1,
2.023E+11,155 600 975,B01,1,50,0,2,4,1,1,
2.023E+11,155 600 971,B01,3,7,0,2,0,0,1,
2.023E+11,155 600 974,A01,3,7,0,2,3,1,1,
2.023E+11,155 600 970,B01,3,7,0,2,1,15,1,
2.023E+11,155 600 972,A01,0,31,0,2,7,17,1,
2.023E+11,155 600 969,A01,2,7,3,0,7,0,1,
2.023E+11,155 600 968,A01,1,7,0,1,2,1,1,
2.023E+11,155 600 963,A01,2,10,0,2,1,1,0,
2.023E+11,155 600 965,B01,1,7,0,2,1,1,0,
2.023E+11,155 600 962,B01,2,10,0,2,8,1,1,
2.023E+11,155 600 964,A01,1,7,0,2,3,13,1,
2.023E+11,155 600 966,C01,2,7,0,2,3,1,2,
2.023E+11,155 600 961,A01,1,7,0,0,5,2,1,
2.023E+11,155 600 967,B01,1,33,0,2,1,2,1,
2.023E+11,155 600 960,A01,2,36,6,0,1,1,1,
2.023E+11,155 600 957,A01,2,7,0,2,2,15,1,
2.023E+11,155 600 959,B01,1,33,0,2,1,1,1,
2.023E+11,155 600 956,A01,3,7,0,2,3,19,1,
2.023E+11,155 600 958,B01,3,2,0,2,1,1,1,
2.023E+11,155 600 954,A01,2,1,0,0,8,2,5,
2.023E+11,155 600 955,B01,2,7,0,9,7,2,1,
2.023E+11,155 600 953,A01,3,31,2,0,8,1,1,
2.023E+11,155 600 951,A01,1,10,0,2,0,5,1,
2.023E+11,155 600 952,B01,2,7,0,2,8,1,1,
2.023E+11,155 600 948,B01,1,7,0,2,1,9,1,
2.023E+11,155 600 950,A01,2,33,0,2,7,21,1,
2.023E+11,155 600 947,A01,1,7,0,2,3,13,1,
2.023E+11,155 600 949,B01,2,7,0,0,3,1,3,
2.023E+11,155 600 944,A01,2,7,0,2,3,1,1,
2.023E+11,155 600 946,B01,1,7,3,0,3,1,3,
2.023E+11,155 600 943,A01,1,7,0,2,3,13,1,
2.023E+11,155 600 945,B01,2,33,13,2,1,1,1,
2.023E+11,155 600 942,A01,2,7,17,0,3,13,1,
2.023E+11,155 600 941,A01,1,33,12,0,7,1,1,
2.023E+11,155 600 939,A01,2,15,3,0,2,14,1,
2.023E+11,155 600 938,A01,2,2,0,2,1,1,1,
2.023E+11,155 600 940,B01,1,7,0,2,2,15,1,
2.023E+11,155 600 937,A01,1,33,3,0,8,0,1,
2.023E+11,155 600 934,A01,1,2,13,0,1,21,1,
2.023E+11,155 600 932,B01,2,7,0,2,7,1,1,
2.023E+11,155 600 935,A01,3,2,0,2,3,15,1,
2.023E+11,155 600 931,A01,2,7,13,2,2,12,1,
2.023E+11,155 600 933,B01,2,7,0,2,3,1,1,
2.023E+11,155 600 936,C01,2,7,14,0,2,2,1,
2.023E+11,155 600 926,B01,1,2,0,2,1,15,1,
2.023E+11,155 600 930,A01,2,7,0,2,2,1,1,
2.023E+11,155 600 927,A01,1,33,0,2,1,1,1,
2.023E+11,155 600 929,B01,1,30,0,2,4,1,1,
2.023E+11,155 600 925,B01,2,7,0,2,2,13,1,
2.023E+11,155 600 928,A01,1,7,0,2,1,1,1,
2.023E+11,155 600 924,A01,2,7,2,0,1,0,1,
2.023E+11,155 600 922,A01,2,1,1,0,1,1,5,
2.023E+11,155 600 921,B01,2,33,2,2,1,0,1,
2.023E+11,155 600 923,A01,2,7,0,0,4,26,1,
2.023E+11,155 600 918,A01,0,33,0,0,0,0,1,
2.023E+11,155 600 917,B01,1,7,0,2,1,1,1,
2.023E+11,155 600 920,A01,3,1,0,0,6,19,5,
2.023E+11,155 600 915,A01,2,2,0,0,0,16,1,
2.023E+11,155 600 912,B01,2,7,0,2,3,1,1,
2.023E+11,155 600 913,A01,1,2,0,2,1,1,1,
2.023E+11,155 600 911,A01,2,2,0,0,7,1,1,
2.023E+11,155 600 907,B01,2,7,0,2,1,1,2,
2.023E+11,155 600 908,A01,1,10,0,2,1,13,1,
2.023E+11,155 600 906,A01,2,14,0,0,7,14,1,
2.023E+11,155 600 909,B01,2,7,0,0,0,17,1,
2.023E+11,155 600 904,A01,2,7,0,2,2,1,1,
2.023E+11,155 600 905,B01,2,7,0,2,6,1,1,
2.023E+11,155 600 901,A01,1,7,13,2,6,1,1,
2.023E+11,155 600 902,B01,1,7,0,2,2,13,1,
2.023E+11,155 600 900,A01,0,7,0,2,8,15,1,
2.023E+11,155 600 903,B01,2,7,0,2,1,1,1,
2.023E+11,155 600 898,A01,1,7,0,0,9,14,1,
2.023E+11,155 600 897,A01,2,7,0,2,4,1,1,
2.023E+11,155 600 899,B01,2,7,0,2,1,1,1,
2.023E+11,155 600 895,A01,1,7,0,2,2,15,1,
2.023E+11,155 600 896,B01,2,30,0,2,1,1,1,
2.023E+11,155 600 893,A01,2,7,4,0,9,2,1,
2.023E+11,155 600 894,A01,0,7,0,0,1,16,1,
2.023E+11,155 600 892,A01,1,7,13,0,3,13,1,
2.023E+11,155 600 889,Z01,2,7,0,2,0,14,1,
2.023E+11,155 600 891,B01,2,7,0,0,9,21,1,
2.023E+11,155 600 888,A01,1,33,0,2,8,1,1,
2.023E+11,155 600 890,B01,2,10,0,2,0,13,0,
2.023E+11,155 600 886,A01,2,33,0,0,9,1,1,
2.023E+11,155 600 884,B01,2,31,0,2,2,1,1,
2.023E+11,155 600 887,A01,2,7,0,2,1,16,1,
2.023E+11,155 600 885,A01,1,43,0,0,2,12,1,
2.023E+11,155 600 881,A01,2,2,0,2,1,1,1,
2.023E+11,155 600 883,B01,2,2,0,2,4,1,1,
2.023E+11,155 600 879,A01,1,7,0,2,1,2,1,
2.023E+11,155 600 882,B01,1,7,0,2,4,2,1,
2.023E+11,155 600 878,A01,0,7,0,2,1,9,1,
2.023E+11,155 600 880,B01,0,31,0,2,1,1,1,
2.023E+11,155 600 874,A01,1,7,0,2,1,0,2,
2.023E+11,155 600 877,B01,2,7,0,2,1,0,1,
2.023E+11,155 600 872,A01,1,15,0,2,2,12,1,
2.023E+11,155 600 876,B01,1,7,0,2,6,1,1,
2.023E+11,155 600 873,B01,2,1,0,2,8,1,5,
2.023E+11,155 600 875,A01,1,7,0,9,1,15,1,
2.023E+11,155 600 869,A01,1,33,0,0,0,1,0,
2.023E+11,155 600 870,A01,2,7,0,2,8,13,1,
2.023E+11,155 600 871,B01,2,33,3,2,7,17,1,
2.023E+11,155 600 866,A01,2,33,16,0,0,1,1,
2.023E+11,155 600 867,A01,2,7,0,2,4,15,1,
2.023E+11,155 600 868,B01,1,7,0,2,1,1,1,
2.023E+11,155 600 864,A01,1,7,0,2,7,1,1,
2.023E+11,155 600 865,B01,1,15,0,2,8,0,1,
2.023E+11,155 600 862,A01,1,7,0,0,9,1,1,
2.023E+11,155 600 860,A01,2,32,0,2,3,3,1,
2.023E+11,155 600 863,B01,2,7,0,2,2,12,1,
2.023E+11,155 600 858,A01,1,7,2,0,1,1,1,
2.023E+11,155 600 857,A01,1,7,0,2,1,13,1,
2.023E+11,155 600 859,B01,2,7,0,2,8,1,1,
2.023E+11,155 600 861,C01,2,7,0,2,3,1,1,
2.023E+11,155 600 855,A01,2,7,0,2,1,1,1,
2.023E+11,155 600 856,B01,2,15,0,2,4,1,1,
2.023E+11,155 600 852,A01,2,7,0,2,3,16,1,
2.023E+11,155 600 854,B01,2,2,0,2,1,1,1,
2.023E+11,155 600 850,A01,2,33,4,2,1,3,1,
2.023E+11,155 600 851,B01,2,10,4,2,8,11,1,
2.023E+11,155 600 848,A01,2,15,0,0,4,1,1,
2.023E+11,155 600 849,B01,2,99,0,2,1,2,1,
2.023E+11,155 600 845,B01,2,17,0,2,1,1,1,
2.023E+11,155 600 847,A01,1,7,0,2,1,13,3,
2.023E+11,155 600 844,A01,1,7,0,2,7,12,1,
2.023E+11,155 600 846,B01,1,33,0,2,8,1,1,
2.023E+11,155 600 842,A01,1,7,0,0,6,23,1,
2.023E+11,155 600 843,B01,1,31,0,2,1,1,1,
2.023E+11,155 600 839,A01,1,7,0,0,8,15,1,
2.023E+11,155 600 841,B01,1,31,0,2,2,17,1,
2.023E+11,155 600 838,A01,2,7,0,2,1,2,1,
2.023E+11,155 600 840,B01,2,7,0,2,4,2,1,
2.023E+11,155 600 837,A01,2,3,0,1,3,21,1,
2.023E+11,155 600 836,A01,1,33,0,1,1,1,0,
2.023E+11,155 600 833,A01,2,7,4,2,3,11,1,
2.023E+11,155 600 835,B01,2,7,4,2,5,1,1,
2.023E+11,155 600 832,A01,1,14,3,0,1,1,1,
2.023E+11,155 600 830,A01,1,7,0,2,8,1,1,
2.023E+11,155 600 834,B01,1,7,0,2,1,19,1,
2.023E+11,155 600 829,B01,1,7,-1,-1,-1,-1,-1,
2.023E+11,155 600 831,A01,1,31,0,2,8,21,1,
2.023E+11,155 600 828,A01,0,7,6,1,1,15,1,
2.023E+11,155 600 826,A01,1,7,0,2,3,1,2,
2.023E+11,155 600 827,B01,2,1,0,2,1,17,5,
2.023E+11,155 600 823,A01,1,7,0,2,7,12,1,
2.023E+11,155 600 825,B01,1,33,0,2,8,18,1,
2.023E+11,155 600 822,A01,1,17,0,2,6,1,1,
2.023E+11,155 600 824,B01,1,7,0,2,2,3,1,
2.023E+11,155 600 820,B01,1,7,0,2,3,2,1,
2.023E+11,155 600 821,A01,1,2,0,2,5,12,1,
2.023E+11,155 600 819,A01,2,30,0,1,7,17,1,
2.023E+11,155 600 817,A01,2,7,0,2,1,13,1,
2.023E+11,155 600 818,B01,2,7,0,2,1,1,1,
2.023E+11,155 600 815,A01,2,30,12,0,1,14,0,
2.023E+11,155 600 816,A01,2,10,0,1,1,1,1,
2.023E+11,155 600 813,A01,1,31,0,2,1,1,1,
2.023E+11,155 600 814,B01,2,37,0,2,1,1,1,1
2.023E+11,155 600 810,B01,2,7,0,2,3,13,1,
2.023E+11,155 600 812,A01,1,7,0,2,3,13,1,
2.023E+11,155 600 808,A01,2,2,4,0,2,1,1,
2.023E+11,155 600 809,A01,1,7,0,2,1,1,1,
2.023E+11,155 600 811,B01,1,50,0,2,4,1,3,
2.023E+11,155 600 806,A01,1,7,0,2,1,2,1,
2.023E+11,155 600 807,B01,1,14,0,0,4,2,1,
2.023E+11,155 600 804,A01,1,7,0,1,3,2,1,
2.023E+11,155 600 803,A01,1,2,0,2,1,1,1,
2.023E+11,155 600 805,B01,1,7,0,9,4,16,1,
2.023E+11,155 600 799,B01,2,7,0,2,1,1,1,
2.023E+11,155 600 801,A01,1,7,0,2,1,13,1,
2.023E+11,155 600 796,B01,2,34,0,2,0,0,0,
2.023E+11,155 600 798,A01,2,10,0,2,4,9,1,
2.023E+11,155 600 795,A01,2,10,0,2,1,0,1,
2.023E+11,155 600 797,B01,2,7,3,2,4,1,1,
2.023E+11,155 600 800,C01,2,7,0,2,4,1,1,
2.023E+11,155 600 802,D01,2,10,0,2,5,1,1,
2.023E+11,155 600 793,A01,3,60,1,0,1,25,5,
2.023E+11,155 600 794,B01,3,7,0,0,2,23,1,
2.023E+11,155 600 791,A01,1,7,6,0,8,13,1,
2.023E+11,155 600 790,A01,2,7,0,0,5,16,0,
2.023E+11,155 600 792,B01,2,31,0,0,3,11,0,
2.023E+11,155 600 787,B01,1,33,0,2,1,1,1,
2.023E+11,155 600 789,A01,2,7,0,2,3,5,1,
2.023E+11,155 600 786,A01,2,31,2,0,9,1,1,
2.023E+11,155 600 785,A01,2,7,0,2,2,1,1,
2.023E+11,155 600 788,B01,1,7,0,2,3,1,1,
2.023E+11,155 600 780,B01,3,32,0,2,8,1,1,
2.023E+11,155 600 784,A01,3,7,0,2,2,1,1,
2.023E+11,155 600 781,B01,1,7,0,2,1,1,1,
2.023E+11,155 600 783,A01,2,7,0,2,1,17,1,
2.023E+11,155 600 779,A01,2,7,0,2,1,1,1,
2.023E+11,155 600 782,B01,2,7,0,2,3,1,1,
2.023E+11,155 600 774,B01,2,15,0,2,2,1,1,
2.023E+11,155 600 776,A01,2,7,0,2,6,1,1,
2.023E+11,155 600 771,C01,2,7,1,0,1,1,1,
2.023E+11,155 600 773,D01,2,7,1,0,8,1,1,
2.023E+11,155 600 775,A01,2,10,0,2,7,1,1,
2.023E+11,155 600 777,B01,2,7,3,0,4,1,1,
2.023E+11,155 600 768,A01,1,7,0,2,4,26,1,
2.023E+11,155 600 769,B01,1,7,0,2,1,1,1,
2.023E+11,155 600 761,C01,1,7,0,2,6,1,1,
2.023E+11,155 600 762,B01,1,7,0,2,4,2,1,
2.023E+11,155 600 764,A01,1,7,0,2,1,2,1,
2.023E+11,155 600 760,A01,1,7,1,1,1,19,0,
2.023E+11,155 600 757,A01,1,7,0,2,1,2,1,
2.023E+11,155 600 759,B01,1,7,0,2,4,2,1,
2.023E+11,155 600 765,A01,2,7,0,2,2,1,1,
2.023E+11,155 600 767,B01,2,1,0,2,4,15,5,
2.023E+11,155 600 756,B01,2,33,0,2,1,26,1,
2.023E+11,155 600 758,A01,2,17,0,2,6,26,1,
2.023E+11,155 600 751,A01,1,10,0,2,1,2,1,
2.023E+11,155 600 753,B01,1,15,0,2,5,2,1,
2.023E+11,155 600 749,E01,2,7,0,2,4,1,1,
2.023E+11,155 600 750,D01,2,7,0,2,4,1,1,
2.023E+11,155 600 752,C01,2,7,0,2,4,1,1,
2.023E+11,155 600 754,B01,2,7,0,2,4,1,1,
2.023E+11,155 600 755,A01,2,7,0,2,1,9,1,
2.023E+11,155 600 748,A01,3,30,11,0,1,13,1,
2.023E+11,155 600 743,D01,2,7,4,2,4,0,1,
2.023E+11,155 600 744,C01,2,7,4,2,4,2,1,
2.023E+11,155 600 746,A01,2,7,4,2,1,2,1,
2.023E+11,155 600 747,B01,2,7,4,2,4,1,1,
2.023E+11,155 600 741,A01,0,7,0,2,1,1,1,
2.023E+11,155 600 742,B01,1,10,0,2,1,1,1,
2.023E+11,155 600 740,A01,2,7,3,0,2,0,1,
2.023E+11,155 600 738,A01,1,33,0,0,7,1,1,
2.023E+11,155 600 737,A01,2,7,0,2,6,10,1,
2.023E+11,155 600 739,B01,2,2,0,0,0,0,1,
2.023E+11,155 600 734,B01,2,33,3,2,4,23,1,
2.023E+11,155 600 736,A01,2,7,0,2,1,2,3,
2.023E+11,155 600 733,A01,3,7,0,2,1,15,1,
2.023E+11,155 600 735,B01,3,7,0,2,7,15,1,
2.023E+11,155 600 729,A01,0,33,0,2,1,18,1,
2.023E+11,155 600 730,B01,0,7,0,2,2,15,1,
2.023E+11,155 600 731,A01,1,7,0,2,1,2,1,
2.023E+11,155 600 732,B01,1,7,0,2,4,2,1,
2.023E+11,155 600 728,A01,3,7,8,0,1,13,1,
2.023E+11,155 600 724,B01,2,7,0,2,2,18,1,
2.023E+11,155 600 725,C01,1,10,0,0,0,0,1,
2.023E+11,155 600 726,D01,3,7,0,2,0,0,1,
2.023E+11,155 600 727,A01,1,32,1,2,2,17,1,
2.023E+11,155 600 723,A01,3,10,0,1,4,20,1,
2.023E+11,155 600 722,A01,1,10,0,1,7,17,1,
2.023E+11,155 600 721,A01,2,7,0,1,2,1,1,
2.023E+11,155 600 719,B01,2,1,0,2,7,1,5,
2.023E+11,155 600 720,A01,2,7,0,2,1,9,1,
2.023E+11,155 600 717,A01,1,7,0,2,3,23,1,
2.023E+11,155 600 718,B01,2,33,0,2,1,17,1,
2.023E+11,155 600 715,A01,3,1,0,2,1,19,5,
2.023E+11,155 600 716,B01,2,7,0,9,6,2,1,
2.023E+11,155 600 714,A01,1,7,6,0,1,21,1,
2.023E+11,155 600 712,B01,3,2,0,2,1,1,1,
2.023E+11,155 600 713,A01,3,7,0,2,3,1,1,
2.023E+11,155 600 711,A01,1,7,0,1,1,1,1,
2.023E+11,155 600 710,A01,1,32,0,5,1,1,1,
2.023E+11,155 600 706,A01,2,30,0,2,2,17,3,
2.023E+11,155 600 707,B01,1,1,0,2,0,1,5,
2.023E+11,155 600 704,A01,3,7,0,2,3,9,1,
2.023E+11,155 600 705,B01,3,7,15,2,5,1,1,
2.023E+11,155 600 702,B01,2,7,0,2,3,1,1,
2.023E+11,155 600 703,A01,1,7,0,2,1,15,1,
2.023E+11,155 600 700,A01,2,7,0,2,1,2,1,
2.023E+11,155 600 701,B01,2,7,0,2,4,23,1,
2.023E+11,155 600 698,A01,1,7,0,2,7,16,1,
2.023E+11,155 600 699,B01,1,30,0,2,8,18,0,
2.023E+11,155 600 696,A01,3,7,0,2,2,1,1,
2.023E+11,155 600 697,B01,3,50,0,2,1,15,3,
2.023E+11,155 600 694,A01,1,30,0,2,2,17,1,
2.023E+11,155 600 695,B01,1,7,0,2,3,15,1,
2.023E+11,155 600 692,A01,1,30,0,2,2,16,1,
2.023E+11,155 600 693,B01,1,31,0,2,3,1,1,
2.023E+11,155 600 690,A01,3,14,0,2,3,16,1,
2.023E+11,155 600 691,B01,3,1,0,2,1,1,5,
2.023E+11,155 600 688,A01,2,15,0,2,7,17,1,
2.023E+11,155 600 689,B01,2,1,0,2,3,2,5,
2.023E+11,155 600 686,B01,3,7,0,2,3,0,1,
2.023E+11,155 600 687,A01,3,1,0,2,7,15,5,
2.023E+11,155 600 684,A01,1,7,0,2,1,1,1,
2.023E+11,155 600 685,B01,1,7,0,2,4,1,1,
2.023E+11,155 600 681,B01,2,7,0,2,4,2,1,
2.023E+11,155 600 682,C01,2,7,0,2,4,2,1,
2.023E+11,155 600 683,A01,2,7,0,2,1,2,1,
2.023E+11,155 600 679,A01,1,7,0,2,3,0,1,
2.023E+11,155 600 680,B01,1,33,0,2,0,0,1,
2.023E+11,155 600 678,A01,2,7,1,0,2,1,1,
2.023E+11,155 600 676,A01,1,7,0,2,7,19,1,
2.023E+11,155 600 677,B01,1,33,0,2,1,1,1,
2.023E+11,155 600 674,A01,1,2,0,2,2,1,1,
2.023E+11,155 600 675,B01,1,10,0,2,3,15,1,
2.023E+11,155 600 671,B01,1,34,0,2,1,18,1,
2.023E+11,155 600 672,C01,1,7,0,2,7,1,1,
2.023E+11,155 600 673,A01,2,10,0,2,3,16,1,
2.023E+11,155 600 670,A01,1,7,0,1,3,15,6,
2.023E+11,155 600 669,A01,1,30,0,0,0,14,3,
2.023E+11,155 600 667,B01,1,7,0,2,8,15,1,
2.023E+11,155 600 668,A01,1,31,0,2,1,17,1,
2.023E+11,155 600 665,A01,2,10,0,2,2,1,1,
2.023E+11,155 600 666,B01,2,7,0,2,6,1,3,
2.023E+11,155 600 663,B01,2,7,0,2,1,1,1,
2.023E+11,155 600 664,A01,2,32,0,2,1,5,1,
2.023E+11,155 600 661,B01,2,32,4,2,1,1,1,
2.023E+11,155 600 662,A01,2,1,4,2,1,13,5,
2.023E+11,155 600 660,A01,1,80,0,1,1,1,3,
2.023E+11,155 600 659,A01,1,7,8,0,1,13,4,
2.023E+11,155 600 657,A01,2,7,0,2,8,13,3,
2.023E+11,155 600 658,B01,2,32,0,2,2,1,1,
2.023E+11,155 600 653,D01,2,7,0,2,1,1,1,
2.023E+11,155 600 654,B01,2,10,0,2,2,1,1,
2.023E+11,155 600 655,C01,2,7,0,2,1,1,2,
2.023E+11,155 600 656,A01,1,32,14,2,1,1,3,
2.023E+11,155 600 651,A01,3,7,1,0,2,1,1,
2.023E+11,155 600 652,B01,3,7,0,2,4,23,1,
2.023E+11,155 600 649,A01,3,7,0,2,2,15,1,
2.023E+11,155 600 650,B01,2,32,0,2,1,1,1,
2.023E+11,155 600 647,B01,1,60,0,2,8,19,5,
2.023E+11,155 600 648,A01,1,1,0,2,1,1,5,
2.023E+11,155 600 645,B01,2,7,0,2,3,9,1,
2.023E+11,155 600 646,A01,1,33,0,2,1,1,1,
2.023E+11,155 600 644,A01,1,1,0,1,1,1,5,
2.023E+11,155 600 642,A01,1,7,0,2,1,1,1,
2.023E+11,155 600 643,B01,1,1,0,2,4,1,5,
2.023E+11,155 600 640,B01,1,1,0,2,4,1,5,
2.023E+11,155 600 641,A01,1,43,0,2,1,1,1,
2.023E+11,155 600 638,B01,2,7,0,2,0,1,1,
2.023E+11,155 600 639,A01,1,1,0,2,1,1,5,
2.023E+11,155 600 637,A01,1,32,0,0,4,21,1,
2.023E+11,155 600 635,A01,3,80,0,2,1,1,3,
2.023E+11,155 600 636,B01,3,50,0,2,1,1,3,
2.023E+11,155 600 633,B01,0,1,0,2,2,15,5,
2.023E+11,155 600 634,A01,0,31,0,2,3,17,3,
2.023E+11,155 600 632,A01,3,1,0,0,0,1,5,
2.023E+11,155 600 631,A01,3,2,8,0,2,13,3,
2.023E+11,155 600 629,A01,1,1,0,2,8,19,5,
2.023E+11,155 600 630,B01,1,50,0,2,1,1,3,
2.023E+11,155 600 625,A01,1,7,0,2,2,16,1,
2.023E+11,155 600 626,B01,1,50,0,2,8,2,3,
2.023E+11,155 600 623,A01,3,10,0,2,1,16,1,
2.023E+11,155 600 624,B01,3,14,0,2,4,2,1,
2.023E+11,155 600 621,A01,2,7,0,2,1,1,0,
2.023E+11,155 600 622,B01,2,7,0,2,4,1,0,
2.023E+11,155 600 619,B01,3,7,0,2,1,1,1,
2.023E+11,155 600 620,A01,2,7,0,2,7,1,0,
2.023E+11,155 600 618,A01,3,13,0,1,0,26,1,
2.023E+11,155 600 616,A01,1,7,0,2,2,16,0,
2.023E+11,155 600 617,B01,1,50,0,2,1,1,3,
2.023E+11,155 600 614,B01,1,7,0,2,3,15,1,
2.023E+11,155 600 615,A01,2,33,0,2,1,1,1,
2.023E+11,155 600 613,A01,2,7,8,0,8,0,1,
2.023E+11,155 600 611,A01,0,10,0,2,0,0,0,
2.023E+11,155 600 612,B01,0,60,0,2,0,0,5,
2.023E+11,155 600 609,B01,2,7,0,2,6,23,3,
2.023E+11,155 600 610,A01,2,43,0,2,1,1,1,
2.023E+11,155 600 608,A01,-1,7,-1,1,-1,0,-1,
2.023E+11,155 600 606,A01,0,7,0,2,0,0,1,
2.023E+11,155 600 607,B01,0,1,0,2,0,0,5,
2.023E+11,155 600 605,A01,1,7,0,1,2,2,1,
2.023E+11,155 600 603,A01,3,33,0,2,3,11,1,
2.023E+11,155 600 604,B01,3,7,0,2,6,0,0,
2.023E+11,155 600 601,B01,1,37,15,0,2,16,0,1
2.023E+11,155 600 602,A01,1,50,15,2,8,18,3,
2.023E+11,155 600 599,A01,1,99,0,2,2,9,3,
2.023E+11,155 600 600,B01,1,37,0,2,2,0,0,1
2.023E+11,155 600 597,A01,1,7,0,2,3,10,1,
2.023E+11,155 600 598,B01,2,1,0,2,1,1,5,
2.023E+11,155 600 595,B01,1,43,0,2,1,1,1,