Num_Acc,id_vehicule,num_veh,senc,catv,obs,obsm,choc,manv,motor,occutc
2.023E+11,155 600 596,A01,3,10,0,2,6,19,1,
2.023E+11,155 600 593,A01,1,33,0,2,1,1,1,
2.023E+11,155 600 594,B01,1,7,0,2,8,15,1,
2.023E+11,155 600 591,A01,1,7,0,2,3,1,0,
2.023E+11,155 600 592,B01,2,2,0,2,1,13,0,
2.023E+11,155 600 589,B01,1,7,0,0,1,1,1,
2.023E+11,155 600 590,A01,2,7,0,0,7,1,1,
2.023E+11,155 600 587,A01,1,7,0,2,1,2,1,
2.023E+11,155 600 588,B01,1,15,0,0,4,1,1,
2.023E+11,155 600 585,A01,1,2,0,2,1,19,1,
2.023E+11,155 600 586,B01,1,7,0,2,3,1,1,
2.023E+11,155 600 583,A01,2,7,0,2,6,10,1,
2.023E+11,155 600 584,B01,2,43,0,2,1,1,1,
2.023E+11,155 600 582,A01,3,2,12,0,1,0,1,
2.023E+11,155 600 581,A01,1,7,13,0,3,0,1,
2.023E+11,155 600 580,A01,1,7,4,9,9,1,1,
2.023E+11,155 600 579,A01,3,7,2,0,1,1,1,
2.023E+11,155 600 578,A01,1,31,0,0,0,1,1,
2.023E+11,155 600 577,A01,1,7,1,0,1,1,1,
2.023E+11,155 600 576,A01,2,7,0,1,4,4,1,
2.023E+11,155 600 575,A01,0,10,0,1,7,1,0,
2.023E+11,155 600 574,A01,1,7,2,0,1,1,1,
2.023E+11,155 600 573,A01,1,33,0,0,0,1,1,
2.023E+11,155 600 571,A01,2,7,0,2,3,13,1,
2.023E+11,155 600 572,B01,1,7,0,2,3,1,1,
2.023E+11,155 600 570,A01,3,1,0,0,0,1,5,
2.023E+11,155 600 568,A01,1,7,0,2,2,15,1,
2.023E+11,155 600 569,B01,1,2,0,2,1,1,1,
2.023E+11,155 600 566,A01,2,7,0,2,7,1,1,
2.023E+11,155 600 567,B01,2,7,0,2,1,1,1,
2.023E+11,155 600 564,A01,1,7,0,2,3,1,1,
2.023E+11,155 600 565,B01,2,10,0,2,3,1,1,
2.023E+11,155 600 562,B01,1,7,0,2,1,1,1,
2.023E+11,155 600 563,A01,1,7,0,2,1,1,1,
2.023E+11,155 600 557,C01,1,7,0,2,1,1,1,
2.023E+11,155 600 558,B01,1,7,0,2,1,1,1,
2.023E+11,155 600 559,A01,2,7,0,2,1,13,1,
2.023E+11,155 600 555,A01,3,7,0,2,4,2,1,
2.023E+11,155 600 556,B01,3,33,0,2,1,2,1,
2.023E+11,155 600 554,A01,1,7,13,0,8,1,1,
2.023E+11,155 600 552,A01,2,7,0,2,2,1,1,
2.023E+11,155 600 553,B01,1,30,0,2,2,21,1,
2.023E+11,155 600 551,A01,2,2,0,0,0,1,1,
2.023E+11,155 600 550,A01,1,33,6,0,1,1,1,
2.023E+11,155 600 549,A01,1,33,13,0,2,1,1,
2.023E+11,155 600 545,A01,2,7,0,2,1,13,1,
2.023E+11,155 600 546,B01,1,7,0,2,2,1,1,
2.023E+11,155 600 543,A01,1,7,0,2,2,21,1,
2.023E+11,155 600 544,B01,1,2,0,2,8,15,1,
2.023E+11,155 600 541,A01,1,7,8,2,3,1,1,
2.023E+11,155 600 542,B01,2,7,0,2,3,1,1,
2.023E+11,155 600 539,A01,1,1,0,2,2,2,5,
2.023E+11,155 600 540,B01,1,1,0,2,3,2,5,
2.023E+11,155 600 537,A01,1,21,0,2,7,17,1,
2.023E+11,155 600 538,B01,1,80,0,2,8,1,3,
2.023E+11,155 600 536,A01,1,2,0,0,2,1,1,
2.023E+11,155 600 534,A01,1,50,0,2,1,5,3,
2.023E+11,155 600 535,B01,2,7,0,2,2,9,1,
2.023E+11,155 600 532,A01,2,10,0,2,3,10,1,
2.023E+11,155 600 533,B01,2,10,0,2,1,1,1,
2.023E+11,155 600 531,A01,1,80,15,0,0,2,3,
2.023E+11,155 600 527,A01,3,17,0,4,7,26,1,
2.023E+11,155 600 528,B01,0,39,1,2,1,26,0,
2.023E+11,155 600 526,A01,2,15,17,0,2,1,1,
2.023E+11,155 600 522,D01,2,7,0,2,1,1,1,
2.023E+11,155 600 523,C01,2,7,0,2,6,23,1,
2.023E+11,155 600 524,A01,2,17,0,2,8,23,1,
2.023E+11,155 600 525,B01,2,7,0,2,4,23,1,
2.023E+11,155 600 520,A01,2,7,0,0,4,2,1,
2.023E+11,155 600 521,B01,2,7,0,2,1,2,1,
2.023E+11,155 600 519,A01,1,33,0,0,6,1,1,
2.023E+11,155 600 517,A01,1,7,0,2,1,5,1,
2.023E+11,155 600 518,B01,2,99,0,2,1,1,1,
2.023E+11,155 600 515,A01,2,7,0,2,1,1,1,
2.023E+11,155 600 516,B01,1,7,0,2,3,1,1,
2.023E+11,155 600 514,A01,2,7,2,0,3,13,1,
2.023E+11,155 600 513,A01,1,33,0,0,0,1,1,
2.023E+11,155 600 512,A01,3,7,0,1,1,1,1,
2.023E+11,155 600 511,A01,3,33,12,0,9,16,1,
2.023E+11,155 600 509,A01,0,14,6,2,3,1,1,
2.023E+11,155 600 510,B01,3,30,0,2,7,9,1,
2.023E+11,155 600 507,A01,1,7,0,2,1,5,1,
2.023E+11,155 600 508,B01,2,33,0,2,1,1,1,
2.023E+11,155 600 505,A01,1,7,0,2,0,10,1,
2.023E+11,155 600 506,B01,2,80,15,2,0,1,3,
2.023E+11,155 600 503,A01,1,33,0,2,7,17,1,
2.023E+11,155 600 504,B01,1,7,0,2,8,1,1,
2.023E+11,155 600 500,B01,2,7,0,2,6,1,1,
2.023E+11,155 600 501,C01,2,7,0,2,1,1,1,
2.023E+11,155 600 502,A01,1,7,0,2,1,1,1,
2.023E+11,155 600 498,A01,1,7,0,2,3,2,2,
2.023E+11,155 600 499,B01,1,7,0,2,2,1,1,
2.023E+11,155 600 495,C01,1,7,0,2,4,2,1,
2.023E+11,155 600 496,A01,1,7,0,2,1,2,1,
2.023E+11,155 600 497,B01,1,7,0,2,4,2,1,
2.023E+11,155 600 493,A01,2,7,0,2,1,1,1,
2.023E+11,155 600 494,B01,2,7,0,2,4,1,2,
2.023E+11,155 600 491,A01,2,33,0,2,1,3,1,
2.023E+11,155 600 492,B01,2,7,0,2,7,12,1,
2.023E+11,155 600 489,A01,1,7,0,2,1,1,0,
2.023E+11,155 600 490,B01,1,17,0,2,4,2,0,
2.023E+11,155 600 485,C01,1,7,0,2,4,2,1,
2.023E+11,155 600 486,D01,1,7,0,2,4,2,1,
2.023E+11,155 600 487,A01,1,7,0,2,1,1,1,
2.023E+11,155 600 488,B01,1,7,0,2,4,2,1,
2.023E+11,155 600 483,A01,2,7,1,0,1,0,0,
2.023E+11,155 600 484,B01,2,17,0,0,6,23,0,
2.023E+11,155 600 478,A01,1,7,0,2,2,14,1,
2.023E+11,155 600 479,B01,1,33,0,2,6,1,1,
2.023E+11,155 600 480,C01,1,7,0,2,8,1,1,
2.023E+11,155 600 481,D01,1,10,0,2,5,2,1,
2.023E+11,155 600 482,E01,1,10,0,2,6,2,1,
2.023E+11,155 600 476,A01,1,7,0,2,7,12,1,
2.023E+11,155 600 477,B01,1,33,0,2,8,1,1,
2.023E+11,155 600 475,A01,1,33,15,0,7,0,1,
2.023E+11,155 600 472,A01,1,33,0,2,1,1,1,
2.023E+11,155 600 473,B01,1,7,0,2,6,1,1,
2.023E+11,155 600 474,C01,1,10,0,2,8,1,1,
2.023E+11,155 600 469,C01,2,7,0,2,6,1,1,
2.023E+11,155 600 470,A01,2,33,0,2,1,3,1,
2.023E+11,155 600 471,B01,2,7,0,2,4,2,1,
2.023E+11,155 600 468,A01,1,33,3,0,1,3,1,
2.023E+11,155 600 466,Z01,1,10,0,2,3,11,0,
2.023E+11,155 600 467,A01,1,33,0,2,2,3,1,
2.023E+11,155 600 464,B01,1,10,0,2,4,2,1,
2.023E+11,155 600 465,A01,1,7,0,2,1,2,2,
2.023E+11,155 600 463,A01,1,32,0,2,8,9,1,
2.023E+11,155 600 462,A01,2,7,3,0,8,1,1,
2.023E+11,155 600 461,A01,1,7,3,9,1,14,1,
2.023E+11,155 600 458,A01,1,15,0,2,1,22,1,
2.023E+11,155 600 459,C01,1,7,0,2,5,26,1,
2.023E+11,155 600 460,B01,1,33,14,2,1,3,1,
2.023E+11,155 600 457,A01,1,7,3,0,6,1,1,
2.023E+11,155 600 455,A01,1,7,0,2,5,15,1,
2.023E+11,155 600 456,B01,2,33,0,2,1,1,1,
2.023E+11,155 600 453,A01,2,7,0,2,1,2,1,
2.023E+11,155 600 454,B01,2,7,0,2,4,1,1,
2.023E+11,155 600 451,B01,2,7,0,2,8,1,1,
2.023E+11,155 600 452,A01,2,7,6,2,1,19,1,
2.023E+11,155 600 450,A01,2,7,4,0,1,1,1,
2.023E+11,155 600 447,A01,3,2,0,2,2,1,1,
2.023E+11,155 600 448,B01,3,2,0,2,2,1,1,
2.023E+11,155 600 446,A01,1,7,13,0,1,1,1,
2.023E+11,155 600 445,A01,1,2,0,0,0,0,0,
2.023E+11,155 600 442,C01,2,15,0,0,6,1,1,
2.023E+11,155 600 443,A01,2,38,0,2,1,1,1,19
2.023E+11,155 600 444,B01,2,10,0,2,4,1,1,
2.023E+11,155 600 440,A01,2,7,4,0,6,2,1,
2.023E+11,155 600 441,B01,2,7,0,2,2,0,1,
2.023E+11,155 600 438,A01,1,2,0,2,1,5,1,
2.023E+11,155 600 439,B01,2,7,0,2,1,1,1,
2.023E+11,155 600 436,B01,2,33,0,0,8,1,1,
2.023E+11,155 600 437,A01,1,10,0,2,8,1,1,
2.023E+11,155 600 435,A01,1,7,13,0,9,14,1,
2.023E+11,155 600 433,A01,3,2,0,2,5,1,1,
2.023E+11,155 600 434,B01,3,7,0,2,1,1,0,
2.023E+11,155 600 432,A01,3,7,13,0,1,1,0,
2.023E+11,155 600 430,A01,3,7,0,2,1,5,1,
2.023E+11,155 600 431,B01,3,7,0,2,1,1,1,
2.023E+11,155 600 428,A01,1,33,0,2,1,17,1,
2.023E+11,155 600 429,B01,1,7,0,2,6,15,1,
2.023E+11,155 600 427,A01,2,10,3,0,2,1,1,
2.023E+11,155 600 425,A01,1,7,0,0,4,15,3,
2.023E+11,155 600 426,B01,1,7,0,2,1,2,1,
2.023E+11,155 600 424,A01,1,7,13,0,3,13,0,
2.023E+11,155 600 423,A01,1,7,13,0,2,1,1,
2.023E+11,155 600 421,B01,1,7,16,0,7,21,1,
2.023E+11,155 600 422,A01,2,7,0,2,2,13,1,
2.023E+11,155 600 420,A01,2,10,13,0,2,1,1,
2.023E+11,155 600 419,A01,1,7,2,0,8,14,1,
2.023E+11,155 600 416,A01,1,7,13,0,3,1,1,
2.023E+11,155 600 414,B01,3,7,0,2,2,15,1,
2.023E+11,155 600 415,A01,1,7,0,2,2,1,1,
2.023E+11,155 600 412,A01,1,7,0,2,1,0,0,
2.023E+11,155 600 413,B01,2,7,0,2,1,0,0,
2.023E+11,155 600 411,A01,1,7,13,0,2,1,0,
2.023E+11,155 600 409,A01,2,7,0,2,1,13,1,
2.023E+11,155 600 410,B01,1,7,0,2,1,1,1,
2.023E+11,155 600 407,A01,1,10,0,2,3,1,1,
2.023E+11,155 600 408,B01,2,2,0,2,1,13,1,
2.023E+11,155 600 406,A01,3,7,2,0,3,1,0,
2.023E+11,155 600 405,A01,2,1,0,0,0,0,5,
2.023E+11,155 600 403,A01,1,2,0,2,7,1,1,
2.023E+11,155 600 404,B01,2,7,0,2,2,14,1,
2.023E+11,155 600 402,A01,2,10,2,0,9,21,1,
2.023E+11,155 600 400,A01,2,7,0,2,3,13,1,
2.023E+11,155 600 401,B01,1,14,6,2,3,1,1,
2.023E+11,155 600 398,A01,3,2,0,2,8,0,1,
2.023E+11,155 600 399,B01,3,14,0,2,1,0,1,
2.023E+11,155 600 397,A01,1,33,13,0,1,1,1,
2.023E+11,155 600 394,A01,1,7,13,0,7,1,0,
2.023E+11,155 600 393,A01,2,33,0,0,1,1,1,
2.023E+11,155 600 389,C01,1,7,0,2,4,23,1,
2.023E+11,155 600 390,B01,2,7,0,2,2,21,1,
2.023E+11,155 600 391,D01,1,7,0,2,1,1,1,
2.023E+11,155 600 392,A01,2,7,0,2,3,10,1,
2.023E+11,155 600 387,A01,1,2,0,2,1,17,1,
2.023E+11,155 600 388,B01,2,2,0,2,1,1,1,
2.023E+11,155 600 386,A01,1,7,15,0,2,1,1,
2.023E+11,155 600 383,A01,2,13,0,2,4,1,1,
2.023E+11,155 600 384,B01,2,7,0,2,1,2,1,
2.023E+11,155 600 385,C01,2,7,0,2,1,12,1,
2.023E+11,155 600 381,A01,1,7,0,2,2,0,1,
2.023E+11,155 600 382,B01,1,7,0,0,6,0,1,
2.023E+11,155 600 380,A01,2,33,0,0,7,1,1,
2.023E+11,155 600 379,A01,3,2,13,0,7,21,1,
2.023E+11,155 600 377,A01,1,7,0,2,2,1,1,
2.023E+11,155 600 378,B01,2,7,0,2,8,9,1,
2.023E+11,155 600 376,A01,2,33,0,0,9,1,1,
2.023E+11,155 600 375,A01,2,7,2,0,1,17,1,
2.023E+11,155 600 374,A01,1,7,13,0,3,0,1,
2.023E+11,155 600 373,A01,1,7,0,0,0,1,1,
2.023E+11,155 600 372,A01,1,33,12,0,8,1,1,
2.023E+11,155 600 370,A01,1,7,3,2,3,1,1,
2.023E+11,155 600 371,B01,2,7,3,2,3,1,1,
2.023E+11,155 600 368,A01,1,7,0,2,1,0,0,
2.023E+11,155 600 369,B01,1,80,0,2,4,2,3,
2.023E+11,155 600 367,A01,0,2,8,0,1,26,0,
2.023E+11,155 600 366,A01,2,7,13,0,2,17,1,
2.023E+11,155 600 364,A01,3,7,0,2,1,1,1,
2.023E+11,155 600 365,B01,3,1,0,0,4,1,5,
2.023E+11,155 600 362,A01,1,33,0,2,8,2,1,
2.023E+11,155 600 363,B01,1,33,0,2,7,2,1,
2.023E+11,155 600 360,B01,2,7,13,2,2,1,1,
2.023E+11,155 600 361,A01,2,7,13,0,1,16,1,
2.023E+11,155 600 358,B01,0,7,0,2,3,24,1,
2.023E+11,155 600 359,A01,0,7,1,1,3,13,1,
2.023E+11,155 600 356,A01,3,2,0,1,1,21,1,
2.023E+11,155 600 355,A01,1,7,0,1,2,1,1,
2.023E+11,155 600 354,A01,3,33,0,0,0,2,1,
2.023E+11,155 600 352,A01,1,7,0,2,7,13,1,
2.023E+11,155 600 353,B01,2,7,0,2,3,1,1,
2.023E+11,155 600 349,C01,1,7,0,2,8,1,0,
2.023E+11,155 600 350,A01,2,7,0,2,3,13,1,
2.023E+11,155 600 351,B01,1,10,0,2,6,1,0,
2.023E+11,155 600 347,A01,1,7,0,2,3,24,1,
2.023E+11,155 600 348,B01,1,1,0,2,1,1,5,
2.023E+11,155 600 346,A01,2,50,14,0,1,1,3,
2.023E+11,155 600 344,B01,2,7,0,2,5,1,1,
2.023E+11,155 600 345,A01,1,30,0,2,2,1,1,
2.023E+11,155 600 342,Y01,1,80,0,2,5,5,3,
2.023E+11,155 600 343,A01,1,7,0,2,1,1,0,
2.023E+11,155 600 340,B01,3,31,0,2,1,3,1,
2.023E+11,155 600 341,A01,3,7,0,2,6,3,1,
2.023E+11,155 600 338,B01,1,7,0,0,0,0,0,
2.023E+11,155 600 339,A01,1,33,0,2,0,0,0,
2.023E+11,155 600 337,A01,2,7,6,0,1,1,1,
2.023E+11,155 600 336,A01,1,7,0,1,1,0,1,
2.023E+11,155 600 335,A01,1,7,0,1,1,1,1,
2.023E+11,155 600 333,A01,1,7,1,0,3,1,1,
2.023E+11,155 600 334,B01,2,7,1,2,3,1,0,
2.023E+11,155 600 331,B01,0,31,0,2,0,0,0,
2.023E+11,155 600 332,A01,0,7,0,2,4,1,0,
2.023E+11,155 600 328,A01,3,7,0,2,4,0,1,
2.023E+11,155 600 329,B01,3,7,4,0,1,1,1,
2.023E+11,155 600 330,C01,3,99,4,0,1,1,0,
2.023E+11,155 600 327,A01,3,33,0,0,8,2,1,
2.023E+11,155 600 325,A01,3,33,0,2,1,13,1,
2.023E+11,155 600 326,B01,3,7,0,2,2,1,1,
2.023E+11,155 600 323,A01,1,7,0,2,8,15,0,
2.023E+11,155 600 324,B01,2,34,0,2,1,1,0,
2.023E+11,155 600 321,A01,1,7,0,2,2,19,1,
2.023E+11,155 600 322,B01,1,7,0,2,8,1,1,
2.023E+11,155 600 319,A01,1,7,0,2,7,12,1,
2.023E+11,155 600 320,B01,1,7,4,2,8,1,1,
2.023E+11,155 600 318,A01,2,43,0,0,1,1,1,
2.023E+11,155 600 316,A01,2,7,0,2,3,5,1,
2.023E+11,155 600 317,B01,1,7,0,2,3,5,2,
2.023E+11,155 600 315,A01,1,33,7,0,0,1,1,
2.023E+11,155 600 314,A01,0,7,0,1,4,4,1,
2.023E+11,155 600 312,A01,2,7,13,0,3,0,1,
2.023E+11,155 600 311,A01,1,2,0,0,1,26,0,
2.023E+11,155 600 310,A01,2,7,2,0,9,1,1,
2.023E+11,155 600 309,A01,3,7,15,0,1,1,1,
2.023E+11,155 600 307,A01,1,2,1,2,1,1,1,
2.023E+11,155 600 305,A01,1,7,8,2,3,13,1,
2.023E+11,155 600 306,B01,2,33,0,2,1,1,1,
2.023E+11,155 600 303,B01,1,7,0,2,3,1,1,
2.023E+11,155 600 304,A01,2,1,0,2,1,13,5,
2.023E+11,155 600 302,A01,2,7,2,0,1,1,0,
2.023E+11,155 600 300,A01,2,7,17,0,1,14,1,
2.023E+11,155 600 299,A01,1,7,16,0,0,15,1,
2.023E+11,155 600 298,A01,3,33,2,0,3,1,1,
2.023E+11,155 600 297,A01,1,7,8,0,2,1,1,
2.023E+11,155 600 296,A01,1,2,0,0,1,0,1,
2.023E+11,155 600 295,A01,1,7,8,0,2,1,1,
2.023E+11,155 600 293,A01,1,7,0,2,2,15,1,
2.023E+11,155 600 294,B01,2,7,0,2,1,1,1,
2.023E+11,155 600 291,A01,2,7,0,2,3,19,1,
2.023E+11,155 600 292,B01,1,7,0,2,2,1,1,
2.023E+11,155 600 289,A01,1,7,0,2,3,15,1,
2.023E+11,155 600 290,B01,2,7,0,2,3,1,1,
2.023E+11,155 600 287,A01,1,7,0,2,6,11,3,
2.023E+11,155 600 288,B01,1,33,0,2,1,2,1,
2.023E+11,155 600 285,A01,2,7,0,2,4,15,1,
2.023E+11,155 600 286,B01,1,7,0,2,2,1,1,
2.023E+11,155 600 284,A01,1,7,0,1,7,1,1,
2.023E+11,155 600 281,B01,3,7,0,1,1,1,0,
2.023E+11,155 600 282,A01,3,7,0,2,1,1,0,
2.023E+11,155 600 280,A01,3,7,0,1,1,1,1,
2.023E+11,155 600 278,A01,3,10,3,0,3,13,1,
2.023E+11,155 600 279,B01,3,7,0,2,1,1,1,
2.023E+11,155 600 276,B01,1,31,0,2,0,0,6,
2.023E+11,155 600 277,A01,1,13,0,2,6,15,0,
2.023E+11,155 600 274,A01,2,7,0,2,2,15,1,
2.023E+11,155 600 275,B01,2,1,0,2,7,26,5,
2.023E+11,155 600 273,A01,1,37,0,0,3,0,4,1
2.023E+11,155 600 272,A01,1,7,0,1,1,1,1,
2.023E+11,155 600 270,A01,3,7,0,2,3,9,1,
2.023E+11,155 600 271,B01,3,50,0,2,7,1,3,
2.023E+11,155 600 269,A01,2,7,15,0,1,14,1,
2.023E+11,155 600 267,A01,2,7,0,2,2,1,1,
2.023E+11,155 600 268,B01,3,1,0,2,7,19,5,
2.023E+11,155 600 265,A01,1,7,0,2,3,15,1,
2.023E+11,155 600 266,B01,2,33,0,2,1,1,1,
2.023E+11,155 600 264,A01,2,7,3,0,1,1,1,
2.023E+11,155 600 262,A01,1,7,0,0,1,14,2,
2.023E+11,155 600 261,A01,1,7,0,2,1,2,1,
2.023E+11,155 600 263,B01,1,10,0,2,4,2,1,
2.023E+11,155 600 260,A01,3,7,8,0,1,1,1,
2.023E+11,155 600 258,B01,3,1,0,2,1,26,5,
2.023E+11,155 600 259,A01,3,7,0,2,3,1,1,
2.023E+11,155 600 256,A01,2,7,0,2,1,2,2,
2.023E+11,155 600 257,B01,2,10,0,2,4,2,1,
2.023E+11,155 600 255,A01,1,32,0,1,1,1,1,
2.023E+11,155 600 253,A01,2,10,0,1,2,1,1,
2.023E+11,155 600 252,B01,3,7,0,2,2,1,3,
2.023E+11,155 600 254,A01,3,7,0,2,8,15,1,
2.023E+11,155 600 250,Z01,1,30,0,1,1,14,0,
2.023E+11,155 600 249,A01,1,7,0,2,1,1,3,
2.023E+11,155 600 251,B01,3,80,0,2,3,9,3,
2.023E+11,155 600 248,A01,0,7,0,1,4,20,1,
2.023E+11,155 600 246,A01,1,7,0,2,4,1,1,
2.023E+11,155 600 247,B01,1,7,0,2,1,1,1,
2.023E+11,155 600 245,A01,0,7,0,1,2,1,1,
2.023E+11,155 600 243,Z01,2,50,0,1,1,1,3,
2.023E+11,155 600 239,A01,2,7,15,2,4,4,3,
2.023E+11,155 600 241,B01,2,1,0,2,1,1,5,
2.023E+11,155 600 238,A01,2,7,12,2,1,13,1,
2.023E+11,155 600 240,B01,2,7,0,2,3,1,1,
2.023E+11,155 600 242,C01,1,7,0,0,6,1,1,
2.023E+11,155 600 244,D01,1,7,0,9,1,1,1,
2.023E+11,155 600 235,A01,1,7,0,2,1,15,2,
2.023E+11,155 600 236,B01,2,32,0,2,1,1,1,
2.023E+11,155 600 237,A01,1,3,6,0,1,19,1,
2.023E+11,155 600 232,A01,1,50,0,0,8,15,3,
2.023E+11,155 600 234,Z01,1,10,0,0,2,1,6,
2.023E+11,155 600 228,B01,2,7,0,2,3,1,1,
2.023E+11,155 600 229,A01,2,33,0,2,3,1,1,
2.023E+11,155 600 227,A01,2,7,0,1,2,1,0,
2.023E+11,155 600 225,A01,2,7,0,2,4,1,0,
2.023E+11,155 600 226,B01,2,1,0,2,1,2,5,
2.023E+11,155 600 223,B01,1,7,0,2,6,24,1,
2.023E+11,155 600 224,A01,1,7,1,0,2,9,2,
2.023E+11,155 600 221,A01,1,50,0,2,1,14,3,
2.023E+11,155 600 222,B01,2,1,0,2,1,13,5,
2.023E+11,155 600 219,A01,0,7,0,2,1,14,0,
2.023E+11,155 600 220,B01,0,7,0,2,1,13,0,
2.023E+11,155 600 217,B01,1,7,0,2,1,15,2,
2.023E+11,155 600 218,A01,2,80,0,2,7,1,3,
2.023E+11,155 600 215,A01,1,34,0,2,7,1,1,
2.023E+11,155 600 216,Z01,2,7,0,2,0,0,0,
2.023E+11,155 600 214,B01,1,80,0,1,1,1,3,
2.023E+11,155 600 212,A01,1,7,0,2,1,5,1,
2.023E+11,155 600 213,B01,2,10,0,2,1,1,1,
2.023E+11,155 600 211,A01,2,32,12,0,1,13,1,
2.023E+11,155 600 210,A01,3,7,0,1,7,0,1,
2.023E+11,155 600 208,A01,2,1,0,2,1,2,5,
2.023E+11,155 600 209,B01,2,10,0,0,4,1,1,
2.023E+11,155 600 206,A01,0,7,0,2,1,26,0,
2.023E+11,155 600 207,B01,0,7,0,2,8,0,1,
2.023E+11,155 600 205,A01,1,80,14,0,3,13,3,
2.023E+11,155 600 202,A01,0,7,8,2,1,2,1,
2.023E+11,155 600 204,B01,0,7,0,2,4,23,2,
2.023E+11,155 600 203,A01,2,80,12,0,1,14,3,
2.023E+11,155 600 198,C01,0,1,0,2,8,19,5,
2.023E+11,155 600 200,A01,2,7,0,2,1,1,1,
2.023E+11,155 600 201,B01,2,7,0,2,1,1,1,
2.023E+11,155 600 197,A01,3,7,15,2,1,26,0,
2.023E+11,155 600 199,B01,3,7,0,2,1,1,1,
2.023E+11,155 600 196,A01,3,7,0,1,4,4,0,
2.023E+11,155 600 192,B01,2,7,0,2,8,11,1,
2.023E+11,155 600 194,A01,2,33,0,2,2,3,1,
2.023E+11,155 600 193,B01,1,7,1,2,8,1,1,
2.023E+11,155 600 195,A01,1,7,0,2,1,1,1,
2.023E+11,155 600 191,A01,2,30,14,0,7,2,3,
2.023E+11,155 600 190,A01,3,7,1,0,1,21,1,
2.023E+11,155 600 188,A01,0,10,0,2,2,22,1,
2.023E+11,155 600 189,B01,0,1,0,2,3,1,5,
2.023E+11,155 600 187,A01,1,7,0,1,3,15,1,
2.023E+11,155 600 183,A01,2,10,0,2,8,13,1,
2.023E+11,155 600 185,B01,2,32,0,2,2,13,1,
2.023E+11,155 600 186,C01,1,34,0,2,3,26,1,
2.023E+11,155 600 182,B01,1,7,0,2,5,15,1,
2.023E+11,155 600 184,A01,1,33,0,2,1,1,1,
2.023E+11,155 600 178,Z01,3,7,0,2,1,1,0,
2.023E+11,155 600 180,A01,3,34,0,2,1,17,1,
2.023E+11,155 600 179,A01,1,1,0,2,3,0,5,
2.023E+11,155 600 181,Z01,1,0,0,2,2,12,0,
2.023E+11,155 600 176,Z01,3,30,0,0,8,1,1,
2.023E+11,155 600 174,C01,2,7,0,2,4,0,0,
2.023E+11,155 600 175,B01,2,3,0,2,4,2,0,
2.023E+11,155 600 177,A01,2,7,0,2,1,2,0,
2.023E+11,155 600 173,A01,1,7,0,1,3,15,1,
2.023E+11,155 600 172,A01,1,7,0,0,0,0,1,
2.023E+11,155 600 171,A01,1,33,0,6,1,1,1,
2.023E+11,155 600 169,A01,1,7,0,1,0,23,1,
2.023E+11,155 600 170,B01,3,10,1,0,0,1,1,
2.023E+11,155 600 166,B01,2,2,0,2,1,1,1,
2.023E+11,155 600 168,A01,1,7,0,2,2,15,1,
2.023E+11,155 600 164,A01,1,7,0,2,3,5,1,
2.023E+11,155 600 165,B01,2,7,0,2,2,1,1,
2.023E+11,155 600 161,A01,1,3,0,0,9,0,1,
2.023E+11,155 600 162,B01,2,1,0,2,1,1,5,
2.023E+11,155 600 163,Z01,1,1,0,2,1,1,5,
2.023E+11,155 600 158,A01,3,7,0,2,8,20,0,
2.023E+11,155 600 160,B01,3,30,0,2,7,17,1,
2.023E+11,155 600 157,A01,1,7,0,2,2,16,1,
2.023E+11,155 600 159,B01,1,1,0,2,0,1,5,
2.023E+11,155 600 154,A01,2,7,0,2,3,2,1,
2.023E+11,155 600 155,B01,1,50,0,2,1,5,3,
2.023E+11,155 600 153,B01,1,7,0,2,1,1,1,
2.023E+11,155 600 156,A01,1,10,0,2,3,1,1,
2.023E+11,155 600 151,A01,1,7,0,1,3,1,1,
2.023E+11,155 600 152,A01,1,7,2,0,1,21,1,
2.023E+11,155 600 149,C01,3,0,-1,2,0,0,0,
2.023E+11,155 600 150,B01,3,31,0,2,3,1,1,
2.023E+11,155 600 148,A01,1,7,0,1,2,26,1,
2.023E+11,155 600 147,A01,3,7,0,1,2,0,1,
2.023E+11,155 600 144,Z01,2,10,0,1,1,1,1,
2.023E+11,155 600 143,A01,1,7,0,1,3,15,1,
2.023E+11,155 600 141,A01,1,7,0,2,4,4,1,
2.023E+11,155 600 142,B01,1,1,0,2,1,1,5,
2.023E+11,155 600 139,A01,0,2,0,2,1,1,1,
2.023E+11,155 600 140,B01,3,7,0,2,1,9,0,
2.023E+11,155 600 138,A01,2,7,16,9,2,1,2,
2.023E+11,155 600 137,A01,1,33,0,0,0,26,1,
2.023E+11,155 600 136,A01,1,10,0,0,0,0,0,
2.023E+11,155 600 133,A01,1,7,0,2,7,1,1,
2.023E+11,155 600 134,B01,3,7,0,2,8,1,1,
2.023E+11,155 600 130,A01,1,43,14,0,2,3,1,
2.023E+11,155 600 129,A01,1,7,0,0,6,23,1,
2.023E+11,155 600 131,B01,1,7,0,2,5,23,1,
2.023E+11,155 600 132,C01,1,7,0,2,1,2,1,
2.023E+11,155 600 135,D01,1,0,0,0,0,10,0,
2.023E+11,155 600 128,A01,2,36,12,0,9,1,1,
2.023E+11,155 600 126,A01,2,7,0,0,9,13,1,
2.023E+11,155 600 125,B01,1,33,0,2,1,1,0,