Num_Acc,id_vehicule,num_veh,senc,catv,obs,obsm,choc,manv,motor,occutc
2.023E+11,155 599 653,B01,1,10,3,2,1,14,1,
2.023E+11,155 599 654,A01,1,7,3,0,6,17,1,
2.023E+11,155 599 648,A01,1,50,8,0,0,1,3,
2.023E+11,155 599 647,A01,3,7,6,0,1,13,1,
2.023E+11,155 599 645,A01,1,30,0,2,8,13,3,
2.023E+11,155 599 646,Z01,0,0,0,2,7,1,1,
2.023E+11,155 599 644,A01,2,32,0,6,1,1,1,
2.023E+11,155 599 640,A01,2,7,3,2,7,13,1,
2.023E+11,155 599 643,B01,1,15,0,2,8,1,1,
2.023E+11,155 599 641,A01,3,10,0,2,2,1,1,
2.023E+11,155 599 642,B01,3,1,0,2,1,1,5,
2.023E+11,155 599 638,A01,2,7,0,2,1,2,1,
2.023E+11,155 599 639,B01,2,15,0,2,4,23,1,
2.023E+11,155 599 636,A01,2,7,0,2,6,15,2,
2.023E+11,155 599 637,B01,1,1,0,2,1,1,5,
2.023E+11,155 599 634,B01,2,34,0,2,1,17,1,
2.023E+11,155 599 635,A01,2,10,0,0,3,15,1,
2.023E+11,155 599 633,A01,1,7,0,1,1,1,1,
2.023E+11,155 599 630,A01,2,7,2,0,1,13,1,
2.023E+11,155 599 629,A01,3,10,0,2,7,1,0,
2.023E+11,155 599 631,B01,3,37,0,2,1,1,1,2
2.023E+11,155 599 626,A01,1,2,0,2,1,2,1,
2.023E+11,155 599 627,B01,1,7,0,2,6,1,1,
2.023E+11,155 599 625,A01,2,7,0,2,1,26,1,
2.023E+11,155 599 628,B01,1,1,0,2,8,26,5,
2.023E+11,155 599 623,A01,2,7,0,2,7,12,1,
2.023E+11,155 599 624,B01,2,80,0,2,1,1,3,
2.023E+11,155 599 621,A01,1,1,0,2,1,5,5,
2.023E+11,155 599 622,B01,2,10,0,2,1,1,1,
2.023E+11,155 599 620,A01,2,1,0,0,0,23,5,
2.023E+11,155 599 618,A01,2,43,13,0,7,1,1,
2.023E+11,155 599 617,B01,1,7,0,2,2,1,1,
2.023E+11,155 599 619,A01,1,1,0,2,1,15,5,
2.023E+11,155 599 616,A01,1,7,2,0,7,14,1,
2.023E+11,155 599 614,A01,0,7,0,6,0,21,1,
2.023E+11,155 599 613,A01,1,7,0,2,2,9,1,
2.023E+11,155 599 615,B01,1,33,0,2,3,1,1,
2.023E+11,155 599 612,A01,1,7,13,0,2,14,1,
2.023E+11,155 599 610,B01,3,33,0,2,1,1,1,
2.023E+11,155 599 611,A01,3,7,0,2,7,15,1,
2.023E+11,155 599 607,A01,2,7,1,2,2,14,1,
2.023E+11,155 599 608,B01,2,7,1,2,6,0,0,
2.023E+11,155 599 606,A01,1,7,1,0,2,1,6,
2.023E+11,155 599 609,B01,1,17,0,0,6,24,1,
2.023E+11,155 599 605,A01,1,7,0,1,1,15,6,
2.023E+11,155 599 603,A01,2,33,0,2,1,17,0,
2.023E+11,155 599 604,B01,1,7,0,2,3,1,0,
2.023E+11,155 599 602,A01,2,7,6,0,8,1,1,
2.023E+11,155 599 599,A01,2,33,4,0,8,21,1,
2.023E+11,155 599 600,A01,0,1,0,2,1,1,5,
2.023E+11,155 599 601,B01,0,10,0,2,4,1,1,
2.023E+11,155 599 597,A01,2,7,0,0,5,15,1,
2.023E+11,155 599 598,B01,2,7,0,2,3,2,1,
2.023E+11,155 599 595,A01,2,7,2,0,1,1,1,
2.023E+11,155 599 596,A01,1,34,0,1,2,17,1,
2.023E+11,155 599 594,A01,0,2,6,0,1,0,1,
2.023E+11,155 599 593,A01,3,7,0,1,8,1,1,
2.023E+11,155 599 592,A01,1,7,12,0,3,1,1,
2.023E+11,155 599 590,A01,1,7,0,1,1,1,1,
2.023E+11,155 599 591,A01,3,13,1,1,1,1,0,
2.023E+11,155 599 588,A01,1,7,0,2,3,19,1,
2.023E+11,155 599 589,B01,1,33,0,2,1,1,1,
2.023E+11,155 599 586,A01,1,7,0,2,7,1,1,
2.023E+11,155 599 587,B01,1,7,0,2,1,1,1,
2.023E+11,155 599 585,A01,2,7,0,0,1,1,1,
2.023E+11,155 599 582,B01,1,33,0,2,1,1,1,
2.023E+11,155 599 584,A01,2,7,0,2,3,9,1,
2.023E+11,155 599 581,A01,1,7,0,2,0,14,0,
2.023E+11,155 599 583,B01,1,33,0,2,1,1,0,
2.023E+11,155 599 579,A01,1,13,3,0,2,1,1,
2.023E+11,155 599 578,A01,2,7,13,0,6,21,1,
2.023E+11,155 599 574,B01,2,7,1,2,3,9,1,
2.023E+11,155 599 576,A01,2,7,0,2,2,1,1,
2.023E+11,155 599 575,A01,3,33,0,2,1,1,1,
2.023E+11,155 599 577,B01,3,7,0,2,3,15,1,
2.023E+11,155 599 573,A01,1,7,0,1,7,1,2,
2.023E+11,155 599 570,A01,3,50,0,0,0,1,3,
2.023E+11,155 599 568,A01,3,7,0,1,2,1,1,
2.023E+11,155 599 569,A01,2,7,0,2,1,2,1,
2.023E+11,155 599 571,B01,2,15,0,2,4,1,1,
2.023E+11,155 599 572,C01,2,10,14,0,3,2,1,
2.023E+11,155 599 566,B01,3,43,0,2,1,1,1,
2.023E+11,155 599 567,A01,3,7,0,2,8,10,1,
2.023E+11,155 599 564,A01,2,7,0,2,1,15,1,
2.023E+11,155 599 563,B01,3,30,0,2,7,1,1,
2.023E+11,155 599 565,A01,0,7,0,2,3,11,1,
2.023E+11,155 599 559,A01,3,7,0,2,1,1,1,
2.023E+11,155 599 561,B01,3,2,0,2,4,1,1,
2.023E+11,155 599 562,C01,3,7,0,2,1,1,1,
2.023E+11,155 599 558,A01,2,7,0,2,3,1,1,
2.023E+11,155 599 560,B01,1,7,0,2,3,1,1,
2.023E+11,155 599 556,B01,2,32,0,2,1,1,1,
2.023E+11,155 599 557,A01,1,7,0,2,3,0,1,
2.023E+11,155 599 554,A01,3,80,0,2,2,16,3,
2.023E+11,155 599 555,Z01,3,30,0,0,0,16,0,
2.023E+11,155 599 553,A01,3,7,6,0,2,1,1,
2.023E+11,155 599 551,A01,0,7,0,9,5,1,1,
2.023E+11,155 599 552,B01,0,33,0,2,3,11,1,
2.023E+11,155 599 548,B01,2,2,0,2,1,1,1,
2.023E+11,155 599 549,A01,2,7,0,2,2,15,1,
2.023E+11,155 599 547,A01,1,7,12,0,1,1,1,
2.023E+11,155 599 546,A01,2,7,1,0,1,1,1,
2.023E+11,155 599 542,B01,1,7,0,2,1,1,1,
2.023E+11,155 599 544,A01,1,7,0,2,4,1,1,
2.023E+11,155 599 543,B01,1,7,0,2,1,0,1,
2.023E+11,155 599 545,A01,1,7,0,2,6,1,0,
2.023E+11,155 599 538,A01,1,33,0,2,1,17,1,
2.023E+11,155 599 540,B01,1,7,0,2,3,15,1,
2.023E+11,155 599 539,A01,1,33,8,0,0,5,1,
2.023E+11,155 599 534,A01,1,7,0,2,3,13,1,
2.023E+11,155 599 537,B01,2,17,0,2,3,1,1,
2.023E+11,155 599 541,C01,1,7,0,2,1,1,1,
2.023E+11,155 599 533,A01,3,7,0,2,3,15,1,
2.023E+11,155 599 536,B01,3,31,0,2,1,1,1,
2.023E+11,155 599 532,A01,0,7,1,2,7,19,0,
2.023E+11,155 599 535,B01,0,7,6,2,1,1,1,
2.023E+11,155 599 526,B01,1,13,0,2,5,15,1,
2.023E+11,155 599 529,A01,2,30,0,2,1,1,1,
2.023E+11,155 599 527,B01,1,1,0,2,7,1,5,
2.023E+11,155 599 531,A01,1,7,0,2,3,1,1,
2.023E+11,155 599 528,B01,0,35,0,2,1,9,1,
2.023E+11,155 599 530,A01,0,7,0,0,7,1,1,
2.023E+11,155 599 524,A01,2,10,0,1,2,15,1,
2.023E+11,155 599 523,A01,1,1,0,2,7,0,5,
2.023E+11,155 599 525,B01,2,7,0,2,3,0,1,
2.023E+11,155 599 520,A01,2,7,2,0,3,14,1,
2.023E+11,155 599 517,A01,2,7,14,0,1,1,1,
2.023E+11,155 599 518,C01,2,7,0,2,0,0,1,
2.023E+11,155 599 521,B01,2,31,0,2,0,0,0,
2.023E+11,155 599 519,B01,0,7,0,9,8,1,1,
2.023E+11,155 599 522,A01,2,80,0,2,1,1,3,
2.023E+11,155 599 516,A01,2,7,2,0,8,0,1,
2.023E+11,155 599 515,A01,1,7,0,1,2,1,1,
2.023E+11,155 599 512,A01,0,7,0,2,2,1,0,
2.023E+11,155 599 511,B01,1,7,0,2,2,1,1,
2.023E+11,155 599 513,A01,2,7,0,2,2,1,1,
2.023E+11,155 599 510,B01,1,2,0,2,1,1,1,
2.023E+11,155 599 514,A01,2,10,0,2,2,15,1,
2.023E+11,155 599 508,A01,2,50,0,0,0,25,3,
2.023E+11,155 599 509,A01,1,31,0,0,0,1,1,
2.023E+11,155 599 507,A01,0,33,9,0,1,5,1,
2.023E+11,155 599 504,B01,1,30,0,9,1,21,1,
2.023E+11,155 599 506,A01,1,99,1,0,7,26,0,
2.023E+11,155 599 503,B01,2,10,0,2,3,1,1,
2.023E+11,155 599 505,A01,1,7,0,2,3,1,1,
2.023E+11,155 599 500,A01,1,7,0,2,1,1,1,
2.023E+11,155 599 502,B01,2,7,0,2,1,1,1,
2.023E+11,155 599 497,B01,2,7,0,2,5,1,1,
2.023E+11,155 599 499,C01,2,7,0,2,4,1,1,
2.023E+11,155 599 501,A01,2,10,0,2,3,1,1,
2.023E+11,155 599 498,A01,2,7,0,1,2,16,0,
2.023E+11,155 599 495,A01,1,33,6,0,7,2,1,
2.023E+11,155 599 494,A01,3,33,0,0,7,1,1,
2.023E+11,155 599 493,A01,2,15,0,2,1,1,1,
2.023E+11,155 599 496,B01,2,7,14,2,4,1,1,
2.023E+11,155 599 490,B01,2,7,0,2,3,15,1,
2.023E+11,155 599 492,A01,1,16,0,2,2,1,1,
2.023E+11,155 599 488,A01,2,17,0,1,1,1,1,
2.023E+11,155 599 487,A01,1,7,6,0,1,14,1,
2.023E+11,155 599 484,A01,2,33,0,2,3,17,1,
2.023E+11,155 599 485,B01,1,7,0,2,3,1,1,
2.023E+11,155 599 482,B01,1,7,13,2,3,1,1,
2.023E+11,155 599 486,A01,3,7,13,2,7,15,1,
2.023E+11,155 599 478,B01,2,7,0,2,1,1,1,
2.023E+11,155 599 480,A01,1,7,0,2,2,19,1,
2.023E+11,155 599 481,B01,2,7,0,2,3,1,1,
2.023E+11,155 599 483,A01,1,10,0,2,3,1,1,
2.023E+11,155 599 476,A01,1,7,13,0,2,1,1,
2.023E+11,155 599 477,B01,2,7,0,2,1,1,1,
2.023E+11,155 599 479,A01,1,7,13,2,2,5,1,
2.023E+11,155 599 470,B01,2,7,0,2,1,1,0,
2.023E+11,155 599 473,A01,1,7,0,2,1,1,1,
2.023E+11,155 599 474,B01,2,1,0,2,4,1,5,
2.023E+11,155 599 475,A01,2,7,0,9,1,2,1,
2.023E+11,155 599 469,A01,2,7,3,2,8,18,1,
2.023E+11,155 599 471,B01,2,7,0,2,2,1,1,
2.023E+11,155 599 472,C01,2,7,0,2,1,1,1,
2.023E+11,155 599 468,A01,1,33,12,0,1,1,1,
2.023E+11,155 599 465,A01,2,7,4,0,3,0,1,
2.023E+11,155 599 466,A01,0,7,0,2,1,15,0,
2.023E+11,155 599 467,B01,0,2,0,2,1,1,0,
2.023E+11,155 599 461,B01,1,32,0,0,5,1,1,
2.023E+11,155 599 463,A01,1,10,0,2,1,1,1,
2.023E+11,155 599 460,A01,2,7,0,2,7,12,1,
2.023E+11,155 599 462,B01,2,33,0,2,8,1,1,
2.023E+11,155 599 459,B01,3,7,0,2,6,1,1,
2.023E+11,155 599 464,A01,1,32,0,2,1,1,1,
2.023E+11,155 599 458,A01,1,43,3,0,3,1,1,
2.023E+11,155 599 457,A01,1,10,0,1,3,21,1,
2.023E+11,155 599 454,A01,3,2,0,2,8,15,1,
2.023E+11,155 599 456,B01,1,7,0,2,1,1,1,
2.023E+11,155 599 455,A01,0,7,0,2,2,17,1,
2.023E+11,155 599 452,A01,0,1,0,2,1,1,5,
2.023E+11,155 599 453,B01,0,7,0,2,3,1,1,
2.023E+11,155 599 449,A01,1,1,0,2,1,1,5,
2.023E+11,155 599 451,B01,1,7,0,2,7,17,-1,
2.023E+11,155 599 448,B01,2,7,4,2,8,1,1,
2.023E+11,155 599 450,A01,2,7,0,2,2,1,1,
2.023E+11,155 599 445,A01,2,33,0,2,8,17,1,
2.023E+11,155 599 446,B01,2,7,0,2,7,17,1,
2.023E+11,155 599 444,A01,1,7,3,0,1,14,1,
2.023E+11,155 599 439,C01,2,7,0,2,1,1,1,
2.023E+11,155 599 443,A01,1,7,0,2,3,1,1,
2.023E+11,155 599 447,B01,1,7,0,2,3,17,1,
2.023E+11,155 599 438,A01,1,7,0,-1,-1,-1,-1,
2.023E+11,155 599 440,B01,1,32,1,0,2,3,1,
2.023E+11,155 599 441,C01,1,7,0,2,5,23,1,
2.023E+11,155 599 442,D01,1,7,0,0,2,23,1,
2.023E+11,155 599 434,A01,0,36,15,0,1,1,1,
2.023E+11,155 599 433,A01,2,7,0,2,1,1,1,
2.023E+11,155 599 436,B01,1,7,0,2,1,6,1,
2.023E+11,155 599 432,B01,2,7,0,2,4,2,1,
2.023E+11,155 599 435,A01,2,7,0,2,4,2,1,
2.023E+11,155 599 437,C01,2,10,0,2,1,2,1,
2.023E+11,155 599 430,A01,1,1,1,0,1,1,5,
2.023E+11,155 599 431,B01,1,7,0,0,4,23,0,
2.023E+11,155 599 426,A01,1,7,0,2,1,2,1,
2.023E+11,155 599 428,B01,1,10,0,2,4,2,1,
2.023E+11,155 599 427,B01,1,2,0,0,7,1,0,
2.023E+11,155 599 429,A01,2,10,0,2,2,15,0,
2.023E+11,155 599 424,B01,2,15,0,2,8,1,1,
2.023E+11,155 599 425,A01,1,7,0,2,7,1,0,
2.023E+11,155 599 422,B01,2,2,0,0,9,17,0,
2.023E+11,155 599 418,A01,2,7,4,0,1,1,3,
2.023E+11,155 599 420,B01,2,33,0,2,1,3,1,
2.023E+11,155 599 423,A01,2,7,0,2,4,13,1,
2.023E+11,155 599 417,B01,2,7,0,2,3,15,1,
2.023E+11,155 599 421,A01,2,50,0,2,1,17,3,
2.023E+11,155 599 416,A01,3,7,0,2,1,15,0,
2.023E+11,155 599 419,B01,1,7,8,0,1,1,0,
2.023E+11,155 599 409,B01,1,7,0,2,3,1,0,
2.023E+11,155 599 413,A01,2,33,0,2,3,1,1,
2.023E+11,155 599 411,A01,2,32,0,2,1,3,1,
2.023E+11,155 599 414,B01,2,15,0,2,6,1,1,
2.023E+11,155 599 410,A01,2,7,0,2,1,14,1,
2.023E+11,155 599 415,B01,2,14,0,0,5,0,1,
2.023E+11,155 599 408,A01,1,7,0,2,3,15,1,
2.023E+11,155 599 412,B01,2,33,0,2,1,1,1,
2.023E+11,155 599 407,A01,3,7,8,0,1,14,1,
2.023E+11,155 599 403,B01,1,10,0,0,6,0,1,
2.023E+11,155 599 406,A01,1,7,0,0,1,0,1,
2.023E+11,155 599 401,A01,2,2,13,0,1,1,1,
2.023E+11,155 599 402,B01,2,1,0,2,1,5,5,
2.023E+11,155 599 404,A01,1,7,0,2,3,9,2,
2.023E+11,155 599 400,B01,1,33,0,0,1,1,1,
2.023E+11,155 599 405,A01,3,7,0,0,8,9,1,
2.023E+11,155 599 398,A01,1,7,13,0,2,1,1,
2.023E+11,155 599 395,C01,1,7,0,2,6,2,1,
2.023E+11,155 599 396,B01,1,7,0,2,2,2,1,
2.023E+11,155 599 399,A01,1,43,0,2,1,3,1,
2.023E+11,155 599 393,A01,-1,7,16,0,9,0,1,
2.023E+11,155 599 392,B01,1,50,0,2,6,19,3,
2.023E+11,155 599 397,A01,2,7,0,2,2,15,1,
2.023E+11,155 599 391,B01,2,15,0,2,3,13,1,
2.023E+11,155 599 394,A01,1,38,0,2,3,13,1,1
2.023E+11,155 599 389,A01,1,7,1,0,1,1,1,
2.023E+11,155 599 386,A01,1,1,12,0,1,16,5,
2.023E+11,155 599 387,A01,1,10,0,2,4,11,1,
2.023E+11,155 599 390,B01,1,7,0,2,4,1,1,
2.023E+11,155 599 385,B01,1,14,0,2,8,1,1,
2.023E+11,155 599 388,A01,2,7,0,2,1,13,1,
2.023E+11,155 599 382,A01,1,7,0,2,8,1,1,
2.023E+11,155 599 384,B01,1,31,0,2,3,1,1,
2.023E+11,155 599 381,A01,2,7,16,0,9,1,1,
2.023E+11,155 599 380,A01,2,33,3,0,3,1,1,
2.023E+11,155 599 379,A01,2,7,0,2,8,22,1,
2.023E+11,155 599 383,B01,2,50,1,2,2,25,3,
2.023E+11,155 599 377,A01,2,2,0,0,9,1,1,
2.023E+11,155 599 375,A01,2,7,7,2,7,0,1,
2.023E+11,155 599 378,B01,2,7,0,2,8,1,1,
2.023E+11,155 599 374,A01,2,7,0,2,1,2,1,
2.023E+11,155 599 376,B01,2,2,0,2,4,0,1,
2.023E+11,155 599 373,A01,0,7,0,1,0,15,1,
2.023E+11,155 599 370,A01,1,33,0,2,1,2,1,
2.023E+11,155 599 372,B01,1,7,0,2,4,1,1,
2.023E+11,155 599 367,A01,1,33,3,0,8,26,1,
2.023E+11,155 599 368,B01,0,10,0,2,3,1,1,
2.023E+11,155 599 369,A01,3,7,0,2,2,1,1,
2.023E+11,155 599 366,A01,0,7,0,1,3,19,1,
2.023E+11,155 599 361,A01,2,2,0,2,1,2,1,
2.023E+11,155 599 363,B01,2,10,0,2,4,11,1,
2.023E+11,155 599 360,B01,1,7,4,2,6,1,1,
2.023E+11,155 599 364,A01,1,7,0,2,2,12,1,
2.023E+11,155 599 365,C01,1,7,0,2,5,1,1,
2.023E+11,155 599 359,A01,3,7,0,2,7,15,1,
2.023E+11,155 599 362,B01,2,7,0,2,1,1,2,
2.023E+11,155 599 358,A01,3,1,0,0,0,1,5,
2.023E+11,155 599 357,A01,1,7,0,0,9,1,1,
2.023E+11,155 599 352,A01,1,7,0,2,1,26,1,
2.023E+11,155 599 355,B01,1,7,0,2,6,11,3,
2.023E+11,155 599 350,C01,2,7,0,2,5,2,1,
2.023E+11,155 599 354,A01,2,33,0,2,1,3,1,
2.023E+11,155 599 356,B01,2,7,0,2,6,12,2,
2.023E+11,155 599 351,A01,1,32,6,0,1,0,1,
2.023E+11,155 599 349,A01,1,7,0,2,8,15,1,
2.023E+11,155 599 353,B01,1,10,0,2,1,1,1,
2.023E+11,155 599 345,A01,3,50,14,0,0,1,3,
2.023E+11,155 599 347,A01,2,7,0,2,1,1,1,
2.023E+11,155 599 348,B01,2,99,0,2,4,2,1,
2.023E+11,155 599 346,A01,2,10,0,1,1,1,1,
2.023E+11,155 599 340,A01,1,2,0,0,0,1,1,
2.023E+11,155 599 338,A01,1,7,0,2,3,1,1,
2.023E+11,155 599 341,B01,1,7,0,2,4,1,1,
2.023E+11,155 599 339,A01,1,7,4,2,1,21,1,
2.023E+11,155 599 342,B01,1,10,0,2,0,11,1,
2.023E+11,155 599 337,B01,2,7,2,0,0,1,1,
2.023E+11,155 599 343,A01,2,7,2,0,0,1,1,
2.023E+11,155 599 344,C01,2,7,0,0,0,1,1,
2.023E+11,155 599 331,A01,1,7,0,1,2,1,1,
2.023E+11,155 599 330,A01,3,10,0,2,3,1,0,
2.023E+11,155 599 334,B01,3,33,0,2,2,17,0,
2.023E+11,155 599 328,A01,1,7,0,2,1,1,1,
2.023E+11,155 599 332,B01,1,10,0,2,1,1,1,
2.023E+11,155 599 335,C01,1,10,0,2,4,1,1,
2.023E+11,155 599 329,A01,1,33,0,2,3,13,1,
2.023E+11,155 599 333,B01,1,7,0,9,8,1,1,
2.023E+11,155 599 336,C01,1,10,0,2,8,1,1,
2.023E+11,155 599 325,A01,3,7,0,1,3,19,0,
2.023E+11,155 599 323,A01,1,32,0,2,7,1,1,
2.023E+11,155 599 326,B01,1,7,0,2,3,1,1,
2.023E+11,155 599 321,A01,3,7,0,2,2,15,0,
2.023E+11,155 599 327,B01,3,7,0,2,8,1,0,
2.023E+11,155 599 318,A01,2,7,0,2,1,1,1,
2.023E+11,155 599 320,B01,2,1,0,2,4,1,5,
2.023E+11,155 599 322,B01,1,33,0,2,4,23,1,
2.023E+11,155 599 324,A01,1,7,0,2,2,1,1,
2.023E+11,155 599 317,B01,2,33,0,2,8,1,1,
2.023E+11,155 599 319,A01,2,7,0,2,7,14,1,
2.023E+11,155 599 315,B01,3,1,0,2,3,1,5,
2.023E+11,155 599 316,A01,0,99,0,2,1,0,-1,
2.023E+11,155 599 313,A01,3,36,13,0,7,14,1,
2.023E+11,155 599 311,A01,1,33,0,2,1,2,1,
2.023E+11,155 599 314,B01,1,7,0,2,4,2,1,
2.023E+11,155 599 308,B01,2,7,0,2,2,12,1,
2.023E+11,155 599 310,C01,2,7,0,2,6,1,1,
2.023E+11,155 599 312,A01,2,33,0,2,1,3,1,
2.023E+11,155 599 307,A01,0,37,0,1,2,14,1,1
2.023E+11,155 599 305,A01,1,7,0,2,1,1,1,
2.023E+11,155 599 309,B01,2,7,0,2,1,1,1,
2.023E+11,155 599 300,A01,2,7,0,2,2,1,1,
2.023E+11,155 599 303,B01,2,7,0,2,1,1,1,
2.023E+11,155 599 298,B01,3,7,0,2,1,1,1,
2.023E+11,155 599 302,A01,1,7,8,2,1,15,1,
2.023E+11,155 599 296,C01,1,21,0,2,6,2,1,
2.023E+11,155 599 299,B01,1,7,0,2,1,2,1,
2.023E+11,155 599 301,A01,1,10,0,2,2,21,1,
2.023E+11,155 599 297,A01,3,7,0,1,1,1,0,
2.023E+11,155 599 295,A01,3,10,0,1,4,4,1,
2.023E+11,155 599 293,A01,3,33,0,1,2,21,1,
2.023E+11,155 599 292,A01,1,7,0,1,1,1,1,
2.023E+11,155 599 291,B01,3,1,0,2,4,2,5,
2.023E+11,155 599 294,A01,3,7,0,9,2,2,0,
2.023E+11,155 599 289,B01,2,7,0,0,6,2,1,
2.023E+11,155 599 290,A01,2,33,0,2,2,2,1,
2.023E+11,155 599 286,A01,1,7,13,0,2,9,0,
2.023E+11,155 599 287,A01,3,10,0,1,3,15,1,
2.023E+11,155 599 284,B01,1,7,0,2,3,1,1,
2.023E+11,155 599 288,A01,2,33,0,2,3,13,1,
2.023E+11,155 599 283,A01,1,7,0,9,3,15,1,
2.023E+11,155 599 285,B01,1,1,0,2,2,17,5,
2.023E+11,155 599 279,A01,2,7,0,2,2,1,0,
2.023E+11,155 599 282,B01,2,15,0,0,6,1,0,
2.023E+11,155 599 280,B01,3,33,0,2,2,11,1,
2.023E+11,155 599 281,A01,3,10,0,2,0,0,1,
2.023E+11,155 599 277,A01,2,7,0,1,0,21,1,
2.023E+11,155 599 276,A01,2,7,0,9,2,3,-1,
2.023E+11,155 599 278,B01,1,1,0,2,1,3,5,
2.023E+11,155 599 273,A01,0,7,0,2,3,1,1,
2.023E+11,155 599 275,B01,0,1,0,2,3,0,5,
2.023E+11,155 599 272,A01,1,7,0,1,2,1,1,
2.023E+11,155 599 270,A01,1,7,2,0,1,17,1,
2.023E+11,155 599 267,A01,1,31,0,2,7,5,1,
2.023E+11,155 599 269,B01,1,10,0,2,2,21,1,
2.023E+11,155 599 266,B01,0,32,0,2,3,15,1,
2.023E+11,155 599 268,A01,1,10,0,2,3,2,1,
2.023E+11,155 599 262,A01,0,7,0,9,7,15,1,
2.023E+11,155 599 265,B01,3,1,0,2,1,1,5,
2.023E+11,155 599 258,C01,2,7,0,9,1,1,1,
2.023E+11,155 599 260,B01,2,7,0,2,3,1,1,
2.023E+11,155 599 263,A01,2,7,0,2,2,12,1,
2.023E+11,155 599 257,B01,3,10,0,2,3,15,1,
2.023E+11,155 599 261,A01,3,43,0,2,2,15,1,
2.023E+11,155 599 255,A01,1,10,0,0,4,26,1,
2.023E+11,155 599 256,B01,1,33,0,2,1,2,3,
2.023E+11,155 599 250,A01,1,33,0,2,1,3,1,
2.023E+11,155 599 254,B01,1,7,0,2,4,1,1,
2.023E+11,155 599 252,A01,3,7,1,1,1,17,1,
2.023E+11,155 599 248,A01,1,31,0,0,1,17,1,
2.023E+11,155 599 251,B01,1,7,0,0,8,11,1,
2.023E+11,155 599 246,A01,1,7,3,2,1,2,1,
2.023E+11,155 599 247,B01,1,7,3,2,4,2,1,
2.023E+11,155 599 245,A01,3,33,0,1,1,3,1,
2.023E+11,155 599 243,A01,1,7,0,1,1,0,1,
2.023E+11,155 599 240,A01,2,32,0,2,1,2,1,
2.023E+11,155 599 242,B01,2,7,0,2,5,2,1,
2.023E+11,155 599 239,B01,2,7,0,2,7,1,1,
2.023E+11,155 599 241,A01,0,7,0,2,4,26,0,
2.023E+11,155 599 232,A01,1,7,4,2,2,5,1,
2.023E+11,155 599 236,B01,2,7,0,2,2,1,1,
2.023E+11,155 599 234,B01,1,7,0,2,1,1,1,
2.023E+11,155 599 237,A01,1,10,0,2,2,19,1,
2.023E+11,155 599 231,C01,2,7,0,2,4,1,1,
2.023E+11,155 599 235,A01,2,0,0,2,1,0,0,
2.023E+11,155 599 238,B01,2,33,0,2,1,3,1,
2.023E+11,155 599 230,A01,2,1,0,2,1,19,5,
2.023E+11,155 599 233,B01,1,7,0,9,6,1,0,
2.023E+11,155 599 227,A01,1,7,0,2,7,12,1,
2.023E+11,155 599 228,B01,1,32,0,2,8,1,1,
2.023E+11,155 599 225,A01,2,2,0,0,8,0,1,
2.023E+11,155 599 229,B01,2,33,0,2,1,1,1,
2.023E+11,155 599 223,B01,1,7,0,2,2,2,1,
2.023E+11,155 599 226,A01,1,7,3,2,8,19,1,
2.023E+11,155 599 222,A01,1,33,0,2,1,1,1,
2.023E+11,155 599 224,B01,2,7,0,2,7,15,0,
2.023E+11,155 599 220,A01,1,10,0,2,8,11,1,
2.023E+11,155 599 221,B01,1,33,0,2,7,3,1,
2.023E+11,155 599 215,A01,0,7,0,2,1,0,1,
2.023E+11,155 599 218,B01,0,99,0,2,8,1,3,
2.023E+11,155 599 216,A01,1,7,0,2,7,15,1,
2.023E+11,155 599 219,B01,2,33,0,2,1,1,1,
2.023E+11,155 599 214,B01,1,7,0,0,4,2,0,
2.023E+11,155 599 217,A01,1,7,0,2,1,2,0,
2.023E+11,155 599 212,A01,1,7,0,2,1,1,1,
2.023E+11,155 599 213,B01,1,7,0,2,4,2,1,
2.023E+11,155 599 209,A01,3,7,0,1,1,15,1,
2.023E+11,155 599 207,A01,1,7,0,2,3,10,1,
2.023E+11,155 599 211,B01,2,33,0,2,1,1,1,
2.023E+11,155 599 205,B01,1,1,0,2,1,1,5,
2.023E+11,155 599 210,A01,2,7,0,2,7,15,1,
2.023E+11,155 599 204,A01,2,7,0,2,1,11,1,
2.023E+11,155 599 206,C01,2,7,0,2,4,1,1,
2.023E+11,155 599 208,B01,2,7,0,2,4,1,1,
2.023E+11,155 599 200,A01,1,7,0,2,3,13,1,
2.023E+11,155 599 202,B01,2,7,0,2,3,1,1,
2.023E+11,155 599 198,Z01,1,10,0,1,1,17,0,
2.023E+11,155 599 199,A01,1,33,0,2,1,16,1,
2.023E+11,155 599 203,B01,2,33,0,2,1,15,1,
2.023E+11,155 599 197,A01,2,31,0,2,3,2,0,
2.023E+11,155 599 201,B01,2,7,0,2,2,12,0,
2.023E+11,155 599 196,A01,2,7,6,0,1,1,1,
2.023E+11,155 599 192,A01,1,10,0,2,1,1,1,
2.023E+11,155 599 195,B01,1,7,0,2,4,2,1,
2.023E+11,155 599 193,A01,1,15,1,1,2,1,1,
2.023E+11,155 599 189,A01,2,7,0,1,2,17,1,
2.023E+11,155 599 188,A01,2,7,0,2,5,1,1,
2.023E+11,155 599 190,B01,2,80,0,2,7,2,3,
2.023E+11,155 599 191,A01,1,7,0,2,1,13,1,
2.023E+11,155 599 194,B01,2,7,5,2,1,1,1,