Num_Acc,id_vehicule,num_veh,senc,catv,obs,obsm,choc,manv,motor,occutc
2.023E+11,155 598 260,A01,3,35,1,0,9,13,1,
2.023E+11,155 598 259,B01,2,7,0,2,4,1,1,
2.023E+11,155 598 261,A01,2,7,0,2,2,14,1,
2.023E+11,155 598 256,A01,2,7,6,0,4,1,1,
2.023E+11,155 598 254,B01,1,7,0,2,1,1,1,
2.023E+11,155 598 257,C01,1,7,0,2,1,1,1,
2.023E+11,155 598 258,A01,1,7,0,2,4,1,1,
2.023E+11,155 598 251,A01,2,7,0,2,6,1,1,
2.023E+11,155 598 253,B01,2,7,4,2,5,2,1,
2.023E+11,155 598 255,C01,2,10,0,2,3,13,1,
2.023E+11,155 598 250,A01,2,34,5,0,1,1,1,
2.023E+11,155 598 249,A01,1,7,0,9,3,9,1,
2.023E+11,155 598 252,B01,2,2,0,2,2,1,1,
2.023E+11,155 598 248,A01,2,33,0,0,7,1,1,
2.023E+11,155 598 245,A01,2,7,0,2,8,12,1,
2.023E+11,155 598 247,B01,2,33,0,2,2,1,1,
2.023E+11,155 598 242,B01,1,7,0,2,4,1,1,
2.023E+11,155 598 243,A01,1,33,0,2,1,21,1,
2.023E+11,155 598 241,C01,0,10,0,2,5,15,1,
2.023E+11,155 598 244,A01,0,7,0,2,1,1,1,
2.023E+11,155 598 246,B01,0,7,0,2,6,1,1,
2.023E+11,155 598 236,A01,1,10,0,1,8,1,1,
2.023E+11,155 598 237,B01,1,7,0,2,4,2,1,
2.023E+11,155 598 239,C01,1,7,0,2,4,2,1,
2.023E+11,155 598 240,Z01,1,7,0,2,1,2,1,
2.023E+11,155 598 235,A01,1,7,0,2,5,1,3,
2.023E+11,155 598 238,B01,1,7,0,2,2,1,2,
2.023E+11,155 598 231,A01,2,7,0,2,2,1,1,
2.023E+11,155 598 233,B01,1,7,0,2,7,15,1,
2.023E+11,155 598 230,A01,2,30,0,0,2,1,3,
2.023E+11,155 598 228,A01,2,10,0,1,4,4,1,
2.023E+11,155 598 227,A01,2,7,0,2,1,2,1,
2.023E+11,155 598 229,B01,2,7,0,2,4,2,1,
2.023E+11,155 598 232,C01,2,7,0,2,6,2,1,
2.023E+11,155 598 234,D01,2,7,0,2,6,2,1,
2.023E+11,155 598 225,B01,3,10,0,2,1,0,0,
2.023E+11,155 598 226,A01,3,7,0,2,2,26,1,
2.023E+11,155 598 221,A01,0,7,0,2,8,0,1,
2.023E+11,155 598 223,B01,0,33,0,2,7,0,0,
2.023E+11,155 598 222,A01,2,7,0,2,5,3,1,
2.023E+11,155 598 224,B01,2,7,0,2,6,1,1,
2.023E+11,155 598 219,A01,3,1,0,2,1,1,5,
2.023E+11,155 598 220,Z01,3,7,0,2,7,1,1,
2.023E+11,155 598 216,A01,2,7,0,0,4,1,0,
2.023E+11,155 598 218,B01,2,7,0,2,1,1,0,
2.023E+11,155 598 213,A01,1,7,0,2,1,2,1,
2.023E+11,155 598 215,B01,1,7,0,2,4,2,1,
2.023E+11,155 598 217,C01,1,7,0,2,4,2,1,
2.023E+11,155 598 212,A01,2,7,4,0,2,1,1,
2.023E+11,155 598 211,B01,1,7,0,2,1,1,1,
2.023E+11,155 598 214,A01,1,7,0,2,5,13,1,
2.023E+11,155 598 210,A01,2,43,6,0,7,12,1,
2.023E+11,155 598 207,A01,2,7,0,2,1,1,1,
2.023E+11,155 598 208,B01,1,50,0,2,4,1,3,
2.023E+11,155 598 206,B01,0,32,0,2,0,0,1,
2.023E+11,155 598 209,A01,0,7,0,2,1,1,1,
2.023E+11,155 598 204,A01,2,7,4,2,8,11,0,
2.023E+11,155 598 205,B01,2,34,4,2,1,3,1,
2.023E+11,155 598 202,A01,2,7,0,1,1,1,2,
2.023E+11,155 598 199,A01,2,7,0,2,2,2,1,
2.023E+11,155 598 200,B01,2,7,0,2,6,1,1,
2.023E+11,155 598 198,A01,1,7,0,2,1,13,1,
2.023E+11,155 598 201,B01,2,7,0,2,3,0,1,
2.023E+11,155 598 203,C01,1,7,0,2,1,2,1,
2.023E+11,155 598 196,A01,1,7,0,1,1,16,1,
2.023E+11,155 598 195,A01,1,33,0,9,1,17,3,
2.023E+11,155 598 197,B01,1,7,0,9,3,15,1,
2.023E+11,155 598 193,B01,1,7,3,2,5,1,1,
2.023E+11,155 598 194,A01,1,7,3,2,3,21,1,
2.023E+11,155 598 190,A01,2,33,0,2,7,1,1,
2.023E+11,155 598 191,B01,2,30,0,2,1,15,1,
2.023E+11,155 598 189,A01,0,60,0,2,3,19,5,
2.023E+11,155 598 192,B01,0,30,0,2,1,1,0,
2.023E+11,155 598 187,A01,1,7,0,2,4,1,0,
2.023E+11,155 598 188,B01,1,7,0,2,1,0,1,
2.023E+11,155 598 184,A01,1,7,0,1,2,16,1,
2.023E+11,155 598 183,A01,3,10,0,2,3,15,1,
2.023E+11,155 598 185,B01,3,7,0,2,6,1,1,
2.023E+11,155 598 186,C01,3,7,0,2,8,1,1,
2.023E+11,155 598 182,A01,2,7,8,0,1,2,1,
2.023E+11,155 598 180,A01,1,7,0,2,3,20,1,
2.023E+11,155 598 181,B01,1,2,0,2,7,1,1,
2.023E+11,155 598 177,A01,1,7,0,2,2,1,3,
2.023E+11,155 598 179,B01,1,7,0,1,4,23,1,
2.023E+11,155 598 174,A01,2,7,4,2,5,12,1,
2.023E+11,155 598 175,B01,2,33,4,2,1,3,1,
2.023E+11,155 598 176,C01,2,7,0,2,0,0,1,
2.023E+11,155 598 178,D01,2,7,0,2,0,0,1,
2.023E+11,155 598 172,Z01,1,32,0,1,1,1,1,
2.023E+11,155 598 173,A01,1,7,0,1,1,15,1,
2.023E+11,155 598 169,A01,1,15,0,2,0,12,1,
2.023E+11,155 598 171,B01,1,7,0,2,6,1,1,
2.023E+11,155 598 170,A01,1,7,0,1,2,1,3,
2.023E+11,155 598 166,A01,1,7,0,2,2,15,1,
2.023E+11,155 598 168,B01,1,33,0,2,1,1,1,
2.023E+11,155 598 164,A01,3,10,0,1,1,1,3,
2.023E+11,155 598 162,D01,1,7,0,2,4,2,1,
2.023E+11,155 598 163,C01,1,7,0,2,4,2,1,
2.023E+11,155 598 165,A01,1,7,0,2,1,1,1,
2.023E+11,155 598 167,B01,1,7,0,2,4,2,1,
2.023E+11,155 598 161,A01,1,7,0,1,1,1,1,
2.023E+11,155 598 160,A01,1,30,12,0,1,14,1,
2.023E+11,155 598 159,A01,2,7,2,0,1,1,1,
2.023E+11,155 598 157,A01,2,7,0,2,1,17,1,
2.023E+11,155 598 158,B01,2,7,0,2,4,0,1,
2.023E+11,155 598 154,A01,3,10,0,2,7,15,1,
2.023E+11,155 598 156,B01,3,31,0,2,1,1,1,
2.023E+11,155 598 153,A01,1,10,0,2,3,15,1,
2.023E+11,155 598 155,B01,2,33,0,2,1,1,1,
2.023E+11,155 598 150,A01,2,30,0,0,0,21,1,
2.023E+11,155 598 148,C01,2,7,0,2,4,23,1,
2.023E+11,155 598 149,D01,2,7,0,2,4,23,1,
2.023E+11,155 598 151,B01,2,7,0,2,4,23,1,
2.023E+11,155 598 152,A01,2,7,0,2,1,1,1,
2.023E+11,155 598 146,Z01,3,7,0,1,1,9,0,
2.023E+11,155 598 147,A01,2,7,0,1,2,1,1,
2.023E+11,155 598 144,A01,2,7,0,2,4,1,1,
2.023E+11,155 598 145,B01,2,7,0,2,1,1,1,
2.023E+11,155 598 143,A01,1,7,8,0,1,14,1,
2.023E+11,155 598 141,B01,1,1,0,0,1,1,5,
2.023E+11,155 598 142,A01,2,7,0,0,1,15,1,
2.023E+11,155 598 139,A01,2,1,0,2,1,0,5,
2.023E+11,155 598 140,B01,1,14,0,2,1,1,1,
2.023E+11,155 598 138,A01,1,7,13,0,9,17,0,
2.023E+11,155 598 136,A01,2,33,0,2,2,17,1,
2.023E+11,155 598 137,B01,2,7,0,2,3,15,0,
2.023E+11,155 598 135,A01,1,31,0,0,0,1,1,
2.023E+11,155 598 134,A01,2,34,13,0,1,1,1,
2.023E+11,155 598 130,A01,1,7,0,2,1,1,1,
2.023E+11,155 598 131,B01,1,7,0,2,4,23,1,
2.023E+11,155 598 129,A01,2,7,0,2,3,1,1,
2.023E+11,155 598 132,B01,1,7,0,2,3,1,1,
2.023E+11,155 598 133,C01,1,7,0,2,6,21,1,
2.023E+11,155 598 128,A01,2,1,0,0,0,1,5,
2.023E+11,155 598 127,A01,1,7,13,0,1,1,1,
2.023E+11,155 598 126,A01,1,50,11,0,1,1,3,
2.023E+11,155 598 122,B01,1,31,0,2,1,3,1,
2.023E+11,155 598 123,A01,1,7,0,2,3,15,1,
2.023E+11,155 598 124,B01,2,15,0,2,4,2,1,
2.023E+11,155 598 125,A01,2,7,0,2,1,2,1,
2.023E+11,155 598 120,A01,3,7,1,9,8,0,1,
2.023E+11,155 598 121,B01,3,1,1,0,0,14,5,
2.023E+11,155 598 119,A01,1,7,6,0,1,13,0,
2.023E+11,155 598 117,B01,1,1,0,2,2,25,5,
2.023E+11,155 598 118,Z01,1,7,0,9,7,9,1,
2.023E+11,155 598 115,A01,1,30,0,2,1,13,1,
2.023E+11,155 598 116,B01,2,7,0,2,3,1,1,
2.023E+11,155 598 114,A01,2,7,2,0,3,1,1,
2.023E+11,155 598 112,A01,1,7,0,2,6,16,1,
2.023E+11,155 598 113,B01,2,1,0,2,0,0,0,
2.023E+11,155 598 109,B01,2,17,0,2,3,1,1,
2.023E+11,155 598 111,A01,1,7,0,2,3,13,1,
2.023E+11,155 598 108,B01,1,7,0,2,3,1,1,
2.023E+11,155 598 110,A01,3,30,0,2,1,26,1,
2.023E+11,155 598 107,A01,1,1,0,0,1,1,5,
2.023E+11,155 598 106,A01,1,7,0,0,0,1,0,
2.023E+11,155 598 104,A01,1,7,0,2,1,2,1,
2.023E+11,155 598 105,B01,1,31,0,2,4,2,1,
2.023E+11,155 598 102,B01,1,33,13,2,4,2,1,
2.023E+11,155 598 103,A01,1,10,0,2,3,2,1,
2.023E+11,155 598 100,B01,1,43,0,2,3,1,1,
2.023E+11,155 598 101,A01,1,7,0,2,1,15,1,
2.023E+11,155 598 097,A01,1,7,0,2,2,15,1,
2.023E+11,155 598 098,B01,2,33,0,2,1,1,1,
2.023E+11,155 598 099,A01,1,7,0,1,6,15,1,
2.023E+11,155 598 095,A01,1,7,0,2,1,1,1,
2.023E+11,155 598 096,B01,2,1,0,2,2,15,5,
2.023E+11,155 598 093,B01,1,50,0,2,8,1,3,
2.023E+11,155 598 094,A01,2,7,0,9,0,1,1,
2.023E+11,155 598 090,B01,0,7,0,2,3,15,1,
2.023E+11,155 598 091,A01,1,2,0,2,7,17,1,
2.023E+11,155 598 092,A01,3,7,2,0,2,1,1,
2.023E+11,155 598 085,A01,2,7,0,2,1,5,1,
2.023E+11,155 598 087,B01,1,7,0,2,1,1,1,
2.023E+11,155 598 080,Z01,2,7,0,2,1,2,0,
2.023E+11,155 598 082,B01,2,2,0,2,4,2,1,
2.023E+11,155 598 078,A01,1,3,0,2,3,5,1,
2.023E+11,155 598 081,B01,2,7,0,2,3,1,1,
2.023E+11,155 598 076,B01,0,7,0,0,5,1,1,
2.023E+11,155 598 077,C01,3,7,0,2,3,0,0,
2.023E+11,155 598 079,A01,0,7,0,2,5,1,1,
2.023E+11,155 598 074,A01,1,2,3,0,1,1,1,
2.023E+11,155 598 073,A01,2,7,0,2,3,9,1,
2.023E+11,155 598 075,B01,1,30,0,2,1,9,1,
2.023E+11,155 598 069,A01,1,10,0,2,1,2,1,
2.023E+11,155 598 071,B01,3,32,0,2,4,23,1,
2.023E+11,155 598 070,B01,2,33,0,2,7,16,1,
2.023E+11,155 598 072,A01,1,33,0,2,1,0,1,
2.023E+11,155 598 066,B01,0,2,0,2,1,1,1,
2.023E+11,155 598 068,A01,0,7,0,0,4,26,1,
2.023E+11,155 598 065,A01,3,7,0,2,8,15,1,
2.023E+11,155 598 067,B01,3,7,0,2,1,2,1,
2.023E+11,155 598 061,A01,1,33,0,2,2,17,1,
2.023E+11,155 598 063,B01,2,10,0,2,7,15,1,
2.023E+11,155 598 062,A01,2,7,0,2,1,1,1,
2.023E+11,155 598 064,B01,1,7,0,0,8,20,1,
2.023E+11,155 598 059,A01,1,2,0,2,1,1,1,
2.023E+11,155 598 057,A01,1,7,0,2,1,9,1,
2.023E+11,155 598 058,B01,1,31,0,2,7,1,1,
2.023E+11,155 598 060,C01,2,7,0,2,1,1,1,
2.023E+11,155 598 056,A01,3,7,13,0,1,1,1,
2.023E+11,155 598 052,A01,2,7,0,2,8,16,1,
2.023E+11,155 598 054,B01,2,7,0,2,1,1,1,
2.023E+11,155 598 048,B01,2,15,0,2,2,1,1,
2.023E+11,155 598 050,A01,2,7,3,2,1,17,1,
2.023E+11,155 598 049,A01,1,7,0,2,1,2,3,
2.023E+11,155 598 051,D01,1,7,0,2,4,2,0,
2.023E+11,155 598 053,B01,1,7,0,2,4,2,1,
2.023E+11,155 598 055,C01,1,7,0,2,4,2,4,
2.023E+11,155 598 046,A01,2,10,0,2,2,1,1,
2.023E+11,155 598 047,B01,2,7,0,0,6,1,1,
2.023E+11,155 598 043,A01,1,7,0,2,3,13,1,
2.023E+11,155 598 045,B01,2,7,0,2,3,1,1,
2.023E+11,155 598 042,B01,1,7,0,2,3,1,1,
2.023E+11,155 598 044,A01,2,7,12,2,1,13,1,
2.023E+11,155 598 040,A01,3,37,8,0,7,14,0,2
2.023E+11,155 598 039,A01,1,7,0,2,1,1,1,
2.023E+11,155 598 041,B01,2,60,0,2,7,19,5,
2.023E+11,155 598 037,A01,2,7,0,0,6,19,1,
2.023E+11,155 598 038,B01,1,7,0,2,1,1,1,
2.023E+11,155 598 034,Z01,3,7,0,1,1,15,1,
2.023E+11,155 598 035,B01,1,1,0,2,8,19,5,
2.023E+11,155 598 036,A01,2,1,0,2,1,0,5,
2.023E+11,155 598 033,A01,2,7,6,0,1,19,3,
2.023E+11,155 598 031,A01,2,7,1,1,2,17,1,
2.023E+11,155 598 029,B01,1,50,0,2,7,19,3,
2.023E+11,155 598 032,A01,2,7,0,2,2,1,1,
2.023E+11,155 598 028,B01,1,33,0,2,1,1,1,
2.023E+11,155 598 030,A01,1,7,0,0,4,23,1,
2.023E+11,155 598 027,A01,1,7,1,0,2,21,1,
2.023E+11,155 598 025,A01,2,7,1,1,2,1,1,
2.023E+11,155 598 021,B01,3,50,0,2,8,19,3,
2.023E+11,155 598 023,C01,1,7,0,2,3,1,1,
2.023E+11,155 598 024,A01,2,33,0,2,1,17,1,
2.023E+11,155 598 019,B01,1,7,0,2,3,1,1,
2.023E+11,155 598 026,A01,1,50,0,2,1,1,3,
2.023E+11,155 598 020,A01,2,10,0,2,1,2,1,
2.023E+11,155 598 022,B01,2,7,0,2,4,2,1,
2.023E+11,155 598 016,A01,2,7,0,1,1,1,1,
2.023E+11,155 598 017,A01,1,30,0,2,1,5,1,
2.023E+11,155 598 018,B01,2,7,0,2,3,1,1,
2.023E+11,155 598 014,A01,2,7,0,2,3,26,0,
2.023E+11,155 598 015,B01,0,50,0,2,0,0,3,
2.023E+11,155 598 011,B01,1,31,0,2,4,1,1,
2.023E+11,155 598 012,Z01,1,10,0,2,1,1,1,
2.023E+11,155 598 010,A01,2,50,0,0,0,0,3,
2.023E+11,155 598 009,A01,3,7,0,1,3,26,0,
2.023E+11,155 598 008,B01,2,10,0,2,7,1,1,
2.023E+11,155 598 013,A01,2,7,0,2,1,1,3,
2.023E+11,155 598 003,A01,3,1,0,2,1,19,5,
2.023E+11,155 598 006,B01,1,7,0,2,8,1,1,
2.023E+11,155 598 002,A01,2,17,0,2,2,12,1,
2.023E+11,155 598 004,B01,2,7,0,2,8,1,1,
2.023E+11,155 598 001,C01,3,37,0,2,3,1,1,1
2.023E+11,155 598 005,B01,3,7,0,2,0,1,1,
2.023E+11,155 598 007,A01,3,7,0,2,1,1,1,
2.023E+11,155 597 996,A01,1,7,0,2,1,1,1,
2.023E+11,155 597 999,B01,1,43,0,2,4,23,1,
2.023E+11,155 597 995,B01,2,7,0,2,4,1,1,
2.023E+11,155 597 997,C01,2,7,0,2,4,0,1,
2.023E+11,155 598 000,A01,2,7,0,2,1,2,1,
2.023E+11,155 597 992,A01,2,7,0,2,8,10,1,
2.023E+11,155 597 994,B01,2,31,0,2,1,1,1,
2.023E+11,155 597 990,B01,2,31,0,2,8,1,1,
2.023E+11,155 597 991,A01,2,7,0,2,7,14,1,
2.023E+11,155 597 993,A01,1,7,0,2,3,15,1,
2.023E+11,155 597 998,B01,2,33,0,2,1,1,1,
2.023E+11,155 597 987,B01,2,1,1,0,2,1,5,
2.023E+11,155 597 989,A01,2,32,1,0,1,1,1,
2.023E+11,155 597 985,A01,2,7,0,2,1,2,1,
2.023E+11,155 597 988,B01,2,7,0,2,4,2,1,
2.023E+11,155 597 986,A01,3,7,0,1,2,26,1,
2.023E+11,155 597 983,A01,1,7,0,2,8,1,1,
2.023E+11,155 597 984,B01,1,7,0,2,7,12,0,
2.023E+11,155 597 981,A01,1,33,0,2,1,2,1,
2.023E+11,155 597 982,B01,1,7,0,2,4,2,1,
2.023E+11,155 597 977,A01,1,7,0,0,4,26,0,
2.023E+11,155 597 979,B01,1,7,0,2,1,1,0,
2.023E+11,155 597 975,A01,1,10,0,2,1,2,1,
2.023E+11,155 597 978,B01,1,10,0,2,4,2,1,
2.023E+11,155 597 976,B01,1,33,0,2,1,1,1,
2.023E+11,155 597 980,A01,3,7,0,2,3,15,1,
2.023E+11,155 597 974,A01,3,21,0,0,0,1,1,
2.023E+11,155 597 973,A01,2,7,4,0,1,1,1,
2.023E+11,155 597 968,A01,1,7,0,1,3,17,1,
2.023E+11,155 597 971,B01,1,1,0,2,7,0,5,
2.023E+11,155 597 966,A01,1,7,4,0,3,1,1,
2.023E+11,155 597 967,B01,1,7,1,0,1,2,1,
2.023E+11,155 597 970,C01,1,7,14,0,1,1,1,
2.023E+11,155 597 965,C01,3,7,0,2,4,2,1,
2.023E+11,155 597 969,A01,3,7,0,2,1,2,1,
2.023E+11,155 597 972,B01,3,7,0,2,4,2,1,
2.023E+11,155 597 962,A01,1,7,0,2,1,2,1,
2.023E+11,155 597 964,B01,1,15,0,2,4,1,1,
2.023E+11,155 597 963,A01,1,7,0,1,1,1,1,
2.023E+11,155 597 961,A01,3,50,0,1,1,25,3,
2.023E+11,155 597 960,A01,1,32,0,1,2,1,1,
2.023E+11,155 597 956,A01,1,7,0,2,1,26,1,
2.023E+11,155 597 957,B01,1,7,0,2,1,0,1,
2.023E+11,155 597 959,C01,1,7,0,2,1,0,1,
2.023E+11,155 597 955,A01,2,7,0,1,2,21,1,
2.023E+11,155 597 954,A01,1,30,0,2,0,26,1,
2.023E+11,155 597 953,A01,1,33,0,0,0,1,1,
2.023E+11,155 597 952,A01,3,7,0,2,2,17,1,
2.023E+11,155 597 958,B01,3,32,0,2,1,1,1,
2.023E+11,155 597 948,A01,1,7,0,2,8,2,1,
2.023E+11,155 597 951,B01,1,7,0,2,1,18,1,
2.023E+11,155 597 947,A01,1,7,0,2,1,11,1,
2.023E+11,155 597 950,B01,2,7,0,2,1,1,1,
2.023E+11,155 597 946,A01,1,99,0,2,3,15,1,
2.023E+11,155 597 949,B01,1,34,6,2,2,17,1,
2.023E+11,155 597 944,A01,1,30,0,2,1,13,1,
2.023E+11,155 597 945,B01,1,7,0,2,1,0,1,
2.023E+11,155 597 942,A01,2,7,0,2,5,16,1,
2.023E+11,155 597 943,B01,2,80,0,2,8,2,3,
2.023E+11,155 597 938,Z01,2,7,0,2,0,0,0,
2.023E+11,155 597 941,A01,1,32,0,2,1,15,1,
2.023E+11,155 597 937,A01,2,10,0,2,2,2,1,
2.023E+11,155 597 940,B01,2,10,8,0,6,2,1,
2.023E+11,155 597 934,C01,2,7,0,0,0,1,0,
2.023E+11,155 597 935,D01,2,7,0,2,3,1,1,
2.023E+11,155 597 936,A01,1,7,0,2,3,13,0,
2.023E+11,155 597 939,B01,2,10,0,0,0,1,1,
2.023E+11,155 597 929,A01,3,7,0,2,1,1,1,
2.023E+11,155 597 933,B01,3,7,0,2,4,2,1,
2.023E+11,155 597 930,A01,2,7,0,0,6,15,1,
2.023E+11,155 597 931,B01,2,33,0,2,1,2,1,
2.023E+11,155 597 932,A01,2,32,0,1,1,21,1,
2.023E+11,155 597 927,A01,2,7,0,1,1,1,1,
2.023E+11,155 597 925,A01,1,7,0,2,1,2,1,
2.023E+11,155 597 928,B01,2,7,3,2,3,1,1,
2.023E+11,155 597 923,B01,1,2,0,2,6,15,1,
2.023E+11,155 597 924,A01,1,34,0,2,1,7,1,
2.023E+11,155 597 920,A01,0,2,0,2,1,1,1,
2.023E+11,155 597 922,B01,3,7,0,2,3,19,1,
2.023E+11,155 597 918,B01,1,7,0,9,1,16,1,
2.023E+11,155 597 919,A01,1,1,0,2,8,1,5,
2.023E+11,155 597 921,B01,1,7,0,2,3,0,1,
2.023E+11,155 597 926,A01,1,7,0,2,6,15,1,
2.023E+11,155 597 915,A01,1,7,0,2,1,15,1,
2.023E+11,155 597 917,B01,2,7,0,2,1,1,1,
2.023E+11,155 597 914,B01,2,7,0,2,7,1,1,
2.023E+11,155 597 916,A01,2,7,0,2,1,1,1,
2.023E+11,155 597 913,A01,2,33,0,0,9,1,1,
2.023E+11,155 597 911,A01,2,7,0,1,3,15,3,
2.023E+11,155 597 909,B01,2,1,12,2,4,1,5,
2.023E+11,155 597 910,A01,2,7,0,2,2,1,1,
2.023E+11,155 597 908,A01,3,7,0,2,3,9,1,
2.023E+11,155 597 912,B01,3,7,0,2,5,1,1,
2.023E+11,155 597 906,B01,1,7,1,0,5,0,1,
2.023E+11,155 597 907,A01,1,7,1,0,1,14,1,
2.023E+11,155 597 904,A01,1,7,0,2,2,23,0,
2.023E+11,155 597 905,B01,1,1,0,2,1,2,5,
2.023E+11,155 597 902,A01,1,7,0,2,2,2,1,
2.023E+11,155 597 903,B01,1,7,0,2,3,0,1,
2.023E+11,155 597 900,A01,0,7,0,1,1,1,1,
2.023E+11,155 597 899,A01,3,33,0,2,1,1,1,
2.023E+11,155 597 901,B01,3,7,0,2,3,15,1,
2.023E+11,155 597 895,A01,1,7,0,2,4,2,1,
2.023E+11,155 597 898,B01,1,7,0,2,1,2,1,
2.023E+11,155 597 893,A01,2,7,0,2,2,26,2,
2.023E+11,155 597 896,B01,3,50,0,2,2,19,3,
2.023E+11,155 597 894,A01,3,7,0,2,1,1,1,
2.023E+11,155 597 897,B01,3,7,0,2,1,15,1,
2.023E+11,155 597 892,A01,1,1,0,0,1,0,5,
2.023E+11,155 597 890,B01,0,33,0,0,0,0,1,
2.023E+11,155 597 891,A01,1,7,0,2,3,15,1,
2.023E+11,155 597 886,A01,2,21,0,2,3,1,1,
2.023E+11,155 597 888,B01,1,7,0,2,2,1,1,
2.023E+11,155 597 885,A01,2,3,0,2,2,15,0,
2.023E+11,155 597 887,B01,1,33,0,2,1,1,6,
2.023E+11,155 597 889,A01,2,50,0,1,1,1,3,
2.023E+11,155 597 882,A01,0,7,5,0,3,1,1,
2.023E+11,155 597 881,A01,1,7,0,2,3,19,0,
2.023E+11,155 597 884,B01,2,33,0,2,3,1,0,
2.023E+11,155 597 880,A01,1,33,0,2,1,1,1,
2.023E+11,155 597 883,B01,1,7,0,2,5,23,1,
2.023E+11,155 597 876,A01,1,7,0,2,3,15,1,
2.023E+11,155 597 879,B01,1,33,0,2,0,0,1,
2.023E+11,155 597 875,A01,1,7,0,2,3,1,1,
2.023E+11,155 597 877,B01,1,7,0,2,1,15,1,
2.023E+11,155 597 869,A01,2,7,0,2,3,13,1,
2.023E+11,155 597 871,B01,2,7,0,0,-1,1,1,
2.023E+11,155 597 873,C01,2,7,0,2,3,1,1,
2.023E+11,155 597 868,A01,2,50,0,2,1,1,3,
2.023E+11,155 597 874,B01,1,7,0,2,8,1,1,
2.023E+11,155 597 866,A01,1,7,0,2,3,13,1,
2.023E+11,155 597 867,B01,2,7,0,2,3,13,1,
2.023E+11,155 597 864,B01,3,7,0,2,8,9,2,
2.023E+11,155 597 865,A01,-1,33,0,2,1,1,1,
2.023E+11,155 597 863,A01,2,7,13,0,1,13,4,
2.023E+11,155 597 861,A01,1,7,0,2,3,2,1,
2.023E+11,155 597 862,B01,1,7,0,2,5,23,1,
2.023E+11,155 597 858,A01,2,7,1,0,2,1,1,
2.023E+11,155 597 860,B01,0,7,1,0,5,23,1,
2.023E+11,155 597 857,A01,2,7,0,9,4,1,0,
2.023E+11,155 597 859,B01,2,1,0,2,1,1,5,
2.023E+11,155 597 854,A01,1,34,13,0,2,2,1,
2.023E+11,155 597 852,A01,1,10,8,2,8,0,1,
2.023E+11,155 597 855,B01,2,7,0,2,8,1,1,
2.023E+11,155 597 853,B01,1,7,0,2,4,2,6,
2.023E+11,155 597 856,A01,1,7,0,2,1,2,1,
2.023E+11,155 597 847,B01,2,33,0,2,1,1,1,
2.023E+11,155 597 849,A01,2,7,0,2,3,9,1,
2.023E+11,155 597 850,C01,1,7,0,2,1,1,1,
2.023E+11,155 597 845,A01,3,21,13,0,9,1,1,
2.023E+11,155 597 846,A01,1,33,0,2,1,2,1,
2.023E+11,155 597 848,B01,2,7,0,2,4,2,1,
2.023E+11,155 597 843,A01,1,7,0,2,0,0,0,
2.023E+11,155 597 844,B01,1,2,0,2,0,0,1,
2.023E+11,155 597 840,A01,2,7,0,0,3,1,1,
2.023E+11,155 597 841,B01,1,1,0,2,9,1,5,
2.023E+11,155 597 838,B01,1,33,0,0,0,1,1,
2.023E+11,155 597 842,A01,1,7,0,2,6,10,1,
2.023E+11,155 597 837,B01,3,7,0,2,4,13,3,
2.023E+11,155 597 839,A01,1,31,0,2,1,1,1,
2.023E+11,155 597 834,A01,3,7,2,0,3,1,1,
2.023E+11,155 597 832,B01,1,7,0,2,8,1,1,
2.023E+11,155 597 836,A01,3,7,0,2,1,1,1,
2.023E+11,155 597 833,A01,2,1,0,2,3,2,5,
2.023E+11,155 597 835,B01,2,7,0,2,2,17,4,
2.023E+11,155 597 828,C01,3,7,1,2,4,23,1,
2.023E+11,155 597 830,B01,3,7,1,2,2,23,1,
2.023E+11,155 597 831,A01,3,7,0,2,6,1,1,
2.023E+11,155 597 826,A01,3,7,0,2,1,1,1,
2.023E+11,155 597 829,B01,3,7,0,2,2,9,1,
2.023E+11,155 597 827,A01,1,43,0,1,1,17,1,
2.023E+11,155 597 823,B01,1,1,0,2,8,1,5,
2.023E+11,155 597 825,A01,1,7,0,9,7,1,1,
2.023E+11,155 597 822,A01,2,7,0,2,3,19,1,
2.023E+11,155 597 824,B01,3,33,0,2,7,1,1,
2.023E+11,155 597 819,B01,1,7,0,2,4,2,1,
2.023E+11,155 597 821,A01,1,33,0,2,1,14,1,
2.023E+11,155 597 820,A01,1,7,0,1,1,2,2,
2.023E+11,155 597 817,A01,2,7,0,2,1,1,1,
2.023E+11,155 597 818,B01,2,10,0,2,1,13,1,
2.023E+11,155 597 812,B01,2,7,0,2,2,1,3,
2.023E+11,155 597 816,A01,1,7,0,2,2,1,1,
2.023E+11,155 597 811,B01,0,50,0,2,1,25,3,
2.023E+11,155 597 814,A01,3,7,0,2,2,0,0,
2.023E+11,155 597 813,A01,1,2,0,2,6,1,1,
2.023E+11,155 597 815,Z01,1,7,0,2,2,9,1,
2.023E+11,155 597 808,A01,1,30,0,2,1,1,1,
2.023E+11,155 597 810,B01,1,80,0,2,4,10,3,
2.023E+11,155 597 807,A01,2,7,0,2,0,1,1,
2.023E+11,155 597 809,B01,1,7,0,2,1,1,1,
2.023E+11,155 597 806,A01,1,32,0,1,1,1,1,
2.023E+11,155 597 802,A01,2,10,0,2,2,2,1,
2.023E+11,155 597 805,B01,2,17,0,0,6,1,1,