Num_Acc,id_vehicule,num_veh,senc,catv,obs,obsm,choc,manv,motor,occutc
2.023E+11,155 597 330,A01,2,7,13,0,2,1,1,
2.023E+11,155 597 329,B01,2,43,0,2,6,1,1,
2.023E+11,155 597 331,A01,1,10,0,2,1,1,1,
2.023E+11,155 597 328,A01,2,10,4,0,3,16,1,
2.023E+11,155 597 326,B01,2,7,0,2,3,15,1,
2.023E+11,155 597 327,A01,2,50,0,2,1,5,3,
2.023E+11,155 597 324,A01,1,33,0,0,1,1,1,
2.023E+11,155 597 323,A01,2,7,3,0,4,1,1,
2.023E+11,155 597 325,B01,2,10,0,2,1,1,1,
2.023E+11,155 597 322,A01,2,14,0,1,3,15,0,
2.023E+11,155 597 321,A01,1,7,0,0,9,2,1,
2.023E+11,155 597 319,A01,2,7,0,2,2,1,1,
2.023E+11,155 597 320,B01,1,1,0,2,1,19,5,
2.023E+11,155 597 316,A01,1,7,0,2,7,13,2,
2.023E+11,155 597 317,B01,1,43,1,2,7,17,1,
2.023E+11,155 597 318,A01,2,32,4,0,1,1,1,
2.023E+11,155 597 313,A01,1,7,0,2,3,13,1,
2.023E+11,155 597 315,B01,2,7,0,2,2,1,0,
2.023E+11,155 597 312,A01,1,33,0,2,4,10,1,
2.023E+11,155 597 314,B01,2,32,0,2,1,1,1,
2.023E+11,155 597 311,A01,3,37,0,1,2,1,6,1
2.023E+11,155 597 309,A01,3,7,0,2,3,20,1,
2.023E+11,155 597 310,B01,0,2,1,0,1,19,1,
2.023E+11,155 597 304,A01,2,7,0,2,3,13,1,
2.023E+11,155 597 306,B01,1,7,0,2,1,1,1,
2.023E+11,155 597 303,A01,3,7,0,2,1,2,0,
2.023E+11,155 597 305,B01,3,50,0,2,4,23,3,
2.023E+11,155 597 307,C01,3,7,0,2,4,23,0,
2.023E+11,155 597 308,D01,3,37,0,2,4,23,6,1
2.023E+11,155 597 300,A01,1,7,0,2,2,16,0,
2.023E+11,155 597 301,B01,1,43,0,2,3,26,0,
2.023E+11,155 597 299,A01,2,7,0,9,2,2,1,
2.023E+11,155 597 302,B01,2,80,0,2,8,2,3,
2.023E+11,155 597 297,B01,1,34,0,0,4,23,1,
2.023E+11,155 597 298,A01,1,14,0,2,1,2,1,
2.023E+11,155 597 296,A01,1,33,1,0,4,1,1,
2.023E+11,155 597 294,A01,0,7,0,2,7,1,1,
2.023E+11,155 597 295,B01,0,43,0,2,8,1,1,
2.023E+11,155 597 293,A01,2,7,13,0,0,1,1,
2.023E+11,155 597 291,A01,0,10,12,2,3,15,0,
2.023E+11,155 597 292,B01,0,43,12,0,2,6,1,
2.023E+11,155 597 290,A01,0,0,0,1,3,1,0,
2.023E+11,155 597 288,B01,3,7,0,2,5,1,1,
2.023E+11,155 597 289,A01,3,37,0,2,3,9,1,2
2.023E+11,155 597 287,A01,2,33,12,0,1,1,1,
2.023E+11,155 597 285,Y01,0,1,0,2,2,1,5,
2.023E+11,155 597 286,A01,1,10,0,2,3,1,1,
2.023E+11,155 597 283,A01,1,7,0,2,3,1,1,
2.023E+11,155 597 284,B01,1,50,0,2,3,13,3,
2.023E+11,155 597 282,A01,3,1,0,1,1,21,5,
2.023E+11,155 597 280,A01,3,36,0,2,1,1,0,
2.023E+11,155 597 281,B01,3,7,0,2,1,15,0,
2.023E+11,155 597 279,A01,1,30,0,0,0,0,1,
2.023E+11,155 597 278,A01,0,1,2,0,1,0,5,
2.023E+11,155 597 276,A01,1,99,0,2,2,2,0,
2.023E+11,155 597 277,B01,2,7,0,2,3,1,1,
2.023E+11,155 597 274,A01,3,10,0,2,2,15,1,
2.023E+11,155 597 275,B01,3,1,0,2,1,1,5,
2.023E+11,155 597 272,B01,1,33,0,2,0,0,1,
2.023E+11,155 597 273,A01,2,7,2,0,5,19,1,
2.023E+11,155 597 270,A01,0,7,0,2,2,16,0,
2.023E+11,155 597 271,B01,2,1,0,2,8,1,5,
2.023E+11,155 597 268,B01,3,7,0,2,6,10,1,
2.023E+11,155 597 269,A01,3,32,0,2,2,17,1,
2.023E+11,155 597 266,A01,2,50,0,9,1,5,3,
2.023E+11,155 597 267,B01,1,80,0,9,1,0,3,
2.023E+11,155 597 265,A01,1,1,0,0,0,0,5,
2.023E+11,155 597 263,A01,0,32,0,2,7,17,3,
2.023E+11,155 597 264,B01,0,7,0,2,8,17,1,
2.023E+11,155 597 262,A01,1,7,1,0,3,26,0,
2.023E+11,155 597 259,B01,1,10,0,2,2,0,1,
2.023E+11,155 597 260,A01,1,33,0,2,8,11,1,
2.023E+11,155 597 258,A01,2,7,0,2,2,1,1,
2.023E+11,155 597 261,B01,1,7,6,2,3,1,1,
2.023E+11,155 597 257,A01,1,30,8,0,3,1,1,
2.023E+11,155 597 255,A01,2,33,0,0,0,1,1,
2.023E+11,155 597 254,B01,2,7,0,2,1,1,1,
2.023E+11,155 597 256,A01,3,7,0,2,8,5,1,
2.023E+11,155 597 253,A01,2,33,3,0,0,1,1,
2.023E+11,155 597 250,A01,3,10,0,0,2,10,1,
2.023E+11,155 597 251,B01,3,30,0,0,1,1,1,
2.023E+11,155 597 248,B01,3,7,0,2,1,1,1,
2.023E+11,155 597 249,A01,3,31,0,2,7,1,1,
2.023E+11,155 597 247,A01,0,2,6,0,0,0,1,
2.023E+11,155 597 245,A01,1,7,0,9,8,23,1,
2.023E+11,155 597 246,B01,1,80,0,2,2,17,3,
2.023E+11,155 597 244,A01,2,33,0,5,1,1,1,
2.023E+11,155 597 243,A01,1,7,2,0,1,1,1,
2.023E+11,155 597 241,A01,3,7,0,2,3,9,1,
2.023E+11,155 597 242,B01,3,1,0,2,1,1,5,
2.023E+11,155 597 240,A01,0,7,1,1,4,24,1,
2.023E+11,155 597 238,A01,1,7,0,2,3,9,1,
2.023E+11,155 597 239,B01,2,32,0,2,2,1,1,
2.023E+11,155 597 236,A01,2,10,0,2,1,1,1,
2.023E+11,155 597 237,B01,2,7,0,2,8,1,0,
2.023E+11,155 597 235,A01,1,33,14,0,1,1,1,
2.023E+11,155 597 233,A01,2,33,0,2,3,0,1,
2.023E+11,155 597 234,B01,1,33,0,2,3,0,1,
2.023E+11,155 597 231,A01,2,7,0,2,1,1,1,
2.023E+11,155 597 232,B01,1,7,0,2,1,0,1,
2.023E+11,155 597 230,A01,0,7,8,0,1,19,0,
2.023E+11,155 597 227,B01,1,7,0,9,1,15,1,
2.023E+11,155 597 229,A01,2,1,0,2,1,1,5,
2.023E+11,155 597 226,A01,2,7,0,2,1,17,1,
2.023E+11,155 597 228,B01,2,7,0,2,1,1,1,
2.023E+11,155 597 223,B01,2,7,0,2,2,1,1,
2.023E+11,155 597 224,A01,1,7,0,2,2,10,1,
2.023E+11,155 597 222,A01,3,7,0,0,3,19,0,
2.023E+11,155 597 225,B01,3,33,0,2,7,1,0,
2.023E+11,155 597 220,A01,1,7,13,0,3,1,1,
2.023E+11,155 597 219,A01,2,7,0,2,7,1,1,
2.023E+11,155 597 221,B01,2,1,0,2,8,1,5,
2.023E+11,155 597 216,A01,3,33,8,0,1,14,0,
2.023E+11,155 597 215,A01,1,7,0,2,5,19,1,
2.023E+11,155 597 217,B01,1,7,0,2,2,1,1,
2.023E+11,155 597 213,A01,1,33,13,0,0,13,1,
2.023E+11,155 597 212,A01,2,7,0,2,3,13,1,
2.023E+11,155 597 214,B01,1,33,0,2,1,1,1,
2.023E+11,155 597 210,A01,2,7,0,1,2,1,0,
2.023E+11,155 597 209,A01,2,7,3,0,1,1,1,
2.023E+11,155 597 208,A01,2,31,8,0,1,14,1,
2.023E+11,155 597 207,A01,1,7,0,0,2,1,1,
2.023E+11,155 597 205,B01,1,7,0,9,2,1,0,
2.023E+11,155 597 206,A01,2,50,0,2,1,5,3,
2.023E+11,155 597 203,A01,2,7,3,2,2,11,1,
2.023E+11,155 597 204,B01,2,17,0,2,6,1,1,
2.023E+11,155 597 201,B01,1,10,0,2,1,13,1,
2.023E+11,155 597 202,A01,2,7,0,0,1,1,1,
2.023E+11,155 597 200,A01,2,7,6,0,3,0,1,
2.023E+11,155 597 199,A01,1,33,3,0,7,14,1,
2.023E+11,155 597 198,A01,2,33,3,0,8,0,1,
2.023E+11,155 597 196,A01,3,7,2,2,9,16,1,
2.023E+11,155 597 197,B01,1,7,0,2,1,1,1,
2.023E+11,155 597 195,A01,2,7,13,0,2,14,0,
2.023E+11,155 597 192,A01,3,7,0,2,2,26,0,
2.023E+11,155 597 194,B01,0,-1,0,2,0,0,0,
2.023E+11,155 597 191,A01,1,33,0,0,0,1,1,
2.023E+11,155 597 193,A01,1,1,0,0,0,0,5,
2.023E+11,155 597 189,A01,1,7,0,0,3,13,1,
2.023E+11,155 597 190,B01,2,7,0,0,3,1,1,
2.023E+11,155 597 187,A01,1,10,2,0,1,13,1,
2.023E+11,155 597 185,B01,1,7,0,2,6,0,0,
2.023E+11,155 597 186,A01,1,7,12,0,5,26,0,
2.023E+11,155 597 184,A01,1,33,10,0,1,14,1,
2.023E+11,155 597 183,A01,1,33,3,0,3,9,1,
2.023E+11,155 597 181,A01,2,7,0,2,3,16,1,
2.023E+11,155 597 182,B01,2,80,0,2,2,1,3,
2.023E+11,155 597 180,A01,0,7,16,0,1,1,1,
2.023E+11,155 597 179,A01,1,7,2,0,1,0,1,
2.023E+11,155 597 177,A01,0,1,0,2,0,17,5,
2.023E+11,155 597 178,B01,1,10,0,9,6,16,1,
2.023E+11,155 597 174,A01,1,7,0,2,1,2,1,
2.023E+11,155 597 175,B01,1,7,0,2,4,2,1,
2.023E+11,155 597 176,C01,1,7,0,2,4,2,1,
2.023E+11,155 597 172,B01,1,1,0,2,1,1,5,
2.023E+11,155 597 173,A01,1,1,0,0,6,21,5,
2.023E+11,155 597 170,B01,1,33,0,2,3,1,1,
2.023E+11,155 597 171,A01,2,7,0,2,3,15,1,
2.023E+11,155 597 167,B01,3,7,0,2,1,23,3,
2.023E+11,155 597 168,A01,1,33,0,2,1,1,1,
2.023E+11,155 597 169,C01,3,7,0,2,7,19,1,
2.023E+11,155 597 166,A01,1,7,0,1,2,1,1,
2.023E+11,155 597 164,A01,2,7,0,2,2,15,1,
2.023E+11,155 597 165,B01,1,50,0,2,1,1,3,
2.023E+11,155 597 163,A01,1,1,0,0,0,1,5,
2.023E+11,155 597 161,A01,1,7,0,2,1,15,1,
2.023E+11,155 597 162,B01,1,1,0,2,1,1,5,
2.023E+11,155 597 157,A01,3,50,0,2,1,2,3,
2.023E+11,155 597 158,B01,3,50,0,2,4,17,3,
2.023E+11,155 597 156,A01,1,7,4,0,1,1,1,
2.023E+11,155 597 154,A01,1,7,0,2,2,15,0,
2.023E+11,155 597 155,B01,2,33,0,2,1,1,1,
2.023E+11,155 597 152,A01,1,15,4,9,1,13,1,
2.023E+11,155 597 150,A01,2,33,0,2,8,5,1,
2.023E+11,155 597 151,B01,1,7,0,2,3,5,1,
2.023E+11,155 597 148,A01,1,7,0,2,5,15,1,
2.023E+11,155 597 149,B01,2,31,0,2,1,1,1,
2.023E+11,155 597 147,A01,2,7,8,0,9,15,1,
2.023E+11,155 597 145,B01,1,7,0,2,1,1,1,
2.023E+11,155 597 146,A01,2,7,0,2,2,9,1,
2.023E+11,155 597 144,A01,1,7,8,0,3,13,1,
2.023E+11,155 597 142,B01,2,33,14,0,1,2,1,
2.023E+11,155 597 143,A01,2,10,0,0,4,23,1,
2.023E+11,155 597 140,A01,2,7,0,2,3,16,1,
2.023E+11,155 597 141,B01,2,31,0,0,8,1,1,
2.023E+11,155 597 137,B01,2,10,0,2,4,1,1,
2.023E+11,155 597 138,C01,2,7,0,0,0,21,2,
2.023E+11,155 597 139,A01,1,7,0,2,1,5,2,
2.023E+11,155 597 136,A01,1,7,2,0,1,14,0,
2.023E+11,155 597 134,A01,2,43,0,2,1,1,1,
2.023E+11,155 597 135,B01,2,7,0,2,3,15,1,
2.023E+11,155 597 132,A01,1,1,0,2,1,2,5,
2.023E+11,155 597 133,B01,1,7,0,0,4,23,3,
2.023E+11,155 597 130,A01,2,33,0,0,1,1,0,
2.023E+11,155 597 131,B01,1,99,0,2,7,19,5,
2.023E+11,155 597 129,A01,2,31,0,0,9,21,1,
2.023E+11,155 597 127,A01,1,7,0,2,4,15,1,
2.023E+11,155 597 128,B01,1,33,0,2,1,17,1,
2.023E+11,155 597 126,A01,1,7,8,0,1,2,2,
2.023E+11,155 597 124,A01,3,7,0,2,8,19,1,
2.023E+11,155 597 125,B01,2,10,0,2,1,1,1,
2.023E+11,155 597 123,A01,3,99,2,0,1,1,1,
2.023E+11,155 597 122,A01,1,7,2,0,1,1,1,
2.023E+11,155 597 121,A01,3,7,0,1,1,1,1,
2.023E+11,155 597 119,A01,2,10,0,2,8,13,1,
2.023E+11,155 597 120,B01,1,33,0,2,1,1,1,
2.023E+11,155 597 118,A01,2,31,0,0,1,1,1,
2.023E+11,155 597 117,A01,3,2,13,0,1,13,1,
2.023E+11,155 597 116,A01,2,7,2,0,1,0,1,
2.023E+11,155 597 115,A01,2,7,8,0,1,14,1,
2.023E+11,155 597 113,A01,1,33,0,2,1,13,1,
2.023E+11,155 597 114,B01,2,7,0,2,2,1,2,
2.023E+11,155 597 112,A01,1,7,4,0,3,0,1,
2.023E+11,155 597 110,A01,3,7,0,2,3,15,1,
2.023E+11,155 597 111,B01,3,33,0,2,1,1,1,
2.023E+11,155 597 108,A01,2,7,0,2,3,13,1,
2.023E+11,155 597 109,B01,1,7,0,2,3,1,1,
2.023E+11,155 597 107,A01,1,7,0,1,1,1,1,
2.023E+11,155 597 105,A01,3,10,0,0,0,1,1,
2.023E+11,155 597 106,C01,0,1,0,2,3,1,5,
2.023E+11,155 597 104,A01,2,2,0,0,1,1,1,
2.023E+11,155 597 102,A01,2,33,0,2,1,1,1,
2.023E+11,155 597 103,B01,1,7,0,2,1,15,2,
2.023E+11,155 597 101,A01,1,7,4,0,3,13,1,
2.023E+11,155 597 100,A01,0,7,0,1,4,4,1,
2.023E+11,155 597 098,A01,3,7,0,9,1,5,0,
2.023E+11,155 597 099,B01,3,1,0,2,1,5,5,
2.023E+11,155 597 096,A01,2,7,0,2,4,24,1,
2.023E+11,155 597 097,B01,2,33,0,2,1,2,1,
2.023E+11,155 597 094,A01,2,7,0,2,3,15,1,
2.023E+11,155 597 095,B01,1,2,0,2,1,13,1,
2.023E+11,155 597 093,A01,2,1,0,0,0,1,5,
2.023E+11,155 597 091,B01,2,7,0,2,2,1,6,
2.023E+11,155 597 092,A01,1,7,0,2,2,13,6,
2.023E+11,155 597 090,A01,1,7,0,0,7,1,0,
2.023E+11,155 597 089,A01,3,33,13,0,1,1,1,
2.023E+11,155 597 087,A01,1,7,0,0,6,15,1,
2.023E+11,155 597 088,B01,1,33,0,2,1,1,1,
2.023E+11,155 597 086,A01,1,7,6,0,1,19,1,
2.023E+11,155 597 085,A01,1,7,8,0,1,1,1,
2.023E+11,155 597 084,A01,2,7,15,1,1,21,1,
2.023E+11,155 597 082,A01,1,7,0,2,2,1,1,
2.023E+11,155 597 083,B01,0,1,0,2,5,19,5,
2.023E+11,155 597 080,B01,2,7,0,2,2,1,1,
2.023E+11,155 597 081,A01,2,7,0,0,3,1,1,
2.023E+11,155 597 078,C01,0,99,0,2,5,21,1,
2.023E+11,155 597 079,A01,0,2,1,0,5,2,1,
2.023E+11,155 597 077,A01,1,7,0,1,2,1,1,
2.023E+11,155 597 075,A01,1,7,0,2,1,15,0,
2.023E+11,155 597 076,B01,0,43,0,2,1,1,1,
2.023E+11,155 597 072,A01,1,34,0,2,1,3,1,
2.023E+11,155 597 073,B01,1,14,0,2,0,1,1,
2.023E+11,155 597 074,C01,1,14,0,2,0,1,1,
2.023E+11,155 597 070,A01,1,7,0,2,1,16,1,
2.023E+11,155 597 071,B01,1,50,0,2,7,1,3,
2.023E+11,155 597 068,A01,0,33,0,2,8,1,1,
2.023E+11,155 597 069,B01,0,7,0,2,8,1,1,
2.023E+11,155 597 066,A01,2,30,0,2,1,1,1,
2.023E+11,155 597 067,B01,1,7,0,2,3,16,1,
2.023E+11,155 597 064,A01,2,7,0,2,2,15,1,
2.023E+11,155 597 065,B01,1,32,0,2,1,1,1,
2.023E+11,155 597 063,A01,1,7,0,0,2,1,1,
2.023E+11,155 597 062,A01,2,7,0,1,3,15,1,
2.023E+11,155 597 059,A01,1,34,0,2,1,3,1,
2.023E+11,155 597 060,B01,1,14,0,0,5,1,1,
2.023E+11,155 597 061,C01,1,7,0,0,5,1,1,
2.023E+11,155 597 058,A01,1,7,0,1,3,1,1,
2.023E+11,155 597 056,B01,3,1,12,2,0,5,5,
2.023E+11,155 597 057,A01,3,38,0,0,1,0,1,1
2.023E+11,155 597 055,A01,1,7,2,0,8,0,1,
2.023E+11,155 597 054,A01,1,7,0,1,2,19,1,
2.023E+11,155 597 052,B01,3,7,0,2,0,2,0,
2.023E+11,155 597 053,A01,3,80,0,2,4,19,3,
2.023E+11,155 597 051,A01,1,7,0,1,2,1,1,
2.023E+11,155 597 049,B01,1,7,0,2,3,1,6,
2.023E+11,155 597 050,A01,2,7,0,2,2,0,1,
2.023E+11,155 597 048,A01,2,2,0,0,4,1,1,
2.023E+11,155 597 045,A01,2,7,0,2,8,15,1,
2.023E+11,155 597 046,B01,2,33,0,2,2,17,1,
2.023E+11,155 597 047,C01,2,33,0,2,2,17,1,
2.023E+11,155 597 044,A01,2,7,0,0,0,1,0,
2.023E+11,155 597 042,A01,1,7,0,2,3,13,1,
2.023E+11,155 597 043,B01,2,15,0,2,3,1,1,
2.023E+11,155 597 041,A01,1,33,0,0,7,1,1,
2.023E+11,155 597 039,B01,2,7,0,2,3,1,1,
2.023E+11,155 597 040,A01,1,7,0,2,3,3,1,
2.023E+11,155 597 038,A01,2,2,0,0,1,2,1,
2.023E+11,155 597 035,C01,1,7,0,2,8,1,1,
2.023E+11,155 597 036,B01,1,15,0,2,1,1,1,
2.023E+11,155 597 037,A01,2,7,0,2,3,13,1,
2.023E+11,155 597 034,A01,1,33,0,0,0,17,1,
2.023E+11,155 597 033,A01,1,2,0,0,0,1,0,
2.023E+11,155 597 031,B01,2,2,0,2,1,16,1,
2.023E+11,155 597 032,A01,2,7,0,2,2,1,1,
2.023E+11,155 597 030,A01,1,2,0,0,0,1,1,
2.023E+11,155 597 029,A01,3,7,0,1,4,24,1,
2.023E+11,155 597 028,A01,2,33,13,0,7,1,1,
2.023E+11,155 597 025,A01,2,7,0,2,1,17,1,
2.023E+11,155 597 026,B01,2,10,13,2,4,15,1,
2.023E+11,155 597 024,A01,0,33,7,0,2,1,1,
2.023E+11,155 597 022,B01,1,10,0,0,6,1,1,
2.023E+11,155 597 023,A01,2,7,0,2,1,1,1,
2.023E+11,155 597 020,B01,1,7,0,2,1,1,0,
2.023E+11,155 597 021,A01,1,2,0,2,1,15,0,
2.023E+11,155 597 019,A01,2,33,3,0,2,2,1,
2.023E+11,155 597 018,A01,1,7,2,0,2,1,1,
2.023E+11,155 597 016,A01,2,1,0,2,8,15,5,
2.023E+11,155 597 017,B01,1,7,0,2,1,1,1,
2.023E+11,155 597 014,A01,-1,33,0,2,2,17,0,
2.023E+11,155 597 015,B01,-1,7,0,2,6,1,0,
2.023E+11,155 597 013,A01,3,7,0,1,2,1,1,
2.023E+11,155 597 012,A01,1,7,6,0,0,1,1,
2.023E+11,155 597 010,A01,3,7,0,2,2,1,1,
2.023E+11,155 597 011,B01,3,7,0,2,3,1,1,
2.023E+11,155 597 008,A01,1,7,0,2,2,1,1,
2.023E+11,155 597 009,B01,2,10,0,2,1,15,1,
2.023E+11,155 597 006,A01,3,7,0,2,3,1,0,
2.023E+11,155 597 007,B01,3,10,0,2,3,1,1,
2.023E+11,155 597 005,A01,1,7,0,1,1,1,0,
2.023E+11,155 597 004,A01,3,7,2,0,1,0,1,
2.023E+11,155 597 002,A01,2,33,0,2,1,13,1,
2.023E+11,155 597 003,B01,1,7,0,2,1,1,1,
2.023E+11,155 597 001,A01,2,7,14,0,1,13,1,
2.023E+11,155 597 000,A01,1,7,0,1,2,1,1,
2.023E+11,155 596 999,A01,1,7,3,0,1,1,1,
2.023E+11,155 596 998,A01,2,1,0,0,0,1,5,
2.023E+11,155 596 996,A01,1,33,13,2,1,13,1,
2.023E+11,155 596 997,B01,2,7,0,2,1,15,1,
2.023E+11,155 596 994,A01,3,50,0,2,1,16,3,
2.023E+11,155 596 995,B01,3,7,0,0,6,1,1,
2.023E+11,155 596 993,A01,2,7,2,0,1,1,1,
2.023E+11,155 596 991,A01,2,7,3,2,3,15,0,
2.023E+11,155 596 992,B01,1,7,0,2,3,1,0,
2.023E+11,155 596 989,B01,2,7,0,2,3,1,1,
2.023E+11,155 596 990,A01,1,33,0,2,1,13,1,
2.023E+11,155 596 988,A01,2,7,13,0,9,1,1,
2.023E+11,155 596 985,C01,2,7,0,2,3,1,1,
2.023E+11,155 596 986,A01,1,7,0,2,1,1,1,
2.023E+11,155 596 987,B01,2,7,0,2,3,1,1,
2.023E+11,155 596 982,A01,1,7,8,0,1,6,1,
2.023E+11,155 596 981,A01,3,37,0,1,7,1,0,1
2.023E+11,155 596 979,A01,1,37,0,2,2,2,1,2
2.023E+11,155 596 980,B01,1,14,0,0,6,16,1,
2.023E+11,155 596 977,B01,1,32,0,2,1,2,1,
2.023E+11,155 596 978,A01,1,80,0,2,8,1,3,
2.023E+11,155 596 976,A01,2,33,3,0,1,1,1,
2.023E+11,155 596 974,A01,0,7,0,0,6,16,1,
2.023E+11,155 596 975,B01,0,7,7,2,1,17,1,
2.023E+11,155 596 972,A01,2,7,0,2,3,17,1,
2.023E+11,155 596 973,B01,1,33,13,2,8,1,1,
2.023E+11,155 596 969,A01,1,-1,0,1,0,2,0,
2.023E+11,155 596 967,A01,1,10,0,9,3,1,0,
2.023E+11,155 596 968,B01,2,1,0,2,1,16,5,
2.023E+11,155 596 965,A01,1,10,0,2,2,2,1,
2.023E+11,155 596 966,B01,1,36,4,0,6,2,3,
2.023E+11,155 596 962,A01,2,7,0,2,1,13,1,
2.023E+11,155 596 963,B01,1,2,0,2,0,0,1,
2.023E+11,155 596 964,C01,1,7,0,2,1,1,1,
2.023E+11,155 596 960,A01,1,7,3,2,1,13,1,
2.023E+11,155 596 961,B01,2,10,0,2,1,1,1,
2.023E+11,155 596 958,A01,2,7,0,2,2,13,1,
2.023E+11,155 596 959,B01,1,7,0,2,2,13,1,
2.023E+11,155 596 956,A01,1,3,0,9,2,17,1,
2.023E+11,155 596 957,B01,1,80,0,2,4,1,3,
2.023E+11,155 596 954,B01,2,80,0,2,1,1,3,
2.023E+11,155 596 955,A01,1,7,0,2,2,15,1,
2.023E+11,155 596 952,A01,2,7,0,2,2,1,1,
2.023E+11,155 596 953,B01,1,7,13,0,5,1,1,
2.023E+11,155 596 951,A01,2,1,13,0,0,0,5,
2.023E+11,155 596 949,A01,2,33,0,2,7,1,1,
2.023E+11,155 596 950,B01,3,7,0,2,3,19,1,
2.023E+11,155 596 948,A01,1,7,8,1,1,15,1,
2.023E+11,155 596 946,A01,0,7,0,0,3,13,1,
2.023E+11,155 596 947,B01,0,7,0,0,3,1,1,
2.023E+11,155 596 944,A01,0,33,0,2,0,0,0,
2.023E+11,155 596 945,B01,0,7,0,2,8,0,0,
2.023E+11,155 596 943,A01,3,7,1,0,1,2,0,
2.023E+11,155 596 942,A01,0,31,0,0,8,1,3,
2.023E+11,155 596 940,A01,3,7,0,2,3,1,1,
2.023E+11,155 596 941,B01,1,7,0,2,3,1,1,
2.023E+11,155 596 939,A01,1,33,0,0,0,1,1,
2.023E+11,155 596 938,A01,3,7,0,1,4,20,1,
2.023E+11,155 596 935,A01,2,50,0,2,7,17,3,
2.023E+11,155 596 936,B01,2,33,0,0,8,13,0,
2.023E+11,155 596 934,A01,2,7,0,1,3,1,1,
2.023E+11,155 596 932,B01,1,7,0,2,2,26,0,
2.023E+11,155 596 933,A01,1,7,0,2,1,26,1,
2.023E+11,155 596 931,A01,3,36,8,0,1,1,3,
2.023E+11,155 596 929,A01,1,7,0,2,2,15,1,
2.023E+11,155 596 930,B01,2,14,0,2,8,15,1,
2.023E+11,155 596 923,B01,2,1,0,2,7,1,5,
2.023E+11,155 596 924,A01,2,7,0,2,3,22,1,
2.023E+11,155 596 921,B01,1,7,0,2,2,1,1,
2.023E+11,155 596 922,A01,1,7,0,2,5,11,6,
2.023E+11,155 596 920,A01,1,10,0,1,1,1,1,
2.023E+11,155 596 918,B01,1,50,0,2,1,1,3,
2.023E+11,155 596 919,A01,1,7,0,2,7,16,1,
2.023E+11,155 596 916,B01,3,50,0,2,0,0,3,
2.023E+11,155 596 917,A01,1,7,0,9,0,0,0,
2.023E+11,155 596 915,A01,1,7,0,1,1,26,1,
2.023E+11,155 596 913,A01,2,7,7,2,2,1,2,
2.023E+11,155 596 914,B01,2,7,0,2,3,15,1,
2.023E+11,155 596 912,A01,1,31,3,0,0,3,0,
2.023E+11,155 596 910,B01,1,7,0,2,3,1,1,
2.023E+11,155 596 911,A01,2,7,0,2,3,1,1,
2.023E+11,155 596 908,B01,0,1,0,2,1,1,5,
2.023E+11,155 596 909,A01,1,10,0,9,3,9,1,
2.023E+11,155 596 906,A01,1,7,0,2,2,23,1,
2.023E+11,155 596 907,B01,1,7,10,2,3,18,1,
2.023E+11,155 596 904,A01,0,7,0,2,3,1,1,
2.023E+11,155 596 905,B01,0,7,0,2,3,0,1,
2.023E+11,155 596 903,A01,0,7,14,0,1,1,1,
2.023E+11,155 596 901,A01,2,15,0,2,6,19,1,
2.023E+11,155 596 902,B01,2,7,0,2,1,1,1,
2.023E+11,155 596 899,A01,2,99,13,2,3,1,1,
2.023E+11,155 596 900,B01,1,7,13,2,7,19,1,
2.023E+11,155 596 897,A01,1,7,0,2,1,1,1,
2.023E+11,155 596 898,B01,2,7,0,2,1,5,1,
2.023E+11,155 596 896,A01,2,7,2,0,2,1,1,
2.023E+11,155 596 895,A01,1,7,6,0,3,0,3,
2.023E+11,155 596 894,A01,1,10,13,0,1,1,1,
2.023E+11,155 596 893,A01,1,7,6,0,3,1,1,
2.023E+11,155 596 892,A01,1,7,0,0,3,0,1,
2.023E+11,155 596 890,A01,1,7,0,2,1,1,1,
2.023E+11,155 596 891,B01,1,7,0,2,4,1,1,
2.023E+11,155 596 888,A01,2,7,0,2,1,1,1,
2.023E+11,155 596 889,B01,2,7,0,2,4,2,1,
2.023E+11,155 596 887,A01,2,7,4,0,1,1,1,
2.023E+11,155 596 886,A01,2,7,3,0,1,9,1,
2.023E+11,155 596 884,B01,3,7,0,2,4,23,0,
2.023E+11,155 596 885,A01,3,10,0,2,1,2,1,
2.023E+11,155 596 883,A01,2,7,4,0,1,26,1,
2.023E+11,155 596 880,Z01,1,10,0,2,8,11,1,
2.023E+11,155 596 881,B01,1,7,0,2,7,1,1,
2.023E+11,155 596 882,C01,1,7,0,2,2,1,1,
2.023E+11,155 596 879,A01,1,7,4,0,1,0,1,
2.023E+11,155 596 876,B01,1,7,0,2,3,1,1,
2.023E+11,155 596 877,C01,1,7,0,2,2,1,1,
2.023E+11,155 596 878,A01,1,99,0,2,0,2,1,
2.023E+11,155 596 875,A01,2,33,0,0,9,1,1,
2.023E+11,155 596 872,A01,2,10,0,2,7,2,1,
2.023E+11,155 596 873,C01,1,10,0,2,1,15,1,
2.023E+11,155 596 874,B01,1,10,0,2,1,16,1,
2.023E+11,155 596 871,A01,1,7,0,1,1,1,1,
2.023E+11,155 596 870,A01,2,7,0,1,1,1,1,
2.023E+11,155 596 867,B01,2,7,0,2,8,15,1,
2.023E+11,155 596 868,A01,1,7,0,2,2,17,1,