Num_Acc,id_vehicule,num_veh,senc,catv,obs,obsm,choc,manv,motor,occutc
2.023E+11,155 595 456,B01,2,30,0,2,7,1,3,
2.023E+11,155 595 452,A01,2,7,0,2,7,15,1,
2.023E+11,155 595 453,B01,1,7,0,2,1,1,1,
2.023E+11,155 595 451,B01,1,7,0,2,3,15,1,
2.023E+11,155 595 454,A01,2,31,0,2,1,1,1,
2.023E+11,155 595 448,B01,1,7,0,2,8,22,1,
2.023E+11,155 595 450,A01,1,1,0,2,1,1,5,
2.023E+11,155 595 447,A01,3,7,0,2,3,15,1,
2.023E+11,155 595 449,B01,3,7,0,2,2,1,1,
2.023E+11,155 595 446,A01,2,7,2,0,3,13,1,
2.023E+11,155 595 444,B01,2,50,0,2,8,1,3,
2.023E+11,155 595 445,A01,2,14,0,2,7,17,1,
2.023E+11,155 595 442,A01,2,7,0,0,1,1,1,
2.023E+11,155 595 441,B01,1,7,0,2,1,1,1,
2.023E+11,155 595 443,A01,1,7,0,2,8,16,1,
2.023E+11,155 595 439,A01,3,7,0,1,4,4,0,
2.023E+11,155 595 435,Z01,1,10,0,2,8,22,1,
2.023E+11,155 595 437,B01,1,7,0,2,2,1,1,
2.023E+11,155 595 440,A01,1,1,0,2,1,1,5,
2.023E+11,155 595 434,A01,2,7,6,0,0,1,1,
2.023E+11,155 595 433,A01,0,7,0,1,7,1,1,
2.023E+11,155 595 430,B01,1,43,0,2,2,17,1,
2.023E+11,155 595 432,A01,1,7,0,2,3,15,1,
2.023E+11,155 595 429,A01,3,7,0,0,6,19,0,
2.023E+11,155 595 431,B01,1,7,0,0,1,1,0,
2.023E+11,155 595 428,A01,1,7,0,0,0,1,1,
2.023E+11,155 595 426,A01,3,30,0,0,7,1,3,
2.023E+11,155 595 425,B01,1,1,0,2,4,2,5,
2.023E+11,155 595 427,A01,1,10,0,2,2,2,1,
2.023E+11,155 595 424,A01,1,2,0,1,1,17,1,
2.023E+11,155 595 421,A01,3,33,0,0,0,1,1,
2.023E+11,155 595 420,A01,2,2,0,2,1,1,1,
2.023E+11,155 595 422,B01,2,7,0,2,5,15,1,
2.023E+11,155 595 419,B01,1,2,0,2,1,1,1,
2.023E+11,155 595 423,A01,2,7,0,2,3,15,1,
2.023E+11,155 595 417,A01,3,7,0,1,1,1,1,
2.023E+11,155 595 416,A01,1,32,0,2,1,17,1,
2.023E+11,155 595 418,B01,1,7,0,2,8,15,1,
2.023E+11,155 595 413,A01,3,2,0,2,2,15,1,
2.023E+11,155 595 415,B01,3,7,0,2,2,1,1,
2.023E+11,155 595 412,A01,1,10,0,2,8,1,1,
2.023E+11,155 595 414,B01,2,50,0,2,1,1,3,
2.023E+11,155 595 411,A01,2,7,1,1,1,25,1,
2.023E+11,155 595 409,A01,1,7,0,1,2,1,1,
2.023E+11,155 595 407,A01,1,7,0,1,6,4,1,
2.023E+11,155 595 404,A01,1,7,0,2,3,26,1,
2.023E+11,155 595 406,B01,2,7,0,2,9,1,1,
2.023E+11,155 595 408,C01,1,7,0,2,6,1,1,
2.023E+11,155 595 410,D01,1,7,0,2,1,1,1,
2.023E+11,155 595 402,A01,1,34,0,2,4,24,1,
2.023E+11,155 595 403,B01,1,7,1,0,1,2,1,
2.023E+11,155 595 401,A01,1,33,13,0,1,1,1,
2.023E+11,155 595 399,A01,0,7,0,2,2,15,1,
2.023E+11,155 595 400,B01,0,2,0,2,1,1,1,
2.023E+11,155 595 394,A01,1,7,0,2,3,15,1,
2.023E+11,155 595 397,B01,1,1,0,2,1,1,5,
2.023E+11,155 595 391,A01,2,7,4,0,3,1,1,
2.023E+11,155 595 392,A01,1,7,0,2,1,16,1,
2.023E+11,155 595 395,B01,2,1,0,0,0,0,5,
2.023E+11,155 595 390,A01,0,7,0,2,0,0,0,
2.023E+11,155 595 393,B01,3,3,0,2,1,26,1,
2.023E+11,155 595 389,A01,1,7,10,0,3,13,1,
2.023E+11,155 595 387,A01,1,30,0,0,0,1,1,
2.023E+11,155 595 386,A01,1,7,0,2,3,16,2,
2.023E+11,155 595 388,B01,1,7,0,2,5,1,1,
2.023E+11,155 595 384,A01,2,14,0,2,0,1,1,
2.023E+11,155 595 385,B01,2,7,0,2,6,0,1,
2.023E+11,155 595 382,A01,2,30,0,0,2,21,1,
2.023E+11,155 595 381,A01,2,7,4,0,1,1,1,
2.023E+11,155 595 380,A01,1,10,0,1,4,20,1,
2.023E+11,155 595 378,A01,1,10,4,0,3,2,1,
2.023E+11,155 595 376,A01,1,7,0,2,3,1,1,
2.023E+11,155 595 377,B01,1,50,0,2,1,15,3,
2.023E+11,155 595 373,A01,3,7,0,2,3,15,1,
2.023E+11,155 595 375,B01,3,30,0,2,3,5,1,
2.023E+11,155 595 372,A01,3,31,2,0,1,0,1,
2.023E+11,155 595 368,A01,1,7,0,2,3,1,1,
2.023E+11,155 595 370,B01,1,1,0,2,8,9,5,
2.023E+11,155 595 367,A01,1,7,0,2,2,15,1,
2.023E+11,155 595 369,B01,2,33,0,2,1,1,1,
2.023E+11,155 595 365,A01,2,7,2,0,1,1,0,
2.023E+11,155 595 364,A01,3,10,0,2,1,19,1,
2.023E+11,155 595 366,B01,3,7,0,2,7,1,1,
2.023E+11,155 595 362,A01,1,31,13,0,1,9,1,
2.023E+11,155 595 361,B01,2,50,0,2,1,14,3,
2.023E+11,155 595 363,A01,1,7,0,2,1,1,0,
2.023E+11,155 595 360,A01,2,7,2,0,2,1,1,
2.023E+11,155 595 357,A01,1,7,0,2,2,1,1,
2.023E+11,155 595 359,B01,1,33,0,2,7,16,1,
2.023E+11,155 595 355,A01,1,7,0,2,6,15,1,
2.023E+11,155 595 358,B01,2,2,0,2,1,1,1,
2.023E+11,155 595 356,A01,0,7,0,1,8,15,1,
2.023E+11,155 595 352,A01,1,7,0,2,1,19,1,
2.023E+11,155 595 354,B01,2,7,0,2,5,1,3,
2.023E+11,155 595 351,A01,1,7,15,0,9,1,1,
2.023E+11,155 595 350,A01,1,7,0,2,3,15,1,
2.023E+11,155 595 353,B01,2,33,0,2,1,17,1,
2.023E+11,155 595 348,A01,3,32,1,0,7,14,1,
2.023E+11,155 595 349,A01,3,7,4,0,2,17,1,
2.023E+11,155 595 347,A01,2,7,2,0,1,0,1,
2.023E+11,155 595 346,A01,1,7,0,1,3,13,1,
2.023E+11,155 595 345,A01,1,7,16,0,1,1,1,
2.023E+11,155 595 343,A01,1,7,4,0,9,17,0,
2.023E+11,155 595 344,A01,2,33,6,0,8,1,1,
2.023E+11,155 595 340,A01,3,7,3,0,1,26,1,
2.023E+11,155 595 339,A01,3,7,0,2,3,13,1,
2.023E+11,155 595 341,B01,3,7,0,2,1,1,1,
2.023E+11,155 595 338,B01,2,7,0,2,3,12,1,
2.023E+11,155 595 342,A01,2,7,3,2,0,17,1,
2.023E+11,155 595 335,A01,1,13,4,0,3,1,0,
2.023E+11,155 595 331,A01,2,7,2,0,3,2,1,
2.023E+11,155 595 333,A01,2,7,0,2,1,5,6,
2.023E+11,155 595 334,B01,1,7,0,2,1,1,6,
2.023E+11,155 595 336,C01,1,7,0,2,3,1,6,
2.023E+11,155 595 332,B01,2,7,0,2,2,16,1,
2.023E+11,155 595 337,A01,1,1,0,2,1,15,5,
2.023E+11,155 595 330,A01,1,7,2,0,1,13,1,
2.023E+11,155 595 328,A01,3,21,0,1,8,1,1,
2.023E+11,155 595 326,A01,3,7,0,1,1,1,1,
2.023E+11,155 595 327,B01,2,37,0,2,6,23,1,1
2.023E+11,155 595 329,A01,1,7,0,2,1,21,1,
2.023E+11,155 595 325,A01,1,33,3,0,0,1,1,
2.023E+11,155 595 322,B01,1,7,0,2,3,1,1,
2.023E+11,155 595 324,A01,1,7,0,2,1,19,1,
2.023E+11,155 595 321,A01,1,7,2,0,3,13,1,
2.023E+11,155 595 316,B01,2,7,0,2,1,1,1,
2.023E+11,155 595 318,A01,1,7,16,2,1,13,1,
2.023E+11,155 595 317,A01,2,7,7,0,9,1,1,
2.023E+11,155 595 312,A01,1,7,0,2,1,5,1,
2.023E+11,155 595 314,B01,2,7,0,2,1,1,1,
2.023E+11,155 595 311,B01,1,60,0,2,3,1,5,
2.023E+11,155 595 315,A01,1,3,0,9,1,19,1,
2.023E+11,155 595 310,A01,1,7,13,0,1,1,1,
2.023E+11,155 595 309,A01,3,7,0,2,8,1,1,
2.023E+11,155 595 313,B01,1,7,0,2,2,1,1,
2.023E+11,155 595 304,B01,1,2,0,2,1,1,1,
2.023E+11,155 595 307,A01,1,7,0,0,4,26,0,
2.023E+11,155 595 303,A01,1,7,0,2,2,14,1,
2.023E+11,155 595 306,B01,1,1,0,2,8,1,5,
2.023E+11,155 595 305,B01,2,7,0,2,1,1,2,
2.023E+11,155 595 308,A01,1,2,0,2,1,1,1,
2.023E+11,155 595 302,A01,2,7,0,0,1,1,1,
2.023E+11,155 595 299,A01,2,7,0,2,1,2,1,
2.023E+11,155 595 301,Z01,2,7,0,2,4,0,0,
2.023E+11,155 595 298,A01,2,34,0,1,1,1,1,
2.023E+11,155 595 300,B01,1,50,0,2,8,26,3,
2.023E+11,155 595 296,A01,1,1,0,9,2,17,5,
2.023E+11,155 595 297,B01,1,1,0,9,3,1,5,
2.023E+11,155 595 294,A01,1,7,0,1,1,2,1,
2.023E+11,155 595 292,A01,3,30,1,0,2,1,1,
2.023E+11,155 595 295,B01,3,7,0,2,6,20,1,
2.023E+11,155 595 290,B01,1,7,0,2,3,1,1,
2.023E+11,155 595 293,A01,2,33,0,2,1,1,1,
2.023E+11,155 595 288,A01,1,7,0,2,1,13,1,
2.023E+11,155 595 291,B01,2,7,0,2,1,1,1,
2.023E+11,155 595 286,A01,0,1,0,6,1,2,5,
2.023E+11,155 595 287,A01,1,33,0,2,3,0,1,
2.023E+11,155 595 289,B01,1,30,0,0,7,0,1,
2.023E+11,155 595 284,A01,1,33,0,0,7,1,1,
2.023E+11,155 595 283,A01,3,7,16,0,9,1,1,
2.023E+11,155 595 282,A01,2,7,0,2,8,1,1,
2.023E+11,155 595 285,B01,3,30,0,2,1,5,1,
2.023E+11,155 595 279,A01,2,7,0,9,4,0,1,
2.023E+11,155 595 280,B01,2,7,0,2,1,0,0,
2.023E+11,155 595 277,A01,2,7,0,2,1,9,1,
2.023E+11,155 595 281,B01,1,17,0,2,6,1,1,
2.023E+11,155 595 276,A01,1,7,0,2,2,15,1,
2.023E+11,155 595 278,B01,2,1,0,2,0,0,5,
2.023E+11,155 595 275,A01,2,2,1,0,1,1,1,
2.023E+11,155 595 274,A01,1,7,0,1,1,9,1,
2.023E+11,155 595 272,A01,1,7,0,2,3,13,1,
2.023E+11,155 595 273,B01,2,30,0,2,1,1,1,
2.023E+11,155 595 271,A01,3,7,0,1,3,9,1,
2.023E+11,155 595 267,A01,1,7,0,2,1,1,1,
2.023E+11,155 595 269,B01,1,7,0,2,4,23,1,
2.023E+11,155 595 270,C01,1,7,0,2,4,23,1,
2.023E+11,155 595 266,B01,1,43,0,2,1,1,1,
2.023E+11,155 595 268,A01,2,7,0,2,2,15,1,
2.023E+11,155 595 264,B01,1,7,0,2,1,13,1,
2.023E+11,155 595 265,A01,2,7,0,2,1,1,1,
2.023E+11,155 595 262,A01,1,30,1,0,3,1,1,
2.023E+11,155 595 261,B01,1,31,0,2,4,11,1,
2.023E+11,155 595 263,A01,1,33,0,2,1,3,1,
2.023E+11,155 595 260,A01,1,7,13,0,1,1,1,
2.023E+11,155 595 259,A01,3,42,0,0,0,14,1,
2.023E+11,155 595 258,A01,2,7,0,1,2,15,2,
2.023E+11,155 595 256,A01,1,10,0,0,9,2,1,
2.023E+11,155 595 255,A01,1,7,0,6,1,1,1,
2.023E+11,155 595 257,B01,2,7,0,2,3,1,1,
2.023E+11,155 595 253,B01,1,1,0,2,0,1,5,
2.023E+11,155 595 254,A01,2,1,0,2,0,1,5,
2.023E+11,155 595 251,A01,3,7,15,2,7,17,1,
2.023E+11,155 595 252,B01,3,7,0,2,8,1,1,
2.023E+11,155 595 248,A01,2,7,0,2,3,1,1,
2.023E+11,155 595 250,B01,1,7,0,2,8,1,1,
2.023E+11,155 595 247,B01,1,7,0,0,5,16,2,
2.023E+11,155 595 249,A01,1,43,0,2,1,1,1,
2.023E+11,155 595 246,A01,1,7,2,0,1,1,1,
2.023E+11,155 595 242,A01,1,7,0,2,3,1,1,
2.023E+11,155 595 245,B01,1,10,0,2,1,1,1,
2.023E+11,155 595 241,A01,1,7,0,2,1,15,1,
2.023E+11,155 595 244,B01,2,50,0,2,8,1,3,
2.023E+11,155 595 240,A01,2,7,0,2,3,9,1,
2.023E+11,155 595 243,B01,2,7,0,2,3,1,1,
2.023E+11,155 595 239,Z01,1,10,0,1,4,4,1,
2.023E+11,155 595 238,A01,1,7,13,0,2,17,1,
2.023E+11,155 595 233,B01,1,2,0,0,4,2,1,
2.023E+11,155 595 236,A01,1,7,4,2,2,1,1,
2.023E+11,155 595 231,C01,1,7,0,2,5,23,0,
2.023E+11,155 595 235,A01,1,7,0,2,5,1,2,
2.023E+11,155 595 237,B01,1,7,0,2,6,23,0,
2.023E+11,155 595 232,A01,3,13,0,2,2,16,1,
2.023E+11,155 595 234,B01,3,80,0,2,3,16,3,
2.023E+11,155 595 230,A01,2,33,3,0,3,9,1,
2.023E+11,155 595 226,A01,1,7,1,0,9,23,2,
2.023E+11,155 595 229,B01,1,7,1,0,1,2,1,
2.023E+11,155 595 223,A01,3,33,0,0,7,0,1,
2.023E+11,155 595 224,B01,2,13,0,2,1,1,1,
2.023E+11,155 595 227,A01,1,7,0,2,1,1,1,
2.023E+11,155 595 220,B01,2,7,0,2,4,2,1,
2.023E+11,155 595 222,C01,2,7,0,2,4,2,1,
2.023E+11,155 595 225,D01,2,7,0,2,4,2,1,
2.023E+11,155 595 228,A01,2,10,0,2,1,2,1,
2.023E+11,155 595 219,A01,3,7,3,2,2,2,0,
2.023E+11,155 595 221,B01,3,7,-1,2,9,0,6,
2.023E+11,155 595 218,A01,0,32,0,1,1,1,0,
2.023E+11,155 595 215,A01,1,7,0,2,1,2,1,
2.023E+11,155 595 217,B01,1,7,0,2,4,2,2,
2.023E+11,155 595 214,A01,1,7,0,2,3,1,0,
2.023E+11,155 595 216,B01,1,7,0,0,4,11,3,
2.023E+11,155 595 213,A01,1,7,13,0,2,0,1,
2.023E+11,155 595 211,A01,0,7,0,1,1,19,1,
2.023E+11,155 595 212,A01,2,2,0,1,3,1,1,
2.023E+11,155 595 210,A01,1,1,12,0,0,1,5,
2.023E+11,155 595 208,A01,3,7,0,2,5,20,0,
2.023E+11,155 595 209,B01,3,30,0,2,1,1,0,
2.023E+11,155 595 204,A01,2,1,0,2,0,18,5,
2.023E+11,155 595 207,B01,1,1,0,2,0,1,5,
2.023E+11,155 595 205,A01,2,32,11,0,1,1,1,
2.023E+11,155 595 201,B01,2,7,0,2,6,23,1,
2.023E+11,155 595 206,A01,2,2,0,2,1,1,2,
2.023E+11,155 595 202,A01,0,7,0,2,1,1,1,
2.023E+11,155 595 203,B01,3,1,0,2,8,19,5,
2.023E+11,155 595 197,A01,2,50,0,2,1,1,3,
2.023E+11,155 595 200,B01,2,7,0,2,6,1,1,
2.023E+11,155 595 199,A01,1,80,0,1,1,1,3,
2.023E+11,155 595 196,A01,0,1,0,2,0,1,5,
2.023E+11,155 595 194,C01,2,7,0,2,5,1,1,
2.023E+11,155 595 195,A01,1,7,0,2,3,1,1,
2.023E+11,155 595 198,B01,2,38,0,2,3,1,1,11
2.023E+11,155 595 193,A01,1,1,8,0,1,1,5,
2.023E+11,155 595 192,A01,3,80,8,0,1,14,3,
2.023E+11,155 595 190,B01,3,2,0,2,1,1,1,
2.023E+11,155 595 191,A01,3,33,0,2,1,1,1,
2.023E+11,155 595 189,A01,2,7,4,0,3,17,1,
2.023E+11,155 595 188,A01,2,7,2,0,1,1,0,
2.023E+11,155 595 186,A01,2,7,1,1,2,2,1,
2.023E+11,155 595 185,A01,1,33,15,0,8,0,1,
2.023E+11,155 595 184,A01,2,7,0,1,2,1,1,
2.023E+11,155 595 183,A01,2,7,0,0,9,1,1,
2.023E+11,155 595 187,A01,3,7,0,1,2,17,1,
2.023E+11,155 595 180,A01,3,10,0,2,3,15,1,
2.023E+11,155 595 182,B01,3,32,0,0,0,0,1,
2.023E+11,155 595 181,A01,1,7,0,0,1,1,1,
2.023E+11,155 595 179,Y01,1,7,0,1,2,0,5,
2.023E+11,155 595 176,A01,2,7,0,2,0,0,1,
2.023E+11,155 595 178,B01,2,7,0,2,1,2,1,
2.023E+11,155 595 175,A01,2,7,0,2,5,15,1,
2.023E+11,155 595 177,B01,1,33,0,2,1,1,1,
2.023E+11,155 595 173,A01,1,7,0,2,3,2,1,
2.023E+11,155 595 174,B01,1,7,0,2,4,2,1,
2.023E+11,155 595 171,A01,3,2,0,1,2,17,0,
2.023E+11,155 595 170,A01,1,7,0,2,1,1,0,
2.023E+11,155 595 172,B01,1,7,0,2,4,0,1,
2.023E+11,155 595 167,C01,1,7,0,2,1,2,0,
2.023E+11,155 595 168,A01,1,7,0,2,4,2,0,
2.023E+11,155 595 169,B01,1,7,0,2,1,2,0,
2.023E+11,155 595 164,C01,2,7,0,0,4,24,1,
2.023E+11,155 595 166,A01,1,7,1,0,1,13,1,
2.023E+11,155 595 163,A01,1,31,0,0,0,3,1,
2.023E+11,155 595 165,A01,0,7,14,0,1,0,0,
2.023E+11,155 595 161,A01,1,7,0,2,3,15,0,
2.023E+11,155 595 162,B01,1,33,0,2,7,1,1,
2.023E+11,155 595 160,A01,2,10,4,0,1,14,1,
2.023E+11,155 595 156,A01,1,99,0,2,7,1,1,
2.023E+11,155 595 158,B01,3,7,0,2,1,1,1,
2.023E+11,155 595 157,A01,1,32,0,1,1,17,1,
2.023E+11,155 595 155,A01,3,7,0,2,1,1,1,
2.023E+11,155 595 159,B01,3,7,0,2,2,9,1,
2.023E+11,155 595 153,A01,1,30,0,0,8,15,3,
2.023E+11,155 595 152,A01,3,10,0,1,4,20,1,
2.023E+11,155 595 154,A01,3,34,0,0,0,12,1,
2.023E+11,155 595 150,A01,2,10,0,1,5,4,1,
2.023E+11,155 595 149,B01,1,33,0,2,0,1,1,
2.023E+11,155 595 151,A01,2,7,0,2,5,10,1,
2.023E+11,155 595 146,A01,2,43,0,0,8,1,1,
2.023E+11,155 595 145,A01,3,7,0,2,8,15,1,
2.023E+11,155 595 148,B01,3,33,0,2,1,17,1,
2.023E+11,155 595 141,A01,2,7,0,9,8,1,1,
2.023E+11,155 595 143,B01,2,1,0,2,8,1,5,
2.023E+11,155 595 140,A01,2,7,0,2,4,2,1,
2.023E+11,155 595 142,B01,1,7,0,2,1,2,1,
2.023E+11,155 595 144,A01,2,7,0,2,1,13,1,
2.023E+11,155 595 147,B01,1,7,0,2,1,13,2,
2.023E+11,155 595 137,A01,1,60,0,2,3,13,5,
2.023E+11,155 595 139,B01,1,7,0,2,3,21,1,
2.023E+11,155 595 136,A01,0,7,0,2,8,0,0,
2.023E+11,155 595 138,B01,3,7,0,2,1,1,0,
2.023E+11,155 595 135,A01,1,7,0,1,1,15,1,
2.023E+11,155 595 130,A01,1,7,0,2,3,13,0,
2.023E+11,155 595 133,B01,2,2,0,2,1,1,0,
2.023E+11,155 595 131,B01,1,7,0,2,3,1,0,
2.023E+11,155 595 134,A01,1,50,0,2,1,1,3,
2.023E+11,155 595 128,A01,2,32,0,2,9,17,0,
2.023E+11,155 595 129,B01,2,10,0,2,8,1,0,
2.023E+11,155 595 132,C01,1,10,0,2,3,1,0,
2.023E+11,155 595 125,B01,2,1,0,2,8,1,0,
2.023E+11,155 595 126,A01,2,7,0,2,7,22,1,
2.023E+11,155 595 123,A01,1,33,0,2,1,17,1,
2.023E+11,155 595 124,B01,2,7,0,2,2,1,1,
2.023E+11,155 595 127,C01,1,7,0,2,3,1,1,
2.023E+11,155 595 121,A01,0,7,8,2,3,21,1,
2.023E+11,155 595 122,B01,0,7,0,2,3,1,1,
2.023E+11,155 595 119,A01,3,7,0,1,4,4,1,
2.023E+11,155 595 117,C01,1,7,0,2,3,1,1,
2.023E+11,155 595 118,B01,2,7,0,2,1,1,1,
2.023E+11,155 595 120,A01,1,7,0,2,1,13,1,
2.023E+11,155 595 115,A01,3,1,0,2,0,0,5,
2.023E+11,155 595 116,B01,3,10,0,2,0,17,1,
2.023E+11,155 595 114,A01,1,2,1,0,2,1,1,
2.023E+11,155 595 113,A01,2,7,0,1,0,1,0,
2.023E+11,155 595 110,A01,2,10,6,0,3,1,1,
2.023E+11,155 595 112,A01,3,37,0,1,7,26,1,1
2.023E+11,155 595 107,B01,3,7,0,2,3,26,1,
2.023E+11,155 595 109,A01,3,7,0,2,1,0,1,
2.023E+11,155 595 108,A01,1,7,0,2,2,15,1,
2.023E+11,155 595 111,B01,2,33,0,2,1,1,1,
2.023E+11,155 595 103,A01,1,10,0,1,2,13,1,
2.023E+11,155 595 105,B01,2,7,4,2,0,2,1,
2.023E+11,155 595 106,A01,2,7,4,2,3,1,1,
2.023E+11,155 595 100,A01,3,7,0,2,2,9,0,
2.023E+11,155 595 102,B01,0,1,0,0,1,15,5,
2.023E+11,155 595 099,A01,0,7,0,2,1,9,1,
2.023E+11,155 595 101,B01,0,7,0,2,3,1,1,
2.023E+11,155 595 104,C01,0,7,0,2,1,0,1,
2.023E+11,155 595 097,A01,3,7,0,1,3,1,1,
2.023E+11,155 595 095,A01,1,99,0,2,1,26,1,
2.023E+11,155 595 098,B01,2,7,0,2,2,0,1,
2.023E+11,155 595 094,A01,3,7,0,1,1,24,1,
2.023E+11,155 595 093,A01,1,7,0,2,3,16,0,
2.023E+11,155 595 096,B01,2,7,0,2,1,1,0,
2.023E+11,155 595 090,A01,1,33,0,2,7,17,1,
2.023E+11,155 595 091,B01,1,7,0,2,8,11,1,
2.023E+11,155 595 089,A01,0,7,1,0,0,0,0,
2.023E+11,155 595 086,A01,1,7,0,2,2,1,0,
2.023E+11,155 595 088,B01,1,33,0,2,8,1,0,
2.023E+11,155 595 087,B01,1,7,0,2,1,1,1,
2.023E+11,155 595 092,A01,1,7,0,2,7,1,1,
2.023E+11,155 595 084,A01,1,30,0,2,1,1,3,
2.023E+11,155 595 085,B01,1,7,0,2,4,23,1,
2.023E+11,155 595 081,A01,2,7,0,0,1,15,0,
2.023E+11,155 595 083,B01,1,7,0,0,1,2,0,
2.023E+11,155 595 082,A01,3,7,0,0,0,1,1,
2.023E+11,155 595 080,A01,2,7,1,0,2,1,1,
2.023E+11,155 595 078,A01,1,10,0,9,7,16,3,
2.023E+11,155 595 079,B01,1,50,0,2,1,1,3,
2.023E+11,155 595 077,A01,1,33,0,0,8,2,1,
2.023E+11,155 595 075,A01,2,7,0,2,1,1,1,
2.023E+11,155 595 076,B01,1,7,0,2,1,1,2,
2.023E+11,155 595 070,A01,0,7,0,0,6,1,1,
2.023E+11,155 595 072,B01,0,33,0,2,2,2,1,
2.023E+11,155 595 069,A01,1,1,0,2,1,2,5,
2.023E+11,155 595 074,B01,1,7,0,2,5,2,0,
2.023E+11,155 595 068,A01,0,2,0,0,0,1,1,
2.023E+11,155 595 071,B01,3,7,0,2,1,0,1,
2.023E+11,155 595 073,A01,3,37,0,2,1,1,1,1
2.023E+11,155 595 065,A01,1,7,0,2,4,15,1,
2.023E+11,155 595 066,B01,1,2,0,2,1,2,1,
2.023E+11,155 595 064,A01,1,10,0,2,2,1,3,
2.023E+11,155 595 067,B01,1,32,0,2,1,1,0,
2.023E+11,155 595 062,A01,1,7,0,2,7,17,0,
2.023E+11,155 595 063,B01,1,1,0,0,8,2,5,
2.023E+11,155 595 060,A01,1,7,0,1,1,15,2,
2.023E+11,155 595 058,A01,3,7,0,0,1,15,1,
2.023E+11,155 595 061,B01,3,10,6,2,1,17,1,
2.023E+11,155 595 054,A01,2,7,0,2,5,14,1,
2.023E+11,155 595 056,B01,0,33,0,2,8,2,1,
2.023E+11,155 595 057,A01,3,7,0,2,1,2,1,
2.023E+11,155 595 059,B01,3,7,0,2,4,23,1,
2.023E+11,155 595 050,A01,1,7,0,2,3,10,1,
2.023E+11,155 595 052,B01,2,7,0,2,2,1,1,
2.023E+11,155 595 047,A01,2,7,0,2,4,1,1,
2.023E+11,155 595 049,B01,2,7,0,2,1,14,1,
2.023E+11,155 595 048,A01,2,7,3,0,5,13,1,
2.023E+11,155 595 051,B01,2,7,3,2,3,1,1,
2.023E+11,155 595 053,C01,2,7,1,0,1,1,1,
2.023E+11,155 595 055,D01,2,7,0,2,5,21,1,
2.023E+11,155 595 042,A01,1,7,0,2,6,1,1,
2.023E+11,155 595 045,B01,1,33,0,2,2,2,1,
2.023E+11,155 595 041,A01,3,33,0,2,1,1,1,
2.023E+11,155 595 043,B01,0,7,0,2,3,1,1,
2.023E+11,155 595 040,A01,2,7,0,2,1,13,1,
2.023E+11,155 595 044,B01,1,7,0,2,1,1,1,
2.023E+11,155 595 046,A01,2,7,4,0,7,2,1,
2.023E+11,155 595 038,B01,2,7,4,2,4,1,1,
2.023E+11,155 595 039,A01,2,7,0,2,1,2,1,
2.023E+11,155 595 036,A01,3,7,1,0,2,14,1,
2.023E+11,155 595 035,A01,2,33,0,0,9,14,1,
2.023E+11,155 595 037,B01,2,33,0,0,9,14,1,
2.023E+11,155 595 032,A01,1,33,4,2,3,18,1,
2.023E+11,155 595 034,B01,1,7,0,2,2,23,1,
2.023E+11,155 595 033,A01,1,7,0,0,9,1,1,
2.023E+11,155 595 029,A01,1,33,16,0,7,21,1,
2.023E+11,155 595 030,A01,1,7,0,2,2,2,1,
2.023E+11,155 595 031,B01,1,1,14,2,4,2,5,
2.023E+11,155 595 028,A01,2,33,6,0,8,1,1,
2.023E+11,155 595 024,A01,2,7,0,2,1,2,1,
2.023E+11,155 595 026,B01,2,7,0,2,4,2,1,
2.023E+11,155 595 027,C01,2,7,0,2,4,2,1,
2.023E+11,155 595 025,A01,3,33,16,0,9,0,0,
2.023E+11,155 595 021,A01,2,7,0,2,5,12,1,
2.023E+11,155 595 022,B01,2,33,0,2,2,3,1,
2.023E+11,155 595 016,A01,1,10,0,2,3,2,1,
2.023E+11,155 595 019,B01,1,10,0,9,2,3,1,
2.023E+11,155 595 018,A01,1,7,0,2,7,13,1,
2.023E+11,155 595 020,B01,2,10,0,2,1,1,1,
2.023E+11,155 595 015,A01,2,7,3,0,3,21,1,
2.023E+11,155 595 013,B01,1,7,0,2,4,2,1,
2.023E+11,155 595 014,A01,1,7,0,2,1,2,1,
2.023E+11,155 595 017,B01,3,7,0,2,4,1,0,
2.023E+11,155 595 023,A01,3,33,0,2,1,1,0,
2.023E+11,155 595 011,A01,2,7,0,1,7,0,1,
2.023E+11,155 595 009,A01,2,10,0,2,1,1,1,
2.023E+11,155 595 010,B01,2,7,0,2,4,1,1,
2.023E+11,155 595 012,C01,2,7,0,2,4,1,1,
2.023E+11,155 595 007,A01,1,7,13,0,1,1,1,
2.023E+11,155 595 006,A01,2,2,0,2,1,1,1,
2.023E+11,155 595 008,B01,1,7,0,2,1,15,1,
2.023E+11,155 595 001,A01,2,10,0,2,1,13,1,
2.023E+11,155 595 004,B01,2,7,4,2,7,1,1,
2.023E+11,155 595 005,C01,2,7,13,2,8,1,1,
2.023E+11,155 594 999,A01,2,7,0,2,1,19,1,
2.023E+11,155 595 002,B01,1,7,0,2,8,1,1,
2.023E+11,155 595 000,B01,2,33,0,2,7,21,1,
2.023E+11,155 595 003,A01,2,2,0,2,1,13,1,
2.023E+11,155 594 995,A01,1,31,0,2,3,3,1,
2.023E+11,155 594 997,B01,1,10,0,2,5,1,1,
2.023E+11,155 594 994,A01,2,7,0,2,2,1,1,