Num_Acc,id_vehicule,num_veh,senc,catv,obs,obsm,choc,manv,motor,occutc
2.023E+11,155 594 998,B01,1,7,0,2,3,1,1,
2.023E+11,155 594 990,A01,1,7,4,2,1,0,1,
2.023E+11,155 594 991,C01,1,7,3,2,8,0,1,
2.023E+11,155 594 992,B01,1,7,0,2,1,0,1,
2.023E+11,155 594 988,A01,2,7,4,2,8,1,1,
2.023E+11,155 594 989,Z01,2,15,0,2,0,0,0,
2.023E+11,155 594 986,B01,1,7,4,2,8,11,1,
2.023E+11,155 594 987,A01,1,32,4,2,1,3,1,
2.023E+11,155 594 993,A01,2,7,3,2,1,21,1,
2.023E+11,155 594 996,B01,2,7,0,2,5,9,1,
2.023E+11,155 594 984,A01,1,10,0,2,1,2,1,
2.023E+11,155 594 985,B01,1,7,0,2,4,2,1,
2.023E+11,155 594 982,A01,2,7,2,0,7,1,1,
2.023E+11,155 594 981,A01,3,7,1,0,6,9,1,
2.023E+11,155 594 980,A01,1,7,3,2,1,2,1,
2.023E+11,155 594 983,B01,1,7,3,2,4,2,1,
2.023E+11,155 594 976,A01,0,7,0,2,1,1,1,
2.023E+11,155 594 979,B01,0,10,0,2,1,0,1,
2.023E+11,155 594 973,B01,1,7,0,2,4,0,0,
2.023E+11,155 594 975,A01,1,10,0,2,4,0,0,
2.023E+11,155 594 978,C01,1,10,0,2,1,0,0,
2.023E+11,155 594 972,A01,2,7,0,2,1,2,1,
2.023E+11,155 594 974,B01,2,7,0,2,4,2,1,
2.023E+11,155 594 977,C01,2,7,0,2,4,2,1,
2.023E+11,155 594 967,C01,1,10,0,2,1,1,1,
2.023E+11,155 594 969,A01,1,7,0,2,4,1,2,
2.023E+11,155 594 971,B01,1,7,0,2,1,1,1,
2.023E+11,155 594 968,A01,2,7,9,9,1,1,1,
2.023E+11,155 594 965,A01,1,10,0,2,3,1,1,
2.023E+11,155 594 966,B01,2,33,0,2,3,1,1,
2.023E+11,155 594 964,A01,2,7,1,0,9,1,0,
2.023E+11,155 594 963,D01,3,37,9,1,5,20,1,1
2.023E+11,155 594 959,A01,2,7,0,2,3,11,1,
2.023E+11,155 594 962,B01,1,33,0,2,3,1,1,
2.023E+11,155 594 958,B01,2,10,0,2,3,15,1,
2.023E+11,155 594 961,A01,2,32,0,2,3,17,1,
2.023E+11,155 594 957,B01,3,50,0,2,1,25,3,
2.023E+11,155 594 960,A01,2,7,0,2,7,9,1,
2.023E+11,155 594 953,A01,2,33,0,1,5,1,1,
2.023E+11,155 594 952,B01,3,7,0,2,2,23,0,
2.023E+11,155 594 955,A01,1,7,0,2,1,1,0,
2.023E+11,155 594 954,B01,3,7,0,2,1,1,1,
2.023E+11,155 594 956,A01,3,10,0,2,8,19,1,
2.023E+11,155 594 949,A01,3,10,0,1,2,1,1,
2.023E+11,155 594 948,A01,3,2,0,2,1,1,1,
2.023E+11,155 594 950,B01,3,7,0,2,3,15,1,
2.023E+11,155 594 947,A01,2,2,0,2,8,1,1,
2.023E+11,155 594 951,B01,1,7,0,2,1,1,1,
2.023E+11,155 594 945,A01,1,7,0,2,2,21,1,
2.023E+11,155 594 946,B01,2,10,0,2,3,21,1,
2.023E+11,155 594 944,A01,1,7,0,0,2,1,1,
2.023E+11,155 594 941,B01,2,31,0,2,8,1,1,
2.023E+11,155 594 943,A01,1,7,0,2,1,15,1,
2.023E+11,155 594 940,A01,2,33,0,2,1,1,1,
2.023E+11,155 594 942,B01,2,7,0,2,5,15,1,
2.023E+11,155 594 938,B01,1,7,0,2,3,1,1,
2.023E+11,155 594 939,A01,2,7,0,2,3,15,1,
2.023E+11,155 594 935,A01,0,7,0,2,4,26,1,
2.023E+11,155 594 937,B01,0,32,0,2,2,2,1,
2.023E+11,155 594 932,A01,1,7,0,2,7,15,1,
2.023E+11,155 594 934,B01,2,33,0,2,1,1,1,
2.023E+11,155 594 930,A01,2,7,0,2,6,15,0,
2.023E+11,155 594 933,B01,2,31,0,2,6,15,0,
2.023E+11,155 594 931,A01,3,7,0,1,0,1,3,
2.023E+11,155 594 926,B01,2,7,0,2,3,9,1,
2.023E+11,155 594 929,A01,1,33,0,2,1,9,6,
2.023E+11,155 594 925,A01,1,7,0,2,2,1,1,
2.023E+11,155 594 927,B01,1,7,0,2,1,1,1,
2.023E+11,155 594 922,A01,2,7,0,2,6,15,1,
2.023E+11,155 594 923,B01,2,33,0,2,1,3,1,
2.023E+11,155 594 919,C01,2,7,0,2,1,1,1,
2.023E+11,155 594 920,B01,1,7,0,2,1,13,1,
2.023E+11,155 594 921,A01,1,15,0,2,5,14,1,
2.023E+11,155 594 916,A01,2,10,0,2,1,2,1,
2.023E+11,155 594 918,B01,2,7,0,0,4,23,3,
2.023E+11,155 594 914,A01,2,7,0,2,1,1,1,
2.023E+11,155 594 917,B01,2,7,0,2,5,1,1,
2.023E+11,155 594 911,C01,3,7,0,2,1,2,1,
2.023E+11,155 594 913,B01,3,7,0,2,4,1,1,
2.023E+11,155 594 915,A01,3,7,0,0,4,1,1,
2.023E+11,155 594 910,B01,3,7,0,9,2,2,1,
2.023E+11,155 594 912,A01,3,1,0,0,8,1,5,
2.023E+11,155 594 907,A01,1,7,0,1,1,23,1,
2.023E+11,155 594 908,B01,1,7,0,2,3,2,1,
2.023E+11,155 594 909,A01,1,30,0,0,1,1,1,
2.023E+11,155 594 904,B01,2,7,0,2,3,26,1,
2.023E+11,155 594 905,A01,1,10,0,2,1,1,1,
2.023E+11,155 594 901,A01,1,7,0,2,2,15,1,
2.023E+11,155 594 902,B01,2,1,0,2,1,1,5,
2.023E+11,155 594 899,A01,2,33,0,0,8,1,1,
2.023E+11,155 594 898,A01,1,7,0,2,1,1,1,
2.023E+11,155 594 900,B01,2,7,0,2,1,13,1,
2.023E+11,155 594 897,A01,1,7,6,0,1,1,1,
2.023E+11,155 594 896,A01,3,7,14,0,2,14,1,
2.023E+11,155 594 893,A01,2,33,0,2,0,1,1,
2.023E+11,155 594 895,B01,1,7,0,2,3,1,1,
2.023E+11,155 594 892,A01,3,31,0,2,1,2,1,
2.023E+11,155 594 894,B01,3,7,0,0,8,13,1,
2.023E+11,155 594 888,A01,1,32,0,1,7,1,1,
2.023E+11,155 594 889,A01,3,7,0,2,2,9,1,
2.023E+11,155 594 891,B01,3,50,0,2,4,19,3,
2.023E+11,155 594 887,A01,1,7,0,2,1,1,1,
2.023E+11,155 594 890,B01,2,32,0,2,1,5,1,
2.023E+11,155 594 882,A01,1,7,0,2,2,1,1,
2.023E+11,155 594 884,B01,1,10,0,2,3,15,1,
2.023E+11,155 594 880,A01,1,7,0,0,5,15,1,
2.023E+11,155 594 883,B01,2,1,0,2,5,1,5,
2.023E+11,155 594 879,B01,1,7,0,2,2,1,1,
2.023E+11,155 594 881,A01,2,7,15,2,2,5,1,
2.023E+11,155 594 876,B01,1,7,0,2,1,1,1,
2.023E+11,155 594 878,A01,2,7,0,2,1,5,1,
2.023E+11,155 594 874,Z01,3,7,0,1,1,1,1,
2.023E+11,155 594 875,B01,1,2,0,2,1,1,1,
2.023E+11,155 594 877,A01,2,10,0,2,1,15,1,
2.023E+11,155 594 870,B01,1,1,0,2,8,19,5,
2.023E+11,155 594 873,A01,1,32,0,2,2,1,1,
2.023E+11,155 594 869,A01,1,7,0,2,3,15,1,
2.023E+11,155 594 871,B01,1,33,0,2,1,13,1,
2.023E+11,155 594 867,A01,1,7,1,0,2,14,1,
2.023E+11,155 594 866,A01,3,7,0,2,3,16,1,
2.023E+11,155 594 868,B01,3,0,0,2,9,1,1,
2.023E+11,155 594 865,A01,3,1,0,0,0,0,5,
2.023E+11,155 594 861,A01,3,7,0,2,1,2,1,
2.023E+11,155 594 863,B01,3,7,0,2,4,2,3,
2.023E+11,155 594 859,B01,0,33,0,2,7,1,1,
2.023E+11,155 594 864,A01,1,7,0,2,8,9,1,
2.023E+11,155 594 856,A01,2,33,0,2,7,17,1,
2.023E+11,155 594 858,B01,1,7,0,2,3,1,1,
2.023E+11,155 594 860,C01,2,7,0,2,8,1,1,
2.023E+11,155 594 862,D01,2,7,0,2,8,1,1,
2.023E+11,155 594 854,A01,2,7,0,2,1,13,1,
2.023E+11,155 594 857,B01,1,10,0,2,1,1,1,
2.023E+11,155 594 855,A01,0,7,0,1,2,12,1,
2.023E+11,155 594 853,A01,1,31,16,9,1,1,1,
2.023E+11,155 594 851,A01,2,7,4,0,2,1,1,
2.023E+11,155 594 850,A01,3,7,0,2,3,1,1,
2.023E+11,155 594 852,B01,3,7,0,2,3,15,1,
2.023E+11,155 594 848,A01,1,7,13,0,3,16,1,
2.023E+11,155 594 847,Z01,3,7,0,2,1,2,0,
2.023E+11,155 594 849,B01,3,50,0,2,4,0,3,
2.023E+11,155 594 846,A01,1,32,14,0,1,9,0,
2.023E+11,155 594 843,A01,2,2,0,2,7,10,1,
2.023E+11,155 594 845,B01,1,7,0,2,1,1,1,
2.023E+11,155 594 842,B01,2,7,0,2,1,1,1,
2.023E+11,155 594 844,A01,1,7,0,2,1,15,1,
2.023E+11,155 594 840,A01,1,7,0,2,5,15,1,
2.023E+11,155 594 841,B01,2,7,0,2,1,1,1,
2.023E+11,155 594 838,A01,0,39,0,1,1,1,3,
2.023E+11,155 594 837,A01,2,7,0,2,3,9,1,
2.023E+11,155 594 839,B01,3,80,0,2,7,1,3,
2.023E+11,155 594 835,A01,1,7,0,2,1,1,1,
2.023E+11,155 594 836,B01,3,1,0,2,8,19,5,
2.023E+11,155 594 831,B01,1,50,0,0,6,1,3,
2.023E+11,155 594 833,A01,1,10,0,2,2,1,1,
2.023E+11,155 594 832,B01,2,13,0,2,5,15,1,
2.023E+11,155 594 834,A01,1,31,0,2,1,19,1,
2.023E+11,155 594 829,B01,2,2,0,2,0,1,1,
2.023E+11,155 594 830,A01,1,7,0,2,0,15,1,
2.023E+11,155 594 827,A01,3,7,0,1,4,24,0,
2.023E+11,155 594 826,A01,3,7,0,0,5,1,1,
2.023E+11,155 594 828,Z01,3,7,0,2,1,19,1,
2.023E+11,155 594 824,A01,1,7,0,1,1,1,1,
2.023E+11,155 594 820,A01,1,43,0,2,2,3,1,
2.023E+11,155 594 821,B01,1,7,0,2,8,1,1,
2.023E+11,155 594 819,B01,1,30,0,2,1,9,1,
2.023E+11,155 594 823,A01,1,7,0,2,1,15,1,
2.023E+11,155 594 817,A01,3,10,0,0,9,1,1,
2.023E+11,155 594 816,B01,1,30,0,2,1,9,1,
2.023E+11,155 594 818,A01,1,7,0,2,3,9,1,
2.023E+11,155 594 812,A01,2,7,3,0,3,14,1,
2.023E+11,155 594 810,B01,2,33,0,2,1,3,1,
2.023E+11,155 594 813,C01,2,7,0,2,1,23,1,
2.023E+11,155 594 815,A01,2,10,0,2,6,11,1,
2.023E+11,155 594 811,A01,1,7,0,2,4,4,1,
2.023E+11,155 594 814,B01,1,80,0,2,1,1,3,
2.023E+11,155 594 808,A01,1,7,0,1,1,1,1,
2.023E+11,155 594 806,B01,1,7,0,2,1,1,1,
2.023E+11,155 594 809,A01,1,7,0,2,0,5,1,
2.023E+11,155 594 804,A01,1,7,0,2,6,18,1,
2.023E+11,155 594 807,B01,1,7,0,2,2,1,1,
2.023E+11,155 594 803,A01,2,33,0,2,0,3,1,
2.023E+11,155 594 805,B01,2,7,0,2,0,11,1,
2.023E+11,155 594 800,A01,1,7,0,1,1,1,1,
2.023E+11,155 594 798,B01,3,2,0,2,1,1,0,
2.023E+11,155 594 801,A01,0,7,0,2,3,11,0,
2.023E+11,155 594 799,A01,2,10,0,2,1,2,1,
2.023E+11,155 594 802,B01,2,7,0,2,4,2,1,
2.023E+11,155 594 793,A01,2,7,8,0,1,26,1,
2.023E+11,155 594 796,A01,2,33,4,0,3,13,1,
2.023E+11,155 594 792,A01,2,7,0,2,2,14,1,
2.023E+11,155 594 795,B01,2,33,0,2,3,1,1,
2.023E+11,155 594 797,C01,2,99,0,2,5,23,1,
2.023E+11,155 594 790,B01,0,7,0,2,1,1,1,
2.023E+11,155 594 794,A01,3,7,0,2,8,19,1,
2.023E+11,155 594 789,A01,1,1,0,2,2,13,5,
2.023E+11,155 594 791,Z01,1,7,0,2,0,0,0,
2.023E+11,155 594 787,A01,1,33,0,0,1,3,1,
2.023E+11,155 594 785,A01,0,7,8,0,3,13,1,
2.023E+11,155 594 788,B01,1,7,0,2,3,1,1,
2.023E+11,155 594 784,A01,1,7,0,2,4,2,1,
2.023E+11,155 594 786,B01,1,7,0,2,1,1,1,
2.023E+11,155 594 782,A01,1,3,2,0,1,14,1,
2.023E+11,155 594 781,B01,1,7,0,2,7,2,1,
2.023E+11,155 594 783,A01,2,33,0,2,8,13,1,
2.023E+11,155 594 778,A01,3,1,0,2,8,16,5,
2.023E+11,155 594 780,B01,3,7,0,2,3,1,1,
2.023E+11,155 594 776,A01,1,33,3,0,7,3,1,
2.023E+11,155 594 777,Z01,1,7,0,2,5,16,1,
2.023E+11,155 594 779,B01,1,30,0,2,3,1,1,
2.023E+11,155 594 772,Y01,0,1,0,2,1,2,5,
2.023E+11,155 594 774,A01,0,10,0,2,5,1,1,
2.023E+11,155 594 770,A01,1,7,4,0,9,1,1,
2.023E+11,155 594 771,B01,1,31,0,2,2,1,1,
2.023E+11,155 594 775,A01,1,7,0,2,3,19,1,
2.023E+11,155 594 769,A01,3,7,0,1,1,2,1,
2.023E+11,155 594 763,A01,1,7,6,0,1,19,1,
2.023E+11,155 594 761,A01,1,1,0,2,1,1,5,
2.023E+11,155 594 765,B01,1,7,0,2,3,1,1,
2.023E+11,155 594 759,A01,3,7,0,1,3,1,1,
2.023E+11,155 594 755,A01,2,10,0,2,1,1,1,
2.023E+11,155 594 758,C01,2,10,0,2,4,23,1,
2.023E+11,155 594 760,B01,2,7,0,2,4,23,1,
2.023E+11,155 594 756,B01,1,7,0,2,4,2,1,
2.023E+11,155 594 762,C01,1,7,0,2,4,2,1,
2.023E+11,155 594 766,A01,1,14,0,2,1,2,1,
2.023E+11,155 594 754,B01,2,1,0,2,7,1,5,
2.023E+11,155 594 757,A01,2,10,0,2,8,22,1,
2.023E+11,155 594 753,B01,0,7,0,0,7,26,0,
2.023E+11,155 594 767,A01,0,7,0,0,1,9,0,
2.023E+11,155 594 752,A01,3,30,0,1,0,0,1,
2.023E+11,155 594 748,A01,1,7,0,2,8,19,1,
2.023E+11,155 594 750,B01,1,7,0,2,8,19,1,
2.023E+11,155 594 749,A01,2,7,0,2,7,12,1,
2.023E+11,155 594 751,B01,2,31,0,2,1,1,1,
2.023E+11,155 594 745,A01,2,7,0,1,1,2,0,
2.023E+11,155 594 747,A01,2,7,0,1,2,5,2,
2.023E+11,155 594 744,B01,3,1,0,2,1,1,5,
2.023E+11,155 594 746,A01,3,7,0,2,1,15,1,
2.023E+11,155 594 741,B01,2,32,0,2,1,1,1,
2.023E+11,155 594 743,A01,1,7,0,2,5,15,1,
2.023E+11,155 594 739,A01,1,33,0,2,1,12,1,
2.023E+11,155 594 742,B01,1,7,0,2,5,1,1,
2.023E+11,155 594 738,A01,2,1,0,2,1,1,5,
2.023E+11,155 594 740,B01,3,1,0,2,4,1,5,
2.023E+11,155 594 734,A01,1,7,0,2,1,1,1,
2.023E+11,155 594 737,B01,1,7,0,2,4,23,1,
2.023E+11,155 594 732,B01,1,7,1,0,1,1,1,
2.023E+11,155 594 735,A01,1,7,0,2,4,23,1,
2.023E+11,155 594 730,B01,3,33,0,2,5,15,1,
2.023E+11,155 594 736,Z01,3,7,0,2,2,15,0,
2.023E+11,155 594 728,B01,2,10,0,2,2,2,1,
2.023E+11,155 594 731,C01,2,7,0,2,7,1,1,
2.023E+11,155 594 733,A01,2,7,4,2,6,1,1,
2.023E+11,155 594 727,A01,3,7,0,1,1,1,1,
2.023E+11,155 594 725,B01,1,31,0,2,1,1,1,
2.023E+11,155 594 726,A01,1,10,0,2,5,15,1,
2.023E+11,155 594 724,B01,3,7,0,2,3,15,1,
2.023E+11,155 594 729,A01,3,33,0,2,1,1,1,
2.023E+11,155 594 720,A01,1,7,0,2,4,26,1,
2.023E+11,155 594 722,B01,1,10,0,2,2,1,1,
2.023E+11,155 594 719,B01,1,7,0,2,1,1,1,
2.023E+11,155 594 723,A01,1,7,0,2,1,26,1,
2.023E+11,155 594 717,A01,2,1,0,2,1,18,5,
2.023E+11,155 594 721,Z01,2,7,0,2,7,22,0,
2.023E+11,155 594 715,B01,2,80,0,2,4,1,3,
2.023E+11,155 594 718,A01,2,7,0,2,1,2,1,
2.023E+11,155 594 714,B01,2,7,0,2,3,1,1,
2.023E+11,155 594 716,A01,1,7,0,2,8,1,1,
2.023E+11,155 594 710,B01,1,1,0,0,4,1,5,
2.023E+11,155 594 713,A01,1,7,0,2,1,1,1,
2.023E+11,155 594 712,A01,2,7,1,0,2,14,1,
2.023E+11,155 594 707,B01,1,7,0,2,7,12,2,
2.023E+11,155 594 711,A01,1,30,0,2,1,18,1,
2.023E+11,155 594 706,A01,0,7,0,2,8,15,0,
2.023E+11,155 594 709,B01,0,33,0,2,1,17,0,
2.023E+11,155 594 705,A01,1,7,0,2,7,15,1,
2.023E+11,155 594 708,B01,2,7,0,2,1,1,1,
2.023E+11,155 594 701,B01,2,10,0,2,0,16,1,
2.023E+11,155 594 703,A01,2,2,0,2,0,18,1,
2.023E+11,155 594 700,A01,2,30,0,2,8,13,1,
2.023E+11,155 594 704,B01,2,10,0,2,7,1,1,
2.023E+11,155 594 698,A01,1,7,0,1,1,1,1,
2.023E+11,155 594 699,A01,2,33,0,2,1,1,1,
2.023E+11,155 594 702,Z01,1,30,0,2,5,19,1,
2.023E+11,155 594 691,A01,3,7,0,2,1,2,1,
2.023E+11,155 594 695,B01,3,10,0,2,4,2,1,
2.023E+11,155 594 690,A01,3,7,0,2,2,15,1,
2.023E+11,155 594 693,B01,3,32,0,2,1,21,1,
2.023E+11,155 594 689,A01,3,7,0,1,1,1,1,
2.023E+11,155 594 688,A01,1,7,0,2,1,1,1,
2.023E+11,155 594 692,B01,0,7,0,2,7,1,1,
2.023E+11,155 594 687,B01,1,7,0,2,1,1,1,
2.023E+11,155 594 694,A01,1,1,0,2,8,1,5,
2.023E+11,155 594 685,A01,1,7,0,0,9,1,1,
2.023E+11,155 594 684,A01,3,7,0,2,1,1,1,
2.023E+11,155 594 686,B01,3,1,0,2,4,15,5,
2.023E+11,155 594 680,A01,2,7,0,2,3,15,1,
2.023E+11,155 594 683,B01,1,2,0,2,1,1,1,
2.023E+11,155 594 682,A01,2,50,0,0,1,21,3,
2.023E+11,155 594 677,A01,1,7,0,2,2,2,1,
2.023E+11,155 594 679,B01,1,1,0,2,4,2,5,
2.023E+11,155 594 678,B01,3,33,0,2,5,0,1,
2.023E+11,155 594 681,A01,3,7,0,2,4,9,2,
2.023E+11,155 594 673,A01,1,7,0,2,1,15,1,
2.023E+11,155 594 676,B01,1,33,0,2,2,1,1,
2.023E+11,155 594 672,A01,1,7,0,2,1,17,1,
2.023E+11,155 594 675,B01,2,7,0,2,1,1,1,
2.023E+11,155 594 674,A01,1,50,15,0,1,1,3,
2.023E+11,155 594 671,A01,0,7,0,0,1,1,1,
2.023E+11,155 594 667,A01,1,7,0,2,0,0,1,
2.023E+11,155 594 670,B01,1,1,0,2,0,0,0,
2.023E+11,155 594 666,A01,2,33,0,2,1,2,1,
2.023E+11,155 594 668,B01,2,7,0,2,4,1,1,
2.023E+11,155 594 665,A01,1,80,0,2,1,1,3,
2.023E+11,155 594 669,B01,1,7,0,2,3,1,1,
2.023E+11,155 594 660,B01,1,40,0,2,1,1,3,
2.023E+11,155 594 664,A01,1,7,0,4,8,15,1,
2.023E+11,155 594 659,B01,1,7,0,0,8,1,1,
2.023E+11,155 594 663,A01,2,10,0,0,3,9,1,
2.023E+11,155 594 658,A01,1,7,0,2,8,20,1,
2.023E+11,155 594 662,B01,1,10,0,2,2,1,1,
2.023E+11,155 594 657,A01,1,2,1,0,1,16,1,
2.023E+11,155 594 655,A01,2,33,0,2,3,11,1,
2.023E+11,155 594 656,B01,1,7,0,2,3,1,1,
2.023E+11,155 594 661,C01,1,7,0,2,3,1,1,
2.023E+11,155 594 650,A01,2,37,1,2,3,17,1,1
2.023E+11,155 594 653,B01,1,7,0,2,1,1,1,
2.023E+11,155 594 648,B01,0,33,0,2,7,1,1,
2.023E+11,155 594 651,A01,0,10,0,2,1,10,1,
2.023E+11,155 594 647,B01,1,33,0,2,1,1,0,
2.023E+11,155 594 654,A01,2,7,0,2,8,1,0,
2.023E+11,155 594 646,B01,3,1,0,2,1,1,5,
2.023E+11,155 594 652,A01,3,7,0,2,6,9,1,
2.023E+11,155 594 645,A01,3,7,0,2,3,9,1,
2.023E+11,155 594 649,B01,2,30,0,2,1,1,1,
2.023E+11,155 594 640,B01,2,50,0,2,1,1,3,
2.023E+11,155 594 644,A01,2,7,0,2,3,9,1,
2.023E+11,155 594 638,A01,3,7,0,1,2,16,1,
2.023E+11,155 594 639,A01,1,33,0,2,8,0,1,
2.023E+11,155 594 641,B01,1,7,0,2,2,0,3,
2.023E+11,155 594 637,A01,0,10,0,2,1,2,1,
2.023E+11,155 594 642,B01,0,7,0,2,6,1,1,
2.023E+11,155 594 636,A01,3,7,0,2,3,16,1,
2.023E+11,155 594 643,B01,1,1,0,2,1,1,5,
2.023E+11,155 594 633,A01,2,33,1,1,1,0,1,
2.023E+11,155 594 632,A01,3,3,0,2,7,1,1,
2.023E+11,155 594 635,B01,0,1,0,2,1,25,5,
2.023E+11,155 594 629,B01,2,7,0,2,1,1,1,
2.023E+11,155 594 634,A01,1,7,0,2,1,13,1,
2.023E+11,155 594 628,A01,1,7,0,2,1,13,1,
2.023E+11,155 594 631,B01,2,1,0,2,8,1,5,
2.023E+11,155 594 627,A01,1,33,0,4,8,15,1,
2.023E+11,155 594 630,B01,1,40,0,2,7,1,3,
2.023E+11,155 594 623,B01,1,10,0,2,8,2,1,
2.023E+11,155 594 626,A01,1,33,4,2,7,2,1,
2.023E+11,155 594 621,B01,1,7,0,2,8,15,1,
2.023E+11,155 594 624,A01,1,33,0,2,0,17,1,
2.023E+11,155 594 619,B01,1,2,0,2,1,9,1,
2.023E+11,155 594 622,A01,2,7,0,2,8,1,1,
2.023E+11,155 594 618,A01,0,7,0,2,1,1,1,
2.023E+11,155 594 620,B01,0,2,0,2,2,1,1,
2.023E+11,155 594 617,A01,3,30,0,0,0,0,0,
2.023E+11,155 594 616,Z01,0,7,0,1,1,1,1,
2.023E+11,155 594 612,B01,2,7,0,2,7,15,0,
2.023E+11,155 594 615,A01,1,7,0,2,1,1,0,
2.023E+11,155 594 613,A01,1,30,12,0,1,1,1,
2.023E+11,155 594 610,A01,3,7,0,2,2,13,1,
2.023E+11,155 594 614,B01,3,2,0,2,1,1,1,
2.023E+11,155 594 607,A01,1,7,1,2,2,1,1,
2.023E+11,155 594 609,B01,1,7,0,2,1,16,1,
2.023E+11,155 594 608,A01,3,7,6,2,0,1,1,
2.023E+11,155 594 611,B01,3,7,0,2,0,1,1,
2.023E+11,155 594 601,B01,2,1,0,2,0,0,0,
2.023E+11,155 594 605,A01,2,7,0,2,3,1,1,
2.023E+11,155 594 598,A01,2,7,0,1,7,1,1,
2.023E+11,155 594 596,A01,1,7,0,2,1,13,0,
2.023E+11,155 594 600,B01,2,7,0,2,1,1,0,
2.023E+11,155 594 602,C01,2,7,0,2,1,1,0,
2.023E+11,155 594 604,D01,1,7,0,2,6,1,0,
2.023E+11,155 594 595,A01,2,1,0,2,1,1,5,
2.023E+11,155 594 599,B01,2,7,0,2,3,1,1,
2.023E+11,155 594 591,B01,2,1,15,0,1,1,5,
2.023E+11,155 594 594,A01,2,7,0,9,8,22,1,
2.023E+11,155 594 590,A01,2,7,1,0,3,26,1,
2.023E+11,155 594 593,M01,2,33,0,2,1,26,1,
2.023E+11,155 594 587,A01,2,10,0,1,2,1,1,
2.023E+11,155 594 588,B01,1,1,0,2,3,0,5,
2.023E+11,155 594 592,A01,1,99,0,2,0,0,0,
2.023E+11,155 594 585,A01,3,7,0,2,1,15,1,
2.023E+11,155 594 589,B01,3,34,0,2,7,1,1,
2.023E+11,155 594 583,A01,3,10,2,2,1,1,1,
2.023E+11,155 594 586,B01,3,7,0,2,1,1,1,
2.023E+11,155 594 581,A01,3,7,0,2,1,2,1,
2.023E+11,155 594 584,B01,3,10,0,2,4,2,1,
2.023E+11,155 594 578,A01,0,7,2,0,8,17,1,
2.023E+11,155 594 579,A01,2,7,0,2,2,1,1,
2.023E+11,155 594 582,B01,3,10,0,2,1,1,1,
2.023E+11,155 594 575,A01,1,30,0,2,1,1,1,
2.023E+11,155 594 577,B01,1,10,0,2,1,1,1,
2.023E+11,155 594 576,A01,1,80,0,2,1,19,3,
2.023E+11,155 594 580,B01,1,7,0,2,0,1,1,
2.023E+11,155 594 572,A01,1,7,0,1,1,26,1,
2.023E+11,155 594 571,A01,3,7,0,2,2,2,1,
2.023E+11,155 594 574,B01,3,7,0,2,3,1,1,
2.023E+11,155 594 570,A01,1,7,14,9,2,16,1,
2.023E+11,155 594 573,B01,1,80,0,2,8,1,3,
2.023E+11,155 594 568,A01,1,7,0,2,5,0,1,
2.023E+11,155 594 569,B01,1,2,0,2,0,0,1,
2.023E+11,155 594 565,A01,3,7,0,1,1,19,1,
2.023E+11,155 594 564,B01,1,50,0,2,1,1,3,
2.023E+11,155 594 567,A01,1,10,0,2,2,19,1,
2.023E+11,155 594 562,A01,0,7,11,0,1,13,1,
2.023E+11,155 594 563,B01,1,50,0,0,0,0,3,
2.023E+11,155 594 566,A01,1,7,0,2,0,26,1,
2.023E+11,155 594 560,A01,2,7,0,1,3,19,1,
2.023E+11,155 594 559,B01,3,7,0,2,0,2,5,
2.023E+11,155 594 561,A01,3,7,0,2,6,2,1,
2.023E+11,155 594 557,A01,1,7,15,0,8,1,1,
2.023E+11,155 594 555,A01,1,1,0,2,1,9,5,
2.023E+11,155 594 558,B01,1,7,0,2,7,1,1,
2.023E+11,155 594 553,A01,3,30,0,0,0,0,3,
2.023E+11,155 594 552,A01,1,10,1,0,3,1,1,
2.023E+11,155 594 554,B01,2,1,0,2,7,19,5,
2.023E+11,155 594 556,A01,2,7,0,9,1,0,1,
2.023E+11,155 594 550,A01,1,33,0,0,0,1,1,
2.023E+11,155 594 547,A01,3,7,2,0,1,1,1,
2.023E+11,155 594 546,B01,3,60,0,2,1,2,5,
2.023E+11,155 594 549,A01,3,7,0,2,1,2,1,
2.023E+11,155 594 548,A01,1,7,0,1,3,15,1,
2.023E+11,155 594 545,A01,1,2,0,2,2,3,1,
2.023E+11,155 594 551,B01,1,2,0,2,1,1,1,
2.023E+11,155 594 543,A01,1,33,0,2,1,1,1,
2.023E+11,155 594 541,B01,0,34,0,2,1,12,1,
2.023E+11,155 594 544,A01,0,7,0,2,3,2,1,
2.023E+11,155 594 540,A01,2,7,0,2,4,23,0,
2.023E+11,155 594 542,B01,2,10,0,2,1,1,0,
2.023E+11,155 594 539,A01,2,7,0,1,7,26,1,
2.023E+11,155 594 538,A01,3,7,8,0,1,15,1,
2.023E+11,155 594 535,A01,1,7,0,2,5,15,1,
2.023E+11,155 594 536,B01,2,33,0,2,1,0,1,
2.023E+11,155 594 533,B01,2,33,0,2,1,1,1,
2.023E+11,155 594 537,A01,1,7,0,2,3,15,1,
2.023E+11,155 594 530,A01,1,7,0,2,3,15,1,
2.023E+11,155 594 534,B01,1,33,0,2,1,1,1,
2.023E+11,155 594 528,A01,3,7,0,2,3,10,1,
2.023E+11,155 594 531,B01,3,7,0,2,3,1,1,
2.023E+11,155 594 529,A01,1,20,0,2,2,0,1,
2.023E+11,155 594 532,B01,1,7,0,2,3,9,1,