Num_Acc,id_vehicule,num_veh,senc,catv,obs,obsm,choc,manv,motor,occutc
2.023E+11,155 594 527,A01,3,50,16,0,0,1,3,
2.023E+11,155 594 522,A01,1,7,0,9,2,16,1,
2.023E+11,155 594 525,B01,3,50,0,2,1,0,3,
2.023E+11,155 594 523,A01,1,7,0,2,3,19,1,
2.023E+11,155 594 526,B01,2,33,0,2,2,1,1,
2.023E+11,155 594 520,A01,1,7,0,2,2,9,1,
2.023E+11,155 594 524,B01,2,1,0,2,1,1,0,
2.023E+11,155 594 519,A01,3,7,12,1,1,16,1,
2.023E+11,155 594 518,B01,2,7,0,2,3,19,1,
2.023E+11,155 594 521,A01,2,50,0,2,3,19,3,
2.023E+11,155 594 515,A01,2,36,0,1,1,1,3,
2.023E+11,155 594 514,A01,3,7,0,2,3,15,1,
2.023E+11,155 594 517,B01,3,2,0,2,2,23,1,
2.023E+11,155 594 513,A01,3,50,0,2,3,19,3,
2.023E+11,155 594 516,B01,3,7,0,2,3,1,0,
2.023E+11,155 594 509,A01,1,7,3,2,2,12,1,
2.023E+11,155 594 511,B01,1,7,0,2,6,1,1,
2.023E+11,155 594 507,A01,3,7,0,2,8,9,1,
2.023E+11,155 594 512,B01,2,1,0,2,1,1,5,
2.023E+11,155 594 505,B01,2,7,0,2,4,2,1,
2.023E+11,155 594 508,A01,2,30,0,2,1,2,1,
2.023E+11,155 594 504,A01,1,7,1,0,3,6,1,
2.023E+11,155 594 506,A01,1,7,0,2,7,15,1,
2.023E+11,155 594 510,B01,1,10,0,2,1,1,1,
2.023E+11,155 594 497,A01,1,7,0,2,2,9,1,
2.023E+11,155 594 500,B01,1,2,0,2,1,1,1,
2.023E+11,155 594 499,A01,2,33,0,2,1,2,1,
2.023E+11,155 594 503,B01,2,7,0,2,6,1,1,
2.023E+11,155 594 496,A01,2,7,0,2,1,1,1,
2.023E+11,155 594 502,B01,2,7,0,2,2,1,1,
2.023E+11,155 594 495,A01,2,50,0,2,1,5,3,
2.023E+11,155 594 501,B01,1,7,0,2,2,19,1,
2.023E+11,155 594 494,A01,3,10,0,9,3,15,1,
2.023E+11,155 594 498,B01,3,1,0,2,6,1,5,
2.023E+11,155 594 492,A01,3,2,13,0,1,1,1,
2.023E+11,155 594 488,A01,2,30,0,2,1,2,1,
2.023E+11,155 594 493,B01,2,7,0,2,4,1,1,
2.023E+11,155 594 487,B01,1,33,0,2,1,1,1,
2.023E+11,155 594 489,A01,2,17,0,2,2,15,1,
2.023E+11,155 594 486,A01,1,7,0,2,1,1,1,
2.023E+11,155 594 491,B01,1,80,0,2,7,1,3,
2.023E+11,155 594 483,C01,2,7,0,2,4,26,6,
2.023E+11,155 594 485,B01,2,7,0,2,4,26,6,
2.023E+11,155 594 490,A01,2,7,0,2,1,26,0,
2.023E+11,155 594 481,A01,2,7,0,2,1,2,1,
2.023E+11,155 594 484,B01,2,7,13,0,4,1,1,
2.023E+11,155 594 478,B01,2,33,0,2,2,1,1,
2.023E+11,155 594 482,A01,3,7,0,2,6,16,1,
2.023E+11,155 594 477,B01,2,31,0,2,8,1,1,
2.023E+11,155 594 480,A01,1,7,0,2,1,15,1,
2.023E+11,155 594 474,B01,1,7,0,2,5,2,1,
2.023E+11,155 594 476,A01,1,7,0,2,2,26,2,
2.023E+11,155 594 473,B01,2,7,0,2,1,1,0,
2.023E+11,155 594 479,A01,1,7,0,2,8,16,0,
2.023E+11,155 594 471,A01,2,7,0,2,3,1,1,
2.023E+11,155 594 475,B01,0,2,0,2,4,15,1,
2.023E+11,155 594 470,A01,2,13,16,0,9,1,1,
2.023E+11,155 594 465,Z01,0,0,0,9,0,26,0,
2.023E+11,155 594 467,B01,0,1,0,2,0,26,5,
2.023E+11,155 594 468,A01,1,32,0,1,1,1,1,
2.023E+11,155 594 464,A01,1,7,0,2,3,13,1,
2.023E+11,155 594 469,C01,2,7,0,2,3,1,1,
2.023E+11,155 594 472,B01,2,7,5,2,8,1,1,
2.023E+11,155 594 458,B01,2,7,0,2,8,1,1,
2.023E+11,155 594 462,C01,2,7,0,2,8,1,1,
2.023E+11,155 594 463,A01,1,7,7,2,3,5,0,
2.023E+11,155 594 466,D01,2,10,0,2,8,1,1,
2.023E+11,155 594 460,A01,1,7,2,0,1,14,1,
2.023E+11,155 594 457,A01,2,7,0,2,4,23,1,
2.023E+11,155 594 461,X01,2,7,0,2,1,0,1,
2.023E+11,155 594 459,A01,2,7,0,1,1,1,1,
2.023E+11,155 594 453,B01,3,7,0,2,1,2,1,
2.023E+11,155 594 456,A01,3,7,0,2,4,1,1,
2.023E+11,155 594 454,A01,3,7,0,0,0,26,1,
2.023E+11,155 594 451,A01,1,7,0,2,1,15,1,
2.023E+11,155 594 455,B01,2,7,0,2,1,1,1,
2.023E+11,155 594 450,A01,0,3,2,1,1,1,1,
2.023E+11,155 594 449,A01,1,34,0,2,2,17,1,
2.023E+11,155 594 452,B01,1,7,0,2,3,15,1,
2.023E+11,155 594 445,A01,1,7,0,2,3,15,1,
2.023E+11,155 594 448,B01,2,2,0,2,3,1,1,
2.023E+11,155 594 441,A01,2,7,0,2,1,13,1,
2.023E+11,155 594 444,B01,2,7,0,2,1,0,1,
2.023E+11,155 594 443,A01,1,7,0,2,5,16,1,
2.023E+11,155 594 446,B01,1,30,0,2,1,1,1,
2.023E+11,155 594 442,A01,2,7,6,0,1,13,1,
2.023E+11,155 594 440,B01,1,32,0,2,8,1,1,
2.023E+11,155 594 447,A01,1,10,0,2,1,1,1,
2.023E+11,155 594 434,A01,2,33,0,0,7,1,1,
2.023E+11,155 594 436,A01,1,10,0,2,3,13,1,
2.023E+11,155 594 439,B01,2,7,0,2,3,1,1,
2.023E+11,155 594 435,A01,3,7,0,1,2,13,1,
2.023E+11,155 594 433,A01,1,30,0,0,6,2,1,
2.023E+11,155 594 438,B01,1,7,0,2,2,17,1,
2.023E+11,155 594 431,A01,2,7,0,2,8,22,0,
2.023E+11,155 594 432,B01,2,7,0,2,1,2,0,
2.023E+11,155 594 437,C01,2,1,0,2,2,1,5,
2.023E+11,155 594 429,A01,3,7,9,0,1,20,2,
2.023E+11,155 594 426,A01,1,10,0,2,1,1,1,
2.023E+11,155 594 430,B01,1,33,0,2,3,1,1,
2.023E+11,155 594 423,A01,3,7,0,2,1,1,1,
2.023E+11,155 594 425,B01,3,7,0,2,4,1,0,
2.023E+11,155 594 422,B01,2,7,0,2,7,1,1,
2.023E+11,155 594 427,A01,2,1,0,2,1,15,5,
2.023E+11,155 594 424,B01,1,7,0,2,3,1,1,
2.023E+11,155 594 428,A01,2,2,0,2,2,1,1,
2.023E+11,155 594 421,A01,0,7,0,1,1,20,1,
2.023E+11,155 594 417,A01,1,7,9,0,2,18,1,
2.023E+11,155 594 415,A01,2,7,0,2,1,2,1,
2.023E+11,155 594 419,B01,2,3,0,2,4,2,1,
2.023E+11,155 594 416,B01,2,7,0,2,4,23,2,
2.023E+11,155 594 420,A01,2,7,0,2,1,26,1,
2.023E+11,155 594 414,B01,2,17,0,2,3,1,1,
2.023E+11,155 594 418,A01,1,7,0,2,3,13,1,
2.023E+11,155 594 412,A01,1,7,13,0,3,13,1,
2.023E+11,155 594 413,A01,1,7,7,2,1,0,1,
2.023E+11,155 594 409,A01,2,7,2,0,2,21,1,
2.023E+11,155 594 406,B01,3,37,0,2,5,1,1,1
2.023E+11,155 594 411,A01,3,10,0,2,1,16,1,
2.023E+11,155 594 407,A01,1,10,0,1,2,15,1,
2.023E+11,155 594 405,A01,1,7,0,2,3,1,1,
2.023E+11,155 594 410,B01,2,7,0,2,3,1,1,
2.023E+11,155 594 404,A01,1,10,1,2,1,2,1,
2.023E+11,155 594 408,B01,1,14,0,2,4,0,1,
2.023E+11,155 594 401,A01,1,7,13,0,1,13,1,
2.023E+11,155 594 400,A01,2,1,0,1,1,25,5,
2.023E+11,155 594 397,B01,2,7,0,2,4,21,1,
2.023E+11,155 594 402,A01,1,7,0,2,1,15,1,
2.023E+11,155 594 396,A01,3,7,0,2,3,1,1,
2.023E+11,155 594 399,B01,3,1,0,2,1,15,5,
2.023E+11,155 594 388,A01,3,2,0,2,1,2,1,
2.023E+11,155 594 391,B01,3,7,0,2,4,2,1,
2.023E+11,155 594 387,A01,1,7,0,2,1,13,1,
2.023E+11,155 594 392,B01,2,7,0,2,1,1,1,
2.023E+11,155 594 395,C01,2,10,0,2,3,21,1,
2.023E+11,155 594 386,B01,3,7,0,2,8,1,1,
2.023E+11,155 594 393,A01,3,10,0,2,2,15,3,
2.023E+11,155 594 383,D01,1,7,0,2,0,0,1,
2.023E+11,155 594 385,A01,1,7,0,2,0,26,1,
2.023E+11,155 594 389,B01,2,7,0,2,3,1,1,
2.023E+11,155 594 398,C01,2,7,0,2,0,0,1,
2.023E+11,155 594 403,E01,1,7,0,2,1,2,1,
2.023E+11,155 594 382,A01,3,7,0,2,1,1,1,
2.023E+11,155 594 384,B01,3,7,0,2,4,0,1,
2.023E+11,155 594 390,C01,3,7,0,2,4,1,1,
2.023E+11,155 594 394,D01,3,7,0,2,4,2,1,
2.023E+11,155 594 381,A01,2,7,0,1,1,1,1,
2.023E+11,155 594 380,A01,1,7,2,0,1,1,1,
2.023E+11,155 594 378,A01,3,10,0,2,2,1,1,
2.023E+11,155 594 379,B01,1,34,0,2,1,1,1,
2.023E+11,155 594 374,B01,3,33,0,2,8,1,1,
2.023E+11,155 594 377,A01,3,7,0,2,1,17,1,
2.023E+11,155 594 375,A01,0,35,1,0,1,14,1,
2.023E+11,155 594 373,A01,1,2,0,0,1,18,1,
2.023E+11,155 594 372,A01,1,7,0,2,2,19,2,
2.023E+11,155 594 376,B01,1,99,0,2,3,1,1,
2.023E+11,155 594 371,A01,1,1,0,1,4,17,5,
2.023E+11,155 594 368,B01,2,7,0,2,4,1,1,
2.023E+11,155 594 370,A01,2,2,0,2,2,1,1,
2.023E+11,155 594 366,A01,3,10,0,0,0,1,1,
2.023E+11,155 594 365,A01,3,7,1,0,1,1,1,
2.023E+11,155 594 364,B01,1,7,0,2,8,1,1,
2.023E+11,155 594 367,C01,1,7,0,2,3,1,1,
2.023E+11,155 594 369,A01,0,7,0,2,1,1,1,
2.023E+11,155 594 361,A01,3,7,0,2,3,9,1,
2.023E+11,155 594 363,B01,3,50,0,2,7,2,3,
2.023E+11,155 594 360,A01,1,7,2,0,3,0,1,
2.023E+11,155 594 358,B01,1,32,0,2,1,1,1,
2.023E+11,155 594 362,A01,1,7,0,2,1,15,1,
2.023E+11,155 594 356,A01,1,7,0,2,1,2,1,
2.023E+11,155 594 359,B01,1,7,0,2,4,23,1,
2.023E+11,155 594 354,B01,1,2,1,0,2,14,1,
2.023E+11,155 594 353,Z01,3,31,0,2,1,5,1,
2.023E+11,155 594 357,B01,3,7,0,2,3,16,1,
2.023E+11,155 594 351,A01,1,7,0,1,1,1,1,
2.023E+11,155 594 352,A01,1,1,0,2,8,9,5,
2.023E+11,155 594 355,B01,2,7,0,2,1,1,1,
2.023E+11,155 594 349,A01,1,1,0,1,1,1,5,
2.023E+11,155 594 348,B01,2,33,0,2,2,17,1,
2.023E+11,155 594 350,A01,2,10,0,2,3,15,1,
2.023E+11,155 594 346,A01,3,7,13,0,3,0,1,
2.023E+11,155 594 345,A01,1,7,0,1,7,1,1,
2.023E+11,155 594 344,A01,2,3,0,2,2,1,3,
2.023E+11,155 594 347,B01,3,1,0,2,0,0,5,
2.023E+11,155 594 342,A01,1,7,0,1,3,2,1,
2.023E+11,155 594 341,A01,3,32,0,0,3,1,1,
2.023E+11,155 594 340,B01,1,7,0,2,1,1,1,
2.023E+11,155 594 343,A01,1,10,0,2,7,1,1,
2.023E+11,155 594 337,B01,2,10,0,2,7,21,1,
2.023E+11,155 594 338,A01,2,7,0,2,1,26,1,
2.023E+11,155 594 335,A01,3,31,13,0,0,13,1,
2.023E+11,155 594 331,C01,1,7,0,2,0,0,1,
2.023E+11,155 594 334,A01,1,35,0,2,4,26,3,
2.023E+11,155 594 336,B01,1,7,0,2,0,0,1,
2.023E+11,155 594 330,B01,1,17,0,2,1,0,1,
2.023E+11,155 594 333,A01,1,7,0,2,5,16,1,
2.023E+11,155 594 332,A01,2,50,0,0,0,1,3,
2.023E+11,155 594 329,A01,2,7,7,0,2,14,1,
2.023E+11,155 594 328,A01,3,33,7,0,1,1,1,
2.023E+11,155 594 326,A01,2,30,12,0,0,1,3,
2.023E+11,155 594 327,Z01,2,7,0,1,2,16,0,
2.023E+11,155 594 325,A01,0,33,0,0,0,26,1,
2.023E+11,155 594 324,A01,3,7,0,1,3,1,0,
2.023E+11,155 594 320,A01,1,7,0,1,1,1,1,
2.023E+11,155 594 321,A01,1,33,0,0,0,1,1,
2.023E+11,155 594 318,B01,1,1,0,0,4,2,5,
2.023E+11,155 594 322,A01,1,7,0,9,4,9,1,
2.023E+11,155 594 316,A01,1,7,0,2,1,2,1,
2.023E+11,155 594 317,D01,1,7,0,0,4,1,1,
2.023E+11,155 594 319,B01,1,7,0,2,4,2,1,
2.023E+11,155 594 323,C01,1,10,0,2,1,2,1,
2.023E+11,155 594 314,B01,1,1,0,2,2,1,5,
2.023E+11,155 594 315,A01,1,7,0,2,3,11,1,
2.023E+11,155 594 311,B01,2,30,0,2,8,1,1,
2.023E+11,155 594 313,A01,2,7,0,2,7,17,1,
2.023E+11,155 594 309,B01,1,31,0,2,1,3,1,
2.023E+11,155 594 310,A01,1,7,0,2,2,12,1,
2.023E+11,155 594 306,B01,1,7,0,2,1,1,1,
2.023E+11,155 594 312,A01,2,7,0,2,1,13,1,
2.023E+11,155 594 307,A01,1,7,14,0,1,1,1,
2.023E+11,155 594 301,A01,2,33,0,2,1,2,1,
2.023E+11,155 594 303,B01,2,7,0,2,4,23,1,
2.023E+11,155 594 302,A01,0,7,15,0,3,1,0,
2.023E+11,155 594 299,B01,1,7,0,2,3,1,1,
2.023E+11,155 594 300,A01,1,31,0,2,2,17,1,
2.023E+11,155 594 297,A01,2,37,0,2,1,1,1,6
2.023E+11,155 594 304,B01,2,37,0,2,4,23,1,24
2.023E+11,155 594 295,A01,3,7,9,0,3,1,1,
2.023E+11,155 594 296,A01,1,7,13,0,0,14,1,
2.023E+11,155 594 291,A01,3,33,0,2,2,17,1,
2.023E+11,155 594 293,B01,0,7,0,2,3,15,1,
2.023E+11,155 594 290,A01,0,7,6,0,1,1,1,
2.023E+11,155 594 292,B01,1,33,0,2,4,16,1,
2.023E+11,155 594 294,A01,1,7,0,2,1,1,1,
2.023E+11,155 594 286,A01,0,2,0,2,1,13,6,
2.023E+11,155 594 288,B01,3,2,0,2,1,0,1,
2.023E+11,155 594 287,B01,3,7,0,2,2,1,1,
2.023E+11,155 594 289,A01,3,33,0,2,1,15,1,
2.023E+11,155 594 281,B01,1,34,0,2,3,0,1,
2.023E+11,155 594 284,A01,1,7,0,2,6,10,1,
2.023E+11,155 594 282,A01,1,7,0,2,3,17,0,
2.023E+11,155 594 285,B01,1,7,0,2,5,2,0,
2.023E+11,155 594 277,A01,1,7,0,2,8,9,1,
2.023E+11,155 594 283,B01,1,30,0,2,2,1,3,
2.023E+11,155 594 279,B01,2,33,0,0,8,21,1,
2.023E+11,155 594 280,A01,1,7,0,2,3,15,1,
2.023E+11,155 594 276,B01,1,37,0,2,5,21,2,1
2.023E+11,155 594 278,A01,1,50,0,2,3,13,3,
2.023E+11,155 594 273,A01,1,7,0,2,1,2,1,
2.023E+11,155 594 274,B01,2,33,0,2,4,2,1,
2.023E+11,155 594 271,B01,2,33,0,0,0,0,1,
2.023E+11,155 594 275,A01,2,7,0,0,0,13,1,
2.023E+11,155 594 268,A01,3,30,0,2,3,15,3,
2.023E+11,155 594 272,B01,2,34,0,2,1,1,1,
2.023E+11,155 594 267,B01,2,30,0,2,1,1,1,
2.023E+11,155 594 270,A01,1,7,0,2,1,15,1,
2.023E+11,155 594 263,A01,2,7,0,5,1,2,1,
2.023E+11,155 594 265,B01,1,7,0,2,1,2,1,
2.023E+11,155 594 259,A01,2,7,3,2,0,2,1,
2.023E+11,155 594 266,B01,2,10,3,2,1,2,0,
2.023E+11,155 594 269,C01,2,7,0,9,1,2,0,
2.023E+11,155 594 257,A01,2,15,3,2,2,12,1,
2.023E+11,155 594 261,B01,2,10,3,2,3,1,1,
2.023E+11,155 594 258,B01,3,7,0,2,7,1,1,
2.023E+11,155 594 264,A01,3,1,0,2,1,25,5,
2.023E+11,155 594 256,A01,2,7,0,1,1,1,0,
2.023E+11,155 594 260,A01,2,7,1,0,5,22,2,
2.023E+11,155 594 262,B01,1,33,1,0,1,18,1,
2.023E+11,155 594 253,A01,3,7,1,0,2,1,1,
2.023E+11,155 594 254,A01,1,7,0,2,1,1,1,
2.023E+11,155 594 255,B01,1,7,0,2,4,1,1,
2.023E+11,155 594 252,A01,1,50,2,1,5,21,3,
2.023E+11,155 594 251,A01,2,10,0,1,4,25,1,
2.023E+11,155 594 246,A01,1,50,0,1,1,1,3,
2.023E+11,155 594 247,A01,1,7,0,2,3,13,0,
2.023E+11,155 594 250,B01,2,15,0,2,8,1,0,
2.023E+11,155 594 245,B01,1,30,0,2,1,17,1,
2.023E+11,155 594 248,A01,1,7,0,2,1,9,1,
2.023E+11,155 594 239,D01,1,7,0,2,4,1,1,
2.023E+11,155 594 243,C01,1,7,0,2,4,1,1,
2.023E+11,155 594 244,A01,1,7,0,2,3,21,2,
2.023E+11,155 594 249,B01,1,7,0,2,5,1,1,
2.023E+11,155 594 240,A01,0,3,2,0,1,26,1,
2.023E+11,155 594 238,B01,1,50,0,2,1,2,3,
2.023E+11,155 594 242,A01,1,1,0,2,4,23,5,
2.023E+11,155 594 237,A01,2,7,0,2,2,13,1,
2.023E+11,155 594 241,B01,1,7,0,2,2,21,1,
2.023E+11,155 594 235,A01,2,7,1,0,2,2,1,
2.023E+11,155 594 233,A01,1,31,0,1,2,17,1,
2.023E+11,155 594 231,A01,1,33,0,2,1,2,1,
2.023E+11,155 594 234,B01,1,10,0,2,4,2,1,
2.023E+11,155 594 230,B01,2,7,0,2,6,23,1,
2.023E+11,155 594 232,C01,2,7,0,2,5,2,1,
2.023E+11,155 594 236,A01,2,33,0,2,1,1,1,
2.023E+11,155 594 229,A01,1,7,2,0,1,1,1,
2.023E+11,155 594 228,A01,1,30,12,0,1,13,1,
2.023E+11,155 594 224,A01,2,7,0,2,7,15,1,
2.023E+11,155 594 227,B01,1,1,0,2,1,1,5,
2.023E+11,155 594 225,A01,2,32,0,1,1,1,0,
2.023E+11,155 594 222,A01,1,33,0,2,1,2,1,
2.023E+11,155 594 223,B01,1,7,0,2,5,2,1,
2.023E+11,155 594 226,C01,1,7,0,2,4,2,1,
2.023E+11,155 594 221,A01,1,1,0,1,1,13,5,
2.023E+11,155 594 218,A01,3,7,0,2,8,11,1,
2.023E+11,155 594 220,B01,3,33,0,2,7,1,1,
2.023E+11,155 594 214,A01,1,50,0,2,1,1,3,
2.023E+11,155 594 217,B01,1,1,0,2,1,1,5,
2.023E+11,155 594 213,B01,2,1,0,2,8,1,5,
2.023E+11,155 594 215,Z01,2,14,0,2,7,14,1,
2.023E+11,155 594 212,Z01,2,80,0,1,7,1,3,
2.023E+11,155 594 211,B01,3,7,0,2,1,26,0,
2.023E+11,155 594 216,C01,3,15,0,2,1,23,0,
2.023E+11,155 594 219,A01,3,7,1,2,2,15,0,
2.023E+11,155 594 209,A01,1,1,0,0,0,21,5,
2.023E+11,155 594 208,A01,2,34,0,1,2,18,1,
2.023E+11,155 594 206,A01,2,7,0,1,1,1,1,
2.023E+11,155 594 207,A01,2,14,0,2,7,16,1,
2.023E+11,155 594 210,B01,3,80,0,2,1,1,3,
2.023E+11,155 594 205,A01,3,32,0,0,0,3,1,
2.023E+11,155 594 202,A01,2,30,0,2,3,2,1,
2.023E+11,155 594 204,B01,2,7,0,2,2,2,1,
2.023E+11,155 594 198,A01,2,7,0,2,1,2,1,
2.023E+11,155 594 201,B01,2,7,0,2,4,2,1,
2.023E+11,155 594 200,B01,1,7,0,2,4,23,2,
2.023E+11,155 594 203,A01,1,33,0,2,1,1,1,
2.023E+11,155 594 197,A01,2,33,0,2,1,1,1,
2.023E+11,155 594 199,B01,2,7,0,2,6,1,1,
2.023E+11,155 594 194,B01,1,2,0,2,1,1,1,
2.023E+11,155 594 196,A01,1,7,0,2,1,13,0,
2.023E+11,155 594 195,A01,2,7,0,1,7,1,1,
2.023E+11,155 594 191,A01,2,7,13,0,1,13,1,
2.023E+11,155 594 190,B01,1,7,0,2,5,2,2,
2.023E+11,155 594 192,A01,2,7,0,2,3,2,2,
2.023E+11,155 594 193,C01,1,7,0,2,6,23,2,
2.023E+11,155 594 187,A01,2,1,0,2,1,13,5,
2.023E+11,155 594 189,B01,1,1,0,2,1,13,5,
2.023E+11,155 594 184,B01,2,7,0,2,8,2,1,
2.023E+11,155 594 186,A01,2,32,0,2,4,3,3,
2.023E+11,155 594 185,A01,1,7,0,2,3,10,1,
2.023E+11,155 594 188,B01,2,32,0,2,1,1,1,
2.023E+11,155 594 183,A01,2,7,0,1,3,1,2,
2.023E+11,155 594 181,A01,1,7,12,0,1,15,1,
2.023E+11,155 594 177,A01,3,33,0,2,1,1,1,
2.023E+11,155 594 182,B01,3,7,0,2,5,1,1,
2.023E+11,155 594 178,A01,3,32,0,2,1,2,1,
2.023E+11,155 594 180,B01,3,7,0,2,4,2,1,
2.023E+11,155 594 176,A01,2,7,0,2,7,1,1,
2.023E+11,155 594 179,B01,1,7,0,2,1,1,2,
2.023E+11,155 594 171,B01,1,7,0,2,4,23,1,
2.023E+11,155 594 175,A01,1,7,0,2,1,1,1,
2.023E+11,155 594 169,A01,1,10,0,2,3,9,1,
2.023E+11,155 594 172,B01,1,33,0,2,2,1,1,
2.023E+11,155 594 168,A01,1,7,0,2,8,1,1,
2.023E+11,155 594 174,B01,2,7,0,2,1,1,1,
2.023E+11,155 594 170,B01,1,7,0,2,3,24,2,
2.023E+11,155 594 173,A01,1,30,1,0,3,18,1,
2.023E+11,155 594 165,B01,1,1,0,2,1,17,5,
2.023E+11,155 594 167,A01,1,1,0,2,1,17,5,
2.023E+11,155 594 161,B01,1,30,0,2,3,18,1,
2.023E+11,155 594 164,A01,1,7,0,2,5,18,1,
2.023E+11,155 594 162,A01,2,33,0,2,3,17,1,
2.023E+11,155 594 166,B01,2,7,0,2,2,1,1,
2.023E+11,155 594 163,A01,1,10,0,1,1,15,1,
2.023E+11,155 594 160,A01,2,80,14,0,3,2,3,
2.023E+11,155 594 156,B01,1,14,0,2,4,1,0,
2.023E+11,155 594 158,A01,1,31,0,2,1,1,1,
2.023E+11,155 594 157,A01,1,33,0,2,1,21,1,
2.023E+11,155 594 159,B01,1,31,0,2,4,21,1,
2.023E+11,155 594 155,A01,1,1,8,0,1,1,5,
2.023E+11,155 594 153,B01,1,50,0,2,1,1,3,
2.023E+11,155 594 154,A01,2,80,0,2,1,1,3,
2.023E+11,155 594 152,A01,2,2,14,0,1,1,3,
2.023E+11,155 594 151,Z01,1,30,0,1,2,17,1,
2.023E+11,155 594 149,A01,1,50,0,2,7,1,3,
2.023E+11,155 594 150,B01,1,10,0,2,3,15,1,
2.023E+11,155 594 148,A01,2,7,0,1,1,15,3,
2.023E+11,155 594 147,A01,1,10,14,0,1,21,1,
2.023E+11,155 594 146,A01,1,1,0,0,0,2,5,
2.023E+11,155 594 142,Y01,1,1,0,2,2,1,5,
2.023E+11,155 594 143,A01,1,10,0,2,3,22,1,
2.023E+11,155 594 141,Z01,2,1,0,2,1,1,5,
2.023E+11,155 594 145,A01,2,1,0,2,8,1,5,
2.023E+11,155 594 139,A01,1,7,0,2,7,7,1,
2.023E+11,155 594 144,B01,2,10,0,2,1,7,3,
2.023E+11,155 594 137,A01,1,7,1,1,2,1,1,
2.023E+11,155 594 136,A01,1,43,0,1,1,1,1,
2.023E+11,155 594 132,A01,1,7,0,2,8,15,1,
2.023E+11,155 594 135,B01,1,33,0,2,1,7,3,
2.023E+11,155 594 131,A01,2,7,0,2,1,2,1,
2.023E+11,155 594 134,B01,2,10,14,0,4,2,1,
2.023E+11,155 594 129,A01,1,30,0,2,1,1,1,
2.023E+11,155 594 133,B01,1,7,0,2,2,1,1,
2.023E+11,155 594 128,Z01,1,7,0,2,1,1,1,
2.023E+11,155 594 130,B01,1,7,0,2,1,1,1,
2.023E+11,155 594 126,A01,1,32,0,1,1,1,1,
2.023E+11,155 594 125,A01,1,10,0,2,1,15,1,
2.023E+11,155 594 127,B01,2,33,0,2,1,1,1,
2.023E+11,155 594 120,A01,1,7,0,2,3,9,1,
2.023E+11,155 594 122,B01,1,2,0,2,1,3,1,
2.023E+11,155 594 121,A01,2,7,0,2,2,15,2,
2.023E+11,155 594 124,B01,2,1,0,2,0,1,5,
2.023E+11,155 594 119,A01,3,7,0,2,3,1,1,
2.023E+11,155 594 123,B01,3,30,0,2,2,15,3,
2.023E+11,155 594 118,A01,1,50,0,1,1,15,3,
2.023E+11,155 594 117,A01,1,34,9,1,1,1,1,
2.023E+11,155 594 114,A01,1,10,0,1,5,20,1,
2.023E+11,155 594 115,A01,2,80,0,1,1,1,3,
2.023E+11,155 594 113,A01,2,32,0,2,2,1,1,
2.023E+11,155 594 116,B01,1,7,0,2,3,16,2,
2.023E+11,155 594 110,A01,3,7,0,2,3,5,1,
2.023E+11,155 594 112,B01,3,7,0,2,3,1,1,
2.023E+11,155 594 107,A01,2,7,0,2,1,21,1,
2.023E+11,155 594 111,B01,2,7,0,2,4,2,1,
2.023E+11,155 594 108,A01,1,30,0,0,0,1,3,
2.023E+11,155 594 106,A01,3,7,0,2,3,15,1,
2.023E+11,155 594 109,B01,3,33,0,2,1,1,1,
2.023E+11,155 594 103,B01,3,1,0,2,1,1,5,
2.023E+11,155 594 105,A01,0,7,0,2,3,15,1,
2.023E+11,155 594 102,A01,3,1,12,0,2,14,5,
2.023E+11,155 594 100,A01,1,43,0,2,1,2,1,
2.023E+11,155 594 104,B01,1,10,0,2,5,2,1,
2.023E+11,155 594 101,A01,2,30,0,0,8,1,3,
2.023E+11,155 594 097,B01,0,50,0,2,1,16,3,
2.023E+11,155 594 099,A01,0,7,0,2,2,1,1,
2.023E+11,155 594 093,B01,3,1,0,2,4,2,5,
2.023E+11,155 594 096,A01,3,7,0,2,1,0,1,
2.023E+11,155 594 094,B01,1,7,0,2,4,2,1,
2.023E+11,155 594 098,A01,1,31,0,2,1,2,1,
2.023E+11,155 594 092,B01,1,50,0,2,1,1,3,
2.023E+11,155 594 095,A01,1,7,0,9,3,9,3,
2.023E+11,155 594 091,A01,1,7,0,1,1,15,1,
2.023E+11,155 594 090,A01,1,7,0,1,3,0,1,
2.023E+11,155 594 088,A01,3,7,0,1,1,19,0,
2.023E+11,155 594 082,A01,1,7,0,2,2,2,1,
2.023E+11,155 594 085,B01,1,7,0,2,3,10,1,
2.023E+11,155 594 083,A01,2,7,1,2,7,1,1,
2.023E+11,155 594 086,B01,1,50,1,2,3,14,3,
2.023E+11,155 594 084,B01,3,7,0,2,3,15,1,
2.023E+11,155 594 087,C01,3,7,0,2,2,1,2,
2.023E+11,155 594 089,A01,3,30,0,2,3,1,1,
2.023E+11,155 594 080,A01,0,10,0,2,3,26,1,
2.023E+11,155 594 081,B01,0,33,0,2,1,0,1,
2.023E+11,155 594 078,A01,1,7,0,1,4,20,1,
2.023E+11,155 594 077,A01,1,7,0,1,4,20,1,
2.023E+11,155 594 076,B01,1,7,0,2,3,2,1,
2.023E+11,155 594 079,A01,1,30,0,2,1,15,1,
2.023E+11,155 594 070,A01,2,7,0,2,1,17,0,