Num_Acc,id_vehicule,num_veh,senc,catv,obs,obsm,choc,manv,motor,occutc
2.023E+11,155 593 607,A01,1,31,0,6,1,1,1,
2.023E+11,155 593 606,A01,1,7,0,2,1,2,1,
2.023E+11,155 593 608,B01,1,17,0,0,4,2,1,
2.023E+11,155 593 605,A01,1,33,13,0,3,13,1,
2.023E+11,155 593 604,A01,3,7,1,1,3,1,3,
2.023E+11,155 593 603,A01,1,7,6,0,1,2,1,
2.023E+11,155 593 602,A01,1,10,2,0,3,1,1,
2.023E+11,155 593 601,A01,1,7,16,0,9,1,1,
2.023E+11,155 593 599,A01,2,7,17,0,2,1,1,
2.023E+11,155 593 598,B01,1,7,0,2,2,1,1,
2.023E+11,155 593 600,A01,1,33,0,2,8,1,1,
2.023E+11,155 593 597,A01,2,10,2,0,2,1,1,
2.023E+11,155 593 593,A01,2,7,0,2,3,14,1,
2.023E+11,155 593 595,B01,2,15,0,0,5,1,1,
2.023E+11,155 593 592,A01,0,33,0,2,1,1,1,
2.023E+11,155 593 594,B01,0,10,0,2,3,13,3,
2.023E+11,155 593 590,B01,2,10,0,2,2,1,1,
2.023E+11,155 593 591,A01,1,7,0,2,1,13,1,
2.023E+11,155 593 588,A01,2,7,0,2,3,13,1,
2.023E+11,155 593 589,B01,1,7,0,2,3,1,1,
2.023E+11,155 593 586,A01,1,7,0,0,3,1,1,
2.023E+11,155 593 587,B01,1,7,0,0,3,1,1,
2.023E+11,155 593 584,A01,2,7,0,2,1,13,1,
2.023E+11,155 593 585,B01,1,7,0,2,3,1,1,
2.023E+11,155 593 582,A01,1,10,0,1,2,1,1,
2.023E+11,155 593 579,A01,2,2,0,2,4,1,1,
2.023E+11,155 593 580,B01,2,7,0,2,2,1,1,
2.023E+11,155 593 581,C01,2,7,14,2,3,1,1,
2.023E+11,155 593 583,D01,2,7,14,0,1,21,1,
2.023E+11,155 593 576,B01,1,7,0,2,2,1,1,
2.023E+11,155 593 578,A01,1,7,0,2,1,19,1,
2.023E+11,155 593 573,C01,2,38,0,9,0,1,1,1
2.023E+11,155 593 574,A01,2,33,0,2,1,17,1,
2.023E+11,155 593 575,B01,2,7,0,2,6,17,1,
2.023E+11,155 593 572,A01,1,10,0,2,8,15,1,
2.023E+11,155 593 577,B01,1,33,0,2,1,1,1,
2.023E+11,155 593 571,A01,2,1,0,0,0,2,5,
2.023E+11,155 593 569,A01,1,14,0,2,3,1,0,
2.023E+11,155 593 570,B01,2,7,0,0,8,9,1,
2.023E+11,155 593 567,B01,1,33,0,2,1,1,1,
2.023E+11,155 593 568,A01,1,7,0,2,1,9,1,
2.023E+11,155 593 564,A01,1,33,0,2,1,5,1,
2.023E+11,155 593 565,B01,2,7,0,2,3,1,1,
2.023E+11,155 593 566,C01,1,7,0,2,6,1,1,
2.023E+11,155 593 561,B01,1,1,0,2,6,2,5,
2.023E+11,155 593 562,A01,1,7,0,2,2,2,1,
2.023E+11,155 593 559,A01,3,7,0,0,7,0,0,
2.023E+11,155 593 560,B01,3,7,0,2,3,0,0,
2.023E+11,155 593 557,A01,3,7,0,2,3,15,1,
2.023E+11,155 593 558,B01,1,2,0,2,7,1,1,
2.023E+11,155 593 555,A01,1,7,0,2,3,9,1,
2.023E+11,155 593 556,B01,1,33,0,2,7,1,1,
2.023E+11,155 593 554,A01,2,33,7,0,1,1,1,
2.023E+11,155 593 552,A01,1,10,0,2,6,2,1,
2.023E+11,155 593 553,B01,1,33,0,2,2,2,1,
2.023E+11,155 593 551,A01,2,31,0,2,7,3,1,
2.023E+11,155 593 549,A01,1,7,0,2,4,1,1,
2.023E+11,155 593 550,Z01,1,7,0,2,1,0,0,
2.023E+11,155 593 547,A01,2,7,2,2,8,9,0,
2.023E+11,155 593 548,B01,2,17,0,2,7,1,0,
2.023E+11,155 593 545,A01,2,7,0,2,6,11,1,
2.023E+11,155 593 546,B01,2,31,0,2,1,3,1,
2.023E+11,155 593 543,A01,2,33,0,2,2,0,1,
2.023E+11,155 593 544,B01,2,7,0,2,6,13,1,
2.023E+11,155 593 541,A01,1,7,4,2,1,1,1,
2.023E+11,155 593 542,B01,1,10,4,2,4,1,1,
2.023E+11,155 593 539,B01,2,7,0,2,4,2,1,
2.023E+11,155 593 540,A01,2,7,0,2,1,2,1,
2.023E+11,155 593 538,A01,3,7,0,1,4,26,1,
2.023E+11,155 593 537,A01,1,50,0,0,0,0,3,
2.023E+11,155 593 536,A01,1,30,2,2,0,1,1,
2.023E+11,155 593 534,A01,1,7,0,2,1,1,1,
2.023E+11,155 593 535,B01,1,7,0,2,4,1,1,
2.023E+11,155 593 533,A01,3,7,0,1,3,1,1,
2.023E+11,155 593 531,A01,1,1,0,2,1,1,5,
2.023E+11,155 593 532,B01,1,7,0,2,4,1,1,
2.023E+11,155 593 530,B01,3,7,0,1,2,26,1,
2.023E+11,155 593 528,A01,1,7,0,2,3,1,1,
2.023E+11,155 593 529,B01,2,7,0,2,3,1,1,
2.023E+11,155 593 527,A01,2,1,0,1,7,19,5,
2.023E+11,155 593 525,A01,2,7,0,2,2,1,1,
2.023E+11,155 593 526,B01,2,32,0,2,8,21,1,
2.023E+11,155 593 524,A01,2,7,8,0,3,1,1,
2.023E+11,155 593 522,A01,2,7,0,2,8,15,1,
2.023E+11,155 593 523,B01,1,33,0,2,1,17,1,
2.023E+11,155 593 520,B01,1,7,0,2,5,1,1,
2.023E+11,155 593 521,A01,1,7,0,2,3,12,1,
2.023E+11,155 593 519,A01,1,10,0,1,4,4,1,
2.023E+11,155 593 518,A01,2,7,12,0,1,16,1,
2.023E+11,155 593 517,A01,0,7,3,0,3,13,1,
2.023E+11,155 593 515,B01,2,33,0,2,5,2,1,
2.023E+11,155 593 516,A01,2,33,0,2,1,2,1,
2.023E+11,155 593 513,B01,1,7,0,2,8,15,1,
2.023E+11,155 593 514,A01,1,33,0,2,1,1,1,
2.023E+11,155 593 511,A01,2,7,0,2,4,2,1,
2.023E+11,155 593 512,Z01,2,10,0,2,1,2,0,
2.023E+11,155 593 509,B01,2,7,0,0,4,2,1,
2.023E+11,155 593 510,A01,2,7,0,2,1,2,1,
2.023E+11,155 593 506,A01,2,7,0,2,1,2,1,
2.023E+11,155 593 507,B01,2,7,0,2,4,2,1,
2.023E+11,155 593 508,C01,2,7,0,2,4,1,1,
2.023E+11,155 593 505,A01,1,7,0,1,3,26,1,
2.023E+11,155 593 503,A01,1,15,0,2,7,12,1,
2.023E+11,155 593 504,B01,1,7,0,2,8,1,1,
2.023E+11,155 593 499,D01,2,7,0,0,0,0,0,
2.023E+11,155 593 500,Z01,2,7,0,2,1,2,0,
2.023E+11,155 593 501,B01,2,10,0,0,0,0,0,
2.023E+11,155 593 502,C01,2,7,0,0,0,0,0,
2.023E+11,155 593 497,A01,2,7,0,2,7,12,1,
2.023E+11,155 593 498,B01,2,33,0,2,3,0,1,
2.023E+11,155 593 495,A01,1,33,0,2,1,12,1,
2.023E+11,155 593 496,B01,1,7,0,2,6,1,1,
2.023E+11,155 593 492,A01,1,7,0,2,4,1,1,
2.023E+11,155 593 493,C01,1,7,0,2,1,2,1,
2.023E+11,155 593 494,B01,1,7,0,2,5,1,1,
2.023E+11,155 593 490,A01,2,33,0,2,2,14,1,
2.023E+11,155 593 491,B01,2,7,0,2,8,1,1,
2.023E+11,155 593 487,A01,1,10,0,2,1,2,1,
2.023E+11,155 593 488,C01,1,10,0,2,4,2,1,
2.023E+11,155 593 489,B01,1,7,0,2,4,2,1,
2.023E+11,155 593 485,A01,1,33,0,2,2,3,1,
2.023E+11,155 593 486,B01,1,7,0,2,3,11,1,
2.023E+11,155 593 482,B01,1,7,0,2,4,2,1,
2.023E+11,155 593 483,A01,1,10,0,2,1,2,1,
2.023E+11,155 593 484,C01,1,10,0,2,4,2,1,
2.023E+11,155 593 480,A01,1,33,0,2,1,0,1,
2.023E+11,155 593 481,Z01,1,7,0,2,0,0,0,
2.023E+11,155 593 478,B01,2,99,0,2,3,11,1,
2.023E+11,155 593 479,A01,2,33,0,2,1,3,1,
2.023E+11,155 593 475,B01,2,7,0,2,4,1,1,
2.023E+11,155 593 476,C01,2,7,0,2,1,1,1,
2.023E+11,155 593 477,A01,2,7,0,2,4,1,1,
2.023E+11,155 593 473,A01,2,7,0,2,4,2,1,
2.023E+11,155 593 474,B01,2,7,0,2,1,2,1,
2.023E+11,155 593 472,A01,2,7,4,0,1,13,1,
2.023E+11,155 593 468,A01,2,7,0,2,1,2,1,
2.023E+11,155 593 469,B01,2,7,0,0,4,2,1,
2.023E+11,155 593 466,A01,1,30,0,2,1,5,1,
2.023E+11,155 593 467,B01,2,7,0,2,1,1,1,
2.023E+11,155 593 465,Z01,1,0,0,1,0,0,0,
2.023E+11,155 593 463,A01,1,7,0,2,2,1,1,
2.023E+11,155 593 464,B01,1,7,0,2,3,16,1,
2.023E+11,155 593 457,A01,1,7,0,2,2,2,1,
2.023E+11,155 593 458,B01,1,7,0,2,4,2,1,
2.023E+11,155 593 456,A01,0,50,0,1,0,25,3,
2.023E+11,155 593 455,A01,3,7,1,1,4,4,1,
2.023E+11,155 593 453,X01,2,7,0,2,1,26,6,
2.023E+11,155 593 454,B01,1,10,0,2,4,23,0,
2.023E+11,155 593 451,A01,1,7,0,2,2,9,3,
2.023E+11,155 593 452,B01,1,33,0,2,4,23,1,
2.023E+11,155 593 449,B01,2,33,0,2,8,1,1,
2.023E+11,155 593 450,A01,2,7,0,2,2,12,1,
2.023E+11,155 593 448,A01,2,30,0,0,7,1,1,
2.023E+11,155 593 447,A01,0,7,0,0,0,1,1,
2.023E+11,155 593 446,A01,3,7,4,0,0,16,1,
2.023E+11,155 593 445,A01,2,7,0,1,1,1,1,
2.023E+11,155 593 443,B01,1,32,0,2,0,2,1,
2.023E+11,155 593 444,A01,2,7,0,2,3,9,1,
2.023E+11,155 593 442,A01,2,7,0,1,1,15,1,
2.023E+11,155 593 440,A01,2,7,0,2,3,15,1,
2.023E+11,155 593 441,B01,1,30,0,2,1,1,1,
2.023E+11,155 593 438,B01,0,10,0,0,5,1,1,
2.023E+11,155 593 439,A01,3,30,0,2,1,2,1,
2.023E+11,155 593 436,B01,0,10,0,2,1,1,0,
2.023E+11,155 593 437,A01,0,7,0,2,8,9,1,
2.023E+11,155 593 435,A01,3,7,0,2,7,0,1,
2.023E+11,155 593 433,A01,2,7,0,2,8,16,1,
2.023E+11,155 593 434,B01,1,50,0,2,1,1,3,
2.023E+11,155 593 431,A01,1,30,0,2,8,9,1,
2.023E+11,155 593 432,B01,2,10,0,2,1,9,1,
2.023E+11,155 593 429,B01,2,7,0,2,1,1,1,
2.023E+11,155 593 430,A01,2,7,0,0,4,23,0,
2.023E+11,155 593 428,A01,1,10,0,1,0,1,1,
2.023E+11,155 593 426,A01,2,7,0,2,8,1,1,
2.023E+11,155 593 427,B01,2,1,0,2,7,1,5,
2.023E+11,155 593 425,A01,1,7,4,0,1,2,1,
2.023E+11,155 593 424,A01,3,7,4,0,1,1,1,
2.023E+11,155 593 423,A01,1,7,6,0,1,13,1,
2.023E+11,155 593 422,A01,3,7,0,1,3,26,1,
2.023E+11,155 593 420,A01,2,7,0,2,2,17,1,
2.023E+11,155 593 421,B01,2,50,0,2,4,10,3,
2.023E+11,155 593 416,D01,1,7,0,2,4,2,0,
2.023E+11,155 593 417,B01,1,7,0,2,4,2,0,
2.023E+11,155 593 418,C01,1,7,0,2,4,2,0,
2.023E+11,155 593 419,A01,1,7,0,2,1,2,0,
2.023E+11,155 593 414,B01,3,30,0,2,0,0,0,
2.023E+11,155 593 415,A01,3,7,0,2,3,9,1,
2.023E+11,155 593 412,Z01,0,0,0,0,0,0,0,
2.023E+11,155 593 413,A01,3,3,0,0,0,0,1,
2.023E+11,155 593 411,A01,1,7,0,1,3,1,1,
2.023E+11,155 593 410,A01,2,33,0,0,0,26,1,
2.023E+11,155 593 409,A01,3,7,6,0,3,16,1,
2.023E+11,155 593 407,B01,1,10,0,2,1,1,1,
2.023E+11,155 593 408,A01,1,34,0,2,0,0,0,
2.023E+11,155 593 404,B01,2,7,0,2,6,1,1,
2.023E+11,155 593 405,Z01,2,7,0,2,2,12,0,
2.023E+11,155 593 406,A01,2,31,0,2,8,3,1,
2.023E+11,155 593 402,A01,1,7,0,2,1,2,1,
2.023E+11,155 593 403,B01,1,7,0,2,4,2,1,
2.023E+11,155 593 401,A01,2,7,6,0,4,12,1,
2.023E+11,155 593 400,A01,1,10,0,1,1,1,1,
2.023E+11,155 593 398,Z01,1,7,0,2,1,1,3,
2.023E+11,155 593 399,A01,1,31,0,2,4,1,1,
2.023E+11,155 593 396,B01,1,7,0,2,2,15,1,
2.023E+11,155 593 397,A01,2,31,0,2,1,7,1,
2.023E+11,155 593 394,B01,2,1,1,0,1,1,5,
2.023E+11,155 593 395,A01,1,7,0,2,8,22,1,
2.023E+11,155 593 392,A01,2,7,0,2,1,1,1,
2.023E+11,155 593 393,B01,2,1,0,2,4,15,5,
2.023E+11,155 593 390,A01,3,33,0,2,1,2,1,
2.023E+11,155 593 391,Z01,3,10,0,2,8,15,1,
2.023E+11,155 593 388,B01,1,33,0,2,8,15,1,
2.023E+11,155 593 389,A01,1,30,0,2,1,1,1,
2.023E+11,155 593 386,A01,2,30,0,2,1,2,1,
2.023E+11,155 593 387,B01,2,7,0,2,4,2,3,
2.023E+11,155 593 384,B01,3,7,0,2,1,26,0,
2.023E+11,155 593 385,A01,3,7,8,2,7,26,1,
2.023E+11,155 593 383,A01,1,7,0,1,2,1,0,
2.023E+11,155 593 382,A01,1,7,6,0,1,13,1,
2.023E+11,155 593 380,A01,1,7,0,2,6,11,2,
2.023E+11,155 593 381,B01,1,10,0,2,2,2,1,
2.023E+11,155 593 379,A01,1,7,0,2,1,0,0,
2.023E+11,155 593 377,B01,0,0,0,2,0,0,-1,
2.023E+11,155 593 378,A01,0,2,0,2,7,0,1,
2.023E+11,155 593 375,A01,1,30,0,0,7,16,1,
2.023E+11,155 593 376,B01,1,0,0,0,0,0,0,
2.023E+11,155 593 374,A01,3,10,0,1,0,15,0,
2.023E+11,155 593 373,A01,1,30,12,0,2,14,1,
2.023E+11,155 593 372,A01,2,80,0,0,0,1,3,
2.023E+11,155 593 370,A01,2,7,0,2,1,13,1,
2.023E+11,155 593 371,B01,1,7,0,2,3,1,1,
2.023E+11,155 593 368,A01,1,7,0,2,1,13,1,
2.023E+11,155 593 369,B01,2,7,0,2,3,1,1,
2.023E+11,155 593 366,A01,2,7,0,2,7,13,1,
2.023E+11,155 593 367,B01,1,10,0,2,1,1,1,
2.023E+11,155 593 364,A01,1,7,0,2,1,2,1,
2.023E+11,155 593 365,B01,1,7,0,2,4,2,1,
2.023E+11,155 593 363,A01,2,7,2,0,1,14,1,
2.023E+11,155 593 362,A01,1,7,13,0,2,14,1,
2.023E+11,155 593 360,A01,2,7,0,2,3,1,1,
2.023E+11,155 593 361,B01,1,7,0,2,2,13,1,
2.023E+11,155 593 359,A01,1,7,4,0,2,1,0,
2.023E+11,155 593 357,A01,2,7,0,2,6,1,1,
2.023E+11,155 593 358,B01,1,7,0,2,1,5,1,
2.023E+11,155 593 356,A01,2,36,6,0,2,14,1,
2.023E+11,155 593 355,A01,1,31,12,0,1,21,1,
2.023E+11,155 593 353,A01,1,7,0,2,1,13,1,
2.023E+11,155 593 354,B01,2,7,0,2,1,13,1,
2.023E+11,155 593 352,A01,2,7,6,0,2,0,1,
2.023E+11,155 593 350,A01,1,7,0,2,3,13,1,
2.023E+11,155 593 351,B01,2,7,0,2,3,1,1,
2.023E+11,155 593 348,B01,1,10,0,0,6,1,1,
2.023E+11,155 593 349,A01,1,7,0,2,2,1,1,
2.023E+11,155 593 346,A01,3,7,0,9,3,9,1,
2.023E+11,155 593 347,B01,3,80,0,2,1,9,3,
2.023E+11,155 593 343,A01,1,7,0,1,2,1,1,
2.023E+11,155 593 341,A01,1,7,0,2,3,13,1,
2.023E+11,155 593 342,B01,2,31,0,2,1,21,1,
2.023E+11,155 593 340,A01,3,7,0,1,1,1,1,
2.023E+11,155 593 339,A01,1,7,15,0,1,1,0,
2.023E+11,155 593 338,A01,1,7,8,6,8,1,1,
2.023E+11,155 593 337,A01,3,80,0,0,0,1,3,
2.023E+11,155 593 335,B01,1,33,0,2,1,1,1,
2.023E+11,155 593 336,A01,1,7,0,2,6,15,1,
2.023E+11,155 593 334,A01,1,33,0,0,8,1,1,
2.023E+11,155 593 333,A01,1,7,0,1,3,1,1,
2.023E+11,155 593 331,A01,1,7,3,2,7,5,1,
2.023E+11,155 593 332,B01,2,7,0,2,1,5,1,
2.023E+11,155 593 330,A01,1,7,13,0,2,1,1,
2.023E+11,155 593 329,A01,3,14,13,9,3,15,1,
2.023E+11,155 593 328,A01,2,10,0,1,4,4,1,
2.023E+11,155 593 326,A01,1,7,0,1,1,1,1,
2.023E+11,155 593 324,A01,2,7,0,9,2,1,1,
2.023E+11,155 593 323,B01,2,7,0,2,3,15,1,
2.023E+11,155 593 325,A01,2,34,0,2,3,6,1,
2.023E+11,155 593 317,A01,3,20,0,0,0,1,1,
2.023E+11,155 593 316,B01,1,7,0,2,3,1,1,
2.023E+11,155 593 318,C01,1,7,0,2,1,0,0,
2.023E+11,155 593 319,A01,1,7,0,2,1,1,1,
2.023E+11,155 593 321,D01,1,7,0,2,1,1,1,
2.023E+11,155 593 313,A01,1,7,0,2,3,16,1,
2.023E+11,155 593 315,B01,1,50,0,2,7,9,3,
2.023E+11,155 593 312,A01,2,7,0,0,0,1,1,
2.023E+11,155 593 311,A01,3,10,0,1,4,4,1,
2.023E+11,155 593 308,B01,2,7,0,2,1,0,-1,
2.023E+11,155 593 310,A01,1,50,0,2,1,0,3,
2.023E+11,155 593 305,A01,1,33,0,1,1,0,1,
2.023E+11,155 593 304,B01,2,7,0,2,3,1,1,
2.023E+11,155 593 306,A01,3,10,0,2,2,19,1,
2.023E+11,155 593 302,A01,3,7,0,2,5,1,0,
2.023E+11,155 593 303,B01,3,7,0,2,1,2,0,
2.023E+11,155 593 300,A01,2,7,6,2,1,1,1,
2.023E+11,155 593 301,B01,2,7,6,2,3,1,1,
2.023E+11,155 593 298,B01,2,7,0,2,4,2,1,
2.023E+11,155 593 299,A01,2,7,0,2,1,2,1,
2.023E+11,155 593 296,B01,1,7,0,2,1,1,1,
2.023E+11,155 593 297,A01,1,10,0,2,4,1,1,
2.023E+11,155 593 295,A01,2,7,0,1,8,15,1,
2.023E+11,155 593 293,A01,1,7,12,0,1,1,1,
2.023E+11,155 593 291,A01,1,31,0,2,1,13,1,
2.023E+11,155 593 292,B01,2,33,0,2,1,1,1,
2.023E+11,155 593 290,A01,0,7,0,1,1,0,1,
2.023E+11,155 593 289,A01,2,7,0,1,1,0,1,
2.023E+11,155 593 287,B01,2,7,0,2,3,9,1,
2.023E+11,155 593 288,A01,2,36,0,2,2,2,1,
2.023E+11,155 593 286,A01,2,7,0,1,1,1,1,
2.023E+11,155 593 285,B01,3,7,0,2,5,26,1,
2.023E+11,155 593 284,A01,2,32,3,0,1,0,1,
2.023E+11,155 593 283,A01,1,7,3,2,0,17,2,
2.023E+11,155 593 278,A01,1,7,0,0,0,0,0,
2.023E+11,155 593 275,D01,3,7,0,2,0,0,0,
2.023E+11,155 593 276,C01,3,7,0,2,0,0,0,
2.023E+11,155 593 280,B01,3,7,0,2,4,1,0,
2.023E+11,155 593 281,A01,3,7,0,2,1,1,0,
2.023E+11,155 593 282,E01,3,7,0,2,4,1,0,
2.023E+11,155 593 273,A01,2,7,3,2,9,1,1,
2.023E+11,155 593 277,B01,2,15,0,2,8,1,1,
2.023E+11,155 593 279,C01,2,7,0,2,1,1,1,
2.023E+11,155 593 272,A01,1,2,0,2,1,2,1,
2.023E+11,155 593 274,B01,1,10,0,0,4,2,1,
2.023E+11,155 593 269,A01,1,7,0,2,2,26,1,
2.023E+11,155 593 271,B01,1,7,0,2,3,0,1,
2.023E+11,155 593 267,A01,2,7,0,2,3,2,3,
2.023E+11,155 593 268,B01,2,7,4,2,9,1,1,
2.023E+11,155 593 266,A01,3,13,0,0,7,21,2,
2.023E+11,155 593 270,B01,1,7,0,0,0,17,1,
2.023E+11,155 593 264,B01,1,7,0,2,2,2,1,
2.023E+11,155 593 265,A01,1,7,1,2,3,18,1,
2.023E+11,155 593 260,A01,1,7,3,0,1,14,1,
2.023E+11,155 593 263,B01,1,10,0,0,0,2,1,
2.023E+11,155 593 258,A01,2,7,0,0,9,1,1,
2.023E+11,155 593 259,B01,1,7,0,0,0,15,1,
2.023E+11,155 593 256,A01,1,7,0,2,1,9,1,
2.023E+11,155 593 257,B01,1,7,0,2,1,0,1,
2.023E+11,155 593 261,C01,1,7,0,2,4,2,0,
2.023E+11,155 593 254,A01,1,7,1,2,8,14,0,
2.023E+11,155 593 255,B01,1,10,0,2,4,0,0,
2.023E+11,155 593 252,A01,1,7,0,1,1,0,1,
2.023E+11,155 593 251,B01,1,7,0,2,1,1,3,
2.023E+11,155 593 253,A01,2,7,0,2,1,17,1,
2.023E+11,155 593 250,A01,2,7,4,0,1,2,1,
2.023E+11,155 593 249,A01,2,7,0,1,2,17,0,
2.023E+11,155 593 246,A01,1,7,0,1,5,23,1,
2.023E+11,155 593 248,B01,1,7,0,2,1,1,1,
2.023E+11,155 593 243,C01,1,10,0,2,8,1,1,
2.023E+11,155 593 245,A01,1,7,0,2,7,12,1,
2.023E+11,155 593 247,B01,1,14,0,2,3,1,1,
2.023E+11,155 593 242,A01,1,7,0,2,3,13,1,
2.023E+11,155 593 244,B01,2,14,0,2,6,1,1,
2.023E+11,155 593 241,A01,1,7,15,0,1,1,1,
2.023E+11,155 593 238,A01,1,7,13,0,2,1,1,
2.023E+11,155 593 236,B01,2,7,0,2,4,2,1,
2.023E+11,155 593 239,A01,2,10,0,2,1,2,1,
2.023E+11,155 593 237,A01,2,7,0,2,7,16,1,
2.023E+11,155 593 240,B01,2,33,0,2,1,1,1,
2.023E+11,155 593 233,A01,2,7,0,0,0,0,1,
2.023E+11,155 593 235,B01,1,30,0,0,0,0,1,
2.023E+11,155 593 232,A01,1,7,4,0,1,16,1,
2.023E+11,155 593 231,B01,1,1,0,2,3,1,5,
2.023E+11,155 593 234,A01,1,10,0,2,7,16,1,
2.023E+11,155 593 229,A01,2,7,0,1,3,1,1,
2.023E+11,155 593 224,A01,2,10,0,2,3,1,1,
2.023E+11,155 593 227,B01,2,33,0,2,1,17,1,
2.023E+11,155 593 226,B01,1,7,0,2,7,1,1,
2.023E+11,155 593 230,A01,2,10,0,2,1,1,1,
2.023E+11,155 593 223,A01,2,7,0,2,3,15,1,
2.023E+11,155 593 225,B01,2,30,0,2,1,1,1,
2.023E+11,155 593 221,A01,3,2,12,0,1,26,1,
2.023E+11,155 593 219,A01,1,7,0,1,1,1,1,
2.023E+11,155 593 218,A01,2,7,0,2,1,0,1,
2.023E+11,155 593 220,B01,2,7,0,2,4,0,1,
2.023E+11,155 593 222,C01,2,7,0,2,4,0,1,
2.023E+11,155 593 228,D01,2,7,0,2,4,0,1,
2.023E+11,155 593 216,A01,2,7,0,2,1,1,1,
2.023E+11,155 593 217,B01,1,7,0,2,1,1,1,
2.023E+11,155 593 212,A01,1,33,0,2,1,13,1,
2.023E+11,155 593 215,B01,2,99,0,2,1,1,1,
2.023E+11,155 593 213,A01,1,7,0,2,1,15,1,
2.023E+11,155 593 214,B01,2,31,0,2,1,1,1,
2.023E+11,155 593 210,A01,2,17,0,2,3,11,1,
2.023E+11,155 593 211,B01,2,7,0,2,5,0,1,
2.023E+11,155 593 209,A01,1,7,0,1,3,17,1,
2.023E+11,155 593 206,A01,3,7,0,2,5,15,1,
2.023E+11,155 593 207,B01,3,33,0,2,1,1,1,
2.023E+11,155 593 204,A01,2,2,0,2,2,17,1,
2.023E+11,155 593 205,B01,2,99,0,2,3,15,1,
2.023E+11,155 593 202,A01,1,10,0,2,4,1,1,
2.023E+11,155 593 208,B01,1,33,0,2,1,1,1,
2.023E+11,155 593 200,A01,1,7,2,0,0,0,1,
2.023E+11,155 593 199,B01,2,7,0,2,4,1,1,
2.023E+11,155 593 203,A01,2,7,0,2,1,1,1,
2.023E+11,155 593 198,B01,1,50,0,2,1,1,3,
2.023E+11,155 593 201,A01,1,7,0,2,3,9,1,
2.023E+11,155 593 196,A01,1,7,8,0,0,15,1,
2.023E+11,155 593 194,A01,1,7,0,2,3,13,1,
2.023E+11,155 593 197,B01,2,7,0,2,3,1,1,
2.023E+11,155 593 193,A01,2,7,0,2,3,13,1,
2.023E+11,155 593 195,B01,1,7,0,2,3,1,1,
2.023E+11,155 593 192,A01,1,7,3,0,1,1,1,
2.023E+11,155 593 189,A01,3,7,0,2,1,5,1,
2.023E+11,155 593 190,B01,3,10,0,2,1,1,1,
2.023E+11,155 593 184,B01,2,31,0,2,1,1,1,
2.023E+11,155 593 188,A01,1,2,0,2,1,3,1,
2.023E+11,155 593 185,A01,1,7,4,0,3,1,1,
2.023E+11,155 593 182,A01,1,7,0,2,3,13,1,
2.023E+11,155 593 187,B01,2,33,0,2,1,1,1,
2.023E+11,155 593 181,C01,0,7,0,2,0,0,1,
2.023E+11,155 593 183,B01,0,7,0,2,3,0,1,
2.023E+11,155 593 186,A01,0,7,0,2,1,15,1,
2.023E+11,155 593 180,A01,3,33,0,0,1,1,1,
2.023E+11,155 593 179,A01,1,33,6,0,1,13,1,
2.023E+11,155 593 175,A01,1,7,3,2,3,17,1,
2.023E+11,155 593 178,B01,1,7,0,2,7,1,1,
2.023E+11,155 593 169,A01,1,7,0,2,3,1,6,
2.023E+11,155 593 173,B01,2,7,0,2,2,15,0,
2.023E+11,155 593 166,A01,2,7,3,2,2,1,1,
2.023E+11,155 593 168,B01,2,7,0,2,4,1,1,
2.023E+11,155 593 170,A01,1,7,0,2,2,15,1,
2.023E+11,155 593 176,B01,2,31,0,2,1,1,1,
2.023E+11,155 593 163,A01,2,7,0,2,2,9,1,
2.023E+11,155 593 165,B01,2,2,0,2,7,23,1,
2.023E+11,155 593 164,D01,2,7,0,2,1,2,0,
2.023E+11,155 593 167,A01,2,7,0,2,4,2,1,
2.023E+11,155 593 171,B01,2,7,0,2,1,2,1,
2.023E+11,155 593 174,C01,2,7,0,2,4,2,1,
2.023E+11,155 593 158,A01,0,37,0,1,3,1,1,1
2.023E+11,155 593 160,B01,2,7,0,0,1,1,0,
2.023E+11,155 593 162,A01,-1,10,8,0,6,19,0,
2.023E+11,155 593 159,B01,2,1,0,2,1,0,5,
2.023E+11,155 593 161,A01,1,7,0,0,6,16,2,
2.023E+11,155 593 154,A01,1,7,0,2,4,1,1,
2.023E+11,155 593 156,C01,1,7,0,2,1,2,1,
2.023E+11,155 593 157,Z01,1,7,0,2,1,2,1,
2.023E+11,155 593 151,A01,1,7,0,2,1,13,1,
2.023E+11,155 593 155,B01,2,7,0,2,1,1,1,
2.023E+11,155 593 150,A01,3,7,0,2,3,1,1,
2.023E+11,155 593 153,B01,3,7,0,2,1,0,1,
2.023E+11,155 593 149,A01,3,2,0,2,1,1,1,
2.023E+11,155 593 152,B01,3,10,0,2,1,23,3,
2.023E+11,155 593 148,A01,3,7,7,0,1,13,1,
2.023E+11,155 593 145,A01,1,7,0,2,5,2,1,
2.023E+11,155 593 147,B01,1,33,0,2,1,2,1,
2.023E+11,155 593 143,B01,1,15,0,2,3,1,0,
2.023E+11,155 593 144,A01,2,10,0,2,3,13,0,
2.023E+11,155 593 141,A01,2,7,0,2,2,15,1,
2.023E+11,155 593 146,B01,2,2,0,2,1,1,1,
2.023E+11,155 593 140,A01,2,7,0,1,1,1,1,
2.023E+11,155 593 139,A01,1,33,0,0,0,1,0,