Num_Acc,id_vehicule,num_veh,senc,catv,obs,obsm,choc,manv,motor,occutc
2.023E+11,155 592 670,B01,2,7,0,2,3,1,1,
2.023E+11,155 592 673,A01,2,7,0,2,2,14,1,
2.023E+11,155 592 668,A01,1,2,2,0,1,1,1,
2.023E+11,155 592 669,A01,0,2,0,2,1,3,0,
2.023E+11,155 592 671,B01,0,7,0,2,8,15,0,
2.023E+11,155 592 667,A01,1,7,0,1,2,16,0,
2.023E+11,155 592 666,A01,1,50,0,0,0,1,3,
2.023E+11,155 592 661,A01,2,7,0,2,1,15,1,
2.023E+11,155 592 665,B01,1,34,0,2,1,1,1,
2.023E+11,155 592 662,A01,1,7,0,2,1,17,1,
2.023E+11,155 592 664,B01,1,1,0,9,4,2,5,
2.023E+11,155 592 660,A01,1,7,0,1,1,20,2,
2.023E+11,155 592 659,A01,3,7,0,2,1,1,1,
2.023E+11,155 592 663,B01,3,50,0,2,8,19,3,
2.023E+11,155 592 655,A01,2,7,1,0,2,1,1,
2.023E+11,155 592 658,B01,2,7,1,0,6,0,1,
2.023E+11,155 592 654,A01,3,33,0,2,1,1,1,
2.023E+11,155 592 657,B01,3,7,0,2,3,10,1,
2.023E+11,155 592 652,A01,1,7,0,2,1,2,1,
2.023E+11,155 592 656,B01,2,37,0,2,4,2,1,1
2.023E+11,155 592 648,A01,2,7,4,2,3,13,1,
2.023E+11,155 592 651,B01,1,7,0,2,8,0,1,
2.023E+11,155 592 649,A01,1,7,0,2,5,15,1,
2.023E+11,155 592 653,B01,1,10,0,2,3,1,1,
2.023E+11,155 592 646,A01,1,33,0,0,8,13,1,
2.023E+11,155 592 647,A01,2,7,0,2,4,2,3,
2.023E+11,155 592 650,B01,2,30,0,2,1,2,3,
2.023E+11,155 592 643,A01,3,7,1,0,1,1,1,
2.023E+11,155 592 641,A01,1,7,0,2,3,15,1,
2.023E+11,155 592 644,B01,1,34,0,2,1,1,1,
2.023E+11,155 592 639,B01,1,7,0,2,1,1,1,
2.023E+11,155 592 642,A01,2,1,0,2,7,1,5,
2.023E+11,155 592 640,B01,2,2,0,2,8,1,3,
2.023E+11,155 592 645,A01,2,7,8,2,1,1,1,
2.023E+11,155 592 638,A01,1,7,6,0,2,14,1,
2.023E+11,155 592 637,A01,1,7,12,0,1,0,1,
2.023E+11,155 592 636,A01,1,7,0,1,2,9,1,
2.023E+11,155 592 634,A01,1,7,0,0,0,1,0,
2.023E+11,155 592 633,B01,3,10,5,2,1,23,1,
2.023E+11,155 592 635,A01,1,7,5,2,1,1,1,
2.023E+11,155 592 630,A01,1,10,0,1,2,1,1,
2.023E+11,155 592 628,A01,1,7,0,2,8,15,3,
2.023E+11,155 592 631,B01,1,7,0,0,0,0,1,
2.023E+11,155 592 627,A01,2,7,0,2,3,15,1,
2.023E+11,155 592 629,B01,2,32,0,2,7,2,1,
2.023E+11,155 592 626,B01,1,7,0,2,7,1,1,
2.023E+11,155 592 632,A01,1,7,0,2,1,1,1,
2.023E+11,155 592 623,A01,1,7,0,1,1,1,1,
2.023E+11,155 592 622,B01,1,7,0,2,2,15,1,
2.023E+11,155 592 625,A01,2,2,0,2,3,2,3,
2.023E+11,155 592 621,A01,2,50,0,1,1,0,3,
2.023E+11,155 592 619,A01,2,7,0,1,3,0,1,
2.023E+11,155 592 620,A01,1,7,0,2,1,1,3,
2.023E+11,155 592 624,B01,2,7,0,2,1,1,1,
2.023E+11,155 592 614,B01,2,1,0,2,1,1,5,
2.023E+11,155 592 618,A01,2,10,0,2,2,16,1,
2.023E+11,155 592 607,A01,1,33,0,2,2,7,1,
2.023E+11,155 592 608,B01,1,7,0,0,2,16,1,
2.023E+11,155 592 613,B01,2,43,0,2,1,1,0,
2.023E+11,155 592 617,A01,2,7,0,2,1,15,1,
2.023E+11,155 592 606,A01,3,33,15,0,1,1,1,
2.023E+11,155 592 605,A01,1,2,3,0,1,13,1,
2.023E+11,155 592 604,A01,1,7,0,1,2,1,1,
2.023E+11,155 592 602,A01,2,7,0,1,1,2,1,
2.023E+11,155 592 599,A01,1,7,0,2,4,1,2,
2.023E+11,155 592 601,Z01,1,7,0,2,1,0,0,
2.023E+11,155 592 598,A01,3,80,0,2,1,17,3,
2.023E+11,155 592 600,B01,0,1,0,2,1,17,5,
2.023E+11,155 592 596,B01,2,7,0,2,1,1,1,
2.023E+11,155 592 597,A01,1,7,0,2,1,13,1,
2.023E+11,155 592 595,B01,1,7,0,2,2,1,1,
2.023E+11,155 592 603,A01,1,7,0,2,1,9,1,
2.023E+11,155 592 593,A01,3,33,12,0,3,17,1,
2.023E+11,155 592 592,B01,1,7,0,2,4,1,1,
2.023E+11,155 592 594,A01,1,30,0,2,1,1,1,
2.023E+11,155 592 589,B01,0,40,0,2,3,1,3,
2.023E+11,155 592 590,A01,3,1,0,4,1,19,5,
2.023E+11,155 592 585,A01,1,1,0,2,1,1,5,
2.023E+11,155 592 588,B01,1,99,0,2,4,1,0,
2.023E+11,155 592 587,B01,2,50,0,2,8,1,3,
2.023E+11,155 592 591,A01,1,7,0,2,1,1,1,
2.023E+11,155 592 584,A01,1,10,0,2,7,12,1,
2.023E+11,155 592 586,B01,2,33,12,2,3,1,1,
2.023E+11,155 592 582,A01,2,7,2,0,1,1,1,
2.023E+11,155 592 581,B01,1,31,0,2,1,3,1,
2.023E+11,155 592 583,A01,1,7,0,2,3,15,0,
2.023E+11,155 592 579,A01,0,50,0,1,3,25,3,
2.023E+11,155 592 576,A01,3,7,2,0,3,2,1,
2.023E+11,155 592 578,A01,3,32,0,2,1,2,1,
2.023E+11,155 592 580,B01,3,7,0,2,0,0,1,
2.023E+11,155 592 574,A01,1,31,0,2,2,15,1,
2.023E+11,155 592 577,B01,2,7,0,2,3,1,1,
2.023E+11,155 592 572,A01,1,7,0,2,1,1,1,
2.023E+11,155 592 575,B01,2,7,0,2,1,1,1,
2.023E+11,155 592 570,A01,0,10,0,2,0,0,1,
2.023E+11,155 592 573,B01,0,33,0,0,0,0,1,
2.023E+11,155 592 567,A01,2,30,8,0,1,1,1,
2.023E+11,155 592 568,A01,1,7,0,1,3,1,1,
2.023E+11,155 592 569,A01,1,2,0,2,1,17,1,
2.023E+11,155 592 571,B01,2,7,0,2,3,1,1,
2.023E+11,155 592 565,A01,1,50,0,2,1,1,3,
2.023E+11,155 592 566,B01,3,7,0,2,1,15,1,
2.023E+11,155 592 564,A01,1,7,0,1,1,1,1,
2.023E+11,155 592 562,A01,2,7,0,1,1,1,1,
2.023E+11,155 592 560,A01,0,7,0,1,1,1,1,
2.023E+11,155 592 561,A01,1,7,0,2,6,15,1,
2.023E+11,155 592 563,B01,1,7,0,2,3,1,1,
2.023E+11,155 592 559,A01,1,7,0,1,7,1,1,
2.023E+11,155 592 556,A01,1,7,0,2,6,23,1,
2.023E+11,155 592 558,B01,1,33,0,2,1,1,1,
2.023E+11,155 592 553,B01,3,10,1,2,8,0,3,
2.023E+11,155 592 557,A01,3,7,0,2,1,1,1,
2.023E+11,155 592 552,A01,2,7,0,2,6,13,1,
2.023E+11,155 592 555,B01,2,15,0,2,3,1,1,
2.023E+11,155 592 551,B01,1,2,9,0,9,16,0,
2.023E+11,155 592 554,A01,1,99,9,0,3,11,0,
2.023E+11,155 592 547,B01,2,7,0,2,6,1,1,
2.023E+11,155 592 549,A01,2,30,0,2,1,1,1,
2.023E+11,155 592 548,A01,1,7,0,2,2,15,1,
2.023E+11,155 592 550,B01,2,33,0,2,1,1,1,
2.023E+11,155 592 545,B01,1,30,0,2,1,1,1,
2.023E+11,155 592 546,A01,2,7,0,2,3,19,1,
2.023E+11,155 592 541,B01,2,7,0,2,4,2,0,
2.023E+11,155 592 544,A01,2,7,0,2,1,2,0,
2.023E+11,155 592 537,A01,1,7,15,2,1,1,1,
2.023E+11,155 592 543,B01,1,7,0,0,4,23,1,
2.023E+11,155 592 539,B01,2,7,0,2,6,0,1,
2.023E+11,155 592 542,A01,2,7,0,2,3,0,1,
2.023E+11,155 592 535,A01,0,7,0,2,4,0,0,
2.023E+11,155 592 538,B01,2,7,0,2,1,26,0,
2.023E+11,155 592 540,C01,2,7,0,2,7,26,0,
2.023E+11,155 592 534,B01,1,33,0,2,0,0,0,
2.023E+11,155 592 536,A01,1,7,0,2,0,0,0,
2.023E+11,155 592 532,B01,1,50,0,2,1,1,3,
2.023E+11,155 592 533,A01,1,7,0,2,8,10,1,
2.023E+11,155 592 528,A01,2,33,0,2,1,13,1,
2.023E+11,155 592 531,B01,1,7,0,2,3,1,1,
2.023E+11,155 592 530,A01,3,7,15,0,1,1,1,
2.023E+11,155 592 526,A01,2,7,13,0,1,1,2,
2.023E+11,155 592 523,A01,2,7,0,2,1,15,1,
2.023E+11,155 592 525,B01,1,7,0,2,8,1,1,
2.023E+11,155 592 524,B01,1,3,0,2,3,0,3,
2.023E+11,155 592 527,A01,2,7,0,2,2,9,1,
2.023E+11,155 592 519,A01,1,7,8,2,2,1,1,
2.023E+11,155 592 521,B01,2,7,7,2,8,1,1,
2.023E+11,155 592 518,A01,1,1,1,0,1,14,5,
2.023E+11,155 592 516,A01,3,7,0,2,3,13,1,
2.023E+11,155 592 517,B01,2,7,0,2,3,1,1,
2.023E+11,155 592 513,A01,1,10,4,0,3,1,1,
2.023E+11,155 592 509,A01,2,7,0,0,4,2,1,
2.023E+11,155 592 512,B01,2,7,0,2,1,2,1,
2.023E+11,155 592 508,A01,1,33,0,1,1,1,1,
2.023E+11,155 592 505,A01,1,7,0,2,1,1,1,
2.023E+11,155 592 507,C01,2,7,0,0,4,1,1,
2.023E+11,155 592 511,B01,1,7,0,2,4,1,1,
2.023E+11,155 592 504,B01,1,33,0,2,8,23,1,
2.023E+11,155 592 506,A01,1,7,0,2,8,1,1,
2.023E+11,155 592 510,C01,1,33,0,2,8,23,1,
2.023E+11,155 592 501,A01,2,30,0,2,1,17,1,
2.023E+11,155 592 502,B01,2,7,0,2,4,2,1,
2.023E+11,155 592 500,B01,1,7,0,2,0,9,1,
2.023E+11,155 592 503,A01,1,7,8,2,1,21,1,
2.023E+11,155 592 498,A01,3,7,0,1,3,1,1,
2.023E+11,155 592 497,B01,2,17,0,2,1,1,1,
2.023E+11,155 592 499,A01,1,10,0,2,1,13,1,
2.023E+11,155 592 492,A01,2,7,0,2,1,13,1,
2.023E+11,155 592 495,B01,1,7,0,2,1,1,1,
2.023E+11,155 592 489,A01,1,7,1,0,1,1,1,
2.023E+11,155 592 493,B01,1,37,0,2,6,2,1,1
2.023E+11,155 592 486,B01,1,7,0,2,3,2,1,
2.023E+11,155 592 490,A01,1,30,0,2,7,17,1,
2.023E+11,155 592 484,B01,1,3,0,2,1,5,0,
2.023E+11,155 592 487,C01,1,3,0,2,1,1,0,
2.023E+11,155 592 491,A01,2,7,13,0,1,21,0,
2.023E+11,155 592 483,A01,2,32,0,2,1,3,1,
2.023E+11,155 592 488,B01,2,10,0,2,6,13,1,
2.023E+11,155 592 482,A01,2,30,12,0,5,1,1,
2.023E+11,155 592 481,A01,2,31,0,2,1,1,0,
2.023E+11,155 592 485,B01,1,7,0,2,3,10,1,
2.023E+11,155 592 479,A01,1,7,2,0,2,15,1,
2.023E+11,155 592 478,B01,3,10,0,2,1,2,1,
2.023E+11,155 592 480,A01,1,7,0,2,4,23,0,
2.023E+11,155 592 473,A01,3,7,16,0,0,26,1,
2.023E+11,155 592 476,B01,3,32,0,2,3,1,1,
2.023E+11,155 592 472,A01,3,10,0,1,3,1,1,
2.023E+11,155 592 470,A01,2,10,5,0,2,1,1,
2.023E+11,155 592 471,B01,1,7,0,2,3,1,1,
2.023E+11,155 592 474,A01,2,7,0,2,3,13,1,
2.023E+11,155 592 466,A01,1,7,2,0,1,2,1,
2.023E+11,155 592 465,A01,1,7,4,0,2,1,1,
2.023E+11,155 592 467,B01,1,7,0,2,9,23,1,
2.023E+11,155 592 468,C01,1,7,0,2,9,23,1,
2.023E+11,155 592 469,D01,1,7,0,2,9,23,1,
2.023E+11,155 592 475,E01,1,7,0,2,4,23,1,
2.023E+11,155 592 477,A01,1,10,0,2,1,1,1,
2.023E+11,155 592 463,A01,2,30,16,0,1,1,1,
2.023E+11,155 592 462,A01,1,1,0,9,1,1,5,
2.023E+11,155 592 460,B01,1,32,0,2,1,3,1,
2.023E+11,155 592 464,A01,1,7,0,2,3,9,1,
2.023E+11,155 592 459,B01,1,7,0,2,6,23,1,
2.023E+11,155 592 461,A01,1,7,0,2,2,2,1,
2.023E+11,155 592 457,A01,0,2,0,0,0,1,1,
2.023E+11,155 592 456,A01,2,7,13,0,3,1,1,
2.023E+11,155 592 455,B01,2,7,0,2,3,19,1,
2.023E+11,155 592 458,A01,1,32,0,2,1,17,1,
2.023E+11,155 592 454,A01,1,7,0,1,1,9,0,
2.023E+11,155 592 451,A01,1,43,15,0,1,1,1,
2.023E+11,155 592 450,A01,1,10,0,2,1,2,1,
2.023E+11,155 592 452,B01,1,7,0,2,4,2,1,
2.023E+11,155 592 453,C01,1,7,0,2,4,2,1,
2.023E+11,155 592 447,A01,2,7,0,0,9,21,1,
2.023E+11,155 592 444,A01,2,1,0,9,1,1,5,
2.023E+11,155 592 445,B01,1,7,0,2,1,1,1,
2.023E+11,155 592 448,A01,1,7,0,2,1,15,1,
2.023E+11,155 592 442,B01,1,7,0,2,1,1,1,
2.023E+11,155 592 446,A01,2,7,0,2,3,15,1,
2.023E+11,155 592 441,A01,2,30,0,0,8,1,1,
2.023E+11,155 592 439,A01,1,10,0,2,1,2,1,
2.023E+11,155 592 440,B01,1,7,0,2,4,2,1,
2.023E+11,155 592 443,C01,1,7,0,2,4,2,1,
2.023E+11,155 592 438,A01,1,7,13,0,2,1,1,
2.023E+11,155 592 435,A01,1,1,0,2,1,1,5,
2.023E+11,155 592 437,B01,1,1,0,2,4,1,5,
2.023E+11,155 592 433,A01,3,1,14,0,1,1,5,
2.023E+11,155 592 434,A01,1,7,0,2,5,15,2,
2.023E+11,155 592 436,B01,1,33,0,2,1,0,0,
2.023E+11,155 592 430,B01,2,7,0,2,2,12,1,
2.023E+11,155 592 432,A01,2,33,0,2,8,3,1,
2.023E+11,155 592 427,A01,3,3,0,9,2,1,1,
2.023E+11,155 592 431,B01,3,1,0,0,0,0,5,
2.023E+11,155 592 423,B01,2,7,0,2,1,1,1,
2.023E+11,155 592 428,A01,1,7,0,2,2,13,1,
2.023E+11,155 592 422,A01,1,7,0,2,5,4,1,
2.023E+11,155 592 426,B01,2,1,0,2,1,1,5,
2.023E+11,155 592 419,A01,1,33,9,2,1,13,1,
2.023E+11,155 592 421,B01,2,7,0,2,6,1,2,
2.023E+11,155 592 417,A01,1,7,2,0,3,0,1,
2.023E+11,155 592 415,A01,1,7,3,0,9,1,1,
2.023E+11,155 592 416,A01,2,7,0,2,1,5,1,
2.023E+11,155 592 420,B01,1,7,0,2,1,17,1,
2.023E+11,155 592 424,C01,1,7,14,0,1,17,1,
2.023E+11,155 592 429,D01,1,17,14,0,2,1,1,
2.023E+11,155 592 414,A01,1,32,0,2,1,19,1,
2.023E+11,155 592 418,B01,1,7,0,2,5,1,1,
2.023E+11,155 592 411,A01,1,50,0,1,1,1,3,
2.023E+11,155 592 408,B01,1,7,0,2,2,16,1,
2.023E+11,155 592 413,A01,1,43,0,2,1,18,1,
2.023E+11,155 592 407,A01,2,1,12,0,7,1,5,
2.023E+11,155 592 406,A01,3,10,0,2,1,1,1,
2.023E+11,155 592 412,B01,3,37,0,2,8,1,2,7
2.023E+11,155 592 405,B01,2,7,0,0,6,1,1,
2.023E+11,155 592 410,A01,2,17,0,2,2,1,1,
2.023E+11,155 592 402,A01,1,7,1,0,2,13,1,
2.023E+11,155 592 396,A01,1,7,0,2,3,1,1,
2.023E+11,155 592 401,B01,2,2,0,2,1,1,1,
2.023E+11,155 592 397,A01,2,33,0,2,1,17,1,
2.023E+11,155 592 400,B01,1,7,0,2,1,1,1,
2.023E+11,155 592 395,C01,1,7,0,2,4,1,1,
2.023E+11,155 592 399,A01,1,7,0,2,1,2,1,
2.023E+11,155 592 403,B01,1,7,0,2,1,2,1,
2.023E+11,155 592 394,A01,1,1,0,2,2,5,5,
2.023E+11,155 592 398,B01,1,7,0,9,2,1,0,
2.023E+11,155 592 393,A01,2,31,6,0,1,2,1,
2.023E+11,155 592 389,A01,3,10,0,2,1,1,1,
2.023E+11,155 592 391,B01,2,7,0,2,1,1,1,
2.023E+11,155 592 386,A01,1,7,13,0,1,13,1,
2.023E+11,155 592 388,A01,2,7,0,2,2,16,1,
2.023E+11,155 592 392,B01,2,33,0,2,3,1,1,
2.023E+11,155 592 385,A01,1,7,0,2,8,15,1,
2.023E+11,155 592 390,B01,1,32,0,2,3,1,1,
2.023E+11,155 592 383,A01,2,10,0,2,5,17,1,
2.023E+11,155 592 387,B01,2,30,0,2,1,1,1,
2.023E+11,155 592 381,A01,2,7,0,1,2,1,1,
2.023E+11,155 592 382,B01,1,33,0,2,8,9,1,
2.023E+11,155 592 384,A01,1,7,0,2,5,1,1,
2.023E+11,155 592 375,A01,3,33,0,0,7,14,1,
2.023E+11,155 592 376,A01,1,33,12,0,7,13,1,
2.023E+11,155 592 373,A01,3,7,0,2,1,2,1,
2.023E+11,155 592 378,B01,3,7,0,2,4,2,1,
2.023E+11,155 592 374,A01,1,7,0,2,3,10,1,
2.023E+11,155 592 379,B01,1,2,0,2,7,1,1,
2.023E+11,155 592 371,A01,2,33,12,0,8,16,1,
2.023E+11,155 592 368,A01,1,7,4,0,1,26,1,
2.023E+11,155 592 366,A01,1,7,8,0,9,0,1,
2.023E+11,155 592 370,A01,2,7,0,2,4,11,1,
2.023E+11,155 592 372,B01,2,15,0,0,4,1,1,
2.023E+11,155 592 365,B01,2,7,0,2,6,1,1,
2.023E+11,155 592 369,A01,2,7,0,2,2,17,1,
2.023E+11,155 592 364,A01,2,7,0,2,1,15,1,
2.023E+11,155 592 367,B01,1,43,0,2,8,1,1,
2.023E+11,155 592 361,A01,2,33,14,0,1,0,1,
2.023E+11,155 592 359,B01,1,50,0,2,6,17,3,
2.023E+11,155 592 362,A01,1,33,0,2,3,15,1,
2.023E+11,155 592 360,B01,1,32,0,2,4,23,1,
2.023E+11,155 592 363,A01,1,7,14,2,1,2,1,
2.023E+11,155 592 356,A01,1,10,3,0,9,13,1,
2.023E+11,155 592 355,B01,1,30,0,2,8,1,1,
2.023E+11,155 592 358,Z01,1,7,0,2,7,17,1,
2.023E+11,155 592 357,A01,2,7,3,0,9,14,1,
2.023E+11,155 592 353,A01,2,7,0,1,2,1,1,
2.023E+11,155 592 347,B01,3,0,0,0,0,0,0,
2.023E+11,155 592 352,A01,3,50,0,0,0,0,3,
2.023E+11,155 592 343,B01,1,7,0,2,1,1,0,
2.023E+11,155 592 350,A01,1,50,0,2,1,1,3,
2.023E+11,155 592 344,B01,1,31,0,2,1,17,1,
2.023E+11,155 592 349,A01,1,7,0,0,6,23,1,
2.023E+11,155 592 345,A01,1,7,2,0,3,0,0,
2.023E+11,155 592 342,A01,2,7,0,2,3,15,1,
2.023E+11,155 592 348,B01,2,33,0,2,1,1,1,
2.023E+11,155 592 339,A01,1,1,13,0,0,1,5,
2.023E+11,155 592 337,A01,2,1,0,2,8,1,5,
2.023E+11,155 592 341,B01,1,7,0,9,8,1,1,
2.023E+11,155 592 336,A01,1,7,0,1,2,1,1,
2.023E+11,155 592 333,A01,1,7,0,2,3,1,1,
2.023E+11,155 592 338,B01,1,2,0,2,1,1,1,
2.023E+11,155 592 334,A01,1,7,0,1,2,14,1,
2.023E+11,155 592 335,Y01,3,50,0,2,0,16,3,
2.023E+11,155 592 340,Z01,0,7,0,2,0,10,0,
2.023E+11,155 592 331,A01,1,50,12,0,1,1,3,
2.023E+11,155 592 328,B01,2,7,0,2,3,1,0,
2.023E+11,155 592 332,A01,1,7,0,2,3,13,0,
2.023E+11,155 592 329,A01,2,1,0,0,8,15,5,
2.023E+11,155 592 327,A01,1,7,0,2,3,1,1,
2.023E+11,155 592 330,B01,2,7,0,2,8,9,1,
2.023E+11,155 592 322,B01,3,2,0,2,2,1,1,
2.023E+11,155 592 325,A01,3,7,0,2,3,9,1,
2.023E+11,155 592 324,A01,1,7,0,1,2,1,1,
2.023E+11,155 592 319,A01,2,7,8,0,9,1,1,
2.023E+11,155 592 317,A01,3,7,13,0,0,1,1,
2.023E+11,155 592 320,B01,0,7,0,0,3,11,1,
2.023E+11,155 592 323,A01,0,2,6,0,1,1,1,
2.023E+11,155 592 318,A01,3,1,0,2,0,1,5,
2.023E+11,155 592 321,Z01,3,33,0,2,0,1,1,
2.023E+11,155 592 315,B01,0,3,0,2,1,1,1,
2.023E+11,155 592 316,A01,2,7,0,2,1,5,1,
2.023E+11,155 592 313,A01,0,33,2,0,1,2,1,
2.023E+11,155 592 310,A01,1,7,12,0,3,13,1,
2.023E+11,155 592 309,B01,3,7,0,2,7,19,1,
2.023E+11,155 592 314,A01,3,7,0,2,1,19,2,
2.023E+11,155 592 303,A01,2,7,0,2,1,2,1,
2.023E+11,155 592 306,B01,2,7,0,2,4,2,1,
2.023E+11,155 592 304,B01,1,7,0,2,3,1,1,
2.023E+11,155 592 311,A01,2,7,0,2,3,15,1,
2.023E+11,155 592 305,A01,3,7,0,2,7,17,3,
2.023E+11,155 592 308,B01,3,1,0,2,8,15,5,
2.023E+11,155 592 307,A01,3,7,0,2,7,26,1,
2.023E+11,155 592 312,B01,3,7,6,2,8,1,2,
2.023E+11,155 592 301,A01,1,3,8,0,1,1,1,
2.023E+11,155 592 298,A01,2,7,1,0,2,1,1,
2.023E+11,155 592 300,B01,2,14,0,2,6,24,1,
2.023E+11,155 592 297,A01,1,7,0,2,4,10,0,
2.023E+11,155 592 302,B01,1,7,0,2,2,1,2,
2.023E+11,155 592 296,A01,1,7,0,2,1,1,1,
2.023E+11,155 592 299,B01,2,7,0,2,1,1,1,
2.023E+11,155 592 291,A01,1,7,0,2,3,15,1,
2.023E+11,155 592 295,B01,1,2,12,2,7,1,1,
2.023E+11,155 592 289,A01,0,7,15,0,1,2,2,
2.023E+11,155 592 294,B01,0,7,0,0,8,9,1,
2.023E+11,155 592 287,B01,1,1,1,0,1,1,5,
2.023E+11,155 592 292,A01,1,7,0,2,3,22,1,
2.023E+11,155 592 285,A01,0,7,0,2,3,17,0,
2.023E+11,155 592 288,B01,0,2,0,2,1,1,1,
2.023E+11,155 592 281,A01,2,7,0,9,2,21,1,
2.023E+11,155 592 286,B01,2,1,0,2,8,2,5,
2.023E+11,155 592 280,B01,1,10,0,2,3,1,1,
2.023E+11,155 592 284,A01,2,7,0,2,1,5,1,
2.023E+11,155 592 279,A01,1,7,16,2,8,11,1,
2.023E+11,155 592 283,B01,1,7,0,2,1,1,1,
2.023E+11,155 592 278,A01,1,7,1,0,1,1,1,
2.023E+11,155 592 272,A01,2,7,0,0,6,23,1,
2.023E+11,155 592 275,B01,2,10,0,2,2,21,1,
2.023E+11,155 592 277,C01,2,7,4,2,7,1,1,
2.023E+11,155 592 269,A01,2,7,0,1,2,1,1,
2.023E+11,155 592 270,A01,2,10,0,2,2,15,1,
2.023E+11,155 592 273,B01,2,80,0,2,1,1,3,
2.023E+11,155 592 268,A01,3,7,0,2,3,1,1,
2.023E+11,155 592 276,B01,3,7,0,2,3,15,1,
2.023E+11,155 592 267,A01,1,7,0,1,2,1,1,
2.023E+11,155 592 266,A01,2,7,4,0,8,13,1,
2.023E+11,155 592 260,B01,3,7,0,2,1,20,2,
2.023E+11,155 592 265,A01,0,2,0,2,1,1,1,
2.023E+11,155 592 259,A01,3,7,0,2,1,9,1,
2.023E+11,155 592 261,B01,3,31,0,2,2,1,1,
2.023E+11,155 592 257,B01,3,1,0,0,0,0,5,
2.023E+11,155 592 263,A01,1,7,0,9,3,9,1,
2.023E+11,155 592 258,A01,3,7,16,0,4,23,0,
2.023E+11,155 592 264,B01,3,10,0,2,1,2,1,
2.023E+11,155 592 255,A01,1,7,9,0,1,0,1,
2.023E+11,155 592 254,A01,2,7,0,2,1,13,1,
2.023E+11,155 592 256,C01,1,7,0,2,1,1,2,
2.023E+11,155 592 262,B01,1,7,0,2,1,1,1,
2.023E+11,155 592 247,A01,1,10,0,1,5,5,1,
2.023E+11,155 592 251,A01,1,1,0,2,8,15,5,
2.023E+11,155 592 253,B01,1,7,0,9,2,17,1,
2.023E+11,155 592 246,B01,1,33,0,2,1,1,1,
2.023E+11,155 592 252,A01,1,7,0,2,7,1,1,
2.023E+11,155 592 244,A01,2,7,0,2,2,0,1,
2.023E+11,155 592 250,B01,2,10,0,2,2,2,1,
2.023E+11,155 592 242,A01,3,7,0,1,1,1,1,
2.023E+11,155 592 241,A01,1,7,0,1,7,19,1,
2.023E+11,155 592 240,C01,1,7,0,2,1,1,1,
2.023E+11,155 592 245,B01,0,7,0,2,1,1,1,
2.023E+11,155 592 249,A01,2,10,0,2,3,1,1,
2.023E+11,155 592 239,A01,1,7,2,0,7,13,1,
2.023E+11,155 592 236,A01,2,2,0,0,0,1,1,
2.023E+11,155 592 234,A01,2,7,0,2,1,13,1,
2.023E+11,155 592 238,B01,1,7,0,2,1,1,1,
2.023E+11,155 592 232,B01,3,7,-1,-1,-1,-1,-1,
2.023E+11,155 592 237,A01,3,7,-1,-1,-1,0,-1,
2.023E+11,155 592 229,A01,1,7,0,2,1,2,0,
2.023E+11,155 592 231,B01,2,7,0,2,3,1,0,
2.023E+11,155 592 235,C01,1,7,0,2,4,24,0,
2.023E+11,155 592 227,A01,3,7,0,2,3,23,1,
2.023E+11,155 592 233,B01,1,1,0,2,3,1,5,
2.023E+11,155 592 225,A01,2,7,0,2,4,1,1,
2.023E+11,155 592 230,B01,2,10,0,2,2,1,1,
2.023E+11,155 592 226,A01,1,31,2,0,1,14,1,
2.023E+11,155 592 222,A01,1,7,0,2,8,11,1,
2.023E+11,155 592 224,C01,2,7,0,2,1,1,1,
2.023E+11,155 592 228,B01,1,7,0,2,7,6,1,
2.023E+11,155 592 221,A01,0,2,6,0,1,1,1,
2.023E+11,155 592 219,A01,1,33,0,0,0,0,1,
2.023E+11,155 592 218,A01,1,7,0,2,8,1,1,
2.023E+11,155 592 223,B01,1,7,0,2,3,1,1,
2.023E+11,155 592 211,B01,2,33,0,2,3,2,1,
2.023E+11,155 592 215,D01,2,7,0,2,5,2,1,
2.023E+11,155 592 217,Z01,2,7,0,2,3,0,0,
2.023E+11,155 592 220,C01,2,7,0,2,3,2,1,
2.023E+11,155 592 210,A01,3,7,0,1,2,1,1,
2.023E+11,155 592 212,A01,0,30,0,2,3,26,1,
2.023E+11,155 592 216,B01,0,7,0,9,5,2,1,
2.023E+11,155 592 208,A01,1,7,6,2,1,1,1,
2.023E+11,155 592 214,B01,2,7,3,2,1,1,1,
2.023E+11,155 592 207,A01,3,7,0,2,3,9,0,
2.023E+11,155 592 209,B01,3,50,0,2,4,16,3,
2.023E+11,155 592 205,A01,1,7,3,0,1,11,1,
2.023E+11,155 592 206,A01,3,7,0,2,1,26,3,
2.023E+11,155 592 213,B01,3,7,0,2,2,1,1,
2.023E+11,155 592 204,A01,3,7,2,0,8,1,1,
2.023E+11,155 592 203,A01,0,2,0,6,0,1,0,
2.023E+11,155 592 198,A01,2,10,0,0,9,0,1,
2.023E+11,155 592 202,A01,1,30,8,0,2,1,1,
2.023E+11,155 592 196,A01,2,10,1,0,2,14,1,
2.023E+11,155 592 200,B01,3,7,1,0,6,24,1,
2.023E+11,155 592 194,C01,1,10,0,2,4,1,1,
2.023E+11,155 592 195,B01,1,7,0,2,1,1,1,
2.023E+11,155 592 197,A01,1,7,0,2,1,2,1,
2.023E+11,155 592 201,D01,1,10,0,2,4,1,1,