Num_Acc,id_vehicule,num_veh,senc,catv,obs,obsm,choc,manv,motor,occutc
2.023E+11,155 592 193,A01,3,7,13,0,9,1,1,
2.023E+11,155 592 188,A01,1,7,0,9,1,1,1,
2.023E+11,155 592 191,B01,1,1,0,2,7,19,5,
2.023E+11,155 592 189,A01,3,7,16,2,1,13,1,
2.023E+11,155 592 199,B01,3,7,0,2,0,1,1,
2.023E+11,155 592 187,A01,1,33,12,0,2,16,1,
2.023E+11,155 592 186,A01,1,7,14,2,3,13,1,
2.023E+11,155 592 192,B01,1,34,14,2,2,2,1,
2.023E+11,155 592 185,B01,3,7,0,2,3,0,1,
2.023E+11,155 592 190,A01,3,7,0,2,1,1,1,
2.023E+11,155 592 184,A01,-1,2,16,0,8,1,0,
2.023E+11,155 592 183,A01,3,7,0,1,1,1,1,
2.023E+11,155 592 179,B01,1,31,0,2,7,1,1,
2.023E+11,155 592 182,A01,1,7,0,2,3,11,1,
2.023E+11,155 592 175,B01,3,10,0,2,2,1,1,
2.023E+11,155 592 181,A01,3,7,0,2,5,15,1,
2.023E+11,155 592 177,B01,2,7,0,2,1,2,1,
2.023E+11,155 592 180,A01,2,7,0,2,4,23,1,
2.023E+11,155 592 173,A01,1,7,0,1,1,9,1,
2.023E+11,155 592 171,A01,1,7,9,1,2,14,1,
2.023E+11,155 592 172,T01,2,10,0,2,0,1,1,
2.023E+11,155 592 174,B01,2,33,0,2,1,11,1,
2.023E+11,155 592 178,A01,1,7,0,2,8,15,1,
2.023E+11,155 592 166,A01,1,7,0,2,1,1,1,
2.023E+11,155 592 170,B01,1,33,0,2,4,1,1,
2.023E+11,155 592 162,A01,1,7,0,2,3,19,1,
2.023E+11,155 592 167,B01,2,7,0,2,3,1,1,
2.023E+11,155 592 160,B01,2,7,0,2,4,23,1,
2.023E+11,155 592 165,A01,2,7,0,2,1,2,1,
2.023E+11,155 592 159,C01,1,7,0,0,4,2,1,
2.023E+11,155 592 161,A01,1,14,0,2,1,2,1,
2.023E+11,155 592 168,B01,1,7,0,2,4,2,1,
2.023E+11,155 592 164,A01,2,33,0,2,3,1,1,
2.023E+11,155 592 169,B01,2,10,0,2,2,12,1,
2.023E+11,155 592 157,B01,3,7,0,2,7,1,1,
2.023E+11,155 592 163,A01,2,7,0,2,3,9,1,
2.023E+11,155 592 155,A01,2,33,0,2,3,21,1,
2.023E+11,155 592 158,B01,1,1,0,2,1,2,5,
2.023E+11,155 592 150,A01,1,7,0,2,1,1,1,
2.023E+11,155 592 154,B01,1,7,0,1,4,1,1,
2.023E+11,155 592 148,A01,1,7,0,2,0,9,0,
2.023E+11,155 592 152,B01,1,2,0,2,6,9,1,
2.023E+11,155 592 147,A01,1,7,13,0,2,21,1,
2.023E+11,155 592 149,A01,2,7,4,2,7,1,1,
2.023E+11,155 592 153,Z01,2,7,0,2,8,0,0,
2.023E+11,155 592 145,A01,3,7,0,9,1,1,1,
2.023E+11,155 592 146,B01,3,50,0,2,0,0,3,
2.023E+11,155 592 144,A01,2,7,0,1,1,1,1,
2.023E+11,155 592 140,A01,1,50,0,2,0,0,3,
2.023E+11,155 592 143,Z01,3,7,0,2,0,0,0,
2.023E+11,155 592 137,A01,2,7,0,2,1,2,1,
2.023E+11,155 592 141,B01,2,10,0,2,4,1,1,
2.023E+11,155 592 136,A01,3,7,0,9,1,1,0,
2.023E+11,155 592 142,B01,3,50,0,2,1,19,5,
2.023E+11,155 592 133,A01,1,14,0,2,3,1,1,
2.023E+11,155 592 139,B01,2,7,0,2,8,15,1,
2.023E+11,155 592 131,A01,2,7,0,1,2,2,1,
2.023E+11,155 592 130,A01,1,7,0,2,1,2,2,
2.023E+11,155 592 135,B01,1,7,0,2,4,1,1,
2.023E+11,155 592 138,C01,1,7,0,2,5,1,1,
2.023E+11,155 592 129,A01,2,7,0,2,1,10,1,
2.023E+11,155 592 134,B01,2,1,0,2,7,1,5,
2.023E+11,155 592 128,A01,1,7,0,1,5,1,0,
2.023E+11,155 592 127,A01,1,7,0,2,3,13,0,
2.023E+11,155 592 132,B01,2,7,0,2,3,1,0,
2.023E+11,155 592 123,B01,3,7,0,2,1,1,0,
2.023E+11,155 592 126,A01,3,10,0,2,1,15,0,
2.023E+11,155 592 121,A01,1,7,0,1,2,9,1,
2.023E+11,155 592 119,A01,3,10,0,2,3,16,1,
2.023E+11,155 592 125,B01,0,7,0,2,1,1,0,
2.023E+11,155 592 118,B01,2,50,0,2,6,23,3,
2.023E+11,155 592 122,A01,2,7,1,2,6,15,1,
2.023E+11,155 592 115,A01,3,7,0,1,0,26,1,
2.023E+11,155 592 114,A01,2,7,3,0,7,0,1,
2.023E+11,155 592 112,A01,1,7,2,0,2,1,1,
2.023E+11,155 592 110,B01,1,7,0,2,8,16,1,
2.023E+11,155 592 116,A01,1,31,0,2,1,17,1,
2.023E+11,155 592 120,C01,1,7,0,2,0,1,1,
2.023E+11,155 592 108,A01,1,7,0,2,0,26,0,
2.023E+11,155 592 111,B01,1,31,0,2,0,0,0,
2.023E+11,155 592 109,A01,2,7,0,2,1,2,1,
2.023E+11,155 592 113,B01,2,7,0,2,4,2,1,
2.023E+11,155 592 117,C01,2,7,0,2,5,2,1,
2.023E+11,155 592 124,D01,2,7,0,2,4,2,1,
2.023E+11,155 592 106,A01,2,7,8,0,1,1,1,
2.023E+11,155 592 103,B01,3,99,0,2,1,26,5,
2.023E+11,155 592 105,A01,3,7,0,2,3,20,1,
2.023E+11,155 592 102,A01,2,33,6,0,2,14,1,
2.023E+11,155 592 099,A01,1,7,0,1,1,15,1,
2.023E+11,155 592 098,A01,3,7,0,1,1,2,1,
2.023E+11,155 592 101,A01,1,7,2,0,1,21,1,
2.023E+11,155 592 096,A01,1,2,0,0,2,1,1,
2.023E+11,155 592 097,A01,1,34,0,0,0,13,1,
2.023E+11,155 592 094,B01,2,7,0,2,8,1,1,
2.023E+11,155 592 100,A01,2,17,0,2,7,12,1,
2.023E+11,155 592 092,A01,2,7,0,2,1,1,1,
2.023E+11,155 592 095,B01,2,7,0,2,4,2,1,
2.023E+11,155 592 091,A01,1,13,0,2,2,9,1,
2.023E+11,155 592 093,B01,1,33,0,2,4,1,1,
2.023E+11,155 592 089,A01,2,7,13,0,1,1,1,
2.023E+11,155 592 087,A01,3,10,0,1,4,20,1,
2.023E+11,155 592 078,B01,2,7,0,2,3,0,1,
2.023E+11,155 592 090,A01,1,7,0,2,3,13,1,
2.023E+11,155 592 076,A01,2,7,0,2,1,13,1,
2.023E+11,155 592 080,B01,1,7,0,2,1,1,1,
2.023E+11,155 592 077,A01,2,10,0,2,2,16,1,
2.023E+11,155 592 082,B01,2,1,0,2,8,1,5,
2.023E+11,155 592 075,C01,2,17,0,2,6,1,1,
2.023E+11,155 592 081,B01,2,7,0,2,8,1,1,
2.023E+11,155 592 086,A01,2,7,0,2,2,2,1,
2.023E+11,155 592 074,C01,2,7,0,2,1,1,1,
2.023E+11,155 592 083,D01,1,10,0,2,1,1,1,
2.023E+11,155 592 085,A01,2,7,0,2,1,13,1,
2.023E+11,155 592 088,B01,1,14,0,2,1,1,1,
2.023E+11,155 592 073,A01,1,7,0,1,3,9,1,
2.023E+11,155 592 079,A01,3,7,0,2,1,1,1,
2.023E+11,155 592 084,B01,3,50,0,2,3,1,3,
2.023E+11,155 592 070,A01,2,7,0,1,2,1,1,
2.023E+11,155 592 071,A01,1,7,4,0,0,0,1,
2.023E+11,155 592 069,A01,1,33,8,0,1,14,1,
2.023E+11,155 592 066,A01,3,7,0,9,7,1,1,
2.023E+11,155 592 072,B01,3,1,0,2,1,1,5,
2.023E+11,155 592 065,B01,2,50,0,2,1,2,3,
2.023E+11,155 592 068,A01,3,10,0,2,1,26,1,
2.023E+11,155 592 064,A01,1,7,10,2,3,1,1,
2.023E+11,155 592 067,B01,2,7,0,2,3,1,1,
2.023E+11,155 592 061,A01,2,31,0,2,7,17,1,
2.023E+11,155 592 063,B01,2,7,0,2,8,0,1,
2.023E+11,155 592 059,A01,1,7,0,2,2,17,1,
2.023E+11,155 592 062,B01,1,7,0,2,6,1,1,
2.023E+11,155 592 052,A01,2,7,0,1,1,1,1,
2.023E+11,155 592 055,B01,2,33,0,2,0,3,1,
2.023E+11,155 592 057,A01,2,10,0,2,4,12,1,
2.023E+11,155 592 054,A01,3,7,0,2,2,15,1,
2.023E+11,155 592 060,B01,3,30,0,2,1,1,1,
2.023E+11,155 592 053,A01,3,10,0,2,0,0,0,
2.023E+11,155 592 058,B01,3,33,0,2,2,0,3,
2.023E+11,155 592 050,A01,0,7,0,1,1,1,1,
2.023E+11,155 592 049,A01,1,7,0,2,3,15,1,
2.023E+11,155 592 051,B01,2,33,0,2,1,17,1,
2.023E+11,155 592 048,A01,2,7,0,2,2,1,0,
2.023E+11,155 592 056,B01,1,7,0,2,3,1,0,
2.023E+11,155 592 047,A01,2,7,3,0,1,14,1,
2.023E+11,155 592 046,A01,1,7,2,0,1,0,0,
2.023E+11,155 592 044,A01,3,7,0,0,9,0,1,
2.023E+11,155 592 043,A01,2,7,13,0,0,26,0,
2.023E+11,155 592 042,Z01,1,7,0,2,1,0,1,
2.023E+11,155 592 045,A01,1,7,0,2,4,1,1,
2.023E+11,155 592 038,A01,1,7,0,2,2,9,1,
2.023E+11,155 592 040,B01,1,7,0,2,8,1,1,
2.023E+11,155 592 037,B01,0,7,0,2,1,1,0,
2.023E+11,155 592 041,A01,0,7,0,2,2,16,1,
2.023E+11,155 592 035,A01,1,7,8,0,1,1,1,
2.023E+11,155 592 034,A01,2,7,0,0,5,2,1,
2.023E+11,155 592 039,B01,2,33,0,2,1,2,1,
2.023E+11,155 592 033,B01,3,33,0,2,3,1,1,
2.023E+11,155 592 036,A01,3,7,0,2,5,15,1,
2.023E+11,155 592 032,A01,2,34,0,1,1,1,1,
2.023E+11,155 592 029,A01,3,7,0,9,9,0,1,
2.023E+11,155 592 027,A01,1,7,1,0,2,14,1,
2.023E+11,155 592 028,A01,1,7,4,2,1,1,1,
2.023E+11,155 592 031,B01,1,7,0,2,4,2,1,
2.023E+11,155 592 026,A01,2,7,3,0,5,2,0,
2.023E+11,155 592 025,A01,0,10,0,2,1,1,1,
2.023E+11,155 592 030,B01,1,1,0,2,1,1,5,
2.023E+11,155 592 022,A01,1,33,4,0,0,13,1,
2.023E+11,155 592 020,A01,1,7,0,2,1,5,1,
2.023E+11,155 592 023,B01,2,10,0,2,1,1,1,
2.023E+11,155 592 017,A01,1,50,0,2,2,1,3,
2.023E+11,155 592 024,B01,2,37,0,2,3,15,3,1
2.023E+11,155 592 016,A01,1,7,0,2,1,1,1,
2.023E+11,155 592 021,B01,2,10,0,2,3,0,1,
2.023E+11,155 592 015,B01,0,7,0,2,0,0,1,
2.023E+11,155 592 019,A01,0,7,1,0,0,26,0,
2.023E+11,155 592 014,A01,3,14,0,0,7,15,0,
2.023E+11,155 592 013,A01,2,7,0,2,7,12,1,
2.023E+11,155 592 018,B01,2,31,0,2,8,1,1,
2.023E+11,155 592 011,A01,1,33,12,0,8,1,1,
2.023E+11,155 592 006,A01,3,10,0,2,1,2,0,
2.023E+11,155 592 010,B01,1,2,0,2,4,2,1,
2.023E+11,155 592 009,A01,2,7,0,2,8,15,1,
2.023E+11,155 592 012,B01,2,7,2,2,7,17,1,
2.023E+11,155 592 003,A01,3,7,0,2,3,15,1,
2.023E+11,155 592 007,B01,3,99,0,2,1,1,0,
2.023E+11,155 592 002,A01,1,7,0,9,9,1,1,
2.023E+11,155 592 001,A01,2,7,0,2,1,15,1,
2.023E+11,155 592 008,B01,1,1,0,2,0,19,5,
2.023E+11,155 591 999,A01,0,33,0,2,7,26,1,
2.023E+11,155 592 005,B01,0,7,0,2,4,1,1,
2.023E+11,155 591 996,A01,1,7,0,1,1,1,1,
2.023E+11,155 591 994,B01,0,80,0,2,0,12,3,
2.023E+11,155 591 998,A01,0,7,0,9,6,16,3,
2.023E+11,155 591 993,A01,1,7,10,0,4,4,1,
2.023E+11,155 591 992,A01,2,7,0,2,3,23,2,
2.023E+11,155 591 997,B01,2,7,1,0,2,1,1,
2.023E+11,155 591 991,B01,1,7,0,2,8,1,1,
2.023E+11,155 592 000,A01,3,7,0,2,1,15,1,
2.023E+11,155 591 988,A01,2,7,2,0,1,19,2,
2.023E+11,155 591 987,C01,2,7,0,2,3,1,1,
2.023E+11,155 591 990,B01,2,33,0,2,8,3,1,
2.023E+11,155 591 995,A01,2,7,0,2,2,12,1,
2.023E+11,155 591 984,B01,2,1,0,2,0,21,0,
2.023E+11,155 591 989,A01,3,7,0,2,0,1,0,
2.023E+11,155 591 986,A01,2,7,12,0,1,14,1,
2.023E+11,155 591 981,A01,1,7,2,0,9,1,1,
2.023E+11,155 591 985,B01,1,13,0,0,0,1,1,
2.023E+11,155 591 980,A01,1,7,0,2,1,16,1,
2.023E+11,155 591 975,A01,3,7,8,0,0,21,1,
2.023E+11,155 591 979,A01,2,10,0,2,1,2,1,
2.023E+11,155 591 983,B01,2,15,0,0,4,2,1,
2.023E+11,155 591 976,A01,2,7,3,0,2,1,1,
2.023E+11,155 591 973,A01,1,7,0,2,2,1,1,
2.023E+11,155 591 977,C01,1,7,0,2,6,1,1,
2.023E+11,155 591 982,B01,1,7,0,2,6,12,1,
2.023E+11,155 591 970,B01,3,7,0,2,4,16,1,
2.023E+11,155 591 974,A01,2,7,0,2,1,1,1,
2.023E+11,155 591 968,A01,2,10,0,1,3,15,1,
2.023E+11,155 591 966,B01,1,7,0,2,3,15,2,
2.023E+11,155 591 971,A01,1,7,0,2,9,17,1,
2.023E+11,155 591 965,A01,2,7,4,0,1,2,1,
2.023E+11,155 591 963,B01,3,31,0,2,2,17,1,
2.023E+11,155 591 969,A01,3,7,0,2,3,15,1,
2.023E+11,155 591 962,A01,3,7,0,1,7,2,1,
2.023E+11,155 591 961,A01,3,1,0,2,0,0,5,
2.023E+11,155 591 964,Z01,3,7,0,2,0,0,0,
2.023E+11,155 591 958,A01,1,7,0,0,9,1,1,
2.023E+11,155 591 960,A01,3,32,0,2,1,9,1,
2.023E+11,155 591 967,B01,1,7,0,2,2,1,1,
2.023E+11,155 591 959,A01,1,7,0,1,1,1,1,
2.023E+11,155 591 956,A01,0,7,0,1,2,20,1,
2.023E+11,155 591 954,A01,2,7,12,0,1,1,0,
2.023E+11,155 591 952,A01,1,21,0,0,5,15,1,
2.023E+11,155 591 955,B01,2,7,0,9,1,1,1,
2.023E+11,155 591 947,A01,1,7,0,1,2,1,3,
2.023E+11,155 591 948,C01,1,7,0,2,4,2,1,
2.023E+11,155 591 953,A01,1,10,0,2,1,1,1,
2.023E+11,155 591 957,B01,1,7,0,2,6,23,1,
2.023E+11,155 591 946,A01,1,30,0,2,1,2,1,
2.023E+11,155 591 950,B01,1,7,0,0,4,1,1,
2.023E+11,155 591 944,B01,2,80,0,2,1,1,3,
2.023E+11,155 591 951,A01,1,7,0,2,2,16,1,
2.023E+11,155 591 943,A01,1,1,0,2,0,0,5,
2.023E+11,155 591 949,Z01,1,7,0,2,0,0,1,
2.023E+11,155 591 941,A01,2,35,0,0,0,1,1,
2.023E+11,155 591 940,A01,2,7,0,2,1,5,0,
2.023E+11,155 591 945,B01,1,7,0,2,1,1,0,
2.023E+11,155 591 939,B01,2,7,0,2,1,1,0,
2.023E+11,155 591 942,A01,1,7,0,2,1,13,1,
2.023E+11,155 591 935,A01,1,7,0,1,7,1,3,
2.023E+11,155 591 933,A01,1,7,0,1,8,1,1,
2.023E+11,155 591 934,B01,1,10,0,2,4,1,1,
2.023E+11,155 591 938,A01,1,7,0,2,1,1,1,
2.023E+11,155 591 932,A01,1,7,0,2,1,13,1,
2.023E+11,155 591 936,B01,2,7,12,2,1,1,1,
2.023E+11,155 591 929,A01,1,0,0,1,0,0,0,
2.023E+11,155 591 928,A01,3,1,0,9,1,0,5,
2.023E+11,155 591 931,B01,1,50,0,9,1,1,3,
2.023E+11,155 591 927,B01,3,7,0,2,3,1,1,
2.023E+11,155 591 937,A01,3,10,0,2,2,19,0,
2.023E+11,155 591 930,A01,1,7,10,0,1,1,1,
2.023E+11,155 591 922,A01,3,7,1,0,1,1,1,
2.023E+11,155 591 924,A01,0,7,0,1,1,1,1,
2.023E+11,155 591 920,B01,3,33,0,2,2,21,1,
2.023E+11,155 591 926,A01,3,10,0,2,2,17,0,
2.023E+11,155 591 919,A01,1,7,0,1,1,15,1,
2.023E+11,155 591 923,B01,2,50,0,2,3,16,3,
2.023E+11,155 591 925,A01,2,7,0,2,3,16,1,
2.023E+11,155 591 917,A01,1,2,0,2,1,2,1,
2.023E+11,155 591 921,B01,1,10,0,2,4,0,1,
2.023E+11,155 591 916,A01,2,32,0,1,1,1,1,
2.023E+11,155 591 915,A01,3,33,0,2,2,2,1,
2.023E+11,155 591 918,B01,3,80,0,2,1,5,3,
2.023E+11,155 591 914,A01,2,30,0,1,1,1,1,
2.023E+11,155 591 910,A01,3,7,0,1,1,1,1,
2.023E+11,155 591 907,A01,2,10,12,0,5,2,1,
2.023E+11,155 591 912,B01,2,50,0,0,0,0,3,
2.023E+11,155 591 905,A01,2,7,0,2,3,13,1,
2.023E+11,155 591 909,B01,1,7,0,2,3,1,1,
2.023E+11,155 591 904,B01,1,7,0,2,4,2,1,
2.023E+11,155 591 913,A01,1,30,0,2,1,2,1,
2.023E+11,155 591 903,A01,1,30,0,2,1,2,0,
2.023E+11,155 591 908,B01,1,3,0,2,4,1,0,
2.023E+11,155 591 902,A01,1,30,0,0,7,2,1,
2.023E+11,155 591 899,A01,1,10,0,1,4,4,1,
2.023E+11,155 591 900,A01,3,7,0,1,1,1,1,
2.023E+11,155 591 898,A01,1,50,0,2,1,21,3,
2.023E+11,155 591 901,B01,2,80,0,2,1,9,3,
2.023E+11,155 591 893,A01,1,7,0,2,3,13,1,
2.023E+11,155 591 897,B01,1,10,0,2,8,21,1,
2.023E+11,155 591 894,A01,2,7,6,0,1,13,1,
2.023E+11,155 591 888,B01,1,30,0,2,4,16,1,
2.023E+11,155 591 892,Z01,1,7,0,2,1,1,1,
2.023E+11,155 591 885,A01,1,7,0,2,1,1,1,
2.023E+11,155 591 890,B01,1,7,0,2,4,1,0,
2.023E+11,155 591 889,A01,1,43,0,2,1,14,1,
2.023E+11,155 591 891,B01,3,10,0,2,5,23,1,
2.023E+11,155 591 896,C01,3,10,0,2,3,1,1,
2.023E+11,155 591 887,A01,3,7,0,1,1,1,1,
2.023E+11,155 591 879,A01,1,7,0,2,4,1,1,
2.023E+11,155 591 883,B01,1,17,0,2,1,1,1,
2.023E+11,155 591 878,B01,3,7,0,2,3,1,1,
2.023E+11,155 591 882,A01,3,7,0,2,1,13,2,
2.023E+11,155 591 880,A01,2,1,0,2,1,17,5,
2.023E+11,155 591 884,B01,2,7,0,2,3,15,1,
2.023E+11,155 591 881,A01,1,1,0,2,8,16,5,
2.023E+11,155 591 886,B01,1,7,0,2,7,14,1,
2.023E+11,155 591 876,A01,3,7,1,0,2,1,1,
2.023E+11,155 591 875,A01,1,7,0,2,1,15,1,
2.023E+11,155 591 877,B01,1,31,0,2,1,1,1,
2.023E+11,155 591 871,A01,3,7,0,1,2,14,1,
2.023E+11,155 591 868,A01,1,7,0,2,1,13,0,
2.023E+11,155 591 874,B01,2,33,0,2,1,1,1,
2.023E+11,155 591 866,A01,2,17,0,1,2,1,1,
2.023E+11,155 591 864,A01,1,10,0,0,1,13,1,
2.023E+11,155 591 869,B01,2,7,0,2,1,2,1,
2.023E+11,155 591 865,B01,1,7,0,2,4,2,1,
2.023E+11,155 591 872,A01,1,2,0,2,1,2,1,
2.023E+11,155 591 863,A01,1,33,0,2,9,17,1,
2.023E+11,155 591 870,B01,1,7,0,2,8,13,1,
2.023E+11,155 591 862,A01,1,7,0,2,8,15,1,
2.023E+11,155 591 873,B01,2,7,0,2,2,1,1,
2.023E+11,155 591 861,A01,2,7,0,2,4,4,1,
2.023E+11,155 591 867,B01,3,32,0,2,8,1,1,
2.023E+11,155 591 859,A01,2,7,0,0,1,14,1,
2.023E+11,155 591 853,A01,2,7,3,2,8,11,1,
2.023E+11,155 591 856,B01,1,7,3,2,5,17,0,
2.023E+11,155 591 852,A01,2,7,0,1,3,1,3,
2.023E+11,155 591 857,B01,2,1,0,0,0,16,5,
2.023E+11,155 591 850,A01,2,7,2,0,1,1,1,
2.023E+11,155 591 851,A01,2,31,0,2,1,3,1,
2.023E+11,155 591 855,D01,2,7,0,2,5,1,1,
2.023E+11,155 591 858,C01,2,31,0,2,1,1,1,
2.023E+11,155 591 860,B01,2,7,0,2,5,1,1,
2.023E+11,155 591 848,A01,3,30,0,2,7,17,1,
2.023E+11,155 591 854,B01,3,7,0,2,8,17,1,
2.023E+11,155 591 846,A01,2,7,0,2,1,15,1,
2.023E+11,155 591 849,B01,1,2,0,2,8,18,1,
2.023E+11,155 591 845,A01,1,7,0,2,2,1,1,
2.023E+11,155 591 847,B01,1,7,0,2,6,23,1,
2.023E+11,155 591 843,A01,1,7,12,0,1,26,1,
2.023E+11,155 591 841,A01,3,1,0,2,3,19,5,
2.023E+11,155 591 844,B01,2,7,0,2,1,1,-1,
2.023E+11,155 591 837,A01,2,7,0,2,3,1,1,
2.023E+11,155 591 842,B01,1,1,0,2,7,1,5,
2.023E+11,155 591 835,B01,3,7,0,2,3,15,1,
2.023E+11,155 591 840,A01,2,7,0,2,2,1,1,
2.023E+11,155 591 833,B01,2,31,0,2,1,3,1,
2.023E+11,155 591 838,C01,2,7,0,2,8,1,1,
2.023E+11,155 591 839,A01,2,7,0,2,7,12,1,
2.023E+11,155 591 831,A01,3,7,16,0,9,0,1,
2.023E+11,155 591 832,A01,1,10,0,1,1,26,1,
2.023E+11,155 591 827,B01,3,33,0,2,4,23,1,
2.023E+11,155 591 829,A01,3,7,0,2,1,2,1,
2.023E+11,155 591 826,A01,3,7,2,0,0,17,1,
2.023E+11,155 591 828,A01,2,7,0,2,3,1,1,
2.023E+11,155 591 830,B01,2,7,0,2,5,23,1,
2.023E+11,155 591 836,C01,1,33,0,2,1,1,1,
2.023E+11,155 591 825,A01,2,33,5,0,1,26,1,
2.023E+11,155 591 815,A01,1,30,0,0,0,1,1,
2.023E+11,155 591 819,B01,2,10,0,2,1,1,1,
2.023E+11,155 591 823,A01,1,33,0,2,1,17,1,
2.023E+11,155 591 817,B01,1,7,0,2,1,2,1,
2.023E+11,155 591 822,A01,1,7,0,2,4,2,1,
2.023E+11,155 591 816,A01,1,1,0,0,0,0,5,
2.023E+11,155 591 812,A01,2,7,0,2,2,1,1,
2.023E+11,155 591 814,B01,2,1,0,2,8,1,5,
2.023E+11,155 591 809,A01,2,7,0,2,3,5,1,
2.023E+11,155 591 811,B01,1,7,0,2,3,5,1,
2.023E+11,155 591 807,B01,3,7,0,2,2,20,0,
2.023E+11,155 591 810,A01,2,16,0,2,7,7,0,
2.023E+11,155 591 806,B01,2,7,0,2,4,2,1,
2.023E+11,155 591 813,C01,2,10,0,2,4,2,1,
2.023E+11,155 591 820,A01,1,38,0,2,1,2,6,1
2.023E+11,155 591 805,A01,2,10,1,1,1,16,0,
2.023E+11,155 591 803,A01,3,7,0,2,3,15,1,
2.023E+11,155 591 808,B01,3,30,0,2,1,1,3,
2.023E+11,155 591 802,A01,3,7,0,1,7,9,6,
2.023E+11,155 591 801,B01,3,7,0,2,3,1,1,
2.023E+11,155 591 804,A01,3,1,0,2,7,19,5,
2.023E+11,155 591 799,A01,1,14,0,1,1,1,1,
2.023E+11,155 591 798,A01,2,33,3,0,9,13,1,
2.023E+11,155 591 818,A01,1,33,8,0,1,0,1,
2.023E+11,155 591 794,A01,1,7,0,2,1,1,1,
2.023E+11,155 591 796,B01,2,7,0,2,1,13,1,
2.023E+11,155 591 792,B01,1,7,0,2,2,1,1,
2.023E+11,155 591 800,A01,3,7,0,2,3,9,1,
2.023E+11,155 591 793,B01,1,7,0,2,3,26,1,
2.023E+11,155 591 797,A01,2,2,0,2,0,1,1,
2.023E+11,155 591 791,A01,3,37,0,1,1,16,1,1
2.023E+11,155 591 790,A01,2,31,0,2,2,3,1,
2.023E+11,155 591 795,Z01,2,10,0,2,8,13,0,
2.023E+11,155 591 788,A01,1,7,0,1,1,1,1,
2.023E+11,155 591 784,A01,2,7,0,2,8,11,1,
2.023E+11,155 591 789,B01,2,33,0,2,1,1,1,
2.023E+11,155 591 782,A01,1,7,0,2,1,15,1,
2.023E+11,155 591 786,B01,2,10,0,2,1,1,1,
2.023E+11,155 591 779,A01,2,30,0,2,5,1,1,
2.023E+11,155 591 783,B01,2,10,0,2,8,0,1,
2.023E+11,155 591 777,B01,1,7,1,0,0,24,1,
2.023E+11,155 591 780,A01,1,33,1,0,1,14,1,
2.023E+11,155 591 774,B01,1,99,0,2,4,1,1,
2.023E+11,155 591 787,A01,1,7,0,2,0,0,1,
2.023E+11,155 591 773,A01,1,7,0,2,4,2,1,
2.023E+11,155 591 778,C01,1,7,0,2,4,26,1,
2.023E+11,155 591 781,D01,1,7,0,2,4,26,1,
2.023E+11,155 591 785,B01,1,7,0,2,4,26,1,
2.023E+11,155 591 771,A01,1,7,13,0,1,1,1,
2.023E+11,155 591 770,A01,2,7,0,2,3,9,1,
2.023E+11,155 591 775,B01,2,50,0,2,7,26,3,
2.023E+11,155 591 769,B01,0,31,0,2,8,1,1,
2.023E+11,155 591 776,A01,0,7,0,2,1,15,1,
2.023E+11,155 591 765,A01,1,7,0,2,8,11,1,
2.023E+11,155 591 767,B01,1,7,0,2,8,2,1,
2.023E+11,155 591 763,A01,1,0,0,1,0,0,0,
2.023E+11,155 591 762,B01,3,7,0,2,6,0,6,
2.023E+11,155 591 766,A01,3,33,1,0,1,26,1,
2.023E+11,155 591 758,B01,1,7,0,2,8,15,1,
2.023E+11,155 591 761,A01,1,1,0,2,1,1,5,
2.023E+11,155 591 757,A01,2,33,0,2,1,3,1,
2.023E+11,155 591 764,B01,2,33,0,2,4,3,1,
2.023E+11,155 591 768,C01,2,7,0,2,6,0,1,
2.023E+11,155 591 772,D01,2,7,0,2,2,1,2,
2.023E+11,155 591 756,A01,0,7,0,2,1,19,1,
2.023E+11,155 591 760,B01,0,7,13,0,0,1,0,
2.023E+11,155 591 755,A01,1,10,0,2,2,15,1,
2.023E+11,155 591 759,B01,1,1,0,2,4,15,5,
2.023E+11,155 591 752,A01,2,7,0,1,1,15,1,
2.023E+11,155 591 751,A01,1,7,0,1,1,1,1,
2.023E+11,155 591 750,B01,1,10,0,0,4,2,1,
2.023E+11,155 591 753,A01,1,7,0,2,1,2,1,
2.023E+11,155 591 748,A01,3,10,0,2,3,5,1,
2.023E+11,155 591 754,B01,3,33,0,2,3,2,1,
2.023E+11,155 591 745,B01,2,7,0,2,2,1,1,
2.023E+11,155 591 749,A01,2,1,0,2,1,1,5,
2.023E+11,155 591 744,B01,2,33,0,2,1,3,1,
2.023E+11,155 591 747,A01,2,7,0,2,6,11,1,
2.023E+11,155 591 738,B01,1,13,0,0,6,2,1,
2.023E+11,155 591 743,A01,1,7,0,2,2,2,1,
2.023E+11,155 591 737,A01,1,7,0,1,1,1,1,
2.023E+11,155 591 741,B01,2,50,0,2,1,2,3,
2.023E+11,155 591 746,A01,2,10,0,2,5,2,0,
2.023E+11,155 591 735,B01,2,1,0,2,7,1,5,
2.023E+11,155 591 740,A01,3,7,0,2,3,9,1,
2.023E+11,155 591 733,B01,1,50,0,2,8,2,3,
2.023E+11,155 591 742,A01,1,17,0,2,0,2,1,
2.023E+11,155 591 731,A01,1,10,3,2,1,2,1,
2.023E+11,155 591 736,B01,1,7,3,2,6,2,1,