Num_Acc,id_vehicule,num_veh,senc,catv,obs,obsm,choc,manv,motor,occutc
2.023E+11,155 590 323,B01,1,7,0,2,1,1,1,
2.023E+11,155 590 327,A01,1,7,0,2,3,19,1,
2.023E+11,155 590 324,B01,2,33,0,2,1,2,1,
2.023E+11,155 590 326,A01,2,3,0,2,3,15,1,
2.023E+11,155 590 322,A01,2,21,0,2,3,1,1,
2.023E+11,155 590 325,B01,1,7,0,2,2,13,1,
2.023E+11,155 590 321,A01,1,7,0,0,9,0,0,
2.023E+11,155 590 320,A01,1,31,0,0,0,0,1,
2.023E+11,155 590 318,A01,1,7,0,2,2,0,1,
2.023E+11,155 590 319,B01,1,60,0,2,1,19,5,
2.023E+11,155 590 316,A01,2,33,0,6,1,21,1,
2.023E+11,155 590 315,B01,2,33,0,2,2,15,1,
2.023E+11,155 590 317,A01,3,7,0,2,3,1,1,
2.023E+11,155 590 313,A01,1,30,0,2,2,12,1,
2.023E+11,155 590 314,B01,2,30,0,2,2,2,3,
2.023E+11,155 590 311,A01,1,7,0,1,1,14,1,
2.023E+11,155 590 310,A01,1,2,0,2,1,2,1,
2.023E+11,155 590 312,B01,1,10,0,2,3,26,1,
2.023E+11,155 590 309,A01,2,40,0,0,0,1,3,
2.023E+11,155 590 308,A01,1,7,0,1,2,1,1,
2.023E+11,155 590 305,A01,1,7,0,2,1,13,1,
2.023E+11,155 590 306,B01,2,7,0,2,0,1,0,
2.023E+11,155 590 304,A01,1,7,0,2,2,19,1,
2.023E+11,155 590 307,B01,1,7,0,2,3,0,1,
2.023E+11,155 590 302,B01,1,10,0,2,3,1,1,
2.023E+11,155 590 303,A01,2,10,0,2,8,1,1,
2.023E+11,155 590 299,A01,1,7,0,2,0,0,1,
2.023E+11,155 590 301,B01,1,2,0,2,1,1,1,
2.023E+11,155 590 297,A01,2,7,1,0,1,14,1,
2.023E+11,155 590 298,A01,1,1,0,2,4,1,5,
2.023E+11,155 590 300,B01,1,0,0,2,0,0,0,
2.023E+11,155 590 296,A01,1,10,9,1,1,1,1,
2.023E+11,155 590 295,A01,2,7,2,0,1,14,1,
2.023E+11,155 590 293,A01,1,7,0,2,1,13,1,
2.023E+11,155 590 294,B01,2,10,0,2,1,1,1,
2.023E+11,155 590 291,A01,2,33,0,0,9,1,1,
2.023E+11,155 590 290,A01,3,7,0,2,4,11,1,
2.023E+11,155 590 292,B01,3,50,0,2,1,1,3,
2.023E+11,155 590 288,A01,2,7,0,2,3,15,1,
2.023E+11,155 590 289,B01,1,2,0,2,1,1,1,
2.023E+11,155 590 285,A01,3,80,0,2,1,13,3,
2.023E+11,155 590 287,B01,3,7,0,2,3,1,1,
2.023E+11,155 590 283,B01,1,7,0,2,4,2,1,
2.023E+11,155 590 284,C01,1,7,0,0,4,2,1,
2.023E+11,155 590 286,A01,1,7,0,2,1,2,1,
2.023E+11,155 590 281,A01,2,1,6,0,0,0,5,
2.023E+11,155 590 282,B01,2,0,0,0,0,1,1,
2.023E+11,155 590 279,A01,2,2,0,2,0,13,1,
2.023E+11,155 590 280,B01,2,7,0,2,2,17,1,
2.023E+11,155 590 277,A01,2,7,0,1,1,2,1,
2.023E+11,155 590 276,B01,1,7,0,2,1,1,1,
2.023E+11,155 590 278,A01,2,7,0,2,7,10,1,
2.023E+11,155 590 271,Z01,0,99,0,1,0,0,0,
2.023E+11,155 590 270,C01,1,7,0,0,2,23,1,
2.023E+11,155 590 272,A01,1,7,12,2,3,6,1,
2.023E+11,155 590 274,B01,1,7,0,0,6,1,1,
2.023E+11,155 590 269,A01,2,2,0,6,1,1,1,
2.023E+11,155 590 268,A01,2,37,0,1,0,16,1,1
2.023E+11,155 590 266,B01,2,2,0,2,1,1,1,
2.023E+11,155 590 267,A01,1,7,0,2,7,15,1,
2.023E+11,155 590 264,A01,1,7,9,0,1,13,1,
2.023E+11,155 590 263,B01,1,30,0,2,8,15,1,
2.023E+11,155 590 265,A01,1,7,0,2,1,17,1,
2.023E+11,155 590 262,A01,1,7,13,0,0,1,1,
2.023E+11,155 590 260,A01,1,7,13,0,1,0,1,
2.023E+11,155 590 256,A01,1,7,0,2,1,1,1,
2.023E+11,155 590 257,B01,1,7,0,0,4,2,1,
2.023E+11,155 590 259,C01,1,7,0,0,5,2,1,
2.023E+11,155 590 258,A01,2,7,0,2,2,15,1,
2.023E+11,155 590 261,B01,2,33,0,2,1,1,1,
2.023E+11,155 590 254,A01,1,7,0,2,3,15,1,
2.023E+11,155 590 255,B01,1,2,0,2,1,17,1,
2.023E+11,155 590 251,B01,3,7,0,2,1,1,1,
2.023E+11,155 590 253,A01,3,7,0,2,8,15,1,
2.023E+11,155 590 250,A01,1,7,0,1,1,1,1,
2.023E+11,155 590 248,B01,3,7,0,2,9,19,0,
2.023E+11,155 590 249,A01,3,7,0,2,1,19,0,
2.023E+11,155 590 247,A01,2,80,0,6,1,1,3,
2.023E+11,155 590 246,A01,3,32,0,0,7,16,0,
2.023E+11,155 590 244,A01,2,7,2,0,2,2,1,
2.023E+11,155 590 242,B01,3,7,0,2,3,19,1,
2.023E+11,155 590 245,A01,2,7,0,2,2,1,1,
2.023E+11,155 590 243,A01,0,7,12,0,1,16,1,
2.023E+11,155 590 239,A01,1,2,0,0,7,1,1,
2.023E+11,155 590 237,B01,3,50,0,2,3,0,3,
2.023E+11,155 590 238,A01,1,7,0,2,2,16,1,
2.023E+11,155 590 234,B01,1,2,0,2,2,1,1,
2.023E+11,155 590 236,A01,1,7,0,2,3,9,1,
2.023E+11,155 590 232,A01,2,7,1,0,7,15,1,
2.023E+11,155 590 233,B01,1,7,0,2,1,1,1,
2.023E+11,155 590 235,C01,2,7,0,0,3,23,1,
2.023E+11,155 590 230,A01,1,7,0,1,3,1,1,
2.023E+11,155 590 231,A01,2,31,0,0,8,1,1,
2.023E+11,155 590 229,A01,2,33,13,0,8,1,1,
2.023E+11,155 590 228,A01,0,7,0,1,2,15,0,
2.023E+11,155 590 226,A01,1,7,0,0,3,15,1,
2.023E+11,155 590 227,B01,1,31,1,2,1,17,1,
2.023E+11,155 590 225,A01,2,37,5,0,3,0,1,1
2.023E+11,155 590 224,A01,2,33,13,0,8,1,1,
2.023E+11,155 590 223,A01,2,7,13,0,3,2,1,
2.023E+11,155 590 222,A01,1,33,16,0,3,13,1,
2.023E+11,155 590 219,A01,1,7,0,0,7,15,1,
2.023E+11,155 590 218,A01,1,33,0,1,0,1,1,
2.023E+11,155 590 216,B01,2,30,0,2,1,1,1,
2.023E+11,155 590 217,A01,1,7,0,2,3,16,1,
2.023E+11,155 590 215,A01,2,7,6,0,2,1,1,
2.023E+11,155 590 213,A01,3,7,2,0,2,14,1,
2.023E+11,155 590 210,A01,2,2,0,0,2,11,1,
2.023E+11,155 590 211,B01,1,7,0,2,3,1,1,
2.023E+11,155 590 212,B01,3,1,0,2,1,1,5,
2.023E+11,155 590 214,A01,1,7,0,2,2,15,1,
2.023E+11,155 590 208,A01,1,7,13,9,1,2,0,
2.023E+11,155 590 206,B01,1,1,0,2,1,11,5,
2.023E+11,155 590 207,A01,2,7,0,9,3,2,6,
2.023E+11,155 590 205,A01,2,7,15,0,1,2,0,
2.023E+11,155 590 200,E01,2,7,0,2,1,1,3,
2.023E+11,155 590 201,D01,2,7,0,2,4,1,1,
2.023E+11,155 590 202,C01,2,10,0,2,1,1,1,
2.023E+11,155 590 203,B01,2,7,0,2,4,1,2,
2.023E+11,155 590 204,A01,2,7,0,2,4,1,1,
2.023E+11,155 590 198,B01,1,7,0,2,4,1,1,
2.023E+11,155 590 199,A01,1,7,0,2,1,14,1,
2.023E+11,155 590 196,A01,1,7,4,2,1,1,1,
2.023E+11,155 590 197,B01,1,15,0,2,6,1,1,
2.023E+11,155 590 193,A01,2,10,0,2,2,12,1,
2.023E+11,155 590 194,C01,2,7,0,2,1,1,2,
2.023E+11,155 590 195,B01,2,7,0,2,8,0,1,
2.023E+11,155 590 191,B01,2,7,0,2,3,11,1,
2.023E+11,155 590 192,A01,2,33,0,2,2,3,1,
2.023E+11,155 590 190,A01,1,10,4,0,3,1,1,
2.023E+11,155 590 189,A01,1,14,6,0,1,1,1,
2.023E+11,155 590 186,C01,2,7,0,2,4,2,1,
2.023E+11,155 590 187,B01,2,7,0,2,1,2,1,
2.023E+11,155 590 188,A01,2,7,0,2,1,2,1,
2.023E+11,155 590 185,A01,1,7,4,0,1,1,1,
2.023E+11,155 590 183,A01,1,7,0,2,6,1,1,
2.023E+11,155 590 184,B01,1,7,0,2,2,1,1,
2.023E+11,155 590 182,A01,3,37,0,1,3,1,1,1
2.023E+11,155 590 181,A01,1,7,0,1,1,1,1,
2.023E+11,155 590 180,A01,2,7,0,1,2,1,1,
2.023E+11,155 590 179,A01,1,7,0,1,2,1,1,
2.023E+11,155 590 177,A01,2,7,0,2,1,5,1,
2.023E+11,155 590 178,B01,1,10,0,2,1,1,1,
2.023E+11,155 590 176,A01,3,30,0,0,7,16,1,
2.023E+11,155 590 175,A01,1,7,0,1,3,1,1,
2.023E+11,155 590 173,B01,1,10,0,2,4,1,1,
2.023E+11,155 590 174,A01,1,7,0,2,2,1,1,
2.023E+11,155 590 169,C01,1,7,0,2,4,2,2,
2.023E+11,155 590 170,A01,1,7,0,5,4,2,1,
2.023E+11,155 590 171,D01,1,7,0,2,1,2,1,
2.023E+11,155 590 172,B01,1,7,0,2,1,2,1,
2.023E+11,155 590 167,A01,0,7,0,2,3,0,1,
2.023E+11,155 590 168,B01,0,31,0,2,3,6,1,
2.023E+11,155 590 164,A01,1,7,0,2,2,15,1,
2.023E+11,155 590 165,LB01,2,33,0,2,1,1,6,
2.023E+11,155 590 163,A01,0,37,0,1,5,0,1,1
2.023E+11,155 590 161,A01,1,2,0,2,2,1,1,
2.023E+11,155 590 162,B01,1,10,0,2,3,15,3,
2.023E+11,155 590 160,A01,1,10,0,1,2,1,1,
2.023E+11,155 590 158,A01,3,7,0,2,1,19,1,
2.023E+11,155 590 159,B01,2,7,0,2,2,0,1,
2.023E+11,155 590 156,A01,1,7,0,2,6,15,1,
2.023E+11,155 590 157,B01,1,2,0,2,1,1,1,
2.023E+11,155 590 153,C01,1,7,1,2,1,2,1,
2.023E+11,155 590 154,B01,3,7,1,2,1,0,1,
2.023E+11,155 590 155,A01,1,7,14,2,2,1,1,
2.023E+11,155 590 151,B01,2,33,0,2,1,1,1,
2.023E+11,155 590 152,A01,0,7,0,2,3,9,1,
2.023E+11,155 590 149,A01,0,7,0,2,2,26,1,
2.023E+11,155 590 150,B01,0,7,0,2,6,23,1,
2.023E+11,155 590 144,A01,0,2,11,0,1,13,1,
2.023E+11,155 590 142,A01,2,1,0,2,8,19,5,
2.023E+11,155 590 143,B01,1,7,0,2,1,1,1,
2.023E+11,155 590 141,A01,2,10,0,1,1,1,0,
2.023E+11,155 590 140,A01,2,30,0,2,7,21,1,
2.023E+11,155 590 138,A01,1,7,0,2,8,15,1,
2.023E+11,155 590 139,B01,2,7,0,2,1,1,1,
2.023E+11,155 590 137,A01,1,10,0,1,2,1,1,
2.023E+11,155 590 135,B01,1,31,0,2,2,9,1,
2.023E+11,155 590 136,A01,1,7,0,2,1,9,1,
2.023E+11,155 590 133,A01,1,7,0,2,1,1,1,
2.023E+11,155 590 134,B01,1,7,0,2,4,20,1,
2.023E+11,155 590 131,B01,1,7,0,2,8,1,1,
2.023E+11,155 590 132,A01,1,7,2,2,9,17,1,
2.023E+11,155 590 129,A01,1,7,0,2,1,2,1,
2.023E+11,155 590 130,B01,1,7,0,2,4,2,1,
2.023E+11,155 590 128,A01,2,7,0,1,1,26,0,
2.023E+11,155 590 126,B01,0,7,10,0,3,1,1,
2.023E+11,155 590 127,A01,0,50,10,2,8,19,3,
2.023E+11,155 590 125,A01,3,50,0,1,1,1,3,
2.023E+11,155 590 123,B01,1,7,0,2,1,1,1,
2.023E+11,155 590 124,A01,2,7,0,2,7,13,1,
2.023E+11,155 590 122,A01,3,50,0,0,0,1,3,
2.023E+11,155 590 120,B01,0,7,0,2,3,1,1,
2.023E+11,155 590 121,A01,3,50,0,2,0,1,3,
2.023E+11,155 590 118,A01,2,7,1,0,2,1,1,
2.023E+11,155 590 119,B01,3,7,0,2,6,0,0,
2.023E+11,155 590 116,B01,1,1,0,2,8,13,5,
2.023E+11,155 590 117,A01,1,7,0,9,2,13,1,
2.023E+11,155 590 115,A01,1,15,6,0,3,1,1,
2.023E+11,155 590 114,A01,2,7,0,1,1,1,1,
2.023E+11,155 590 112,A01,1,7,16,2,5,26,1,
2.023E+11,155 590 113,B01,2,7,0,2,1,1,1,
2.023E+11,155 590 111,A01,3,10,0,1,4,4,1,
2.023E+11,155 590 109,A01,1,7,0,2,3,9,1,
2.023E+11,155 590 110,B01,2,1,0,2,8,9,5,
2.023E+11,155 590 108,A01,2,7,0,0,9,11,0,
2.023E+11,155 590 104,A01,2,15,0,2,3,15,1,
2.023E+11,155 590 105,B01,2,34,0,2,1,17,1,
2.023E+11,155 590 102,A01,1,7,0,2,7,13,1,
2.023E+11,155 590 103,B01,2,17,0,2,1,1,1,
2.023E+11,155 590 101,A01,2,7,2,0,1,1,1,
2.023E+11,155 590 100,A01,1,7,2,0,3,1,1,
2.023E+11,155 590 098,A01,1,7,0,2,2,0,1,
2.023E+11,155 590 099,B01,1,7,0,2,4,1,1,
2.023E+11,155 590 096,B01,2,21,0,2,3,1,1,
2.023E+11,155 590 097,A01,1,10,0,2,2,13,1,
2.023E+11,155 590 094,B01,2,7,0,2,1,17,1,
2.023E+11,155 590 095,A01,1,7,0,2,1,1,0,
2.023E+11,155 590 093,A01,1,14,0,1,2,1,1,
2.023E+11,155 590 092,A01,1,7,3,0,1,21,1,
2.023E+11,155 590 091,A01,1,7,2,0,1,13,1,
2.023E+11,155 590 088,A01,2,3,0,2,2,15,0,
2.023E+11,155 590 089,B01,1,7,0,2,3,1,1,
2.023E+11,155 590 090,C01,1,7,0,2,1,23,1,
2.023E+11,155 590 086,A01,2,7,0,2,3,1,1,
2.023E+11,155 590 087,B01,2,7,0,2,3,1,1,
2.023E+11,155 590 084,B01,1,7,0,2,2,15,0,
2.023E+11,155 590 085,A01,2,36,0,2,3,1,1,
2.023E+11,155 590 082,B01,3,7,0,2,2,1,1,
2.023E+11,155 590 083,A01,3,2,0,2,1,1,3,
2.023E+11,155 590 081,A01,3,10,6,0,1,1,1,
2.023E+11,155 590 080,A01,0,7,0,1,1,1,0,
2.023E+11,155 590 077,A01,3,50,0,2,7,9,3,
2.023E+11,155 590 079,B01,3,7,0,2,1,9,1,
2.023E+11,155 590 076,A01,2,7,0,2,3,9,1,
2.023E+11,155 590 078,B01,2,33,0,2,1,1,1,
2.023E+11,155 590 074,A01,1,7,0,2,2,1,0,
2.023E+11,155 590 075,B01,3,1,0,2,1,19,5,
2.023E+11,155 590 072,A01,1,7,0,0,3,9,1,
2.023E+11,155 590 073,B01,2,7,15,0,7,19,1,
2.023E+11,155 590 071,Y01,1,1,0,2,2,19,5,
2.023E+11,155 590 068,A01,3,7,0,1,1,1,1,
2.023E+11,155 590 067,A01,1,7,0,2,9,9,1,
2.023E+11,155 590 069,B01,1,7,0,2,9,2,1,
2.023E+11,155 590 070,C01,1,7,0,2,9,1,1,
2.023E+11,155 590 066,A01,1,7,0,1,1,15,1,
2.023E+11,155 590 064,B01,1,15,0,2,7,1,1,
2.023E+11,155 590 065,A01,1,7,4,2,8,17,1,
2.023E+11,155 590 063,A01,1,7,2,0,2,13,1,
2.023E+11,155 590 061,B01,3,7,0,2,0,0,1,
2.023E+11,155 590 062,A01,3,7,0,2,0,0,1,
2.023E+11,155 590 060,A01,1,7,13,0,1,2,1,
2.023E+11,155 590 058,B01,1,7,0,2,4,1,1,
2.023E+11,155 590 059,A01,1,30,0,2,1,1,1,
2.023E+11,155 590 057,A01,1,7,13,0,1,0,1,
2.023E+11,155 590 056,A01,2,43,0,1,1,1,1,
2.023E+11,155 590 054,B01,1,33,0,2,1,1,1,
2.023E+11,155 590 055,A01,2,7,0,2,7,15,1,
2.023E+11,155 590 053,A01,2,7,1,0,5,1,1,
2.023E+11,155 590 051,A01,2,43,0,2,1,15,1,
2.023E+11,155 590 052,B01,2,7,0,2,3,15,1,
2.023E+11,155 590 048,B01,3,7,0,0,1,0,1,
2.023E+11,155 590 050,A01,1,34,0,2,7,3,1,
2.023E+11,155 590 047,B01,2,7,0,2,3,15,1,
2.023E+11,155 590 049,A01,1,2,0,2,1,1,1,
2.023E+11,155 590 045,B01,3,34,0,2,1,0,1,
2.023E+11,155 590 046,A01,1,7,0,2,3,0,1,
2.023E+11,155 590 042,B01,1,33,0,2,1,1,1,
2.023E+11,155 590 044,A01,2,7,0,2,7,15,3,
2.023E+11,155 590 041,A01,2,33,0,2,1,17,1,
2.023E+11,155 590 043,B01,2,7,0,2,6,17,1,
2.023E+11,155 590 039,A01,2,10,0,2,3,15,1,
2.023E+11,155 590 040,B01,2,34,3,2,2,1,1,
2.023E+11,155 590 037,A01,2,2,3,0,8,13,1,
2.023E+11,155 590 036,A01,3,7,0,2,6,15,1,
2.023E+11,155 590 038,B01,2,1,0,2,1,1,5,
2.023E+11,155 590 035,A01,1,7,0,1,2,19,1,
2.023E+11,155 590 030,A01,2,7,0,2,3,21,0,
2.023E+11,155 590 033,B01,1,10,0,2,4,26,0,
2.023E+11,155 590 031,A01,2,1,0,2,8,13,5,
2.023E+11,155 590 034,B01,2,1,0,2,7,17,5,
2.023E+11,155 590 029,B01,1,7,0,2,3,1,1,
2.023E+11,155 590 032,A01,1,7,0,2,1,1,1,
2.023E+11,155 590 028,A01,3,7,6,0,1,1,1,
2.023E+11,155 590 025,A01,2,33,0,2,5,15,1,
2.023E+11,155 590 027,B01,2,50,0,2,8,1,3,
2.023E+11,155 590 026,A01,2,7,0,2,2,15,1,
2.023E+11,155 590 022,A01,2,10,0,2,2,9,1,
2.023E+11,155 590 024,B01,1,2,0,2,1,1,1,
2.023E+11,155 590 019,B01,1,30,0,2,3,15,1,
2.023E+11,155 590 021,A01,2,30,0,2,1,1,1,
2.023E+11,155 590 020,B01,1,60,0,0,0,5,5,
2.023E+11,155 590 023,A01,1,7,0,2,3,15,1,
2.023E+11,155 590 015,A01,3,7,0,2,3,15,4,
2.023E+11,155 590 016,B01,3,34,0,2,1,15,4,
2.023E+11,155 590 017,A01,1,7,0,2,5,15,1,
2.023E+11,155 590 018,B01,2,2,0,2,1,1,1,
2.023E+11,155 590 014,A01,1,7,0,1,2,1,1,
2.023E+11,155 590 011,A01,1,30,0,0,0,26,1,
2.023E+11,155 590 009,A01,3,7,1,2,2,26,1,
2.023E+11,155 590 012,B01,3,7,1,2,6,23,1,
2.023E+11,155 590 013,C01,3,7,1,0,6,26,1,
2.023E+11,155 590 008,A01,1,7,0,1,1,15,1,
2.023E+11,155 590 010,B01,1,7,0,2,2,15,1,
2.023E+11,155 590 005,B01,1,33,0,2,1,1,1,
2.023E+11,155 590 006,A01,2,7,0,2,8,10,1,
2.023E+11,155 590 004,A01,0,7,0,2,2,1,3,
2.023E+11,155 590 007,B01,0,50,0,2,8,19,3,
2.023E+11,155 590 001,A01,1,7,0,2,3,15,1,
2.023E+11,155 590 003,B01,1,50,0,2,1,1,3,
2.023E+11,155 589 999,A01,1,3,0,2,3,15,0,
2.023E+11,155 590 000,B01,1,31,0,2,2,0,0,
2.023E+11,155 589 998,A01,2,7,0,2,3,1,1,
2.023E+11,155 590 002,B01,1,7,0,2,7,10,1,
2.023E+11,155 589 996,A01,1,7,0,2,2,20,1,
2.023E+11,155 589 997,B01,2,1,1,2,4,21,5,
2.023E+11,155 589 994,A01,1,7,3,0,9,1,2,
2.023E+11,155 589 993,A01,3,7,0,2,1,1,1,
2.023E+11,155 589 995,B01,3,7,0,2,4,23,1,
2.023E+11,155 589 988,A01,1,7,0,2,3,15,0,
2.023E+11,155 589 992,B01,1,31,0,2,7,1,1,
2.023E+11,155 589 989,A01,3,7,0,2,3,11,1,
2.023E+11,155 589 991,B01,3,50,0,2,2,17,3,
2.023E+11,155 589 987,A01,2,7,0,2,1,26,1,
2.023E+11,155 589 990,B01,1,7,2,2,1,0,1,
2.023E+11,155 589 984,B01,1,30,0,2,1,1,1,
2.023E+11,155 589 986,A01,1,1,0,2,4,19,5,
2.023E+11,155 589 983,A01,2,7,0,1,2,21,1,
2.023E+11,155 589 981,A01,1,33,0,2,1,3,1,
2.023E+11,155 589 982,B01,1,7,0,2,4,1,1,
2.023E+11,155 589 985,C01,1,7,0,2,7,1,1,
2.023E+11,155 589 979,A01,1,33,0,0,0,1,1,
2.023E+11,155 589 977,A01,3,1,8,1,1,1,5,
2.023E+11,155 589 978,A01,2,7,0,2,3,15,1,
2.023E+11,155 589 980,B01,2,2,0,2,2,1,1,
2.023E+11,155 589 973,A01,1,33,0,1,1,1,1,
2.023E+11,155 589 970,B01,1,7,0,2,4,1,1,
2.023E+11,155 589 972,C01,1,7,0,2,4,1,1,
2.023E+11,155 589 975,D01,1,7,0,2,1,2,1,
2.023E+11,155 589 976,A01,1,7,0,2,4,1,1,
2.023E+11,155 589 969,A01,1,7,0,0,5,15,1,
2.023E+11,155 589 971,B01,1,31,0,2,1,1,1,
2.023E+11,155 589 967,A01,2,31,0,1,0,1,1,
2.023E+11,155 589 963,B01,1,7,0,2,4,1,1,
2.023E+11,155 589 965,C01,1,7,0,2,4,0,1,
2.023E+11,155 589 968,A01,1,7,0,2,3,11,1,
2.023E+11,155 589 962,A01,2,33,0,0,8,1,1,
2.023E+11,155 589 957,A01,3,13,0,1,1,1,1,
2.023E+11,155 589 955,B01,2,7,0,2,6,13,1,
2.023E+11,155 589 958,A01,2,7,0,2,1,1,1,
2.023E+11,155 589 960,C01,2,10,0,2,3,1,1,
2.023E+11,155 589 961,D01,2,7,0,2,5,2,0,
2.023E+11,155 589 956,A01,1,7,0,0,8,23,1,
2.023E+11,155 589 959,B01,1,7,1,0,7,22,1,
2.023E+11,155 589 953,A01,2,32,1,1,1,1,1,
2.023E+11,155 589 954,B01,0,7,0,2,2,0,0,
2.023E+11,155 589 950,C01,1,10,0,2,1,2,1,
2.023E+11,155 589 951,A01,1,7,0,0,0,13,0,
2.023E+11,155 589 952,B01,1,7,0,0,4,2,1,
2.023E+11,155 589 948,A01,3,7,0,1,2,1,1,
2.023E+11,155 589 947,A01,1,7,0,2,3,0,1,
2.023E+11,155 589 949,B01,3,7,0,2,7,1,1,
2.023E+11,155 589 946,A01,3,43,0,0,7,1,1,
2.023E+11,155 589 942,A01,2,7,0,2,1,1,1,
2.023E+11,155 589 945,B01,2,10,0,2,5,2,1,
2.023E+11,155 589 943,A01,3,2,12,0,8,16,1,
2.023E+11,155 589 941,A01,1,7,0,2,1,0,3,
2.023E+11,155 589 944,B01,1,7,0,2,4,0,1,
2.023E+11,155 589 940,A01,1,7,0,1,2,16,1,
2.023E+11,155 589 938,A01,3,36,0,0,0,26,1,
2.023E+11,155 589 934,A01,1,50,0,2,1,18,3,
2.023E+11,155 589 935,B01,1,7,0,2,2,16,1,
2.023E+11,155 589 932,A01,1,7,0,0,7,5,1,
2.023E+11,155 589 929,A01,2,7,0,2,1,2,1,
2.023E+11,155 589 931,B01,2,7,0,2,4,1,1,
2.023E+11,155 589 933,C01,2,7,0,2,4,1,1,
2.023E+11,155 589 936,D01,2,7,0,2,4,1,1,
2.023E+11,155 589 937,E01,2,7,0,2,4,1,1,
2.023E+11,155 589 939,F01,2,7,0,2,4,1,1,
2.023E+11,155 589 927,A01,1,7,0,2,0,26,1,
2.023E+11,155 589 930,B01,1,7,0,2,0,0,1,
2.023E+11,155 589 924,A01,2,7,4,0,1,14,1,
2.023E+11,155 589 923,A01,2,10,0,2,3,21,1,
2.023E+11,155 589 925,B01,2,30,0,2,1,0,1,
2.023E+11,155 589 922,A01,1,7,0,2,3,21,1,
2.023E+11,155 589 926,B01,1,7,0,2,1,1,1,
2.023E+11,155 589 928,C01,1,7,0,0,6,9,1,
2.023E+11,155 589 919,A01,3,7,0,2,3,1,1,
2.023E+11,155 589 921,B01,3,10,0,2,8,1,1,
2.023E+11,155 589 916,B01,2,7,0,2,4,1,1,
2.023E+11,155 589 920,A01,2,7,0,2,9,1,1,
2.023E+11,155 589 914,A01,1,7,0,0,6,23,1,
2.023E+11,155 589 917,B01,2,7,0,2,1,5,1,
2.023E+11,155 589 918,C01,1,7,0,2,1,1,1,
2.023E+11,155 589 913,A01,1,7,8,2,1,13,0,
2.023E+11,155 589 915,B01,2,7,0,2,6,1,2,
2.023E+11,155 589 912,A01,1,7,4,0,1,1,1,
2.023E+11,155 589 910,A01,2,7,13,0,0,1,1,
2.023E+11,155 589 909,A01,1,7,12,0,8,15,1,
2.023E+11,155 589 911,B01,1,30,12,0,1,2,0,
2.023E+11,155 589 905,C01,2,99,0,2,4,1,1,
2.023E+11,155 589 907,A01,2,7,0,2,1,2,1,
2.023E+11,155 589 908,B01,2,7,0,2,2,1,1,
2.023E+11,155 589 904,A01,2,7,4,0,0,0,1,
2.023E+11,155 589 903,A01,1,7,0,2,3,16,1,
2.023E+11,155 589 906,B01,2,1,0,2,1,1,5,
2.023E+11,155 589 902,A01,2,7,2,0,1,1,0,
2.023E+11,155 589 901,A01,2,7,4,0,1,0,1,
2.023E+11,155 589 899,A01,1,7,0,2,7,16,1,
2.023E+11,155 589 900,B01,1,37,0,2,3,1,1,1
2.023E+11,155 589 898,A01,1,1,0,0,8,1,5,
2.023E+11,155 589 896,A01,1,7,0,2,2,14,1,
2.023E+11,155 589 895,A01,2,33,0,2,1,14,1,
2.023E+11,155 589 897,B01,2,7,0,2,4,1,1,
2.023E+11,155 589 893,A01,1,10,9,0,1,1,1,
2.023E+11,155 589 894,A01,1,7,0,1,8,15,3,
2.023E+11,155 589 887,A01,1,7,0,2,1,2,1,
2.023E+11,155 589 890,B01,1,7,0,2,1,2,1,
2.023E+11,155 589 891,C01,1,7,0,2,1,2,3,
2.023E+11,155 589 892,D01,1,7,0,2,4,1,2,
2.023E+11,155 589 885,B01,1,31,0,2,8,1,1,
2.023E+11,155 589 888,A01,2,10,0,2,8,1,1,
2.023E+11,155 589 883,A01,1,10,0,2,1,1,1,
2.023E+11,155 589 884,B01,1,7,0,2,4,1,1,
2.023E+11,155 589 882,A01,3,7,8,0,7,1,1,
2.023E+11,155 589 881,A01,2,10,0,1,1,15,1,
2.023E+11,155 589 879,A01,2,7,11,0,1,1,1,
2.023E+11,155 589 875,A01,2,7,4,2,2,1,1,
2.023E+11,155 589 877,B01,2,7,4,2,1,1,1,
2.023E+11,155 589 878,D01,2,7,4,2,2,1,1,
2.023E+11,155 589 880,C01,2,7,4,2,6,1,1,
2.023E+11,155 589 874,A01,1,7,6,0,1,1,1,
2.023E+11,155 589 871,A01,1,7,4,0,2,1,1,
2.023E+11,155 589 870,A01,1,7,0,2,1,1,1,
2.023E+11,155 589 872,C01,1,1,0,2,4,1,5,
2.023E+11,155 589 873,D01,1,1,0,2,4,1,5,
2.023E+11,155 589 876,E01,1,1,0,2,4,1,5,
2.023E+11,155 589 868,A01,1,7,4,0,4,1,1,
2.023E+11,155 589 865,A01,2,80,0,1,7,0,3,
2.023E+11,155 589 866,A01,1,33,0,0,2,2,1,
2.023E+11,155 589 869,B01,1,31,0,0,3,1,1,
2.023E+11,155 589 864,A01,2,31,0,2,1,1,1,
2.023E+11,155 589 867,B01,1,7,0,2,2,1,1,
2.023E+11,155 589 861,A01,2,33,0,0,0,21,1,
2.023E+11,155 589 860,A01,1,7,0,2,7,19,1,
2.023E+11,155 589 863,B01,1,7,0,2,1,1,1,
2.023E+11,155 589 859,B01,1,1,0,2,1,15,5,