Num_Acc,id_vehicule,num_veh,senc,catv,obs,obsm,choc,manv,motor,occutc
2.023E+11,155 588 462,A01,1,7,6,0,2,14,1,
2.023E+11,155 588 463,D01,1,7,0,2,4,2,1,
2.023E+11,155 588 473,C01,1,7,0,2,4,2,1,
2.023E+11,155 588 479,A01,1,7,0,2,1,2,1,
2.023E+11,155 588 485,B01,1,7,0,2,1,2,1,
2.023E+11,155 588 458,B01,2,7,0,2,4,2,1,
2.023E+11,155 588 461,A01,2,32,0,2,1,2,1,
2.023E+11,155 588 459,A01,0,7,9,0,1,1,1,
2.023E+11,155 588 456,A01,1,30,0,0,7,1,1,
2.023E+11,155 588 446,A01,1,7,0,2,7,12,3,
2.023E+11,155 588 452,B01,1,33,0,2,3,1,1,
2.023E+11,155 588 450,A01,2,33,0,6,0,1,1,
2.023E+11,155 588 445,A01,2,7,8,0,1,1,1,
2.023E+11,155 588 449,A01,2,7,4,0,1,19,1,
2.023E+11,155 588 443,A01,2,7,0,2,1,1,1,
2.023E+11,155 588 455,C01,2,7,0,2,1,2,1,
2.023E+11,155 588 460,D01,2,7,0,2,1,1,1,
2.023E+11,155 588 467,B01,2,10,0,2,4,1,1,
2.023E+11,155 588 447,A01,1,7,0,1,1,0,1,
2.023E+11,155 588 444,A01,1,2,0,2,1,1,1,
2.023E+11,155 588 451,B01,2,7,0,0,7,26,1,
2.023E+11,155 588 442,A01,1,33,0,2,1,21,1,
2.023E+11,155 588 448,B01,1,7,0,2,5,1,1,
2.023E+11,155 588 441,B01,3,7,0,2,1,16,1,
2.023E+11,155 588 453,A01,1,7,0,0,2,1,1,
2.023E+11,155 588 437,A01,1,15,3,0,1,1,1,
2.023E+11,155 588 439,A01,2,7,3,0,1,1,1,
2.023E+11,155 588 438,A01,1,7,8,0,1,1,1,
2.023E+11,155 588 435,A01,2,7,0,1,1,26,0,
2.023E+11,155 588 436,A01,1,7,16,0,3,0,0,
2.023E+11,155 588 432,B01,1,7,0,2,2,1,1,
2.023E+11,155 588 440,A01,1,7,0,2,1,1,1,
2.023E+11,155 588 433,A01,3,1,6,0,1,5,5,
2.023E+11,155 588 429,A01,3,7,0,2,8,24,1,
2.023E+11,155 588 434,B01,3,50,1,0,1,1,3,
2.023E+11,155 588 431,A01,1,7,3,0,1,14,1,
2.023E+11,155 588 428,A01,1,7,0,2,3,0,1,
2.023E+11,155 588 430,B01,2,7,0,2,3,1,1,
2.023E+11,155 588 427,A01,1,7,8,0,1,1,1,
2.023E+11,155 588 422,A01,2,7,0,1,0,0,0,
2.023E+11,155 588 420,A01,1,7,4,2,1,0,1,
2.023E+11,155 588 419,B01,3,7,0,0,0,9,0,
2.023E+11,155 588 426,A01,1,33,0,2,7,0,0,
2.023E+11,155 588 417,A01,1,32,0,2,1,0,1,
2.023E+11,155 588 424,B01,2,7,0,2,3,23,1,
2.023E+11,155 588 418,A01,1,7,0,1,4,4,1,
2.023E+11,155 588 416,A01,3,7,8,0,9,1,1,
2.023E+11,155 588 423,X01,3,7,0,2,2,14,0,
2.023E+11,155 588 414,A01,2,7,13,0,1,13,1,
2.023E+11,155 588 409,A01,1,30,0,2,2,17,0,
2.023E+11,155 588 413,B01,2,16,0,0,0,0,0,
2.023E+11,155 588 410,A01,2,7,13,0,1,1,1,
2.023E+11,155 588 408,A01,2,7,8,0,1,17,1,
2.023E+11,155 588 406,A01,1,7,0,2,8,11,1,
2.023E+11,155 588 411,B01,1,31,0,2,3,3,1,
2.023E+11,155 588 400,A01,1,7,0,2,2,12,1,
2.023E+11,155 588 402,B01,1,7,0,2,3,1,1,
2.023E+11,155 588 401,B01,2,7,0,2,5,2,2,
2.023E+11,155 588 407,A01,2,43,0,2,1,2,1,
2.023E+11,155 588 399,A01,3,7,0,2,3,16,1,
2.023E+11,155 588 405,B01,3,0,1,2,3,23,0,
2.023E+11,155 588 403,A01,3,30,0,2,0,1,1,
2.023E+11,155 588 396,A01,2,7,0,1,5,13,1,
2.023E+11,155 588 395,A01,1,33,0,2,7,17,1,
2.023E+11,155 588 398,B01,0,7,0,2,3,15,1,
2.023E+11,155 588 397,A01,1,7,0,2,1,13,1,
2.023E+11,155 588 404,B01,2,7,0,2,1,1,1,
2.023E+11,155 588 390,B01,3,1,0,2,2,1,5,
2.023E+11,155 588 392,A01,3,7,0,9,8,1,1,
2.023E+11,155 588 387,A01,1,33,0,0,0,20,1,
2.023E+11,155 588 391,A01,1,7,0,2,3,16,1,
2.023E+11,155 588 394,B01,2,7,0,2,3,23,1,
2.023E+11,155 588 382,A01,1,7,0,1,2,1,1,
2.023E+11,155 588 380,B01,1,7,0,2,5,2,1,
2.023E+11,155 588 383,C01,1,10,0,2,1,2,1,
2.023E+11,155 588 389,A01,1,33,0,2,2,2,1,
2.023E+11,155 588 381,A01,2,7,0,2,4,2,1,
2.023E+11,155 588 386,B01,2,7,0,2,1,2,1,
2.023E+11,155 588 393,C01,2,7,0,2,1,2,1,
2.023E+11,155 588 377,A01,1,7,8,0,1,1,1,
2.023E+11,155 588 376,A01,1,36,0,2,6,2,1,
2.023E+11,155 588 385,B01,1,7,0,2,5,15,1,
2.023E+11,155 588 375,A01,2,7,0,2,1,2,1,
2.023E+11,155 588 388,B01,2,7,0,2,6,0,1,
2.023E+11,155 588 373,A01,1,7,3,0,1,1,0,
2.023E+11,155 588 374,B01,1,7,0,0,5,1,1,
2.023E+11,155 588 378,A01,1,31,0,0,1,1,1,
2.023E+11,155 588 372,A01,1,7,0,1,1,1,1,
2.023E+11,155 588 371,A01,1,2,0,2,1,1,1,
2.023E+11,155 588 367,A01,2,7,8,0,9,0,1,
2.023E+11,155 588 366,A01,1,7,4,0,1,1,1,
2.023E+11,155 588 365,B01,1,33,0,2,2,2,1,
2.023E+11,155 588 370,A01,1,7,0,2,6,11,1,
2.023E+11,155 588 359,B01,1,7,0,2,9,1,2,
2.023E+11,155 588 369,A01,2,7,0,2,3,16,1,
2.023E+11,155 588 361,A01,1,7,0,2,3,9,1,
2.023E+11,155 588 368,B01,2,33,0,2,1,1,1,
2.023E+11,155 588 357,A01,3,7,0,2,8,9,3,
2.023E+11,155 588 362,B01,3,2,0,2,0,0,1,
2.023E+11,155 588 356,A01,2,7,0,2,4,23,1,
2.023E+11,155 588 363,B01,2,15,3,2,1,1,1,
2.023E+11,155 588 354,A01,2,7,3,0,1,0,1,
2.023E+11,155 588 352,A01,2,50,0,2,7,1,3,
2.023E+11,155 588 360,B01,2,7,0,2,1,1,1,
2.023E+11,155 588 345,A01,3,7,0,1,1,11,1,
2.023E+11,155 588 347,A01,1,7,0,2,3,1,1,
2.023E+11,155 588 358,B01,1,7,0,2,2,19,1,
2.023E+11,155 588 346,A01,1,7,0,2,3,13,1,
2.023E+11,155 588 353,B01,2,15,0,2,3,1,1,
2.023E+11,155 588 351,B01,2,7,0,2,1,13,1,
2.023E+11,155 588 355,A01,2,1,0,2,8,15,5,
2.023E+11,155 588 343,B01,1,7,0,2,4,1,1,
2.023E+11,155 588 348,A01,1,7,0,2,1,1,1,
2.023E+11,155 588 344,B01,1,32,0,2,1,1,1,
2.023E+11,155 588 350,A01,2,7,0,2,2,15,1,
2.023E+11,155 588 339,A01,2,7,0,2,3,2,1,
2.023E+11,155 588 342,B01,2,7,0,2,5,2,1,
2.023E+11,155 588 340,A01,3,30,0,1,1,0,1,
2.023E+11,155 588 338,A01,1,7,0,2,1,2,1,
2.023E+11,155 588 341,B01,1,2,0,2,4,2,3,
2.023E+11,155 588 336,A01,2,15,9,0,2,0,1,
2.023E+11,155 588 335,A01,3,7,0,1,2,1,1,
2.023E+11,155 588 332,A01,0,7,0,1,1,1,1,
2.023E+11,155 588 333,A01,1,7,0,1,1,2,1,
2.023E+11,155 588 324,A01,1,30,0,2,9,0,1,
2.023E+11,155 588 322,A01,2,33,0,2,8,1,1,
2.023E+11,155 588 327,B01,2,7,0,2,0,26,0,
2.023E+11,155 588 320,A01,1,13,13,2,3,1,1,
2.023E+11,155 588 325,B01,1,10,13,2,3,17,1,
2.023E+11,155 588 329,C01,2,7,13,2,3,1,1,
2.023E+11,155 588 319,A01,2,7,8,0,3,14,1,
2.023E+11,155 588 323,B01,2,7,8,0,1,1,1,
2.023E+11,155 588 317,B01,2,1,0,2,1,1,5,
2.023E+11,155 588 321,A01,1,7,0,9,2,15,1,
2.023E+11,155 588 316,A01,1,32,4,0,1,1,1,
2.023E+11,155 588 315,A01,2,2,0,0,0,1,1,
2.023E+11,155 588 310,A01,1,10,0,1,0,15,1,
2.023E+11,155 588 308,A01,1,7,0,2,2,2,1,
2.023E+11,155 588 314,B01,1,7,0,2,6,1,1,
2.023E+11,155 588 318,C01,1,7,0,2,7,1,0,
2.023E+11,155 588 330,D01,1,7,0,2,6,1,1,
2.023E+11,155 588 306,A01,3,7,0,2,1,15,1,
2.023E+11,155 588 312,B01,3,32,0,2,8,1,1,
2.023E+11,155 588 309,A01,3,7,13,0,1,16,1,
2.023E+11,155 588 307,A01,1,17,6,0,1,14,1,
2.023E+11,155 588 304,A01,1,7,13,0,3,21,1,
2.023E+11,155 588 301,B01,2,30,0,2,0,0,0,
2.023E+11,155 588 311,A01,3,7,0,2,2,15,1,
2.023E+11,155 588 303,B01,2,7,0,2,4,1,1,
2.023E+11,155 588 313,A01,2,7,0,2,4,15,1,
2.023E+11,155 588 326,C01,2,7,0,2,1,1,1,
2.023E+11,155 588 334,D01,1,7,0,2,3,1,1,
2.023E+11,155 588 300,A01,2,7,0,2,5,15,1,
2.023E+11,155 588 305,B01,1,7,0,2,1,1,1,
2.023E+11,155 588 294,A01,2,7,12,0,2,1,1,
2.023E+11,155 588 297,A01,2,7,3,0,1,14,1,
2.023E+11,155 588 293,B01,3,7,0,9,2,1,1,
2.023E+11,155 588 299,A01,3,2,0,2,8,18,1,
2.023E+11,155 588 292,B01,0,50,0,2,0,19,3,
2.023E+11,155 588 295,A01,1,7,0,2,1,1,1,
2.023E+11,155 588 298,B01,2,7,0,2,1,1,0,
2.023E+11,155 588 302,A01,1,7,15,2,1,1,0,
2.023E+11,155 588 291,A01,3,30,0,2,7,2,1,
2.023E+11,155 588 296,B01,3,7,0,2,4,2,1,
2.023E+11,155 588 288,A01,3,32,0,1,1,17,1,
2.023E+11,155 588 289,A01,1,7,12,0,1,1,1,
2.023E+11,155 588 285,A01,0,2,13,0,0,1,0,
2.023E+11,155 588 284,A01,1,33,4,0,7,16,0,
2.023E+11,155 588 286,B01,1,10,0,2,5,1,1,
2.023E+11,155 588 290,A01,1,1,0,2,3,2,5,
2.023E+11,155 588 283,A01,3,7,12,0,1,11,1,
2.023E+11,155 588 287,B01,3,33,12,0,0,1,1,
2.023E+11,155 588 282,A01,1,10,0,1,1,2,0,
2.023E+11,155 588 280,A01,2,33,13,0,8,1,1,
2.023E+11,155 588 281,A01,1,7,0,0,9,1,1,
2.023E+11,155 588 274,A01,3,7,2,0,1,6,0,
2.023E+11,155 588 271,A01,2,7,0,2,8,9,1,
2.023E+11,155 588 276,B01,1,33,0,2,1,1,1,
2.023E+11,155 588 268,A01,3,7,0,2,1,15,1,
2.023E+11,155 588 272,B01,1,1,0,2,8,1,5,
2.023E+11,155 588 269,B01,1,7,0,2,7,1,1,
2.023E+11,155 588 279,A01,2,7,0,2,1,9,1,
2.023E+11,155 588 270,B01,3,10,0,2,2,1,0,
2.023E+11,155 588 275,A01,3,7,4,2,3,11,1,
2.023E+11,155 588 263,B01,2,7,0,2,2,10,1,
2.023E+11,155 588 273,A01,1,34,0,2,1,1,1,
2.023E+11,155 588 261,C01,2,7,0,2,4,1,1,
2.023E+11,155 588 267,B01,2,7,0,2,4,1,1,
2.023E+11,155 588 277,A01,2,7,0,2,1,1,1,
2.023E+11,155 588 260,A01,2,7,0,9,2,2,0,
2.023E+11,155 588 265,B01,2,80,0,0,4,2,3,
2.023E+11,155 588 253,A01,2,7,0,2,6,15,1,
2.023E+11,155 588 259,B01,2,33,0,2,1,17,1,
2.023E+11,155 588 252,B01,1,30,0,2,7,17,1,
2.023E+11,155 588 258,A01,1,7,0,2,1,15,1,
2.023E+11,155 588 254,A01,0,7,0,2,3,26,1,
2.023E+11,155 588 266,B01,0,33,0,2,7,1,1,
2.023E+11,155 588 250,B01,2,7,0,2,1,1,1,
2.023E+11,155 588 257,A01,2,34,0,2,8,15,1,
2.023E+11,155 588 246,A01,1,7,0,2,8,15,1,
2.023E+11,155 588 255,B01,1,50,0,2,1,1,3,
2.023E+11,155 588 247,A01,2,33,3,0,1,1,1,
2.023E+11,155 588 244,B01,3,7,0,2,1,9,1,
2.023E+11,155 588 248,A01,3,7,0,2,8,9,1,
2.023E+11,155 588 245,B01,3,99,0,2,8,1,1,
2.023E+11,155 588 256,A01,1,43,0,2,1,1,1,
2.023E+11,155 588 242,A01,0,33,0,0,0,0,0,
2.023E+11,155 588 243,B01,3,38,0,2,6,2,0,1
2.023E+11,155 588 249,A01,1,30,1,0,1,2,1,
2.023E+11,155 588 237,A01,1,7,0,2,1,2,1,
2.023E+11,155 588 241,B01,1,7,0,2,4,23,1,
2.023E+11,155 588 236,B01,3,1,0,2,7,5,5,
2.023E+11,155 588 240,A01,3,7,0,2,8,15,1,
2.023E+11,155 588 233,B01,1,10,0,2,3,1,1,
2.023E+11,155 588 239,A01,1,30,0,2,7,1,1,
2.023E+11,155 588 234,A01,3,7,0,0,9,0,1,
2.023E+11,155 588 230,A01,3,7,0,2,1,19,1,
2.023E+11,155 588 235,B01,3,43,0,2,1,19,1,
2.023E+11,155 588 231,B01,3,2,0,2,3,13,1,
2.023E+11,155 588 238,A01,2,0,0,2,8,17,0,
2.023E+11,155 588 229,A01,2,7,3,0,2,1,1,
2.023E+11,155 588 224,B01,2,33,0,2,4,1,1,
2.023E+11,155 588 228,A01,1,33,1,2,1,1,1,
2.023E+11,155 588 221,A01,1,7,0,2,2,24,2,
2.023E+11,155 588 226,B01,1,80,1,2,1,1,3,
2.023E+11,155 588 222,Y01,2,60,6,2,7,1,5,
2.023E+11,155 588 225,A01,2,7,6,2,1,1,1,
2.023E+11,155 588 223,A01,1,7,13,0,9,14,1,
2.023E+11,155 588 215,A01,1,7,0,2,7,17,0,
2.023E+11,155 588 217,B01,1,80,0,2,6,1,2,
2.023E+11,155 588 214,B01,1,7,0,2,1,1,1,
2.023E+11,155 588 220,A01,1,50,0,2,2,1,3,
2.023E+11,155 588 213,A01,2,7,0,2,4,23,1,
2.023E+11,155 588 219,B01,2,10,0,2,1,2,1,
2.023E+11,155 588 211,B01,1,15,0,2,3,21,1,
2.023E+11,155 588 216,A01,2,7,0,2,3,13,1,
2.023E+11,155 588 210,A01,2,10,0,1,1,1,1,
2.023E+11,155 588 212,B01,0,7,0,9,0,1,0,
2.023E+11,155 588 218,A01,1,30,0,0,0,1,1,
2.023E+11,155 588 206,A01,3,2,0,2,1,9,1,
2.023E+11,155 588 209,B01,3,14,0,2,3,1,1,
2.023E+11,155 588 205,A01,1,34,0,2,1,1,1,
2.023E+11,155 588 208,B01,1,7,0,0,8,15,1,
2.023E+11,155 588 201,A01,0,7,6,0,1,1,1,
2.023E+11,155 588 200,A01,3,7,0,2,3,9,1,
2.023E+11,155 588 207,B01,3,50,0,2,1,1,3,
2.023E+11,155 588 202,A01,1,7,6,0,2,0,1,
2.023E+11,155 588 196,A01,3,7,0,0,1,1,0,
2.023E+11,155 588 203,B01,0,7,0,2,8,0,1,
2.023E+11,155 588 198,A01,2,7,0,2,2,17,1,
2.023E+11,155 588 204,B01,2,30,0,2,8,1,1,
2.023E+11,155 588 192,B01,1,43,0,2,7,1,0,
2.023E+11,155 588 199,A01,1,7,0,2,1,9,0,
2.023E+11,155 588 190,A01,1,7,0,2,8,10,1,
2.023E+11,155 588 194,B01,1,33,0,2,1,17,1,
2.023E+11,155 588 187,A01,2,7,2,0,2,14,1,
2.023E+11,155 588 191,A01,1,7,0,2,2,19,1,
2.023E+11,155 588 195,B01,2,1,0,0,2,15,5,
2.023E+11,155 588 182,A01,3,10,0,1,0,16,1,
2.023E+11,155 588 184,A01,1,10,0,1,1,20,1,
2.023E+11,155 588 183,A01,3,50,0,2,1,19,3,
2.023E+11,155 588 189,B01,3,7,0,2,2,1,1,
2.023E+11,155 588 185,A01,1,7,0,1,1,19,1,
2.023E+11,155 588 186,B01,3,7,0,2,4,2,0,
2.023E+11,155 588 197,A01,3,7,0,2,1,2,0,
2.023E+11,155 588 179,C01,2,7,0,2,4,2,1,
2.023E+11,155 588 181,D01,2,7,0,2,1,2,1,
2.023E+11,155 588 188,A01,2,10,0,2,2,2,1,
2.023E+11,155 588 193,B01,2,7,0,2,4,2,1,
2.023E+11,155 588 180,A01,2,7,4,0,1,0,1,
2.023E+11,155 588 175,A01,1,7,0,1,2,1,1,
2.023E+11,155 588 171,A01,1,7,0,1,2,1,6,
2.023E+11,155 588 172,A01,1,7,0,2,8,0,0,
2.023E+11,155 588 177,B01,2,7,6,2,2,1,1,
2.023E+11,155 588 166,A01,3,7,0,2,1,2,1,
2.023E+11,155 588 174,B01,3,7,0,2,4,2,1,
2.023E+11,155 588 170,A01,3,30,0,1,1,19,1,
2.023E+11,155 588 167,A01,2,7,0,2,5,15,1,
2.023E+11,155 588 173,B01,1,34,0,2,1,5,1,
2.023E+11,155 588 165,B01,1,7,0,2,1,19,1,
2.023E+11,155 588 176,A01,1,7,13,2,3,1,1,
2.023E+11,155 588 163,A01,1,7,0,1,3,0,1,
2.023E+11,155 588 168,A01,2,7,0,2,8,15,1,
2.023E+11,155 588 178,B01,2,7,0,2,1,17,1,
2.023E+11,155 588 161,A01,1,7,0,2,7,12,1,
2.023E+11,155 588 164,C01,1,10,0,2,6,2,1,
2.023E+11,155 588 169,B01,1,33,0,2,8,3,1,
2.023E+11,155 588 160,B01,3,50,0,2,0,0,3,
2.023E+11,155 588 162,A01,3,7,0,2,8,0,0,
2.023E+11,155 588 158,A01,1,10,0,1,2,15,1,
2.023E+11,155 588 155,A01,1,7,0,1,4,26,0,
2.023E+11,155 588 151,A01,3,7,1,0,2,4,1,
2.023E+11,155 588 149,A01,1,80,0,0,1,1,3,
2.023E+11,155 588 148,B01,3,7,0,2,0,0,0,
2.023E+11,155 588 156,A01,3,7,0,2,1,1,1,
2.023E+11,155 588 144,B01,2,7,0,2,3,1,1,
2.023E+11,155 588 153,A01,1,7,0,2,3,15,1,
2.023E+11,155 588 150,B01,1,1,0,2,1,1,5,
2.023E+11,155 588 157,A01,2,7,0,2,3,1,1,
2.023E+11,155 588 146,Z01,1,99,0,9,0,26,0,
2.023E+11,155 588 154,A01,1,1,0,2,0,26,5,
2.023E+11,155 588 142,A01,1,7,13,0,2,0,1,
2.023E+11,155 588 141,B01,1,7,0,2,4,1,1,
2.023E+11,155 588 147,C01,1,7,0,2,4,2,1,
2.023E+11,155 588 152,A01,1,7,0,2,1,2,1,
2.023E+11,155 588 159,D01,1,7,0,2,4,23,1,
2.023E+11,155 588 138,A01,1,7,0,2,3,16,1,
2.023E+11,155 588 145,B01,2,32,0,2,7,1,1,
2.023E+11,155 588 139,B01,1,31,0,2,2,3,1,
2.023E+11,155 588 143,A01,1,7,0,2,8,11,1,
2.023E+11,155 588 137,A01,2,50,0,0,0,2,3,
2.023E+11,155 588 133,A01,2,7,0,2,2,1,1,
2.023E+11,155 588 140,B01,1,7,0,2,2,15,1,
2.023E+11,155 588 134,A01,2,7,0,0,1,1,1,
2.023E+11,155 588 132,A01,0,7,0,1,4,4,1,
2.023E+11,155 588 128,A01,2,33,13,0,1,15,1,
2.023E+11,155 588 129,A01,1,7,6,0,2,2,1,
2.023E+11,155 588 126,A01,2,7,0,2,3,1,2,
2.023E+11,155 588 135,B01,1,7,0,2,3,1,1,
2.023E+11,155 588 131,A01,1,30,0,1,1,1,1,
2.023E+11,155 588 124,A01,1,7,0,0,1,1,1,
2.023E+11,155 588 130,B01,2,7,0,0,4,1,1,
2.023E+11,155 588 136,C01,2,7,0,0,0,0,0,
2.023E+11,155 588 125,A01,1,50,0,1,1,1,3,
2.023E+11,155 588 123,A01,2,7,14,0,1,1,1,
2.023E+11,155 588 122,A01,1,7,0,2,8,9,1,
2.023E+11,155 588 127,B01,1,7,0,2,1,1,2,
2.023E+11,155 588 119,A01,2,10,13,9,2,2,0,
2.023E+11,155 588 118,A01,3,7,0,1,5,4,1,
2.023E+11,155 588 117,A01,3,32,11,0,1,1,1,
2.023E+11,155 588 116,A01,1,7,1,0,2,2,1,
2.023E+11,155 588 115,B01,2,33,0,2,1,2,1,
2.023E+11,155 588 120,A01,2,7,0,2,2,12,1,
2.023E+11,155 588 111,B01,2,7,0,2,6,9,1,
2.023E+11,155 588 121,A01,1,33,0,2,3,1,1,
2.023E+11,155 588 106,A01,3,32,0,2,1,1,1,
2.023E+11,155 588 112,B01,3,7,0,2,3,9,1,
2.023E+11,155 588 107,A01,1,7,0,2,7,26,1,
2.023E+11,155 588 113,B01,3,50,0,2,8,1,3,
2.023E+11,155 588 103,A01,2,7,0,2,1,1,1,
2.023E+11,155 588 110,B01,1,7,0,2,6,23,1,
2.023E+11,155 588 114,C01,1,7,0,2,1,23,1,
2.023E+11,155 588 109,A01,3,38,0,1,1,15,1,1
2.023E+11,155 588 099,B01,0,1,0,2,8,19,5,
2.023E+11,155 588 105,A01,0,10,0,2,1,11,0,
2.023E+11,155 588 096,A01,1,33,0,2,0,26,1,
2.023E+11,155 588 102,B01,1,10,0,2,2,2,1,
2.023E+11,155 588 095,B01,2,7,0,2,4,1,1,
2.023E+11,155 588 100,A01,2,7,0,2,1,1,1,
2.023E+11,155 588 098,B01,3,99,0,2,0,0,3,
2.023E+11,155 588 101,A01,3,7,0,2,3,1,3,
2.023E+11,155 588 093,A01,1,7,0,2,2,15,1,
2.023E+11,155 588 097,B01,1,2,0,2,1,1,1,
2.023E+11,155 588 090,A01,2,7,13,0,0,1,1,
2.023E+11,155 588 087,A01,2,7,0,2,1,13,1,
2.023E+11,155 588 092,B01,1,7,13,2,3,1,1,
2.023E+11,155 588 086,A01,1,7,3,0,2,1,1,
2.023E+11,155 588 088,A01,1,30,0,0,1,0,0,
2.023E+11,155 588 084,B01,1,1,0,2,1,1,5,
2.023E+11,155 588 094,A01,2,7,0,2,2,1,1,
2.023E+11,155 588 085,A01,2,7,0,2,0,2,1,
2.023E+11,155 588 089,B01,2,1,0,2,0,2,5,
2.023E+11,155 588 081,A01,3,7,9,0,8,22,1,
2.023E+11,155 588 080,A01,3,7,0,9,8,26,1,
2.023E+11,155 588 083,B01,3,50,0,2,1,0,3,
2.023E+11,155 588 079,A01,3,7,16,0,2,1,1,
2.023E+11,155 588 069,A01,2,7,0,1,7,21,1,
2.023E+11,155 588 065,A01,2,7,8,0,1,0,1,
2.023E+11,155 588 070,C01,1,7,0,2,4,1,1,
2.023E+11,155 588 076,A01,1,7,0,2,8,11,1,
2.023E+11,155 588 082,B01,1,31,3,2,7,1,1,
2.023E+11,155 588 066,A01,1,33,0,2,1,2,1,
2.023E+11,155 588 074,B01,1,7,0,2,6,2,1,
2.023E+11,155 588 068,A01,1,7,0,9,1,15,1,
2.023E+11,155 588 075,B01,2,50,0,2,1,1,3,
2.023E+11,155 588 072,B01,0,7,0,2,8,15,0,
2.023E+11,155 588 077,A01,0,2,0,2,7,17,1,
2.023E+11,155 588 063,A01,1,2,11,0,1,6,1,
2.023E+11,155 588 064,A01,3,7,0,2,1,2,1,
2.023E+11,155 588 071,B01,3,37,0,2,6,23,1,1
2.023E+11,155 588 061,A01,1,7,2,0,3,1,1,
2.023E+11,155 588 059,B01,3,7,0,2,3,1,1,
2.023E+11,155 588 062,A01,3,7,0,2,3,9,1,
2.023E+11,155 588 055,A01,3,17,0,1,8,26,1,
2.023E+11,155 588 051,A01,1,7,0,2,1,13,1,
2.023E+11,155 588 058,B01,2,7,0,2,1,1,1,
2.023E+11,155 588 053,A01,2,7,0,2,5,26,1,
2.023E+11,155 588 060,B01,2,33,0,2,1,2,1,
2.023E+11,155 588 049,B01,1,7,0,2,8,1,1,
2.023E+11,155 588 057,A01,2,33,0,2,8,13,1,
2.023E+11,155 588 050,B01,1,7,0,2,6,11,1,
2.023E+11,155 588 056,A01,1,33,0,2,1,3,1,
2.023E+11,155 588 048,A01,3,33,0,2,1,2,1,
2.023E+11,155 588 054,B01,3,33,0,2,4,2,1,
2.023E+11,155 588 046,A01,2,2,0,1,1,1,0,
2.023E+11,155 588 044,A01,1,7,0,2,2,1,1,
2.023E+11,155 588 047,B01,2,7,0,2,1,1,1,
2.023E+11,155 588 043,B01,1,7,3,2,6,1,1,
2.023E+11,155 588 052,A01,1,7,3,2,2,17,1,
2.023E+11,155 588 042,Z01,1,10,0,1,8,21,0,
2.023E+11,155 588 038,A01,2,33,0,2,1,3,1,
2.023E+11,155 588 041,B01,2,7,0,2,4,1,1,
2.023E+11,155 588 035,A01,0,10,0,1,1,1,1,
2.023E+11,155 588 032,C01,2,7,0,2,3,1,1,
2.023E+11,155 588 040,A01,2,10,0,2,5,15,1,
2.023E+11,155 588 045,B01,1,7,0,2,1,1,1,
2.023E+11,155 588 031,B01,1,50,0,2,5,19,3,
2.023E+11,155 588 036,A01,1,7,0,9,1,1,1,
2.023E+11,155 588 033,A01,1,7,6,0,1,1,1,
2.023E+11,155 588 029,A01,1,7,0,2,1,2,1,
2.023E+11,155 588 039,B01,-1,7,-1,2,-1,23,-1,
2.023E+11,155 588 027,A01,1,7,0,1,1,16,1,
2.023E+11,155 588 030,A01,2,7,13,0,1,1,1,
2.023E+11,155 588 026,A01,2,10,4,0,0,0,1,
2.023E+11,155 588 023,A01,0,32,0,1,1,1,1,
2.023E+11,155 588 024,A01,1,7,4,0,1,13,1,
2.023E+11,155 588 020,A01,1,7,0,0,1,1,1,
2.023E+11,155 588 019,A01,1,7,0,1,1,1,1,
2.023E+11,155 588 013,A01,1,7,0,0,4,23,1,
2.023E+11,155 588 018,C01,1,7,0,2,1,1,1,
2.023E+11,155 588 021,B01,1,10,0,2,4,23,1,
2.023E+11,155 588 015,A01,2,33,0,0,4,1,1,
2.023E+11,155 588 011,A01,1,7,0,2,2,12,1,
2.023E+11,155 588 014,B01,1,33,0,2,3,3,1,
2.023E+11,155 588 010,A01,2,7,0,2,1,26,6,
2.023E+11,155 588 008,A01,3,7,0,2,1,1,1,
2.023E+11,155 588 016,B01,3,1,0,2,8,1,5,
2.023E+11,155 588 006,A01,3,7,0,1,1,1,1,
2.023E+11,155 588 004,A01,2,7,0,2,2,2,1,
2.023E+11,155 588 009,B01,2,36,0,2,4,2,1,
2.023E+11,155 588 012,C01,2,7,0,2,8,2,1,
2.023E+11,155 588 002,B01,1,30,0,2,1,1,1,
2.023E+11,155 588 007,A01,2,7,0,2,7,15,1,
2.023E+11,155 587 999,A01,1,10,0,2,1,2,3,
2.023E+11,155 588 001,B01,1,7,0,2,4,2,1,
2.023E+11,155 587 996,B01,1,7,0,2,3,1,1,
2.023E+11,155 588 003,A01,2,7,0,2,3,13,1,
2.023E+11,155 587 989,A01,0,7,0,2,2,15,1,
2.023E+11,155 587 995,A01,3,7,8,2,1,9,1,
2.023E+11,155 587 997,B01,3,1,0,2,4,1,5,
2.023E+11,155 587 994,A01,3,7,0,2,3,1,1,
2.023E+11,155 587 998,B01,2,7,0,2,2,1,1,
2.023E+11,155 587 993,C01,1,7,0,2,8,23,1,
2.023E+11,155 588 000,A01,1,7,0,2,1,9,1,
2.023E+11,155 588 005,B01,1,7,0,2,1,21,1,
2.023E+11,155 587 986,A01,0,2,0,2,1,26,1,
2.023E+11,155 587 990,B01,2,7,0,2,3,1,1,
2.023E+11,155 587 987,A01,1,7,0,2,3,1,1,