Num_Acc,id_vehicule,num_veh,senc,catv,obs,obsm,choc,manv,motor,occutc
2.023E+11,155 587 529,A01,2,7,0,2,2,2,1,
2.023E+11,155 587 522,A01,3,7,2,0,9,1,1,
2.023E+11,155 587 523,B01,2,7,0,2,2,9,2,
2.023E+11,155 587 526,A01,1,30,0,2,7,1,3,
2.023E+11,155 587 521,A01,2,7,4,0,2,14,2,
2.023E+11,155 587 520,B01,1,50,0,0,0,1,3,
2.023E+11,155 587 518,B01,2,7,0,2,2,16,1,
2.023E+11,155 587 524,A01,1,50,0,2,1,1,3,
2.023E+11,155 587 517,A01,2,7,0,1,3,1,1,
2.023E+11,155 587 508,A01,1,10,0,1,3,1,1,
2.023E+11,155 587 509,B01,2,7,0,0,1,1,1,
2.023E+11,155 587 516,A01,1,7,0,0,1,17,1,
2.023E+11,155 587 507,A01,1,7,0,2,2,17,0,
2.023E+11,155 587 512,B01,1,7,0,2,5,1,0,
2.023E+11,155 587 506,B01,2,10,0,2,1,0,1,
2.023E+11,155 587 511,C01,2,7,0,2,1,1,1,
2.023E+11,155 587 515,D01,2,7,0,2,4,1,1,
2.023E+11,155 587 519,A01,2,7,0,2,1,1,1,
2.023E+11,155 587 505,Z01,1,1,0,1,1,1,5,
2.023E+11,155 587 504,A01,2,7,7,0,3,12,1,
2.023E+11,155 587 501,A01,3,50,8,0,1,1,3,
2.023E+11,155 587 499,A01,2,7,8,0,1,1,1,
2.023E+11,155 587 498,A01,2,34,0,1,2,17,1,
2.023E+11,155 587 496,A01,3,2,0,2,0,13,1,
2.023E+11,155 587 497,B01,3,7,0,0,1,1,1,
2.023E+11,155 587 492,B01,1,10,0,2,4,2,1,
2.023E+11,155 587 494,A01,1,33,0,2,1,2,1,
2.023E+11,155 587 502,A01,1,7,12,0,3,1,3,
2.023E+11,155 587 491,B01,2,7,0,2,7,1,1,
2.023E+11,155 587 495,A01,2,31,0,2,1,1,1,
2.023E+11,155 587 489,A01,2,7,0,1,1,1,1,
2.023E+11,155 587 487,A01,3,7,9,0,1,1,2,
2.023E+11,155 587 488,B01,2,7,0,9,3,1,1,
2.023E+11,155 587 493,A01,1,10,0,0,0,1,1,
2.023E+11,155 587 486,A01,1,30,0,2,1,17,1,
2.023E+11,155 587 490,B01,1,7,0,2,8,15,1,
2.023E+11,155 587 483,B01,2,7,0,2,3,11,1,
2.023E+11,155 587 485,A01,2,33,14,2,7,3,1,
2.023E+11,155 587 478,B01,2,33,8,2,4,15,1,
2.023E+11,155 587 482,Z01,2,7,0,2,1,2,0,
2.023E+11,155 587 477,A01,2,7,0,2,3,13,1,
2.023E+11,155 587 484,B01,1,10,0,2,3,1,1,
2.023E+11,155 587 476,A01,2,7,4,0,1,1,1,
2.023E+11,155 587 475,A01,3,7,0,1,4,20,1,
2.023E+11,155 587 474,A01,3,7,0,2,3,9,1,
2.023E+11,155 587 480,B01,3,1,0,2,3,1,5,
2.023E+11,155 587 473,A01,1,7,0,2,1,0,0,
2.023E+11,155 587 481,B01,2,7,0,2,3,0,0,
2.023E+11,155 587 468,A01,1,31,0,2,1,2,1,
2.023E+11,155 587 472,B01,1,7,0,0,5,1,1,
2.023E+11,155 587 466,B01,1,7,0,2,8,2,1,
2.023E+11,155 587 471,A01,1,15,0,2,1,2,1,
2.023E+11,155 587 465,A01,2,7,0,2,2,1,0,
2.023E+11,155 587 479,B01,2,7,0,2,3,16,0,
2.023E+11,155 587 463,A01,1,7,0,2,1,26,1,
2.023E+11,155 587 470,B01,1,15,0,2,4,1,1,
2.023E+11,155 587 461,B01,1,33,0,2,1,17,1,
2.023E+11,155 587 467,A01,1,7,0,2,8,15,1,
2.023E+11,155 587 464,A01,3,10,0,2,7,14,1,
2.023E+11,155 587 469,B01,3,80,0,2,8,23,3,
2.023E+11,155 587 460,A01,1,7,13,0,1,1,1,
2.023E+11,155 587 456,A01,1,7,1,0,5,16,1,
2.023E+11,155 587 455,A01,1,7,0,1,1,1,1,
2.023E+11,155 587 453,A01,3,3,0,2,1,2,1,
2.023E+11,155 587 458,B01,3,33,0,2,7,16,1,
2.023E+11,155 587 454,B01,1,33,0,2,8,1,1,
2.023E+11,155 587 459,Z01,1,10,0,2,7,17,0,
2.023E+11,155 587 452,A01,1,2,0,2,4,14,1,
2.023E+11,155 587 457,B01,1,7,0,2,1,1,3,
2.023E+11,155 587 451,A01,2,7,0,1,1,16,1,
2.023E+11,155 587 450,A01,0,32,14,0,1,1,1,
2.023E+11,155 587 448,A01,1,7,0,1,1,1,1,
2.023E+11,155 587 447,A01,1,50,0,0,0,0,3,
2.023E+11,155 587 446,A01,2,10,0,1,2,1,1,
2.023E+11,155 587 445,A01,1,7,4,4,8,0,1,
2.023E+11,155 587 449,B01,1,39,0,2,1,1,1,
2.023E+11,155 587 443,A01,3,7,0,2,1,5,1,
2.023E+11,155 587 444,B01,3,7,0,2,1,1,1,
2.023E+11,155 587 441,A01,2,33,3,0,7,14,1,
2.023E+11,155 587 437,B01,1,7,0,2,8,15,1,
2.023E+11,155 587 440,A01,1,33,0,2,1,17,1,
2.023E+11,155 587 438,B01,1,7,0,2,6,1,2,
2.023E+11,155 587 442,A01,1,38,0,2,2,14,1,1
2.023E+11,155 587 434,A01,3,10,0,0,0,16,1,
2.023E+11,155 587 435,B01,2,13,0,2,2,1,1,
2.023E+11,155 587 439,A01,0,10,0,2,1,9,1,
2.023E+11,155 587 433,A01,1,10,0,2,2,1,1,
2.023E+11,155 587 436,B01,1,33,0,2,4,23,1,
2.023E+11,155 587 430,B01,2,2,0,2,2,10,1,
2.023E+11,155 587 432,A01,1,7,0,2,3,21,1,
2.023E+11,155 587 428,A01,1,7,8,0,1,14,1,
2.023E+11,155 587 427,A01,0,2,0,2,2,3,1,
2.023E+11,155 587 431,B01,0,7,0,2,6,1,1,
2.023E+11,155 587 426,A01,0,7,0,0,0,1,1,
2.023E+11,155 587 425,A01,0,7,1,0,2,1,1,
2.023E+11,155 587 424,A01,2,7,0,2,7,13,1,
2.023E+11,155 587 429,B01,2,30,0,2,1,1,1,
2.023E+11,155 587 421,Z01,1,7,0,1,3,26,0,
2.023E+11,155 587 419,A01,1,10,0,1,2,16,1,
2.023E+11,155 587 420,A01,1,7,0,2,7,12,1,
2.023E+11,155 587 422,B01,1,32,0,2,7,3,1,
2.023E+11,155 587 415,B01,1,7,0,2,8,1,1,
2.023E+11,155 587 418,A01,2,10,0,2,2,19,1,
2.023E+11,155 587 414,B01,3,7,0,2,2,15,2,
2.023E+11,155 587 423,A01,3,7,8,2,1,1,1,
2.023E+11,155 587 413,A01,3,7,0,2,1,1,1,
2.023E+11,155 587 416,B01,3,50,0,2,4,2,3,
2.023E+11,155 587 411,A01,3,7,0,0,0,0,1,
2.023E+11,155 587 412,A01,3,7,0,2,3,1,1,
2.023E+11,155 587 417,B01,2,50,0,2,2,17,3,
2.023E+11,155 587 407,B01,3,7,9,0,8,24,1,
2.023E+11,155 587 408,A01,1,7,1,0,2,13,1,
2.023E+11,155 587 406,A01,1,31,0,2,1,3,1,
2.023E+11,155 587 409,B01,1,7,0,2,6,1,2,
2.023E+11,155 587 405,A01,3,7,0,1,1,1,1,
2.023E+11,155 587 403,A01,2,7,0,2,5,1,1,
2.023E+11,155 587 410,B01,2,34,0,2,1,1,1,
2.023E+11,155 587 404,A01,2,7,2,0,8,0,1,
2.023E+11,155 587 401,A01,2,7,5,0,3,1,1,
2.023E+11,155 587 400,A01,3,1,0,2,1,1,5,
2.023E+11,155 587 402,B01,3,1,0,2,4,1,5,
2.023E+11,155 587 397,A01,1,7,0,1,1,1,2,
2.023E+11,155 587 392,B01,1,1,0,2,3,15,5,
2.023E+11,155 587 396,A01,1,80,0,2,2,17,3,
2.023E+11,155 587 393,A01,2,33,0,2,1,3,1,
2.023E+11,155 587 398,B01,2,7,0,2,5,1,1,
2.023E+11,155 587 394,A01,3,3,0,1,1,1,1,
2.023E+11,155 587 391,A01,1,7,6,0,1,13,1,
2.023E+11,155 587 389,A01,2,7,0,1,2,1,1,
2.023E+11,155 587 388,B01,1,1,0,2,8,1,5,
2.023E+11,155 587 390,A01,1,32,0,2,3,15,1,
2.023E+11,155 587 382,B01,1,21,0,0,5,26,0,
2.023E+11,155 587 386,A01,1,7,0,2,1,1,0,
2.023E+11,155 587 384,A01,1,7,4,0,3,13,1,
2.023E+11,155 587 380,B01,1,31,0,2,2,2,1,
2.023E+11,155 587 385,A01,1,7,0,2,6,23,1,
2.023E+11,155 587 381,A01,2,30,1,0,1,13,3,
2.023E+11,155 587 383,A01,1,7,0,2,2,7,2,
2.023E+11,155 587 387,B01,1,80,0,2,6,1,3,
2.023E+11,155 587 379,A01,1,14,0,1,0,1,1,
2.023E+11,155 587 377,A01,1,33,12,0,9,17,1,
2.023E+11,155 587 378,A01,2,1,0,1,1,1,5,
2.023E+11,155 587 373,A01,2,7,0,2,3,2,1,
2.023E+11,155 587 375,B01,2,33,0,2,7,2,1,
2.023E+11,155 587 372,A01,3,30,0,2,8,26,1,
2.023E+11,155 587 376,B01,3,7,0,2,1,0,0,
2.023E+11,155 587 374,A01,1,7,0,1,2,16,1,
2.023E+11,155 587 371,A01,1,10,0,1,3,1,1,
2.023E+11,155 587 369,A01,3,7,0,1,8,1,1,
2.023E+11,155 587 368,A01,1,7,0,2,1,5,1,
2.023E+11,155 587 370,B01,2,7,0,2,1,2,3,
2.023E+11,155 587 367,A01,1,50,0,0,0,21,3,
2.023E+11,155 587 357,A01,1,7,3,2,2,17,1,
2.023E+11,155 587 362,B01,1,7,3,2,6,1,1,
2.023E+11,155 587 358,B01,1,33,0,2,2,17,1,
2.023E+11,155 587 363,A01,1,7,0,0,6,17,1,
2.023E+11,155 587 359,A01,3,33,0,1,5,0,1,
2.023E+11,155 587 361,A01,2,33,0,2,1,1,1,
2.023E+11,155 587 366,B01,2,7,0,2,5,14,3,
2.023E+11,155 587 360,A01,2,33,0,2,7,17,1,
2.023E+11,155 587 365,B01,1,7,0,2,3,15,3,
2.023E+11,155 587 356,A01,2,7,0,2,5,14,6,
2.023E+11,155 587 364,B01,2,7,0,2,9,1,1,
2.023E+11,155 587 355,A01,1,7,0,1,2,1,1,
2.023E+11,155 587 350,A01,0,7,0,2,8,10,1,
2.023E+11,155 587 353,B01,1,7,0,2,1,1,1,
2.023E+11,155 587 352,A01,2,2,0,0,9,1,1,
2.023E+11,155 587 351,A01,2,1,0,1,1,5,5,
2.023E+11,155 587 348,B01,3,1,0,2,1,19,5,
2.023E+11,155 587 354,A01,3,7,0,2,7,15,1,
2.023E+11,155 587 349,A01,3,33,0,1,1,0,1,
2.023E+11,155 587 346,A01,1,7,14,0,1,2,1,
2.023E+11,155 587 347,B01,1,43,0,2,4,23,1,
2.023E+11,155 587 345,A01,2,50,0,1,7,1,3,
2.023E+11,155 587 344,A01,1,30,0,0,2,1,1,
2.023E+11,155 587 343,A01,3,1,0,0,0,21,5,
2.023E+11,155 587 339,B01,2,7,0,2,1,1,1,
2.023E+11,155 587 342,A01,1,7,0,2,1,5,1,
2.023E+11,155 587 341,A01,1,7,0,1,1,16,1,
2.023E+11,155 587 331,A01,1,7,0,0,5,2,1,
2.023E+11,155 587 333,B01,1,2,0,2,1,2,1,
2.023E+11,155 587 332,A01,1,7,0,1,2,1,1,
2.023E+11,155 587 336,B01,1,7,0,2,5,1,1,
2.023E+11,155 587 340,A01,2,50,0,2,1,19,3,
2.023E+11,155 587 335,A01,2,80,0,2,1,1,3,
2.023E+11,155 587 337,Z01,3,50,0,2,0,5,3,
2.023E+11,155 587 326,A01,2,31,0,2,8,1,1,
2.023E+11,155 587 330,B01,1,7,0,2,3,1,1,
2.023E+11,155 587 325,B01,1,7,0,2,1,1,6,
2.023E+11,155 587 329,A01,2,10,0,2,1,5,6,
2.023E+11,155 587 324,A01,1,80,0,0,0,1,3,
2.023E+11,155 587 322,A01,2,7,0,2,1,13,1,
2.023E+11,155 587 327,B01,2,7,0,2,1,26,1,
2.023E+11,155 587 321,A01,1,1,0,0,0,0,5,
2.023E+11,155 587 319,A01,3,33,0,0,2,2,1,
2.023E+11,155 587 315,A01,2,10,0,2,6,15,1,
2.023E+11,155 587 318,B01,2,31,0,2,1,1,1,
2.023E+11,155 587 312,B01,2,37,0,2,1,2,1,1
2.023E+11,155 587 316,A01,2,37,0,2,4,23,1,1
2.023E+11,155 587 313,A01,2,1,0,2,8,23,5,
2.023E+11,155 587 317,Z01,2,33,0,2,1,23,1,
2.023E+11,155 587 314,A01,2,7,0,2,1,2,1,
2.023E+11,155 587 320,B01,2,1,0,2,4,2,5,
2.023E+11,155 587 310,A01,2,37,0,1,7,1,1,1
2.023E+11,155 587 304,A01,3,7,16,2,2,1,2,
2.023E+11,155 587 306,B01,3,7,9,2,1,1,3,
2.023E+11,155 587 299,A01,2,7,13,0,1,16,1,
2.023E+11,155 587 302,C01,1,33,14,2,0,24,1,
2.023E+11,155 587 307,A01,1,33,1,1,1,1,1,
2.023E+11,155 587 311,B01,1,33,1,0,4,24,1,
2.023E+11,155 587 297,B01,1,1,0,2,7,1,5,
2.023E+11,155 587 303,A01,1,99,0,2,2,9,1,
2.023E+11,155 587 300,A01,1,7,0,2,1,1,1,
2.023E+11,155 587 305,B01,2,10,0,2,2,15,1,
2.023E+11,155 587 308,C01,2,10,0,2,1,1,1,
2.023E+11,155 587 295,B01,2,31,0,2,1,1,1,
2.023E+11,155 587 298,A01,2,7,0,2,7,15,1,
2.023E+11,155 587 294,A01,2,7,0,1,5,4,1,
2.023E+11,155 587 288,A01,3,7,0,2,3,15,1,
2.023E+11,155 587 292,B01,0,2,0,2,0,0,1,
2.023E+11,155 587 289,A01,2,7,0,2,1,0,1,
2.023E+11,155 587 293,B01,2,7,0,2,4,0,1,
2.023E+11,155 587 285,A01,1,7,0,2,7,13,1,
2.023E+11,155 587 290,B01,2,13,0,2,1,1,1,
2.023E+11,155 587 284,A01,1,1,0,2,8,5,5,
2.023E+11,155 587 287,B01,1,33,0,2,1,1,1,
2.023E+11,155 587 283,A01,2,33,0,2,2,3,1,
2.023E+11,155 587 286,B01,2,7,0,2,8,1,1,
2.023E+11,155 587 291,C01,2,7,0,2,7,1,1,
2.023E+11,155 587 296,B01,3,7,0,2,7,1,1,
2.023E+11,155 587 301,A01,3,80,0,2,8,15,3,
2.023E+11,155 587 278,A01,2,7,0,2,5,20,1,
2.023E+11,155 587 281,B01,2,7,0,2,2,1,1,
2.023E+11,155 587 280,B01,2,1,0,2,7,15,5,
2.023E+11,155 587 282,A01,1,7,0,2,1,16,1,
2.023E+11,155 587 275,A01,2,7,0,2,7,17,1,
2.023E+11,155 587 279,B01,2,31,0,2,8,1,1,
2.023E+11,155 587 277,A01,2,7,0,1,3,1,1,
2.023E+11,155 587 276,A01,3,31,0,9,0,16,1,
2.023E+11,155 587 270,A01,1,1,0,2,1,2,5,
2.023E+11,155 587 273,B01,1,7,0,2,5,23,2,
2.023E+11,155 587 267,A01,1,7,0,1,2,1,1,
2.023E+11,155 587 268,A01,1,7,0,2,8,11,1,
2.023E+11,155 587 272,B01,1,33,0,2,7,3,1,
2.023E+11,155 587 274,C01,1,7,0,2,5,1,1,
2.023E+11,155 587 266,B01,3,17,0,2,1,1,1,
2.023E+11,155 587 271,A01,3,10,0,2,3,26,1,
2.023E+11,155 587 265,A01,2,7,15,0,2,15,1,
2.023E+11,155 587 264,A01,0,2,8,0,1,1,1,
2.023E+11,155 587 261,A01,2,7,1,0,9,1,1,
2.023E+11,155 587 260,A01,1,7,0,2,2,15,1,
2.023E+11,155 587 263,B01,2,50,0,2,1,1,3,
2.023E+11,155 587 259,A01,2,1,0,2,2,16,5,
2.023E+11,155 587 262,B01,2,1,0,0,2,2,5,
2.023E+11,155 587 256,A01,1,33,8,0,9,1,6,
2.023E+11,155 587 255,A01,2,7,0,2,1,1,1,
2.023E+11,155 587 258,B01,2,7,0,2,4,1,4,
2.023E+11,155 587 251,A01,1,7,3,0,1,0,1,
2.023E+11,155 587 253,A01,2,7,0,2,4,2,1,
2.023E+11,155 587 254,C01,2,7,0,2,4,1,1,
2.023E+11,155 587 257,B01,2,10,0,2,1,2,1,
2.023E+11,155 587 252,A01,2,17,0,1,1,1,1,
2.023E+11,155 587 245,A01,3,1,0,2,1,1,5,
2.023E+11,155 587 248,B01,3,7,0,2,4,23,1,
2.023E+11,155 587 243,A01,2,7,0,2,2,15,1,
2.023E+11,155 587 247,B01,2,7,0,2,8,1,1,
2.023E+11,155 587 242,B01,1,7,0,2,6,1,2,
2.023E+11,155 587 246,A01,1,10,0,2,2,14,1,
2.023E+11,155 587 241,A01,2,7,0,2,2,15,1,
2.023E+11,155 587 244,B01,1,50,0,2,1,1,3,
2.023E+11,155 587 239,Z01,1,2,0,1,1,9,0,
2.023E+11,155 587 237,A01,1,7,4,0,1,0,1,
2.023E+11,155 587 236,A01,3,7,0,2,1,16,1,
2.023E+11,155 587 240,B01,3,7,0,2,4,23,1,
2.023E+11,155 587 232,A01,1,7,0,2,1,1,1,
2.023E+11,155 587 233,B01,1,7,0,2,4,1,1,
2.023E+11,155 587 235,C01,1,7,0,2,4,1,1,
2.023E+11,155 587 231,C01,2,7,0,2,1,0,1,
2.023E+11,155 587 234,B01,2,2,0,2,1,1,1,
2.023E+11,155 587 238,A01,1,7,0,2,2,15,1,
2.023E+11,155 587 230,A01,1,33,0,0,8,13,1,
2.023E+11,155 587 228,A01,3,7,1,0,7,13,1,
2.023E+11,155 587 225,A01,1,7,0,1,1,16,1,
2.023E+11,155 587 224,A01,1,10,0,2,8,10,1,
2.023E+11,155 587 227,B01,1,30,0,2,1,17,1,
2.023E+11,155 587 223,A01,2,7,0,2,1,2,1,
2.023E+11,155 587 226,B01,2,7,0,2,4,2,1,
2.023E+11,155 587 221,A01,2,10,0,2,3,26,1,
2.023E+11,155 587 229,B01,1,1,0,2,1,25,5,
2.023E+11,155 587 220,A01,1,30,0,2,1,2,3,
2.023E+11,155 587 222,B01,1,7,0,2,6,23,1,
2.023E+11,155 587 217,A01,2,7,0,1,0,19,1,
2.023E+11,155 587 215,A01,1,10,0,2,1,5,1,
2.023E+11,155 587 219,B01,2,10,0,2,1,1,3,
2.023E+11,155 587 212,A01,1,1,0,0,8,1,5,
2.023E+11,155 587 211,C01,2,7,0,9,2,1,1,
2.023E+11,155 587 214,B01,2,17,0,2,4,2,1,
2.023E+11,155 587 218,A01,2,31,0,2,1,2,1,
2.023E+11,155 587 213,B01,1,7,0,2,7,1,1,
2.023E+11,155 587 216,A01,1,37,0,2,7,16,1,1
2.023E+11,155 587 208,A01,1,7,0,2,2,15,1,
2.023E+11,155 587 210,B01,2,2,0,2,3,1,1,
2.023E+11,155 587 205,A01,2,7,0,0,1,1,1,
2.023E+11,155 587 207,A01,1,7,0,2,0,1,1,
2.023E+11,155 587 209,B01,1,80,0,2,0,1,3,
2.023E+11,155 587 203,A01,3,10,0,1,5,20,1,
2.023E+11,155 587 204,A01,3,7,0,2,1,1,1,
2.023E+11,155 587 206,B01,3,1,0,2,4,1,5,
2.023E+11,155 587 197,B01,2,7,0,2,4,2,1,
2.023E+11,155 587 201,A01,2,10,0,2,1,2,1,
2.023E+11,155 587 195,A01,1,50,0,2,1,1,3,
2.023E+11,155 587 199,B01,1,7,0,2,2,1,1,
2.023E+11,155 587 194,B01,1,7,0,2,3,1,1,
2.023E+11,155 587 200,A01,2,7,0,2,1,13,1,
2.023E+11,155 587 202,C01,2,7,0,2,3,1,1,
2.023E+11,155 587 192,A01,1,1,0,2,0,1,5,
2.023E+11,155 587 196,B01,2,1,0,2,7,1,5,
2.023E+11,155 587 193,B01,0,34,0,2,1,2,1,
2.023E+11,155 587 198,A01,0,7,0,2,3,15,1,
2.023E+11,155 587 190,A01,1,7,13,0,1,13,1,
2.023E+11,155 587 186,B01,2,33,0,2,8,3,1,
2.023E+11,155 587 188,A01,2,33,0,2,8,11,1,
2.023E+11,155 587 191,C01,2,7,0,2,8,1,1,
2.023E+11,155 587 184,B01,2,50,0,0,0,0,3,
2.023E+11,155 587 189,A01,0,10,0,2,0,2,0,
2.023E+11,155 587 187,A01,1,30,0,1,1,1,1,
2.023E+11,155 587 183,Z01,0,7,0,2,7,12,1,
2.023E+11,155 587 185,A01,3,34,0,2,8,16,1,
2.023E+11,155 587 181,A01,1,1,0,2,5,0,5,
2.023E+11,155 587 182,B01,2,7,0,2,2,1,1,
2.023E+11,155 587 178,B01,2,7,0,2,3,0,1,
2.023E+11,155 587 179,A01,2,2,0,2,1,26,1,
2.023E+11,155 587 180,A01,1,7,4,0,2,1,1,
2.023E+11,155 587 177,A01,2,50,0,0,0,1,3,
2.023E+11,155 587 174,A01,3,7,0,1,1,15,1,
2.023E+11,155 587 172,A01,1,30,0,1,1,1,1,
2.023E+11,155 587 175,A01,1,3,0,2,1,1,1,
2.023E+11,155 587 176,B01,3,30,0,2,1,9,1,
2.023E+11,155 587 170,A01,0,7,0,2,4,0,1,
2.023E+11,155 587 171,B01,0,7,0,2,1,0,1,
2.023E+11,155 587 165,A01,2,50,0,2,1,2,3,
2.023E+11,155 587 168,B01,2,7,0,2,5,15,1,
2.023E+11,155 587 166,A01,2,1,9,2,8,15,5,
2.023E+11,155 587 169,B01,2,33,0,2,2,2,1,
2.023E+11,155 587 164,A01,3,43,0,0,0,2,1,
2.023E+11,155 587 163,Z01,1,2,0,2,1,0,0,
2.023E+11,155 587 167,A01,2,1,0,2,3,15,5,
2.023E+11,155 587 160,A01,1,7,0,1,1,1,1,
2.023E+11,155 587 162,B01,2,1,0,2,1,1,5,
2.023E+11,155 587 173,A01,2,7,0,9,3,9,1,
2.023E+11,155 587 158,A01,0,7,0,2,0,0,1,
2.023E+11,155 587 159,B01,0,7,0,2,1,0,1,
2.023E+11,155 587 157,A01,2,7,0,2,1,1,1,
2.023E+11,155 587 161,B01,2,1,0,2,7,1,5,
2.023E+11,155 587 155,A01,1,7,1,1,1,19,1,
2.023E+11,155 587 154,A01,1,7,0,2,2,1,1,
2.023E+11,155 587 156,B01,1,3,0,2,3,1,1,
2.023E+11,155 587 152,A01,1,10,0,0,9,0,1,
2.023E+11,155 587 153,A01,0,7,0,1,2,19,1,
2.023E+11,155 587 151,A01,2,7,0,0,9,1,1,
2.023E+11,155 587 148,A01,2,33,0,2,0,0,1,
2.023E+11,155 587 145,A01,1,7,0,2,1,19,1,
2.023E+11,155 587 149,B01,2,34,0,2,8,1,1,
2.023E+11,155 587 144,B01,0,50,0,2,1,1,3,
2.023E+11,155 587 147,A01,0,10,0,2,7,22,1,
2.023E+11,155 587 143,A01,1,33,1,0,1,3,1,
2.023E+11,155 587 146,C01,1,38,0,2,4,0,1,1
2.023E+11,155 587 150,B01,1,3,0,2,1,0,1,
2.023E+11,155 587 139,A01,3,1,0,2,2,18,5,
2.023E+11,155 587 142,B01,3,7,0,2,5,23,1,
2.023E+11,155 587 138,B01,1,30,0,2,1,1,1,
2.023E+11,155 587 140,A01,2,7,0,2,3,13,1,
2.023E+11,155 587 137,B01,1,2,0,0,5,0,0,
2.023E+11,155 587 141,A01,1,33,0,2,2,14,1,
2.023E+11,155 587 136,A01,1,7,0,1,1,1,1,
2.023E+11,155 587 133,A01,0,31,0,0,0,9,1,
2.023E+11,155 587 132,A01,0,7,1,0,0,0,1,
2.023E+11,155 587 135,B01,2,1,1,0,2,0,5,
2.023E+11,155 587 131,A01,1,7,0,2,1,2,0,
2.023E+11,155 587 134,B01,1,7,0,2,4,2,0,
2.023E+11,155 587 130,A01,3,15,0,0,8,0,6,
2.023E+11,155 587 129,A01,2,32,0,1,3,9,1,
2.023E+11,155 587 128,A01,1,30,14,0,0,26,1,
2.023E+11,155 587 125,A01,1,7,0,2,1,15,1,
2.023E+11,155 587 127,B01,2,7,8,2,1,1,1,
2.023E+11,155 587 124,A01,2,7,0,1,1,1,2,
2.023E+11,155 587 123,A01,1,7,0,2,1,9,1,
2.023E+11,155 587 126,B01,1,7,0,2,2,1,1,
2.023E+11,155 587 122,A01,1,7,4,0,3,1,1,
2.023E+11,155 587 118,A01,1,7,0,2,6,1,0,
2.023E+11,155 587 121,B01,2,7,0,2,3,13,1,
2.023E+11,155 587 116,B01,3,7,0,2,2,1,1,
2.023E+11,155 587 119,A01,3,7,0,2,3,9,1,
2.023E+11,155 587 117,B01,3,32,0,2,1,9,1,
2.023E+11,155 587 120,A01,3,7,0,2,2,9,1,
2.023E+11,155 587 115,A01,1,1,0,1,1,1,5,
2.023E+11,155 587 110,A01,1,7,0,2,1,1,1,
2.023E+11,155 587 112,B01,1,7,0,2,4,23,1,
2.023E+11,155 587 109,B01,1,7,0,2,-1,1,-1,
2.023E+11,155 587 113,A01,1,34,0,2,8,1,1,
2.023E+11,155 587 108,B01,0,10,0,2,8,0,1,
2.023E+11,155 587 114,A01,1,31,0,2,7,9,1,
2.023E+11,155 587 107,A01,1,7,0,2,3,1,1,
2.023E+11,155 587 111,B01,2,30,0,2,1,15,1,
2.023E+11,155 587 103,A01,0,31,0,2,1,23,0,
2.023E+11,155 587 104,B01,0,3,0,2,6,1,0,
2.023E+11,155 587 102,B01,2,1,0,2,7,0,5,
2.023E+11,155 587 106,A01,2,7,0,2,1,9,1,
2.023E+11,155 587 101,Z01,3,0,0,0,0,0,0,
2.023E+11,155 587 105,B01,3,50,0,2,2,1,3,
2.023E+11,155 587 100,A01,2,7,13,0,7,1,1,
2.023E+11,155 587 096,B01,1,50,1,0,1,1,3,
2.023E+11,155 587 099,A01,1,10,0,2,3,24,1,
2.023E+11,155 587 095,A01,1,10,0,1,2,1,1,
2.023E+11,155 587 094,A01,2,7,0,2,1,26,1,
2.023E+11,155 587 098,B01,1,10,0,2,1,15,1,
2.023E+11,155 587 092,A01,2,1,12,0,7,16,5,
2.023E+11,155 587 088,A01,1,7,0,9,1,1,1,
2.023E+11,155 587 090,B01,2,1,0,2,1,5,5,
2.023E+11,155 587 087,B01,2,13,0,2,3,26,1,
2.023E+11,155 587 089,A01,1,7,12,2,3,1,2,
2.023E+11,155 587 085,A01,2,3,0,1,7,21,3,
2.023E+11,155 587 080,A01,2,34,0,2,3,2,1,
2.023E+11,155 587 083,B01,2,10,0,2,5,2,1,
2.023E+11,155 587 078,A01,0,7,0,2,4,4,1,
2.023E+11,155 587 081,B01,0,43,0,2,7,1,1,
2.023E+11,155 587 077,A01,3,7,0,2,3,1,1,
2.023E+11,155 587 079,B01,3,31,0,2,3,1,1,
2.023E+11,155 587 076,B01,2,7,0,2,1,1,1,
2.023E+11,155 587 082,A01,1,3,0,2,7,1,1,
2.023E+11,155 587 074,B01,1,33,0,2,1,2,1,
2.023E+11,155 587 075,A01,2,33,0,2,6,10,1,
2.023E+11,155 587 071,B01,3,7,0,2,1,2,1,
2.023E+11,155 587 072,A01,3,7,14,2,4,2,1,
2.023E+11,155 587 066,A01,2,7,0,2,1,2,1,
2.023E+11,155 587 067,B01,2,7,0,2,6,2,1,
2.023E+11,155 587 070,C01,2,7,0,2,6,2,1,
2.023E+11,155 587 073,D01,2,7,0,2,7,2,2,
2.023E+11,155 587 065,B01,1,7,0,2,7,1,1,
2.023E+11,155 587 069,A01,3,7,0,2,1,19,1,
2.023E+11,155 587 064,A01,1,7,0,2,2,22,1,
2.023E+11,155 587 068,B01,1,50,0,2,1,1,3,
2.023E+11,155 587 057,B01,1,1,0,2,2,1,0,
2.023E+11,155 587 061,A01,3,2,0,2,7,23,0,
2.023E+11,155 587 056,C01,1,7,0,2,4,2,1,
2.023E+11,155 587 060,B01,1,15,0,2,4,2,1,
2.023E+11,155 587 062,D01,1,7,0,2,4,2,1,