Num_Acc,id_vehicule,num_veh,senc,catv,obs,obsm,choc,manv,motor,occutc
2.023E+11,155 585 655,B01,2,1,0,2,1,1,5,
2.023E+11,155 585 660,A01,1,7,0,2,3,15,1,
2.023E+11,155 585 653,A01,1,1,0,2,1,19,5,
2.023E+11,155 585 659,B01,2,2,0,2,5,1,1,
2.023E+11,155 585 654,B01,3,50,0,2,1,0,3,
2.023E+11,155 585 664,A01,3,7,0,2,6,15,1,
2.023E+11,155 585 648,A01,1,33,2,0,1,1,1,
2.023E+11,155 585 650,B01,3,2,0,2,1,1,1,
2.023E+11,155 585 657,A01,3,10,0,2,2,20,1,
2.023E+11,155 585 644,A01,1,32,0,2,4,2,1,
2.023E+11,155 585 646,B01,2,7,0,2,4,2,1,
2.023E+11,155 585 651,C01,2,7,0,0,4,2,1,
2.023E+11,155 585 656,A01,2,7,0,2,1,12,1,
2.023E+11,155 585 643,A01,2,7,0,2,6,11,1,
2.023E+11,155 585 649,B01,2,31,0,2,7,1,1,
2.023E+11,155 585 642,B01,2,7,4,2,6,1,1,
2.023E+11,155 585 647,A01,2,7,4,2,1,0,1,
2.023E+11,155 585 652,C01,2,7,4,2,4,1,1,
2.023E+11,155 585 640,A01,1,7,0,2,3,13,1,
2.023E+11,155 585 645,B01,1,33,0,0,8,1,1,
2.023E+11,155 585 638,A01,1,7,2,0,1,0,1,
2.023E+11,155 585 636,A01,3,37,0,1,6,1,4,1
2.023E+11,155 585 632,A01,1,10,0,0,0,1,1,
2.023E+11,155 585 633,A01,1,7,0,2,1,1,1,
2.023E+11,155 585 639,B01,2,1,0,2,0,0,0,
2.023E+11,155 585 637,B01,1,1,0,0,6,15,5,
2.023E+11,155 585 641,A01,1,10,0,9,2,17,1,
2.023E+11,155 585 623,B01,1,7,0,2,4,1,1,
2.023E+11,155 585 628,D01,1,7,0,2,4,1,1,
2.023E+11,155 585 629,A01,1,7,0,2,1,1,1,
2.023E+11,155 585 635,C01,1,7,0,2,4,1,1,
2.023E+11,155 585 620,B01,1,7,0,2,4,2,1,
2.023E+11,155 585 631,A01,1,10,0,2,1,2,1,
2.023E+11,155 585 622,A01,2,7,0,2,1,13,6,
2.023E+11,155 585 626,B01,1,7,0,2,1,1,1,
2.023E+11,155 585 624,B01,2,7,0,2,3,1,1,
2.023E+11,155 585 634,A01,1,50,0,2,2,19,3,
2.023E+11,155 585 619,A01,1,7,0,0,1,9,1,
2.023E+11,155 585 618,A01,2,7,0,0,0,0,1,
2.023E+11,155 585 621,A01,1,7,0,2,1,1,1,
2.023E+11,155 585 627,B01,2,7,0,2,8,1,1,
2.023E+11,155 585 616,A01,3,7,0,1,1,1,1,
2.023E+11,155 585 614,A01,1,7,3,2,1,2,1,
2.023E+11,155 585 610,A01,1,33,0,2,1,1,1,
2.023E+11,155 585 612,B01,1,7,0,2,4,2,1,
2.023E+11,155 585 615,X01,1,7,0,0,0,0,0,
2.023E+11,155 585 625,B01,1,13,0,2,8,2,1,
2.023E+11,155 585 630,A01,1,7,0,2,4,2,1,
2.023E+11,155 585 611,B01,2,7,0,2,1,1,1,
2.023E+11,155 585 617,A01,2,7,0,2,8,1,1,
2.023E+11,155 585 604,A01,2,7,6,0,2,1,0,
2.023E+11,155 585 605,A01,1,7,0,1,1,1,1,
2.023E+11,155 585 602,A01,1,7,0,2,3,1,0,
2.023E+11,155 585 607,B01,2,33,0,2,4,1,0,
2.023E+11,155 585 599,A01,1,10,4,0,2,1,1,
2.023E+11,155 585 598,A01,3,7,0,2,3,1,1,
2.023E+11,155 585 603,B01,3,7,0,2,1,1,3,
2.023E+11,155 585 608,C01,3,7,0,2,2,15,2,
2.023E+11,155 585 606,A01,2,7,0,1,2,1,1,
2.023E+11,155 585 597,A01,2,2,0,2,3,15,1,
2.023E+11,155 585 600,B01,2,7,0,2,7,17,1,
2.023E+11,155 585 593,A01,2,7,0,2,1,1,1,
2.023E+11,155 585 596,B01,2,7,4,2,4,1,1,
2.023E+11,155 585 594,A01,2,21,13,0,7,14,1,
2.023E+11,155 585 591,C01,2,7,0,2,4,1,1,
2.023E+11,155 585 595,A01,2,7,0,2,1,1,1,
2.023E+11,155 585 601,B01,2,7,0,2,4,0,1,
2.023E+11,155 585 587,A01,2,7,0,2,0,15,1,
2.023E+11,155 585 592,B01,1,30,0,2,1,1,1,
2.023E+11,155 585 586,A01,2,7,0,9,4,1,1,
2.023E+11,155 585 585,A01,1,7,2,0,2,1,1,
2.023E+11,155 585 583,A01,1,30,0,2,1,17,0,
2.023E+11,155 585 589,B01,1,7,0,2,8,15,1,
2.023E+11,155 585 579,B01,1,7,0,2,5,1,2,
2.023E+11,155 585 588,A01,1,31,0,2,3,3,1,
2.023E+11,155 585 578,B01,2,33,0,2,8,1,1,
2.023E+11,155 585 584,A01,2,33,0,2,2,15,1,
2.023E+11,155 585 577,A01,2,2,0,2,1,17,1,
2.023E+11,155 585 581,B01,1,7,0,2,1,1,1,
2.023E+11,155 585 590,C01,2,7,0,2,1,1,1,
2.023E+11,155 585 576,A01,1,7,0,2,7,1,1,
2.023E+11,155 585 580,B01,1,1,0,2,8,1,5,
2.023E+11,155 585 574,A01,3,1,12,0,0,0,5,
2.023E+11,155 585 571,A01,2,7,0,2,1,2,1,
2.023E+11,155 585 575,B01,2,7,0,2,4,2,1,
2.023E+11,155 585 582,C01,2,7,0,2,4,2,1,
2.023E+11,155 585 572,A01,1,7,4,2,1,16,1,
2.023E+11,155 585 570,A01,1,7,6,0,1,6,1,
2.023E+11,155 585 566,B01,2,7,0,2,1,1,1,
2.023E+11,155 585 573,A01,1,7,0,2,1,1,1,
2.023E+11,155 585 567,A01,3,10,0,1,0,15,-1,
2.023E+11,155 585 563,A01,1,33,0,2,3,1,1,
2.023E+11,155 585 568,B01,2,10,0,2,3,1,1,
2.023E+11,155 585 562,A01,1,7,13,0,3,1,1,
2.023E+11,155 585 564,A01,1,7,0,1,2,1,1,
2.023E+11,155 585 560,A01,3,50,0,2,1,5,3,
2.023E+11,155 585 569,B01,3,7,0,9,2,20,1,
2.023E+11,155 585 559,A01,2,33,0,2,1,2,1,
2.023E+11,155 585 561,B01,2,7,0,2,7,1,1,
2.023E+11,155 585 557,A01,1,7,0,2,2,1,0,
2.023E+11,155 585 565,B01,1,1,0,2,8,1,5,
2.023E+11,155 585 556,A01,1,7,1,0,1,26,2,
2.023E+11,155 585 555,A01,1,33,0,2,7,0,1,
2.023E+11,155 585 558,B01,1,7,0,2,8,0,1,
2.023E+11,155 585 551,A01,-1,7,0,1,2,1,3,
2.023E+11,155 585 552,A01,1,10,0,1,7,1,1,
2.023E+11,155 585 542,A01,1,10,0,2,1,0,1,
2.023E+11,155 585 549,B01,1,7,0,2,6,1,1,
2.023E+11,155 585 548,A01,3,7,0,1,0,15,1,
2.023E+11,155 585 546,A01,2,7,0,2,3,1,1,
2.023E+11,155 585 550,B01,1,7,0,2,3,13,1,
2.023E+11,155 585 543,B01,1,2,0,2,0,0,0,
2.023E+11,155 585 554,A01,1,7,0,2,1,2,0,
2.023E+11,155 585 545,B01,1,2,0,2,1,1,1,
2.023E+11,155 585 553,A01,2,10,0,2,2,15,1,
2.023E+11,155 585 538,A01,2,7,16,0,3,1,1,
2.023E+11,155 585 537,A01,2,7,4,0,7,26,1,
2.023E+11,155 585 539,A01,1,7,0,2,3,15,3,
2.023E+11,155 585 544,B01,1,50,0,2,2,17,3,
2.023E+11,155 585 530,B01,2,33,0,2,1,1,1,
2.023E+11,155 585 534,A01,2,10,0,2,8,11,1,
2.023E+11,155 585 535,A01,1,7,6,0,1,15,1,
2.023E+11,155 585 528,A01,1,7,0,1,1,2,1,
2.023E+11,155 585 526,A01,2,7,0,2,3,5,1,
2.023E+11,155 585 532,B01,1,7,0,2,1,1,1,
2.023E+11,155 585 525,B01,2,7,0,2,4,2,1,
2.023E+11,155 585 533,C01,2,7,0,2,4,2,1,
2.023E+11,155 585 536,D01,2,7,0,2,1,2,1,
2.023E+11,155 585 541,A01,2,7,0,2,4,2,1,
2.023E+11,155 585 524,A01,1,7,0,2,1,1,1,
2.023E+11,155 585 531,B01,2,7,0,2,3,1,1,
2.023E+11,155 585 520,A01,2,7,0,2,2,1,1,
2.023E+11,155 585 527,B01,0,10,0,2,3,9,1,
2.023E+11,155 585 517,B01,1,7,0,2,1,17,1,
2.023E+11,155 585 522,A01,1,10,0,2,1,1,1,
2.023E+11,155 585 516,C01,1,7,0,2,1,1,1,
2.023E+11,155 585 521,A01,2,7,0,2,1,13,1,
2.023E+11,155 585 529,B01,1,15,0,2,0,1,1,
2.023E+11,155 585 513,B01,1,33,0,0,7,2,1,
2.023E+11,155 585 518,C01,1,7,0,2,2,2,0,
2.023E+11,155 585 523,A01,1,1,0,2,8,2,5,
2.023E+11,155 585 509,A01,1,7,0,1,1,1,1,
2.023E+11,155 585 505,B01,1,7,0,2,4,2,1,
2.023E+11,155 585 512,C01,1,7,0,2,1,2,1,
2.023E+11,155 585 514,D01,1,7,0,2,1,2,2,
2.023E+11,155 585 519,A01,1,7,0,2,4,2,2,
2.023E+11,155 585 504,B01,2,1,0,2,8,2,0,
2.023E+11,155 585 515,A01,1,7,0,2,1,19,1,
2.023E+11,155 585 507,A01,3,7,0,1,4,20,0,
2.023E+11,155 585 503,A01,2,2,0,2,1,13,1,
2.023E+11,155 585 510,B01,1,7,0,2,3,1,1,
2.023E+11,155 585 502,A01,1,7,0,0,1,13,1,
2.023E+11,155 585 500,A01,2,7,13,0,9,1,1,
2.023E+11,155 585 499,A01,1,1,0,0,0,0,5,
2.023E+11,155 585 498,B01,2,37,0,2,1,1,2,3
2.023E+11,155 585 511,A01,3,7,0,2,7,9,1,
2.023E+11,155 585 491,A01,2,7,0,2,1,13,1,
2.023E+11,155 585 495,B01,1,7,0,2,1,1,1,
2.023E+11,155 585 493,A01,1,33,8,0,1,14,1,
2.023E+11,155 585 488,A01,0,1,0,2,1,13,5,
2.023E+11,155 585 494,B01,0,7,0,9,3,1,1,
2.023E+11,155 585 489,A01,1,32,12,2,7,15,0,
2.023E+11,155 585 496,B01,2,7,0,2,3,15,1,
2.023E+11,155 585 484,A01,3,34,15,0,0,0,1,
2.023E+11,155 585 483,A01,1,7,0,1,3,1,1,
2.023E+11,155 585 482,B01,2,7,0,2,1,15,0,
2.023E+11,155 585 487,A01,1,7,0,2,3,1,0,
2.023E+11,155 585 485,A01,2,1,0,2,1,2,5,
2.023E+11,155 585 492,B01,2,1,0,2,4,2,5,
2.023E+11,155 585 497,C01,2,7,0,2,4,2,2,
2.023E+11,155 585 480,A01,1,14,12,0,8,0,1,
2.023E+11,155 585 478,B01,1,33,0,2,1,17,1,
2.023E+11,155 585 490,A01,1,7,0,2,3,9,1,
2.023E+11,155 585 475,A01,1,7,0,2,5,9,1,
2.023E+11,155 585 479,B01,1,99,0,2,1,1,5,
2.023E+11,155 585 477,C01,2,10,0,0,4,2,0,
2.023E+11,155 585 481,B01,2,7,0,2,4,2,1,
2.023E+11,155 585 486,A01,2,10,0,2,1,1,1,
2.023E+11,155 585 473,A01,3,7,0,2,1,1,1,
2.023E+11,155 585 476,B01,3,7,0,2,4,1,1,
2.023E+11,155 585 469,A01,1,7,0,1,2,1,1,
2.023E+11,155 585 468,B01,1,7,0,2,2,1,1,
2.023E+11,155 585 474,A01,1,7,0,2,6,9,1,
2.023E+11,155 585 466,A01,1,32,0,0,0,0,1,
2.023E+11,155 585 461,B01,3,1,0,2,7,1,5,
2.023E+11,155 585 472,A01,3,7,0,2,0,16,2,
2.023E+11,155 585 459,A01,2,7,0,2,1,2,1,
2.023E+11,155 585 463,B01,2,7,0,2,4,2,1,
2.023E+11,155 585 464,A01,1,31,0,0,9,16,1,
2.023E+11,155 585 457,B01,1,7,0,2,1,2,1,
2.023E+11,155 585 465,A01,1,7,0,2,4,2,1,
2.023E+11,155 585 470,C01,1,7,0,2,1,2,1,
2.023E+11,155 585 458,A01,1,7,0,2,2,19,1,
2.023E+11,155 585 471,B01,1,10,0,2,3,0,1,
2.023E+11,155 585 455,A01,2,30,0,0,1,1,3,
2.023E+11,155 585 453,B01,1,7,0,2,1,9,1,
2.023E+11,155 585 460,A01,1,7,0,2,3,9,1,
2.023E+11,155 585 450,A01,1,33,0,0,3,1,1,
2.023E+11,155 585 447,B01,2,7,0,2,6,2,1,
2.023E+11,155 585 451,A01,2,33,0,2,6,17,1,
2.023E+11,155 585 446,A01,1,7,0,2,1,5,1,
2.023E+11,155 585 452,B01,2,7,0,2,1,1,1,
2.023E+11,155 585 449,A01,2,10,0,2,4,1,1,
2.023E+11,155 585 454,B01,2,33,0,2,1,1,1,
2.023E+11,155 585 442,A01,1,7,2,2,0,0,1,
2.023E+11,155 585 448,B01,1,7,0,2,0,0,1,
2.023E+11,155 585 439,A01,1,7,0,2,4,12,1,
2.023E+11,155 585 444,B01,1,33,0,2,1,1,1,
2.023E+11,155 585 435,B01,1,33,0,2,8,9,1,
2.023E+11,155 585 443,A01,1,7,0,2,6,9,1,
2.023E+11,155 585 437,A01,1,30,0,1,1,1,1,
2.023E+11,155 585 441,A01,1,7,0,2,1,26,1,
2.023E+11,155 585 445,B01,1,1,0,2,8,16,5,
2.023E+11,155 585 436,A01,1,10,0,1,3,10,0,
2.023E+11,155 585 434,A01,1,7,0,2,1,15,1,
2.023E+11,155 585 440,B01,1,7,0,2,2,17,1,
2.023E+11,155 585 429,A01,1,7,0,2,3,9,1,
2.023E+11,155 585 431,B01,1,2,0,2,1,1,0,
2.023E+11,155 585 425,A01,2,7,0,2,1,2,1,
2.023E+11,155 585 432,B01,2,7,0,2,4,2,1,
2.023E+11,155 585 424,A01,2,7,2,0,2,26,1,
2.023E+11,155 585 423,A01,2,7,4,0,3,1,1,
2.023E+11,155 585 422,Z01,1,30,0,1,1,1,0,
2.023E+11,155 585 421,A01,2,7,0,2,3,10,1,
2.023E+11,155 585 427,B01,2,33,0,2,1,2,1,
2.023E+11,155 585 418,A01,3,36,13,0,3,1,1,
2.023E+11,155 585 417,C01,2,7,0,2,4,1,1,
2.023E+11,155 585 420,B01,2,7,0,2,8,11,1,
2.023E+11,155 585 428,A01,2,33,0,2,7,3,1,
2.023E+11,155 585 413,A01,1,7,1,1,1,1,1,
2.023E+11,155 585 415,A01,2,31,0,1,2,17,1,
2.023E+11,155 585 414,A01,2,7,0,2,1,5,0,
2.023E+11,155 585 419,B01,1,7,0,2,1,2,0,
2.023E+11,155 585 430,C01,1,7,0,2,1,1,0,
2.023E+11,155 585 411,A01,1,31,3,0,3,2,1,
2.023E+11,155 585 409,A01,3,7,0,2,1,2,1,
2.023E+11,155 585 416,B01,3,33,0,2,4,2,1,
2.023E+11,155 585 407,A01,2,33,16,0,9,1,1,
2.023E+11,155 585 406,A01,2,7,0,0,1,1,1,
2.023E+11,155 585 410,B01,3,7,0,0,7,15,1,
2.023E+11,155 585 405,B01,1,7,0,2,4,2,1,
2.023E+11,155 585 412,A01,1,7,0,2,2,2,6,
2.023E+11,155 585 403,B01,2,10,0,0,1,1,1,
2.023E+11,155 585 408,A01,1,33,0,2,6,1,1,
2.023E+11,155 585 398,A01,3,7,14,2,1,5,1,
2.023E+11,155 585 402,B01,0,7,4,2,1,1,1,
2.023E+11,155 585 396,B01,1,7,0,2,1,26,1,
2.023E+11,155 585 401,A01,2,7,3,0,1,13,1,
2.023E+11,155 585 397,B01,1,37,0,2,2,1,0,1
2.023E+11,155 585 400,A01,2,7,0,2,8,19,0,
2.023E+11,155 585 392,A01,2,7,4,0,3,21,1,
2.023E+11,155 585 394,A01,2,7,0,2,7,17,1,
2.023E+11,155 585 399,B01,2,30,0,2,8,15,1,
2.023E+11,155 585 395,B01,1,7,0,2,2,15,1,
2.023E+11,155 585 404,A01,0,7,0,2,3,1,3,
2.023E+11,155 585 389,A01,2,1,0,0,3,1,5,
2.023E+11,155 585 387,B01,0,7,0,2,3,1,1,
2.023E+11,155 585 393,A01,3,32,0,2,1,17,1,
2.023E+11,155 585 383,A01,2,7,0,2,7,15,1,
2.023E+11,155 585 391,B01,2,32,0,2,1,1,1,
2.023E+11,155 585 386,A01,2,7,0,2,1,9,2,
2.023E+11,155 585 390,B01,2,33,0,2,5,1,1,
2.023E+11,155 585 382,A01,2,10,0,1,2,1,1,
2.023E+11,155 585 380,A01,1,7,0,2,1,1,1,
2.023E+11,155 585 388,B01,1,7,0,2,2,15,1,
2.023E+11,155 585 378,A01,2,7,4,0,0,1,0,
2.023E+11,155 585 376,A01,0,50,0,2,1,26,5,
2.023E+11,155 585 381,B01,0,7,0,2,6,0,1,
2.023E+11,155 585 375,A01,2,7,0,2,1,2,1,
2.023E+11,155 585 377,B01,2,7,0,2,4,2,0,
2.023E+11,155 585 384,C01,2,7,0,0,4,2,0,
2.023E+11,155 585 374,A01,1,7,0,2,3,1,1,
2.023E+11,155 585 385,Z01,1,15,0,2,5,17,0,
2.023E+11,155 585 372,A01,3,7,2,0,1,1,1,
2.023E+11,155 585 370,A01,1,7,0,1,5,1,1,
2.023E+11,155 585 373,A01,1,7,0,2,7,1,1,
2.023E+11,155 585 379,B01,1,7,0,2,3,15,1,
2.023E+11,155 585 369,A01,1,7,0,0,9,1,1,
2.023E+11,155 585 366,A01,1,7,15,0,2,14,1,
2.023E+11,155 585 365,A01,3,10,0,1,3,1,1,
2.023E+11,155 585 364,A01,1,7,0,2,1,5,1,
2.023E+11,155 585 367,B01,2,7,0,2,8,1,1,
2.023E+11,155 585 371,C01,2,7,0,2,1,1,2,
2.023E+11,155 585 361,A01,2,7,0,2,1,2,1,
2.023E+11,155 585 368,B01,1,7,0,2,3,2,1,
2.023E+11,155 585 362,A01,1,7,4,0,0,1,1,
2.023E+11,155 585 356,A01,1,15,0,2,2,12,1,
2.023E+11,155 585 360,B01,1,7,0,2,6,1,1,
2.023E+11,155 585 352,A01,1,7,3,0,1,16,1,
2.023E+11,155 585 357,A01,1,7,16,2,3,13,1,
2.023E+11,155 585 363,B01,2,7,0,2,8,1,1,
2.023E+11,155 585 354,B01,1,7,0,2,4,1,1,
2.023E+11,155 585 359,A01,1,2,0,2,1,1,1,
2.023E+11,155 585 351,A01,1,7,0,2,3,13,1,
2.023E+11,155 585 358,B01,3,7,0,2,3,1,1,
2.023E+11,155 585 349,A01,2,33,0,2,1,17,1,
2.023E+11,155 585 355,B01,2,7,0,2,8,10,1,
2.023E+11,155 585 350,A01,3,7,0,2,1,15,1,
2.023E+11,155 585 353,B01,3,7,0,2,1,1,1,
2.023E+11,155 585 346,A01,1,1,0,0,0,1,5,
2.023E+11,155 585 347,A01,2,7,0,0,0,15,1,
2.023E+11,155 585 342,A01,1,7,0,2,2,16,2,
2.023E+11,155 585 348,B01,1,50,0,2,8,1,3,
2.023E+11,155 585 344,A01,1,7,8,0,2,1,1,
2.023E+11,155 585 337,A01,1,7,0,2,4,1,1,
2.023E+11,155 585 343,B01,1,10,0,2,2,1,1,
2.023E+11,155 585 338,A01,3,7,0,2,3,1,1,
2.023E+11,155 585 341,B01,1,50,0,2,2,25,3,
2.023E+11,155 585 335,A01,3,7,12,0,9,14,1,
2.023E+11,155 585 332,A01,1,7,0,2,2,1,0,
2.023E+11,155 585 345,B01,2,10,0,2,1,1,1,
2.023E+11,155 585 336,B01,1,7,0,2,3,15,1,
2.023E+11,155 585 340,A01,1,33,0,2,1,2,1,
2.023E+11,155 585 334,B01,2,40,0,2,2,1,3,
2.023E+11,155 585 339,A01,1,7,0,4,8,10,1,
2.023E+11,155 585 331,A01,1,7,13,0,0,26,1,
2.023E+11,155 585 327,A01,1,33,0,2,1,1,1,
2.023E+11,155 585 326,A01,2,80,0,2,1,1,3,
2.023E+11,155 585 328,B01,2,7,0,2,3,1,1,
2.023E+11,155 585 322,A01,1,7,0,2,4,2,1,
2.023E+11,155 585 329,B01,1,10,0,2,1,2,1,
2.023E+11,155 585 323,A01,2,7,0,2,4,4,1,
2.023E+11,155 585 333,B01,2,33,0,2,1,1,1,
2.023E+11,155 585 319,A01,1,7,0,2,1,1,2,
2.023E+11,155 585 325,B01,1,10,0,2,4,23,1,
2.023E+11,155 585 330,C01,1,7,0,2,4,23,1,
2.023E+11,155 585 324,A01,1,7,2,0,1,1,0,
2.023E+11,155 585 315,A01,1,10,0,2,1,2,1,
2.023E+11,155 585 320,B01,1,7,0,2,4,23,1,
2.023E+11,155 585 316,B01,1,7,0,2,4,1,1,
2.023E+11,155 585 321,A01,1,7,0,2,1,2,1,
2.023E+11,155 585 313,A01,1,7,0,2,1,21,1,
2.023E+11,155 585 317,B01,3,1,0,2,0,25,5,
2.023E+11,155 585 312,B01,3,33,0,2,7,0,0,
2.023E+11,155 585 318,A01,3,7,0,2,8,2,0,
2.023E+11,155 585 309,A01,1,7,0,2,8,11,1,
2.023E+11,155 585 314,B01,1,33,0,2,2,3,1,
2.023E+11,155 585 307,A01,2,7,13,0,9,13,1,
2.023E+11,155 585 306,B01,1,7,0,2,2,1,1,
2.023E+11,155 585 311,A01,3,10,1,2,8,9,1,
2.023E+11,155 585 305,B01,2,33,0,2,8,1,1,
2.023E+11,155 585 308,A01,1,7,0,2,8,13,1,
2.023E+11,155 585 304,A01,3,7,8,0,1,14,1,
2.023E+11,155 585 303,A01,0,50,0,2,0,5,3,
2.023E+11,155 585 310,B01,2,7,0,2,2,1,1,
2.023E+11,155 585 302,A01,1,7,0,1,3,1,1,
2.023E+11,155 585 295,A01,2,7,17,0,1,13,1,
2.023E+11,155 585 294,A01,1,7,0,2,2,13,1,
2.023E+11,155 585 301,B01,1,7,0,2,1,1,1,
2.023E+11,155 585 293,A01,0,7,0,2,1,9,-1,
2.023E+11,155 585 300,B01,0,2,0,2,1,1,-1,
2.023E+11,155 585 291,Z01,3,7,0,2,1,1,1,
2.023E+11,155 585 298,B01,3,1,0,2,8,26,5,
2.023E+11,155 585 299,A01,3,7,0,1,1,16,2,
2.023E+11,155 585 292,A01,1,7,0,2,1,9,1,
2.023E+11,155 585 296,B01,1,32,0,2,4,1,1,
2.023E+11,155 585 290,B01,2,7,0,2,5,12,1,
2.023E+11,155 585 297,A01,2,32,0,2,3,3,1,
2.023E+11,155 585 286,A01,2,7,8,0,8,1,1,
2.023E+11,155 585 283,B01,1,80,0,2,1,19,3,
2.023E+11,155 585 288,A01,1,7,0,2,3,9,1,
2.023E+11,155 585 279,A01,3,80,0,1,5,0,3,
2.023E+11,155 585 280,B01,3,7,0,2,1,1,0,
2.023E+11,155 585 289,A01,3,7,0,2,6,1,0,
2.023E+11,155 585 277,B01,2,2,0,2,8,1,1,
2.023E+11,155 585 285,A01,2,10,0,2,7,16,1,
2.023E+11,155 585 278,A01,1,7,0,1,2,16,1,
2.023E+11,155 585 275,A01,1,50,0,2,5,14,3,
2.023E+11,155 585 281,Z01,2,7,0,2,3,1,0,
2.023E+11,155 585 274,B01,1,1,0,2,8,1,5,
2.023E+11,155 585 282,A01,1,7,0,9,1,26,2,
2.023E+11,155 585 273,A01,2,33,0,0,2,0,1,
2.023E+11,155 585 271,A01,1,33,0,2,1,2,1,
2.023E+11,155 585 276,B01,1,7,0,2,4,2,1,
2.023E+11,155 585 267,A01,0,7,0,0,0,26,1,
2.023E+11,155 585 264,A01,1,32,0,2,0,1,1,
2.023E+11,155 585 272,Z01,1,7,0,2,0,9,0,
2.023E+11,155 585 263,A01,2,7,0,2,1,1,1,
2.023E+11,155 585 269,B01,1,2,0,2,1,1,1,
2.023E+11,155 585 262,A01,2,50,0,2,1,19,3,
2.023E+11,155 585 270,B01,1,7,0,2,1,1,1,
2.023E+11,155 585 260,A01,1,7,13,0,1,13,1,
2.023E+11,155 585 257,A01,2,7,2,0,1,13,1,
2.023E+11,155 585 258,A01,3,7,0,2,2,9,1,
2.023E+11,155 585 268,B01,1,7,14,0,8,0,1,
2.023E+11,155 585 261,A01,1,10,0,2,5,1,1,
2.023E+11,155 585 265,B01,1,33,0,2,5,16,1,
2.023E+11,155 585 256,A01,1,10,0,2,3,13,1,
2.023E+11,155 585 259,B01,2,7,0,2,3,17,1,
2.023E+11,155 585 266,C01,2,7,0,2,1,1,1,
2.023E+11,155 585 254,A01,1,30,1,0,2,1,1,
2.023E+11,155 585 252,A01,2,7,0,1,1,1,1,
2.023E+11,155 585 250,A01,2,33,0,2,1,2,1,
2.023E+11,155 585 253,B01,2,33,0,2,4,15,1,
2.023E+11,155 585 245,A01,0,7,0,1,2,16,1,
2.023E+11,155 585 244,B01,3,7,0,2,2,1,1,
2.023E+11,155 585 251,A01,3,1,0,2,1,19,5,
2.023E+11,155 585 243,B01,1,7,0,0,1,1,1,
2.023E+11,155 585 249,A01,1,7,0,2,1,5,2,
2.023E+11,155 585 248,A01,0,7,0,1,2,1,1,
2.023E+11,155 585 241,A01,3,1,0,1,3,7,5,
2.023E+11,155 585 239,A01,1,7,15,0,7,0,1,
2.023E+11,155 585 238,A01,0,7,0,1,1,1,1,
2.023E+11,155 585 234,A01,2,7,2,0,1,19,1,
2.023E+11,155 585 235,B01,2,7,0,2,2,1,1,
2.023E+11,155 585 240,A01,1,7,0,2,3,9,1,
2.023E+11,155 585 233,A01,1,7,0,2,1,15,1,
2.023E+11,155 585 237,B01,3,1,0,0,0,0,5,
2.023E+11,155 585 227,Z01,3,7,0,2,1,1,0,
2.023E+11,155 585 231,A01,3,50,0,2,1,19,3,
2.023E+11,155 585 228,A01,2,7,0,2,6,1,1,
2.023E+11,155 585 232,B01,1,33,0,2,3,13,1,
2.023E+11,155 585 226,A01,2,14,1,2,1,1,1,
2.023E+11,155 585 230,B01,2,14,0,2,6,23,1,
2.023E+11,155 585 236,C01,2,7,0,2,1,1,1,
2.023E+11,155 585 224,A01,2,7,0,1,1,1,1,
2.023E+11,155 585 222,A01,2,7,0,1,2,1,1,
2.023E+11,155 585 215,A01,1,7,0,1,1,1,1,
2.023E+11,155 585 216,A01,2,10,0,2,2,2,1,
2.023E+11,155 585 225,B01,2,7,0,2,4,0,1,
2.023E+11,155 585 218,A01,2,7,2,6,7,1,1,
2.023E+11,155 585 220,B01,3,7,6,2,8,1,1,
2.023E+11,155 585 223,A01,2,7,0,2,1,26,1,
2.023E+11,155 585 214,A01,1,30,0,0,0,26,1,
2.023E+11,155 585 213,A01,3,7,0,9,2,16,1,
2.023E+11,155 585 221,B01,3,1,0,2,1,1,5,
2.023E+11,155 585 211,A01,3,7,0,2,3,13,1,
2.023E+11,155 585 217,B01,3,7,0,2,1,1,1,
2.023E+11,155 585 212,A01,3,32,0,2,1,5,1,
2.023E+11,155 585 219,B01,3,1,0,2,8,19,5,
2.023E+11,155 585 209,A01,1,7,0,0,1,1,1,
2.023E+11,155 585 203,A01,3,40,0,1,7,1,3,
2.023E+11,155 585 206,A01,1,30,0,0,0,1,1,
2.023E+11,155 585 201,B01,1,7,0,2,1,1,1,
2.023E+11,155 585 208,Z01,0,7,0,2,1,5,0,
2.023E+11,155 585 200,A01,3,7,0,2,3,1,1,
2.023E+11,155 585 204,B01,3,31,0,2,2,17,1,
2.023E+11,155 585 198,A01,2,10,0,2,1,2,1,
2.023E+11,155 585 207,B01,2,15,0,2,4,2,1,
2.023E+11,155 585 199,A01,1,7,0,9,2,10,0,
2.023E+11,155 585 205,B01,1,1,0,2,8,2,5,
2.023E+11,155 585 193,A01,3,7,0,2,8,9,1,
2.023E+11,155 585 197,B01,3,7,0,2,1,1,0,
2.023E+11,155 585 192,A01,1,7,4,0,0,1,1,
2.023E+11,155 585 195,A01,3,7,0,2,1,15,1,
2.023E+11,155 585 196,B01,3,33,0,2,4,23,0,
2.023E+11,155 585 194,A01,2,1,8,0,1,15,5,
2.023E+11,155 585 189,A01,1,7,0,1,6,2,2,
2.023E+11,155 585 188,A01,2,7,3,0,3,1,1,