Num_Acc,id_vehicule,num_veh,senc,catv,obs,obsm,choc,manv,motor,occutc
2.023E+11,155 584 256,B01,1,31,0,2,1,1,1,
2.023E+11,155 584 269,A01,1,10,0,2,2,1,1,
2.023E+11,155 584 261,A01,0,7,6,1,1,0,1,
2.023E+11,155 584 252,B01,2,7,0,2,4,2,1,
2.023E+11,155 584 258,A01,2,15,0,2,1,2,1,
2.023E+11,155 584 250,A01,2,31,0,2,1,3,1,
2.023E+11,155 584 254,B01,2,7,0,2,3,1,1,
2.023E+11,155 584 257,C01,2,7,0,2,5,1,2,
2.023E+11,155 584 246,A01,1,0,0,1,0,0,1,
2.023E+11,155 584 240,A01,2,7,0,9,7,9,1,
2.023E+11,155 584 245,B01,1,1,0,2,8,13,5,
2.023E+11,155 584 238,B01,3,7,0,2,3,1,1,
2.023E+11,155 584 251,A01,3,21,0,2,1,9,1,
2.023E+11,155 584 239,A01,2,50,0,1,4,25,3,
2.023E+11,155 584 244,A01,2,80,0,1,2,1,3,
2.023E+11,155 584 243,B01,3,7,0,2,1,15,1,
2.023E+11,155 584 249,A01,3,7,0,2,1,1,1,
2.023E+11,155 584 242,B01,1,2,0,2,4,2,1,
2.023E+11,155 584 247,A01,1,7,0,2,2,2,1,
2.023E+11,155 584 253,C01,1,7,0,2,4,2,1,
2.023E+11,155 584 237,B01,1,7,0,0,4,1,1,
2.023E+11,155 584 248,A01,1,7,0,2,1,2,1,
2.023E+11,155 584 233,C01,1,7,0,2,4,2,1,
2.023E+11,155 584 235,B01,1,7,0,2,1,2,1,
2.023E+11,155 584 241,A01,1,7,0,2,1,2,1,
2.023E+11,155 584 225,B01,1,7,0,2,3,21,1,
2.023E+11,155 584 234,A01,1,35,0,2,2,9,1,
2.023E+11,155 584 230,A01,2,30,0,0,0,1,3,
2.023E+11,155 584 232,Z01,2,31,0,2,1,2,1,
2.023E+11,155 584 236,A01,3,1,0,2,4,2,5,
2.023E+11,155 584 228,A01,2,7,3,0,9,26,6,
2.023E+11,155 584 223,A01,3,7,0,2,1,1,1,
2.023E+11,155 584 229,B01,3,50,0,2,8,0,3,
2.023E+11,155 584 222,B01,1,31,0,9,1,13,1,
2.023E+11,155 584 227,A01,1,1,0,2,8,10,5,
2.023E+11,155 584 221,B01,1,7,0,0,2,1,1,
2.023E+11,155 584 226,A01,3,10,7,0,5,4,1,
2.023E+11,155 584 220,A01,1,7,0,2,1,1,1,
2.023E+11,155 584 224,B01,2,7,0,2,6,16,1,
2.023E+11,155 584 217,A01,0,1,0,1,1,21,5,
2.023E+11,155 584 216,A01,1,7,3,0,1,1,1,
2.023E+11,155 584 211,A01,0,33,15,0,3,2,1,
2.023E+11,155 584 212,A01,1,37,0,0,0,1,3,2
2.023E+11,155 584 215,A01,1,10,0,2,3,1,1,
2.023E+11,155 584 218,B01,3,1,0,2,6,23,5,
2.023E+11,155 584 209,B01,2,33,0,2,1,2,0,
2.023E+11,155 584 214,A01,2,99,0,2,7,15,0,
2.023E+11,155 584 207,B01,1,7,0,2,5,2,1,
2.023E+11,155 584 219,A01,1,7,0,2,3,2,1,
2.023E+11,155 584 208,B01,3,32,0,2,0,1,1,
2.023E+11,155 584 213,A01,3,10,0,2,0,15,1,
2.023E+11,155 584 204,A01,2,2,14,0,1,1,1,
2.023E+11,155 584 201,B01,1,7,0,0,1,1,1,
2.023E+11,155 584 210,A01,1,7,15,0,2,19,1,
2.023E+11,155 584 200,A01,3,15,0,2,2,15,1,
2.023E+11,155 584 205,B01,3,10,0,2,1,2,1,
2.023E+11,155 584 202,A01,0,7,6,0,1,0,0,
2.023E+11,155 584 206,B01,3,7,6,2,2,1,0,
2.023E+11,155 584 199,A01,1,7,0,1,2,1,1,
2.023E+11,155 584 195,A01,1,7,3,0,1,1,1,
2.023E+11,155 584 191,A01,2,7,0,2,3,15,1,
2.023E+11,155 584 194,B01,1,33,0,2,1,1,1,
2.023E+11,155 584 197,A01,1,7,0,2,1,1,1,
2.023E+11,155 584 203,B01,1,7,0,0,6,19,2,
2.023E+11,155 584 189,A01,3,33,6,0,1,13,1,
2.023E+11,155 584 190,A01,1,33,0,0,0,1,1,
2.023E+11,155 584 188,B01,1,7,0,2,3,1,0,
2.023E+11,155 584 192,A01,2,7,0,2,3,1,0,
2.023E+11,155 584 186,A01,2,7,0,2,7,1,1,
2.023E+11,155 584 193,C01,1,7,0,2,1,1,1,
2.023E+11,155 584 198,B01,2,7,0,2,1,15,1,
2.023E+11,155 584 185,A01,2,30,0,2,1,2,1,
2.023E+11,155 584 182,A01,1,7,0,0,9,14,1,
2.023E+11,155 584 180,A01,1,1,0,2,7,17,5,
2.023E+11,155 584 183,B01,1,1,0,2,8,1,5,
2.023E+11,155 584 184,A01,1,7,0,2,3,15,1,
2.023E+11,155 584 187,B01,1,1,0,2,0,1,5,
2.023E+11,155 584 181,A01,2,7,0,2,3,10,1,
2.023E+11,155 584 196,B01,-1,31,0,2,1,1,1,
2.023E+11,155 584 176,A01,1,7,2,0,0,14,1,
2.023E+11,155 584 177,A01,2,7,13,0,9,1,1,
2.023E+11,155 584 174,A01,1,10,0,2,1,1,1,
2.023E+11,155 584 179,B01,1,10,0,2,4,1,1,
2.023E+11,155 584 171,A01,1,33,12,0,1,1,1,
2.023E+11,155 584 169,A01,2,7,0,2,6,15,1,
2.023E+11,155 584 178,B01,2,7,0,2,3,1,1,
2.023E+11,155 584 168,A01,3,10,0,1,4,4,1,
2.023E+11,155 584 167,A01,1,7,0,2,2,17,0,
2.023E+11,155 584 173,B01,1,7,0,2,1,2,0,
2.023E+11,155 584 165,A01,2,7,0,2,4,1,1,
2.023E+11,155 584 172,B01,2,10,0,2,4,1,1,
2.023E+11,155 584 175,Z01,2,7,0,2,1,1,1,
2.023E+11,155 584 164,A01,3,21,0,2,3,19,1,
2.023E+11,155 584 170,B01,2,1,0,2,1,1,5,
2.023E+11,155 584 162,A01,1,7,4,0,1,1,1,
2.023E+11,155 584 163,A01,3,33,12,0,9,19,1,
2.023E+11,155 584 161,B01,2,15,0,2,1,1,1,
2.023E+11,155 584 166,A01,1,7,0,2,1,15,1,
2.023E+11,155 584 158,A01,3,1,0,0,1,1,5,
2.023E+11,155 584 157,B01,0,7,0,1,1,1,1,
2.023E+11,155 584 154,B01,2,33,0,2,3,1,1,
2.023E+11,155 584 159,A01,1,7,0,2,2,15,1,
2.023E+11,155 584 151,A01,2,7,0,0,3,1,1,
2.023E+11,155 584 148,B01,2,33,0,2,3,1,1,
2.023E+11,155 584 153,A01,1,33,0,2,3,13,1,
2.023E+11,155 584 150,A01,1,43,0,2,0,17,1,
2.023E+11,155 584 156,B01,2,43,0,2,0,5,1,
2.023E+11,155 584 160,Z01,1,33,0,2,0,13,0,
2.023E+11,155 584 146,B01,3,34,0,2,1,1,1,
2.023E+11,155 584 152,A01,3,7,0,2,1,9,1,
2.023E+11,155 584 143,B01,0,33,0,2,8,1,1,
2.023E+11,155 584 145,A01,0,10,0,2,1,15,1,
2.023E+11,155 584 141,A01,3,7,0,2,1,1,1,
2.023E+11,155 584 149,B01,3,7,0,2,4,23,1,
2.023E+11,155 584 155,C01,3,7,0,2,4,23,1,
2.023E+11,155 584 140,A01,1,7,0,2,2,15,1,
2.023E+11,155 584 144,B01,1,33,0,2,1,1,1,
2.023E+11,155 584 142,A01,1,7,0,1,3,15,1,
2.023E+11,155 584 138,A01,2,31,9,0,3,1,1,
2.023E+11,155 584 136,A01,1,7,0,1,3,1,1,
2.023E+11,155 584 137,B01,2,7,0,2,3,1,1,
2.023E+11,155 584 147,A01,2,7,0,2,1,1,2,
2.023E+11,155 584 134,A01,2,7,3,2,9,26,1,
2.023E+11,155 584 139,B01,2,7,0,2,6,2,1,
2.023E+11,155 584 133,B01,3,50,0,2,7,19,3,
2.023E+11,155 584 135,A01,3,7,0,2,1,15,1,
2.023E+11,155 584 127,A01,2,32,0,1,9,1,1,
2.023E+11,155 584 124,A01,2,2,12,2,1,2,1,
2.023E+11,155 584 132,B01,2,7,0,0,5,2,1,
2.023E+11,155 584 123,Z01,1,7,0,2,7,17,1,
2.023E+11,155 584 131,A01,1,32,6,2,8,2,1,
2.023E+11,155 584 122,A01,3,7,0,2,0,0,0,
2.023E+11,155 584 130,B01,1,30,0,2,1,2,1,
2.023E+11,155 584 121,B01,1,7,0,2,1,9,1,
2.023E+11,155 584 126,A01,1,7,0,2,4,9,1,
2.023E+11,155 584 120,B01,1,7,0,0,5,15,1,
2.023E+11,155 584 128,A01,2,1,0,2,1,19,5,
2.023E+11,155 584 119,B01,1,2,0,0,1,23,1,
2.023E+11,155 584 125,A01,1,7,0,2,3,15,1,
2.023E+11,155 584 114,A01,3,1,0,2,7,17,5,
2.023E+11,155 584 118,B01,3,1,0,2,6,1,5,
2.023E+11,155 584 117,A01,2,7,0,2,3,15,1,
2.023E+11,155 584 129,B01,1,2,1,2,3,1,1,
2.023E+11,155 584 115,A01,1,7,4,0,1,1,1,
2.023E+11,155 584 112,A01,3,1,13,0,1,1,5,
2.023E+11,155 584 109,A01,3,7,0,2,3,6,1,
2.023E+11,155 584 111,B01,3,2,0,2,2,26,1,
2.023E+11,155 584 108,B01,1,33,0,2,1,19,1,
2.023E+11,155 584 116,A01,1,7,0,2,3,1,1,
2.023E+11,155 584 106,A01,3,7,0,2,1,13,1,
2.023E+11,155 584 113,B01,3,7,0,2,1,1,1,
2.023E+11,155 584 104,A01,1,33,13,0,1,1,1,
2.023E+11,155 584 105,A01,3,33,0,2,2,1,0,
2.023E+11,155 584 110,Z01,0,10,0,2,0,9,0,
2.023E+11,155 584 103,A01,3,7,0,2,3,9,1,
2.023E+11,155 584 107,B01,3,33,0,2,1,1,1,
2.023E+11,155 584 102,A01,2,2,0,2,1,18,1,
2.023E+11,155 584 100,A01,2,7,0,1,2,16,1,
2.023E+11,155 584 097,A01,2,7,7,0,2,14,1,
2.023E+11,155 584 096,A01,1,7,0,1,2,11,1,
2.023E+11,155 584 095,A01,2,7,0,2,3,15,1,
2.023E+11,155 584 101,B01,1,2,0,2,7,1,1,
2.023E+11,155 584 091,A01,2,1,0,2,3,1,5,
2.023E+11,155 584 093,B01,1,7,0,0,8,1,1,
2.023E+11,155 584 098,A01,1,7,0,1,4,4,1,
2.023E+11,155 584 089,A01,2,10,6,0,1,1,1,
2.023E+11,155 584 090,A01,1,10,0,2,3,16,1,
2.023E+11,155 584 094,B01,1,2,0,2,1,1,1,
2.023E+11,155 584 092,A01,2,7,0,2,1,15,1,
2.023E+11,155 584 099,B01,2,7,13,2,3,1,1,
2.023E+11,155 584 086,A01,1,7,0,1,6,4,1,
2.023E+11,155 584 085,A01,1,7,8,0,1,14,1,
2.023E+11,155 584 083,A01,1,7,0,2,5,15,2,
2.023E+11,155 584 088,B01,1,2,0,2,1,1,1,
2.023E+11,155 584 080,B01,1,7,0,2,3,2,1,
2.023E+11,155 584 087,A01,1,7,0,2,3,2,1,
2.023E+11,155 584 079,A01,1,7,2,0,1,1,1,
2.023E+11,155 584 076,A01,2,7,0,2,1,1,1,
2.023E+11,155 584 081,B01,2,7,0,2,4,1,1,
2.023E+11,155 584 075,A01,2,7,2,0,3,13,1,
2.023E+11,155 584 072,A01,3,7,0,1,2,1,1,
2.023E+11,155 584 071,A01,0,7,0,2,1,17,1,
2.023E+11,155 584 074,B01,0,7,0,2,1,1,1,
2.023E+11,155 584 077,B01,2,7,0,2,1,9,1,
2.023E+11,155 584 082,C01,1,7,0,2,6,2,1,
2.023E+11,155 584 084,A01,1,7,0,2,1,17,1,
2.023E+11,155 584 078,A01,0,33,0,1,1,1,1,
2.023E+11,155 584 069,B01,1,7,0,2,1,1,1,
2.023E+11,155 584 073,A01,1,7,0,2,1,13,1,
2.023E+11,155 584 067,A01,2,33,1,0,1,1,1,
2.023E+11,155 584 066,B01,2,7,0,2,2,1,1,
2.023E+11,155 584 070,A01,2,1,0,2,3,16,5,
2.023E+11,155 584 068,Z01,1,32,0,1,0,1,0,
2.023E+11,155 584 064,A01,1,31,2,0,0,16,1,
2.023E+11,155 584 061,A01,1,33,13,0,1,1,1,
2.023E+11,155 584 058,A01,2,7,0,1,1,15,1,
2.023E+11,155 584 057,B01,1,7,0,2,6,1,1,
2.023E+11,155 584 062,A01,1,33,0,2,7,2,1,
2.023E+11,155 584 060,A01,1,17,0,1,7,1,1,
2.023E+11,155 584 055,B01,1,7,0,2,3,1,1,
2.023E+11,155 584 063,C01,2,7,0,2,2,2,1,
2.023E+11,155 584 065,A01,2,33,0,2,1,1,1,
2.023E+11,155 584 054,A01,1,33,0,0,1,1,1,
2.023E+11,155 584 056,A01,3,31,0,0,7,1,1,
2.023E+11,155 584 052,A01,2,30,1,0,1,14,1,
2.023E+11,155 584 059,C01,1,2,0,2,8,26,1,
2.023E+11,155 584 050,A01,2,33,3,0,8,13,1,
2.023E+11,155 584 053,A01,2,43,0,1,1,1,1,
2.023E+11,155 584 046,A01,3,7,0,1,3,1,1,
2.023E+11,155 584 048,A01,2,3,0,2,7,15,1,
2.023E+11,155 584 051,B01,1,2,0,2,1,1,1,
2.023E+11,155 584 043,A01,1,10,0,0,8,9,1,
2.023E+11,155 584 049,B01,2,33,0,2,2,1,1,
2.023E+11,155 584 041,B01,2,10,0,2,1,2,1,
2.023E+11,155 584 044,A01,2,17,0,2,4,2,1,
2.023E+11,155 584 039,A01,2,7,0,9,7,17,1,
2.023E+11,155 584 045,B01,2,80,0,0,8,2,3,
2.023E+11,155 584 040,A01,0,7,0,2,1,0,1,
2.023E+11,155 584 047,B01,1,10,0,2,2,1,1,
2.023E+11,155 584 037,A01,3,7,2,0,1,1,1,
2.023E+11,155 584 035,A01,1,7,6,0,1,1,1,
2.023E+11,155 584 034,A01,1,7,0,2,8,15,1,
2.023E+11,155 584 042,B01,1,33,0,2,1,1,1,
2.023E+11,155 584 032,A01,1,7,0,2,3,15,1,
2.023E+11,155 584 038,B01,2,32,0,2,1,1,1,
2.023E+11,155 584 031,A01,1,7,0,2,3,9,1,
2.023E+11,155 584 033,B01,1,1,0,2,2,9,5,
2.023E+11,155 584 029,A01,2,7,2,0,1,1,1,
2.023E+11,155 584 022,B01,1,80,0,2,1,2,3,
2.023E+11,155 584 027,A01,1,10,0,0,6,4,1,
2.023E+11,155 584 025,A01,1,7,0,2,3,1,1,
2.023E+11,155 584 030,B01,2,21,0,2,6,1,1,
2.023E+11,155 584 024,A01,3,43,0,1,1,2,1,
2.023E+11,155 584 021,A01,2,7,15,0,1,1,1,
2.023E+11,155 584 019,A01,1,7,0,1,1,1,1,
2.023E+11,155 584 017,A01,2,7,0,2,1,2,1,
2.023E+11,155 584 023,B01,3,1,0,2,7,19,5,
2.023E+11,155 584 015,A01,1,7,0,2,1,26,0,
2.023E+11,155 584 028,C01,2,7,0,2,8,23,1,
2.023E+11,155 584 036,B01,2,10,0,2,3,1,1,
2.023E+11,155 584 018,A01,1,10,0,2,8,19,1,
2.023E+11,155 584 026,B01,1,7,0,2,1,1,1,
2.023E+11,155 584 016,A01,2,7,0,2,2,9,1,
2.023E+11,155 584 020,B01,2,33,0,2,1,1,1,
2.023E+11,155 584 011,A01,1,33,0,2,1,1,1,
2.023E+11,155 584 014,B01,2,7,0,2,3,1,1,
2.023E+11,155 584 010,A01,0,10,0,1,1,1,0,
2.023E+11,155 584 008,A01,1,7,8,0,1,0,1,
2.023E+11,155 584 007,B01,1,15,0,2,7,1,1,
2.023E+11,155 584 012,A01,1,32,0,2,8,1,1,
2.023E+11,155 584 005,A01,2,3,0,2,7,19,1,
2.023E+11,155 584 013,B01,1,33,0,2,1,1,1,
2.023E+11,155 584 001,A01,3,7,8,0,1,19,1,
2.023E+11,155 584 000,A01,3,50,0,2,3,19,3,
2.023E+11,155 584 004,B01,3,7,0,2,1,1,0,
2.023E+11,155 583 999,B01,3,50,0,2,1,25,3,
2.023E+11,155 584 002,A01,0,7,0,9,2,16,1,
2.023E+11,155 583 998,A01,2,7,0,2,1,15,1,
2.023E+11,155 584 003,B01,1,7,0,2,1,1,1,
2.023E+11,155 583 994,A01,2,2,0,2,8,1,1,
2.023E+11,155 583 997,B01,1,2,0,2,8,1,1,
2.023E+11,155 583 993,A01,1,7,0,2,3,13,1,
2.023E+11,155 583 995,B01,2,10,0,2,2,1,1,
2.023E+11,155 583 990,A01,1,7,0,2,3,2,1,
2.023E+11,155 583 996,B01,2,50,0,2,8,19,3,
2.023E+11,155 583 986,A01,3,7,0,1,3,16,1,
2.023E+11,155 583 984,A01,2,7,0,2,1,0,0,
2.023E+11,155 583 991,B01,2,7,0,2,0,0,0,
2.023E+11,155 583 985,B01,2,7,3,2,8,1,1,
2.023E+11,155 583 992,A01,1,17,3,2,3,1,1,
2.023E+11,155 583 982,A01,1,10,0,2,1,2,1,
2.023E+11,155 583 988,B01,1,15,0,0,4,2,1,
2.023E+11,155 583 981,A01,2,33,3,0,1,1,1,
2.023E+11,155 583 983,A01,1,7,0,2,8,15,1,
2.023E+11,155 583 989,B01,1,7,0,2,7,17,1,
2.023E+11,155 583 979,A01,1,7,4,0,9,1,1,
2.023E+11,155 583 977,B01,2,80,0,2,1,5,3,
2.023E+11,155 583 978,A01,1,7,15,2,3,1,1,
2.023E+11,155 583 974,A01,3,37,0,1,7,19,0,1
2.023E+11,155 583 972,B01,1,33,0,2,1,21,1,
2.023E+11,155 583 975,A01,1,3,0,2,2,9,1,
2.023E+11,155 583 971,C01,2,7,0,2,1,1,1,
2.023E+11,155 583 976,B01,2,7,0,2,1,1,1,
2.023E+11,155 583 980,A01,1,10,0,2,1,5,1,
2.023E+11,155 583 970,A01,1,7,0,9,7,1,0,
2.023E+11,155 583 964,A01,0,7,0,9,3,18,0,
2.023E+11,155 583 973,B01,0,1,0,2,2,14,5,
2.023E+11,155 583 965,A01,1,7,4,0,3,2,2,
2.023E+11,155 583 962,A01,2,7,0,2,1,13,1,
2.023E+11,155 583 968,B01,1,15,0,2,3,1,1,
2.023E+11,155 583 961,A01,3,7,0,2,0,1,1,
2.023E+11,155 583 966,B01,3,1,0,0,0,0,5,
2.023E+11,155 583 960,B01,1,13,0,2,8,0,1,
2.023E+11,155 583 967,A01,2,7,0,2,3,13,1,
2.023E+11,155 583 957,B01,1,0,0,0,0,0,0,
2.023E+11,155 583 956,B01,3,7,0,2,3,1,1,
2.023E+11,155 583 959,A01,3,7,0,2,3,5,2,
2.023E+11,155 583 952,E01,3,7,0,0,3,23,1,
2.023E+11,155 583 958,D01,3,7,0,0,8,24,1,
2.023E+11,155 583 963,C01,3,7,0,0,8,23,1,
2.023E+11,155 583 969,A01,3,7,15,2,7,19,1,
2.023E+11,155 583 987,B01,3,10,0,2,1,1,3,
2.023E+11,155 583 950,B01,2,33,0,2,1,2,1,
2.023E+11,155 583 955,A01,2,7,0,0,4,1,2,
2.023E+11,155 583 948,A01,0,33,0,0,4,2,1,
2.023E+11,155 583 953,B01,0,33,0,2,1,2,1,
2.023E+11,155 583 949,A01,1,7,6,2,9,1,1,
2.023E+11,155 583 954,B01,2,10,0,2,3,21,3,
2.023E+11,155 583 946,A01,2,7,0,0,6,23,1,
2.023E+11,155 583 951,B01,2,32,0,2,3,3,1,
2.023E+11,155 583 942,A01,1,7,0,2,1,15,1,
2.023E+11,155 583 947,B01,2,33,0,2,1,1,1,
2.023E+11,155 583 943,A01,1,7,8,0,6,0,0,
2.023E+11,155 583 938,A01,1,3,14,0,5,17,1,
2.023E+11,155 583 944,B01,1,2,14,0,0,0,1,
2.023E+11,155 583 940,B01,1,17,0,2,8,1,1,
2.023E+11,155 583 945,A01,2,15,0,2,3,13,1,
2.023E+11,155 583 937,A01,2,7,3,0,3,13,1,
2.023E+11,155 583 935,A01,1,33,0,0,1,0,1,
2.023E+11,155 583 934,A01,3,7,2,0,2,2,0,
2.023E+11,155 583 933,B01,2,50,0,2,1,0,3,
2.023E+11,155 583 941,A01,1,10,0,2,2,15,1,
2.023E+11,155 583 931,A01,1,7,0,1,2,1,1,
2.023E+11,155 583 932,A01,2,7,0,2,4,2,1,
2.023E+11,155 583 936,B01,2,7,0,2,1,2,1,
2.023E+11,155 583 930,B01,1,80,0,0,0,0,3,
2.023E+11,155 583 939,A01,2,7,0,2,3,13,1,
2.023E+11,155 583 926,A01,3,10,0,2,1,2,1,
2.023E+11,155 583 929,B01,3,7,0,2,4,2,1,
2.023E+11,155 583 927,A01,2,7,13,0,1,16,1,
2.023E+11,155 583 923,B01,1,10,0,2,4,2,1,
2.023E+11,155 583 928,A01,1,31,0,2,1,2,1,
2.023E+11,155 583 921,A01,3,50,0,1,1,1,3,
2.023E+11,155 583 919,B01,0,33,0,2,1,1,1,
2.023E+11,155 583 922,A01,3,10,0,2,4,2,1,
2.023E+11,155 583 917,A01,1,7,4,0,8,13,1,
2.023E+11,155 583 915,A01,2,32,0,0,0,17,1,
2.023E+11,155 583 916,A01,3,10,0,1,1,1,0,
2.023E+11,155 583 924,B01,3,7,0,1,8,23,0,
2.023E+11,155 583 910,A01,2,7,13,0,1,1,1,
2.023E+11,155 583 912,A01,1,33,7,0,1,9,1,
2.023E+11,155 583 913,B01,1,7,0,2,3,23,1,
2.023E+11,155 583 918,A01,2,7,9,2,1,19,1,
2.023E+11,155 583 908,C01,1,7,0,2,1,1,1,
2.023E+11,155 583 914,A01,1,7,0,2,4,1,1,
2.023E+11,155 583 920,B01,1,7,0,2,4,1,1,
2.023E+11,155 583 907,A01,0,7,0,2,3,15,1,
2.023E+11,155 583 911,B01,0,33,0,2,1,17,1,
2.023E+11,155 583 902,A01,1,7,0,0,9,0,1,
2.023E+11,155 583 903,B01,1,10,0,2,1,1,1,
2.023E+11,155 583 906,A01,2,7,13,2,2,1,1,
2.023E+11,155 583 901,A01,2,32,0,2,8,17,1,
2.023E+11,155 583 905,B01,1,7,0,2,3,14,1,
2.023E+11,155 583 904,B01,2,31,0,2,0,0,1,
2.023E+11,155 583 909,A01,3,21,0,2,7,19,1,
2.023E+11,155 583 897,A01,2,1,0,1,1,1,5,
2.023E+11,155 583 896,A01,3,33,12,2,1,21,1,
2.023E+11,155 583 900,A01,1,0,0,1,3,2,0,
2.023E+11,155 583 895,A01,1,7,0,2,5,1,3,
2.023E+11,155 583 899,B01,1,13,0,2,3,1,1,
2.023E+11,155 583 893,A01,1,7,0,0,9,1,1,
2.023E+11,155 583 894,A01,0,7,0,2,1,15,1,
2.023E+11,155 583 898,B01,0,32,0,2,8,1,1,
2.023E+11,155 583 891,A01,1,7,0,1,1,1,0,
2.023E+11,155 583 889,Z01,1,7,0,1,8,1,0,
2.023E+11,155 583 888,A01,1,7,0,1,3,1,0,
2.023E+11,155 583 883,B01,2,7,0,0,1,1,0,
2.023E+11,155 583 892,A01,2,17,0,0,0,0,1,
2.023E+11,155 583 885,A01,2,7,2,2,8,17,1,
2.023E+11,155 583 890,B01,2,14,0,2,3,1,1,
2.023E+11,155 583 881,A01,2,32,0,2,1,3,1,
2.023E+11,155 583 886,B01,2,7,0,2,5,12,1,
2.023E+11,155 583 879,B01,1,7,0,2,3,1,1,
2.023E+11,155 583 884,A01,1,7,0,2,3,1,1,
2.023E+11,155 583 887,C01,1,7,0,2,3,1,1,
2.023E+11,155 583 878,A01,1,34,16,0,8,1,1,
2.023E+11,155 583 875,A01,1,7,0,2,1,5,1,
2.023E+11,155 583 880,B01,2,7,0,2,1,1,1,
2.023E+11,155 583 877,A01,1,7,0,1,4,26,0,
2.023E+11,155 583 876,A01,3,10,0,2,1,19,1,
2.023E+11,155 583 872,A01,2,7,13,0,1,1,1,
2.023E+11,155 583 870,A01,1,7,0,2,3,9,1,
2.023E+11,155 583 874,B01,1,33,0,2,1,2,1,
2.023E+11,155 583 867,B01,2,10,0,0,5,2,1,
2.023E+11,155 583 873,A01,2,2,0,2,1,0,1,
2.023E+11,155 583 864,A01,2,7,0,2,8,9,1,
2.023E+11,155 583 869,B01,1,33,0,2,2,1,1,
2.023E+11,155 583 861,A01,1,10,0,2,1,1,1,
2.023E+11,155 583 866,B01,1,1,0,2,4,2,5,
2.023E+11,155 583 860,A01,1,7,0,1,2,1,1,
2.023E+11,155 583 858,A01,1,7,0,1,2,15,1,
2.023E+11,155 583 857,C01,1,7,14,0,3,0,1,
2.023E+11,155 583 862,A01,1,7,3,2,1,2,1,
2.023E+11,155 583 868,D01,1,7,14,0,3,2,2,
2.023E+11,155 583 871,B01,1,7,0,2,4,2,1,
2.023E+11,155 583 855,B01,1,7,0,2,6,15,1,
2.023E+11,155 583 863,A01,1,7,0,2,1,1,1,
2.023E+11,155 583 859,A01,2,10,0,9,3,15,0,
2.023E+11,155 583 865,B01,2,1,0,2,1,1,5,
2.023E+11,155 583 852,A01,3,7,0,2,3,1,1,
2.023E+11,155 583 854,B01,3,34,0,2,1,1,1,
2.023E+11,155 583 848,A01,2,7,0,2,3,15,1,
2.023E+11,155 583 853,B01,2,7,0,2,2,17,1,
2.023E+11,155 583 844,A01,2,7,13,0,1,1,0,
2.023E+11,155 583 845,A01,2,7,0,2,1,15,1,
2.023E+11,155 583 849,B01,1,31,0,2,0,1,1,
2.023E+11,155 583 846,B01,2,2,0,2,1,18,0,
2.023E+11,155 583 850,A01,2,7,0,2,7,19,1,
2.023E+11,155 583 843,A01,1,7,0,2,4,15,1,
2.023E+11,155 583 851,B01,1,7,0,2,1,1,1,
2.023E+11,155 583 856,C01,1,13,0,2,8,23,1,
2.023E+11,155 583 841,A01,2,37,0,1,5,1,1,1
2.023E+11,155 583 838,A01,0,7,0,1,1,1,1,
2.023E+11,155 583 836,B01,1,7,0,2,2,15,1,
2.023E+11,155 583 847,A01,2,32,0,2,3,8,1,
2.023E+11,155 583 839,A01,1,7,0,2,7,12,1,
2.023E+11,155 583 842,B01,1,33,0,2,8,3,1,
2.023E+11,155 583 835,A01,2,7,0,0,1,1,1,
2.023E+11,155 583 830,A01,1,31,0,2,8,1,1,
2.023E+11,155 583 833,B01,2,7,12,2,5,15,1,
2.023E+11,155 583 832,A01,2,7,6,0,2,1,1,
2.023E+11,155 583 831,A01,2,10,0,2,4,1,1,
2.023E+11,155 583 834,B01,2,10,0,2,1,1,1,
2.023E+11,155 583 837,C01,2,7,0,2,1,1,1,
2.023E+11,155 583 840,D01,2,7,0,2,1,1,1,
2.023E+11,155 583 827,A01,1,50,0,1,1,1,3,
2.023E+11,155 583 826,A01,0,7,0,1,3,1,1,
2.023E+11,155 583 824,A01,3,30,0,2,7,1,6,
2.023E+11,155 583 829,B01,3,7,0,2,1,1,6,
2.023E+11,155 583 825,B01,2,7,0,2,1,1,1,
2.023E+11,155 583 828,A01,1,7,0,2,2,15,1,
2.023E+11,155 583 822,A01,3,7,4,0,2,0,1,
2.023E+11,155 583 821,A01,1,7,2,0,1,1,1,
2.023E+11,155 583 820,A01,2,7,6,0,1,1,1,
2.023E+11,155 583 819,A01,1,7,0,2,3,26,1,
2.023E+11,155 583 823,B01,1,7,0,2,5,2,3,
2.023E+11,155 583 814,A01,3,60,0,2,7,19,5,
2.023E+11,155 583 817,B01,1,1,0,2,2,2,5,
2.023E+11,155 583 813,A01,1,3,0,2,1,26,1,
2.023E+11,155 583 816,B01,2,60,0,2,1,26,5,
2.023E+11,155 583 818,A01,3,33,0,0,8,1,1,
2.023E+11,155 583 811,A01,2,7,13,0,1,14,0,
2.023E+11,155 583 810,A01,1,33,0,2,3,7,1,
2.023E+11,155 583 815,B01,1,7,0,2,7,16,1,
2.023E+11,155 583 808,B01,1,7,0,2,3,13,1,
2.023E+11,155 583 812,A01,2,7,0,2,3,1,2,
2.023E+11,155 583 807,A01,1,7,3,0,7,1,1,
2.023E+11,155 583 805,A01,2,7,0,2,1,1,1,